,Sentences,Categories,Perplexities (ckpt 0),Perplexities (ckpt 100),Perplexities (ckpt 200),Perplexities (ckpt 300),Perplexities (ckpt 400),Perplexities (ckpt 500),Perplexities (ckpt 600),Perplexities (ckpt 700),Perplexities (ckpt 800),Perplexities (ckpt 900),Perplexities (ckpt 1000),Perplexities (ckpt 1100),Perplexities (ckpt 1200)
0,"Yes, lovely creature, is n't she?",en_multilingual_blimp_correct_affected.test,31179.021484375,15172.650390625,45206.8828125,75486.8203125,48701.33984375,44685.53125,40481.85546875,64132.0703125,33340.6171875,74002.0625,127082.671875,86696.8203125,69345.2890625
1,There is no easy answer to the painful issue of abortion.,en_multilingual_blimp_correct_affected.test,30523.40625,822.1600341796875,720.8984375,575.7174682617188,422.6651611328125,260.145263671875,280.383544921875,332.76861572265625,361.95367431640625,262.5162658691406,404.2329406738281,260.7533264160156,427.5014343261719
2,"Right up to a week after my birth he continued to say, 'How is he?'",en_multilingual_blimp_correct_affected.test,35277.30078125,890.8544311523438,1081.6534423828125,1041.2412109375,844.8076782226562,1170.6158447265625,968.6387329101562,1502.071533203125,1920.761962890625,1730.5869140625,2182.149169921875,1712.900390625,2684.359375
3,This is whale meat that I photographed in a grocery store in Tokyo - or is it?,en_multilingual_blimp_correct_affected.test,40323.8046875,1147.2451171875,838.8991088867188,569.5661010742188,452.5747985839844,293.8503723144531,260.0039978027344,253.36195373535156,228.5585174560547,260.1061706542969,225.23651123046875,215.04713439941406,251.1992645263672
4,Among them is the former cloister from the abbey church of St. Peter and Paul.,en_multilingual_blimp_correct_affected.test,31784.150390625,1592.0518798828125,929.578369140625,532.4485473632812,346.6344909667969,385.81890869140625,317.915771484375,396.0315856933594,313.0593566894531,235.75314331054688,355.6871337890625,444.3448791503906,383.6817321777344
5,how much is a flight from washington to montreal,en_multilingual_blimp_correct_affected.test,22306.625,2868.000732421875,2229.35986328125,2027.52490234375,2636.706787109375,1973.809814453125,1885.4666748046875,1779.5870361328125,1955.97998046875,1904.1185302734375,1927.3365478515625,3642.73828125,2602.712158203125
6,Among them is the former cloister from the abbey church of St. Peter and Paul.,en_multilingual_blimp_correct_affected.test,31784.150390625,1592.0518798828125,929.578369140625,532.4485473632812,346.6344909667969,385.81890869140625,317.915771484375,396.0315856933594,313.0593566894531,235.75314331054688,355.6871337890625,444.3448791503906,383.6817321777344
7,"Right up to a week after my birth he continued to say, 'How is he?'",en_multilingual_blimp_correct_affected.test,35277.30078125,890.8544311523438,1081.6534423828125,1041.2412109375,844.8076782226562,1170.6158447265625,968.6387329101562,1502.071533203125,1920.761962890625,1730.5869140625,2182.149169921875,1712.900390625,2684.359375
8,There is no easy answer to the painful issue of abortion.,en_multilingual_blimp_correct_affected.test,30523.40625,822.1600341796875,720.8984375,575.7174682617188,422.6653747558594,260.1455078125,280.3836669921875,332.768310546875,361.9534912109375,262.5163879394531,404.2329406738281,260.753173828125,427.501220703125
9,how much is a flight from washington to boston,en_multilingual_blimp_correct_affected.test,27557.068359375,2430.291259765625,1872.888671875,1698.1407470703125,2133.319091796875,1502.2069091796875,1584.505615234375,1391.5916748046875,1574.725830078125,1904.2874755859375,1908.14599609375,3077.549560546875,3032.634765625
10,But here is a mushroom that's past its prime.,en_multilingual_blimp_correct_affected.test,33071.5078125,604.2190551757812,470.9454345703125,380.78411865234375,289.29766845703125,373.6707763671875,332.26788330078125,293.1461486816406,398.1735534667969,353.8235168457031,427.8658447265625,453.12908935546875,321.5646667480469
11,"Yes, lovely creature, is n't she?",en_multilingual_blimp_correct_affected.test,31179.021484375,15172.650390625,45206.8828125,75486.8203125,48701.2890625,44685.4921875,40481.8984375,64132.0703125,33340.6171875,74002.0625,127082.78125,86696.8203125,69345.3515625
12,how much is a flight from washington to montreal,en_multilingual_blimp_correct_affected.test,22306.60546875,2868.000732421875,2229.35986328125,2027.52392578125,2636.70556640625,1973.810791015625,1885.4676513671875,1779.58447265625,1955.98095703125,1904.1185302734375,1927.333740234375,3642.745361328125,2602.712158203125
13,"For one thing, there is increasing concern, and that is undoubtedly true, on the part of experts too.",en_multilingual_blimp_correct_affected.test,40906.7734375,1649.619384765625,2613.408447265625,2606.8134765625,2343.23974609375,3155.526123046875,3407.443359375,3769.078369140625,4389.005859375,5677.62353515625,4216.958984375,5146.96044921875,5183.55078125
14,"Their minds are of the stay-at-home order, and their home is always with them – the ship; and so is their country – the sea.",en_multilingual_blimp_correct_affected.test,39774.890625,1167.15234375,2017.0084228515625,1938.2669677734375,1142.31201171875,1267.1221923828125,1046.6331787109375,924.1488647460938,1332.0966796875,1610.732421875,1278.8592529296875,1261.5106201171875,1194.66015625
15,how much is a flight from washington to boston,en_multilingual_blimp_correct_affected.test,27557.068359375,2430.291259765625,1872.888671875,1698.1407470703125,2133.319091796875,1502.2069091796875,1584.505615234375,1391.5916748046875,1574.725830078125,1904.2874755859375,1908.14599609375,3077.549560546875,3032.634765625
16,"Tindi Kente is a wonderful dancer, wonderful, is n't she... just like a snake brought out by music, and sometimes he 'll try with her.",en_multilingual_blimp_correct_affected.test,32678.919921875,2437.54248046875,3063.0498046875,3962.7431640625,3086.646728515625,3699.048095703125,3655.548583984375,4054.377197265625,4805.86572265625,6939.24169921875,7830.17529296875,6980.0537109375,8845.4111328125
17,"For one thing, there is increasing concern, and that is undoubtedly true, on the part of experts too.",en_multilingual_blimp_correct_affected.test,40906.7734375,1649.619384765625,2613.408447265625,2606.8134765625,2343.23974609375,3155.526123046875,3407.443359375,3769.078369140625,4389.005859375,5677.62353515625,4216.958984375,5146.96044921875,5183.55078125
18,In the corner is a girl in a headscarf and jeans who looks so unassuming I think it’s another assistant.,en_multilingual_blimp_correct_affected.test,38028.6796875,713.5050048828125,559.4386596679688,536.8628540039062,407.4583435058594,376.1815490722656,411.5858459472656,345.8011169433594,421.9895324707031,534.8969116210938,529.4981689453125,531.0792846679688,731.4454956054688
19,"Their minds are of the stay-at-home order, and their home is always with them – the ship; and so is their country – the sea.",en_multilingual_blimp_correct_affected.test,39774.890625,1167.15234375,2017.0084228515625,1938.2669677734375,1142.31201171875,1267.1221923828125,1046.6331787109375,924.1488647460938,1332.0966796875,1610.732421875,1278.8592529296875,1261.5106201171875,1194.66015625
20,This is whale meat that I photographed in a grocery store in Tokyo - or is it?,en_multilingual_blimp_correct_affected.test,40323.8046875,1147.2440185546875,838.8991088867188,569.5657958984375,452.5751953125,293.8504943847656,260.0041198730469,253.36184692382812,228.5584259033203,260.10595703125,225.23660278320312,215.0472412109375,251.19952392578125
21,But here is a mushroom that's past its prime.,en_multilingual_blimp_correct_affected.test,33071.5078125,604.2190551757812,470.9454345703125,380.78411865234375,289.29766845703125,373.6707763671875,332.26788330078125,293.1461486816406,398.1735534667969,353.8235168457031,427.8658447265625,453.12908935546875,321.5646667480469
22,In the corner is a girl in a headscarf and jeans who looks so unassuming I think it’s another assistant.,en_multilingual_blimp_correct_affected.test,38028.6796875,713.5050048828125,559.4386596679688,536.8628540039062,407.4583435058594,376.1815490722656,411.5858459472656,345.8011169433594,421.9895324707031,534.8969116210938,529.4981689453125,531.0792846679688,731.4454956054688
23,"You say I cook chicken, is n't it?",en_multilingual_blimp_correct_affected.test,30123.92578125,4332.96435546875,7153.34814453125,10318.65625,9419.9873046875,13575.9892578125,12983.6865234375,11746.205078125,15775.8408203125,18025.306640625,17142.830078125,11449.6396484375,23954.73828125
24,"Tindi Kente is a wonderful dancer, wonderful, is n't she... just like a snake brought out by music, and sometimes he 'll try with her.",en_multilingual_blimp_correct_affected.test,32678.919921875,2437.54248046875,3063.0498046875,3962.7431640625,3086.646728515625,3699.048095703125,3655.548583984375,4054.377197265625,4805.86572265625,6939.24169921875,7830.17529296875,6980.0537109375,8845.4111328125
25,"The answer is obvious, is n't it?",en_multilingual_blimp_correct_affected.test,35878.828125,5130.20068359375,7045.689453125,7028.033203125,4892.1025390625,5634.0205078125,5973.80810546875,5191.53076171875,6912.3994140625,6368.1044921875,5765.130859375,6137.20166015625,10767.220703125
26,"You say I cook chicken, is n't it?",en_multilingual_blimp_correct_affected.test,30123.92578125,4332.96435546875,7153.34814453125,10318.65625,9419.9873046875,13575.9892578125,12983.6865234375,11746.205078125,15775.8408203125,18025.306640625,17142.830078125,11449.6396484375,23954.73828125
27,"The answer is obvious, is n't it?",en_multilingual_blimp_correct_affected.test,35878.828125,5130.20068359375,7045.689453125,7028.033203125,4892.1025390625,5634.0205078125,5973.80810546875,5191.53076171875,6912.3994140625,6368.1044921875,5765.130859375,6137.20166015625,10767.220703125
28,What do the new al-Qaeda videotape and audio speeches of Bin Laden and Ayman al-Zawahiri tell us about the hopes of the remaining top leadership of the organization?,en_multilingual_blimp_correct_affected.test,35259.3046875,2615.436767578125,1455.978515625,1380.1219482421875,948.4281005859375,1118.23828125,1162.6103515625,1676.80322265625,1752.865234375,1980.8087158203125,2200.70849609375,2650.736328125,2961.663818359375
29,What do other Holga owners do when they need to change film when they are traveling?,en_multilingual_blimp_correct_affected.test,33970.16796875,983.3546142578125,797.130859375,906.3839721679688,552.158203125,620.9319458007812,608.5148315429688,858.9605712890625,859.0657958984375,1058.892333984375,913.811279296875,1437.534423828125,1130.3558349609375
30,"Even the IP and ICDC have abandoned the neighbourhood, and those are trained and armed, so do n't expect scared civilians to do anything except to hide inside and pray a helicopter or a tank does n't bomb them, and also how are American soldiers going to distinguish the brave and valiant civilians from the Fedayeen?",en_multilingual_blimp_correct_affected.test,38548.828125,2375.09765625,2254.058349609375,2749.3173828125,2368.68017578125,2136.857177734375,1920.153076171875,2020.681884765625,2370.66552734375,2980.4619140625,3045.15185546875,3058.248291015625,3447.9873046875
31,"When those lucky enough not to have Herpes create a climate of shame and indignity for those of us who do, not only are they hurting us, but they are hurting themselves.",en_multilingual_blimp_correct_affected.test,31750.583984375,1170.7291259765625,1306.180419921875,1156.64013671875,720.0230712890625,669.3050537109375,574.1895751953125,420.364990234375,552.1693115234375,553.8617553710938,401.5268859863281,600.167724609375,678.4237670898438
32,Is there any other way to communicate or do your friends only understand text.,en_multilingual_blimp_correct_affected.test,38265.03515625,602.2219848632812,510.3050842285156,439.0227966308594,253.45584106445312,321.4444580078125,234.8685302734375,273.41845703125,336.6769104003906,316.77978515625,333.2492980957031,267.9337463378906,347.6549987792969
33,What do french men find sexy?,en_multilingual_blimp_correct_affected.test,41452.37109375,11078.5810546875,7116.216796875,6098.75732421875,7005.1484375,6622.36767578125,6249.6884765625,7462.576171875,9480.3427734375,18000.37890625,11179.0986328125,32971.6484375,14843.0576171875
34,Also how much do compact system cameras drop on boxing day?,en_multilingual_blimp_correct_affected.test,29214.380859375,9343.8193359375,6756.83447265625,8690.33984375,9634.9453125,13040.0966796875,11213.556640625,10362.10546875,12192.404296875,23865.125,15662.5986328125,22075.33984375,29677.212890625
35,How do these places stay in business.,en_multilingual_blimp_correct_affected.test,30204.90625,745.12548828125,649.8253784179688,569.29541015625,344.3953552246094,380.65087890625,354.2063903808594,409.0638427734375,364.6608581542969,420.16058349609375,392.4872741699219,386.1802062988281,544.8421630859375
36,How are things going with you?,en_multilingual_blimp_correct_affected.test,40377.828125,945.1964111328125,693.0376586914062,411.1933288574219,201.58815002441406,159.80702209472656,175.62869262695312,127.84471130371094,105.33326721191406,195.77455139160156,278.7659606933594,252.47805786132812,256.7105712890625
37,"It looks good on paper, but what do they really have?",en_multilingual_blimp_correct_affected.test,36068.09765625,895.3463745117188,1579.5997314453125,1189.37353515625,1046.9881591796875,1118.605224609375,960.9425659179688,1029.6258544921875,1302.189697265625,1684.5706787109375,1835.0556640625,1219.999267578125,1681.9820556640625
38,"People like this will never have my sympathy, nor do they deserve my sympathy.",en_multilingual_blimp_correct_affected.test,37475.609375,791.8739624023438,1025.70849609375,1195.7578125,1112.983154296875,1115.623779296875,1007.7970581054688,1043.9586181640625,1012.01025390625,886.6889038085938,834.2633666992188,964.1402587890625,1198.5029296875
39,But do they know what they have heard?,en_multilingual_blimp_correct_affected.test,40517.58203125,386.5050048828125,291.4309997558594,343.3177795410156,235.55470275878906,324.6025085449219,242.7305450439453,324.8501281738281,322.8929443359375,351.7063903808594,383.4995422363281,438.04437255859375,486.2373962402344
40,"Struggling against the currents of human nature and society, they may lose more often than they win - but only rarely do they give up.",en_multilingual_blimp_correct_affected.test,30863.86328125,1277.5511474609375,866.6643676757812,681.1536865234375,528.885009765625,425.4637451171875,451.53558349609375,404.322021484375,539.2940063476562,583.0880126953125,634.3201293945312,547.4030151367188,703.7147827148438
41,What do they want to hear how you had to go round to the back door of the missionary 's house?,en_multilingual_blimp_correct_affected.test,27118.0390625,345.3954162597656,219.54962158203125,181.12307739257812,192.27734375,190.79685974121094,160.17955017089844,136.9452667236328,204.2510223388672,196.04556274414062,226.84962463378906,195.6453857421875,220.85665893554688
42,"The below site from the US government verifies this-it 's the same for Canada ,too.....",en_multilingual_blimp_correct_affected.test,31584.1796875,2252.19873046875,1284.833984375,1267.1221923828125,1049.8607177734375,1147.9739990234375,1280.508544921875,1624.667236328125,2459.615234375,2683.10009765625,2509.393798828125,3332.607421875,3311.027587890625
43,"Typically, a developer creates an XSL transformation file that, when applied to an XML document during export, interprets or transforms the XML data into a presentation format that can be recognized by another application, such as Service Advertising Protocol (SAP) or a custom purchase order format.",en_multilingual_blimp_correct_affected.test,36340.09765625,5829.67919921875,5394.8896484375,4022.51513671875,2666.82080078125,2353.10888671875,2486.717529296875,2652.1396484375,3471.61865234375,5351.7626953125,4403.953125,5689.89013671875,4649.24853515625
44,"In the best case, the clamoring for a ""refund"" subsides.",en_multilingual_blimp_correct_affected.test,38646.59375,3580.118896484375,5144.884765625,4074.008544921875,3390.121826171875,3573.20166015625,3145.181884765625,4466.35693359375,4053.031982421875,3396.127685546875,3912.189697265625,4967.3037109375,4496.39306640625
45,Can you accept that the road we are travelling points toward a grim and painful future?,en_multilingual_blimp_correct_affected.test,39865.1953125,1490.928955078125,1284.8922119140625,1353.4407958984375,1333.8765869140625,1278.130615234375,1260.374267578125,1333.6749267578125,1421.2799072265625,1509.08056640625,1638.1671142578125,1885.25,1501.97705078125
46,Scientific research to develop products like irradiated sterile insects or the Oxitec mosquitoes proceeds progressively from more to less contained conditions – from the laboratory to confined trials to limited field trials.,en_multilingual_blimp_correct_affected.test,31750.82421875,6076.18017578125,4094.69189453125,3133.203857421875,2155.915283203125,1909.664306640625,1627.864501953125,1521.6265869140625,1758.3778076171875,1777.000732421875,1867.3662109375,2351.31298828125,2186.107666015625
47,"""Balzac's use of repeating characters, moving in and out of the Comédie's books, strengthens the realist representation.",en_multilingual_blimp_correct_affected.test,35748.42578125,4420.29150390625,2861.226806640625,3896.09375,3054.249267578125,2723.153564453125,2808.384765625,2920.30029296875,2957.509033203125,5561.0,4769.58056640625,5672.89892578125,6357.93994140625
48,"Like The Two Gentlemen of Verona, in which two friends appear to approve of rape, the Shrew's story of the taming of a woman's independent spirit by a man sometimes troubles modern critics and directors.",en_multilingual_blimp_correct_affected.test,39373.02734375,2274.692138671875,1927.11962890625,2156.830322265625,1610.1778564453125,1459.8743896484375,1447.112060546875,1260.6224365234375,1571.463623046875,2039.5408935546875,2537.50927734375,2397.86572265625,3908.7734375
49,The feeling of being swept along and of uncertainty as regards the future prevents you from seeing things in any perspective whatsoever.,en_multilingual_blimp_correct_affected.test,30741.54296875,2218.083251953125,1213.3720703125,811.5248413085938,670.8118286132812,547.77978515625,587.4995727539062,619.1576538085938,564.4036254882812,669.2481689453125,652.2479858398438,881.720947265625,1038.0357666015625
50,"750,000 - Tons of toxic waste the US military, the world 's biggest polluter, generates around the world each year.",en_multilingual_blimp_correct_affected.test,39933.0,1994.063720703125,2151.979248046875,1463.996337890625,1174.283935546875,1129.9041748046875,1187.7294921875,1318.298095703125,1442.0732421875,1846.685546875,1464.3280029296875,1407.6201171875,1655.630615234375
51,"Your love life is full, and any dissatisfaction with career and money matters fades into the background.",en_multilingual_blimp_correct_affected.test,33809.5078125,2443.23291015625,1819.5263671875,1290.6361083984375,1084.9935302734375,1810.382080078125,1584.1920166015625,2327.302734375,2074.494140625,2497.587646484375,3579.784423828125,3461.40966796875,3275.341064453125
52,Examination of three views of the right foot demonstrates the second through fifth metatarsal head fractures.,en_multilingual_blimp_correct_affected.test,30763.0390625,4412.63037109375,1694.9210205078125,1018.2389526367188,665.2554931640625,720.36376953125,790.472412109375,911.1967163085938,1032.407470703125,1384.7315673828125,2011.69091796875,1969.3367919921875,2375.960693359375
53,"In this scenario, pieces of option three remain stubbornly impervious to artificial intelligence and continue to be mind-numbingly boring, while option four – engaging in social reciprocity and negotiation – remains limited.",en_multilingual_blimp_correct_affected.test,29008.1875,6024.7568359375,4072.18310546875,3471.5556640625,2845.79833984375,2749.39599609375,2533.740478515625,2938.0625,3382.9130859375,3136.4267578125,3842.588623046875,4040.7744140625,4415.31591796875
54,"Yet a superficial fixation on China's headline GDP growth persists, so that a 25% deceleration, to a 7-8% annual rate, is perceived as somehow heralding the end of the modern world's greatest development story.",en_multilingual_blimp_correct_affected.test,36188.96875,2958.19873046875,3176.22265625,2890.420166015625,2458.686767578125,2123.756103515625,1820.6173095703125,1737.5714111328125,2528.059814453125,3529.57568359375,3110.208740234375,3663.096923828125,3746.040283203125
55,"Then every element of S strictly precedes x, as x is in T.",en_multilingual_blimp_correct_affected.test,39716.36328125,2522.42333984375,3551.031982421875,3857.31884765625,4993.27490234375,4250.4013671875,5163.99169921875,6300.90380859375,9298.45703125,13845.388671875,14266.482421875,13090.7724609375,14709.4833984375
56,"Now, NASA engineers and astronauts are almost giddy with ""go"" fever as the tentative date for the first launch since the Columbia disaster approaches.",en_multilingual_blimp_correct_affected.test,34497.35546875,3832.805419921875,3787.642578125,4665.06005859375,3352.5595703125,3085.60498046875,3012.5810546875,3043.21240234375,3357.352294921875,2735.596923828125,3922.725341796875,5887.21435546875,6742.6923828125
57,"Your learning of concepts of all kinds combines with extensive group activity, bringing your mind into a whole new space this year.",en_multilingual_blimp_correct_affected.test,35822.65234375,1556.7203369140625,1500.01806640625,1537.0960693359375,1453.705078125,1044.3564453125,1312.14453125,998.98974609375,956.9447631835938,1458.7318115234375,1474.0489501953125,2559.0517578125,1326.55859375
58,The default view – the view in which the object is open when you carry out the Save As command – determines the design of the data access page.,en_multilingual_blimp_correct_affected.test,35380.1953125,1217.9951171875,850.7156982421875,624.0048217773438,454.2035827636719,455.0516357421875,541.1790771484375,532.8943481445312,455.96868896484375,536.2639770507812,534.1279296875,685.5506591796875,796.4708862304688
59,"If the snake is not pregnant or shedding, and its enclosure is properly equipped, a loss of appetite probably signals a beginning of hibernation.",en_multilingual_blimp_correct_affected.test,32854.8203125,2461.9833984375,2464.863525390625,1875.7943115234375,1414.1905517578125,1335.9835205078125,1220.606201171875,1551.7481689453125,1754.126953125,2222.63671875,2513.025390625,2758.858154296875,2218.523193359375
60,"Also, every element of S strictly precedes x, as x is in T.",en_multilingual_blimp_correct_affected.test,34919.046875,2778.6669921875,3917.954345703125,6546.1015625,5770.35107421875,5508.38671875,4338.443359375,5539.5947265625,6743.2197265625,10974.9169921875,9264.431640625,8828.7412109375,10816.8916015625
61,"The problem with this argument is that Bush lacked the experience necessary to be president when he ran in 2000, so this sort of cheap shot just hoists him by his own petard.",en_multilingual_blimp_correct_affected.test,35486.7421875,1099.5748291015625,917.0593872070312,897.0947265625,912.1578979492188,983.8235473632812,1008.9212036132812,1144.0950927734375,1242.578857421875,1202.017578125,1245.3614501953125,1649.1829833984375,1744.727294921875
62,Our project of a Europe that aims to satisfy social needs envisages the convergence of living conditions towards the highest common denominator.,en_multilingual_blimp_correct_affected.test,34461.87890625,3881.307861328125,1804.5772705078125,1268.86474609375,727.3497314453125,528.5398559570312,465.977294921875,460.45892333984375,596.8062744140625,692.911376953125,551.8394775390625,719.0225830078125,712.8283081054688
63,"China 's strong hand in this even extends to the diplomatic realm; China is a permanent member of the United Nations Security Council, and could veto any actions against Iran proposed by the United States.",en_multilingual_blimp_correct_affected.test,31878.58984375,1915.2462158203125,1332.162841796875,1331.25732421875,1095.7857666015625,917.7694091796875,819.7940063476562,880.3353881835938,1219.3734130859375,1253.1273193359375,1646.1173095703125,1317.8863525390625,1621.1871337890625
64,"Let me join the chorus of annoyance over Google 's new toolbar , which, as noted in the linked article, commits just about every sin an online marketer could commit, and makes up a few new ones besides.",en_multilingual_blimp_correct_affected.test,34396.3046875,2373.554443359375,2296.73095703125,2011.26513671875,2065.149658203125,1909.5850830078125,1847.3179931640625,1650.1048583984375,1971.2984619140625,2057.1513671875,2112.1875,2250.2705078125,2938.7548828125
65,"In the next week or so, we 'll be sending around a discussion paper which we hope crystallizes the issues, and we will try to talk to as many of you as possible before the meeting to go through it.",en_multilingual_blimp_correct_affected.test,36040.5546875,539.10009765625,514.7139892578125,494.1336364746094,362.1597900390625,313.6435852050781,322.2357177734375,336.7046813964844,382.0794982910156,300.4653015136719,328.33251953125,368.9291076660156,423.4547424316406
66,"Indeed, its three-year plan for economic innovation, announced in February, aims to raise the female employment rate to 62% by 2017, through the provision of affordable, high-quality childcare facilities and expanded paid parental leave, among other measures.",en_multilingual_blimp_correct_affected.test,31916.890625,6490.06298828125,7995.89697265625,7973.7607421875,6614.20068359375,6464.82861328125,4698.62255859375,5955.12255859375,6413.37451171875,8292.7041015625,4935.07763671875,7773.6279296875,8061.46923828125
67,"Al Qaeda members and sympathizers feel that the FBI 's involvement in countries like Egypt, Saudi Arabia, Pakistan, Indonesia, and the Philippines interferes with the sovereignty of those countries.",en_multilingual_blimp_correct_affected.test,39907.60546875,4031.851318359375,2310.8447265625,2172.37255859375,1906.027099609375,1964.3370361328125,1548.5313720703125,2186.692626953125,1854.067138671875,2328.559326171875,2070.57958984375,2274.841796875,2216.666259765625
68,I have to say the value of this place always amazes me.,en_multilingual_blimp_correct_affected.test,36157.78125,402.9272155761719,292.84698486328125,326.1087646484375,157.1263427734375,115.87554931640625,119.47177124023438,116.82854461669922,95.69830322265625,94.55177307128906,88.59928131103516,134.0308380126953,156.181640625
69,"The mycelium, in the right conditions, produces a mushroom - it bursts through with such ferocity that it can break asphalt.",en_multilingual_blimp_correct_affected.test,39455.80078125,2745.217041015625,1927.895263671875,1480.283203125,1067.884033203125,1058.1468505859375,1073.67822265625,869.1536865234375,1006.2244873046875,1212.380859375,1306.646240234375,1356.98388671875,1091.4659423828125
70,The title page of the 1594 edition of Titus Andronicus reveals that the play had been acted by three different troupes.,en_multilingual_blimp_correct_affected.test,30276.486328125,2995.908935546875,2271.130615234375,1298.1500244140625,1141.8665771484375,1330.1259765625,1121.0032958984375,1214.775390625,1017.9801635742188,1148.515625,1374.677734375,1738.6795654296875,2251.14306640625
71,"In the photo on the couch, the pillow she is resting on clashes with everything else in the shot.",en_multilingual_blimp_correct_affected.test,44744.46875,963.642578125,961.4293823242188,894.3484497070312,649.5164794921875,870.2431030273438,895.5697631835938,891.1666870117188,1016.5181884765625,1303.542236328125,1315.333740234375,1439.8984375,1253.9803466796875
72,"But Carney argues that, on the contrary, the rest of the British economy benefits from having a global financial center in its midst.",en_multilingual_blimp_correct_affected.test,43509.625,1690.133544921875,1394.093017578125,1075.4105224609375,852.74560546875,724.8250732421875,778.9505004882812,804.864013671875,1021.910400390625,1132.080810546875,804.6215209960938,835.0167236328125,1078.26708984375
73,"(11) The approach set out in the Green Paper on Integrated Product Policy, which is a major innovative element of the Sixth Community Environment Action Programme, aims to reduce the environmental impacts of products across the whole of their life cycle.",en_multilingual_blimp_correct_affected.test,41191.1015625,2236.043701171875,1500.1103515625,1436.6175537109375,1267.0455322265625,918.8807373046875,757.7972412109375,743.3052978515625,948.1033935546875,908.9296875,772.4024047851562,1001.1417846679688,823.4249267578125
74,"Remember that what you do to yourself affects me and everybody else, remember that what you do to me and anyone else shapes your destiny.",en_multilingual_blimp_correct_affected.test,34660.42578125,502.7431640625,437.1702575683594,364.7080078125,275.91632080078125,209.3560791015625,172.25933837890625,123.0316162109375,167.7586212158203,162.64382934570312,199.73211669921875,185.048828125,197.41363525390625
75,"Of course the paper written by Mr Eichelberger and his Egyptian collaborators states that the purpose of the Nasser seizure of power was ""to solve the pressing social and political problems which made the revolution necessary.""",en_multilingual_blimp_correct_affected.test,38883.6015625,2229.091064453125,1573.1527099609375,1225.083740234375,1221.5849609375,1141.9525146484375,949.4366455078125,1161.1083984375,1106.7598876953125,1467.1943359375,1329.3536376953125,1764.7254638671875,1920.41845703125
76,"Today, the dominant method for reducing insect populations – the so-called ""sterile insect technique"" (SIT) – relies on radiation to sterilize males, which are then released into infested areas to mate.",en_multilingual_blimp_correct_affected.test,33971.01171875,7525.2744140625,4895.50048828125,5307.48193359375,4045.66748046875,3424.5859375,3002.897216796875,3414.73681640625,3451.80078125,5005.59033203125,4084.722900390625,5272.83740234375,6139.537109375
77,"The name ""Caribbean"" derives from the Caribs, one of the dominant Native American groups in the region at the time of European contact during the late 15th century.",en_multilingual_blimp_correct_affected.test,42565.53125,1840.2984619140625,1154.2896728515625,943.3629150390625,615.5252075195312,592.051513671875,468.37493896484375,528.0922241210938,589.786865234375,704.7261962890625,641.8744506835938,635.504150390625,889.165771484375
78,"The centrality of a father in this novel matches Balzac's own position - not only as mentor to his troubled young secretary, Jules Sandeau, but also the fact that he had (most likely) fathered a child, Marie-Caroline, with his otherwise-married lover, Maria Du Fresnay.",en_multilingual_blimp_correct_affected.test,33921.3828125,3952.19482421875,5200.345703125,6023.71728515625,4529.76123046875,4301.931640625,3228.013671875,3580.463623046875,4511.525390625,4590.51904296875,5060.98779296875,6050.904296875,5488.98388671875
79,Another theme of the Skylark novels involves precursors of modern information technology.,en_multilingual_blimp_correct_affected.test,31518.615234375,4355.8349609375,1935.702880859375,1186.7647705078125,747.9515380859375,677.9926147460938,552.46875,417.0117492675781,502.5049133300781,410.8693542480469,394.7581787109375,396.65582275390625,521.913330078125
80,"Article 6 of the Gallup Compression Services Agreement (which I am sending to you separately) with ECS obligates ECS to ""work in good faith with CDEC"" to establish an automated system that would automatically have alerted us to peak loading conditions on CDEC 's system.",en_multilingual_blimp_correct_affected.test,37901.01953125,4400.19140625,2140.53857421875,2095.463623046875,1443.4993896484375,1410.82275390625,1225.0814208984375,1280.1868896484375,1540.5103759765625,1675.50927734375,1662.7525634765625,1975.150634765625,1813.4837646484375
81,"If you move the line downward, the distance between the moving line and the nearest parallel line below remains constant, and the perpendicular line above the moving line lengthens.",en_multilingual_blimp_correct_affected.test,36829.70703125,2681.83251953125,2796.519775390625,2128.989013671875,1114.523193359375,1684.5947265625,1453.9490966796875,1322.6483154296875,1686.523681640625,1485.729736328125,2350.240234375,1869.4527587890625,1344.017822265625
82,"If you move the line to the right, the distance between the moving line and the nearest parallel line to the right remains constant, and the perpendicular line to the left of the moving line lengthens.",en_multilingual_blimp_correct_affected.test,42051.94140625,1120.4234619140625,942.0345458984375,753.8124389648438,452.5948486328125,585.4077758789062,438.1463317871094,464.12677001953125,573.6209106445312,563.7548828125,820.829345703125,627.0248413085938,436.55987548828125
83,"If you move the line to the left, the distance between the moving line and the nearest parallel line to the right remains constant, and the perpendicular line to the left of the moving line contracts.",en_multilingual_blimp_correct_affected.test,40613.796875,1125.229248046875,866.0430908203125,754.7259521484375,460.1959228515625,622.3630981445312,449.5153503417969,493.4971923828125,624.7474365234375,586.9706420898438,897.868408203125,663.92578125,399.77215576171875
84,"A MILNET brief issued in February 2005 reports, ""Due to its position astride the Persian Gulf, Iran has constantly been a threat to the Gulf.",en_multilingual_blimp_correct_affected.test,39275.74609375,4713.50537109375,3505.770751953125,3437.395751953125,1496.869873046875,1707.3048095703125,1492.1536865234375,2280.548095703125,2216.54052734375,2505.267822265625,2612.41064453125,2458.453125,2945.60107421875
85,The delicacy of the light also affects me.,en_multilingual_blimp_correct_affected.test,29355.220703125,2312.417724609375,1578.1270751953125,1028.7752685546875,716.3153686523438,637.0560302734375,882.6510009765625,531.8170166015625,463.0332336425781,568.6781616210938,803.39892578125,773.7386474609375,627.92724609375
86,"In Othello, the villain Iago stokes Othello's sexual jealousy to the point where he murders the innocent wife who loves him.",en_multilingual_blimp_correct_affected.test,44255.70703125,4987.9013671875,3213.89306640625,3958.81884765625,3225.318359375,2223.0712890625,1907.08447265625,2273.131591796875,2117.78369140625,2325.35595703125,2286.761474609375,3057.34423828125,3655.151123046875
87,"Furthermore, I would like to reiterate that RAC 's goal, prior to quoting any credit reserve, is to be 100% confident that: (i) the methodology that is being employed is consistent among the internal groups; and (ii) the inherent value of the price risk management contracts matches.",en_multilingual_blimp_correct_affected.test,31650.24609375,3244.1357421875,3742.66943359375,4193.77783203125,2654.264892578125,2442.575927734375,2271.62890625,2922.173828125,3984.99658203125,4171.16552734375,4463.1337890625,4595.47314453125,5508.94873046875
88,"The ever increasing volume of goods passing through Europe entails all kinds of risks, known and unknown, for employees and the social environment.",en_multilingual_blimp_correct_affected.test,33080.05859375,2923.889404296875,3420.46337890625,2712.059814453125,2163.130615234375,2382.241943359375,2316.03955078125,2392.151123046875,2786.968505859375,3100.22314453125,2786.94970703125,2836.67138671875,2807.45947265625
89,"The media routinely obscures the lines between terrorism and legitimate resistance, as the recent article by Daniel Okrent of The New York Times demonstrates .",en_multilingual_blimp_correct_affected.test,36653.8046875,5991.701171875,2095.58935546875,1464.4542236328125,1179.9263916015625,1248.934814453125,1224.02392578125,1393.1141357421875,1924.71630859375,2004.0927734375,2181.41259765625,2326.14111328125,2988.031005859375
90,"Mr President, the priority given to financial and monetary criteria reinforces the increase in inequalities of every shape and form.",en_multilingual_blimp_correct_affected.test,37564.16796875,4654.3056640625,3245.5625,2174.893310546875,2172.114501953125,1750.135009765625,1998.4156494140625,1787.5943603515625,1583.2208251953125,2257.31640625,2622.884033203125,3145.370849609375,2999.4111328125
91,"It is also a fact that almost everybody in the region blames this situation on the United States, on Israel, on Western Civilization, on Judaism and Christianity, on anyone and anything, except themselves.",en_multilingual_blimp_correct_affected.test,39553.4140625,1509.35986328125,3298.62255859375,3680.981201171875,2744.40283203125,2400.318359375,2274.2841796875,2430.812744140625,2910.86572265625,3380.10107421875,3311.359130859375,3346.793212890625,3158.1181640625
92,"If you move the line upward, the distance between the moving line and the nearest parallel line below remains constant, and the perpendicular line above the moving line contracts.",en_multilingual_blimp_correct_affected.test,34329.125,2627.99560546875,2707.7646484375,2283.377197265625,1170.37744140625,1725.8499755859375,1327.1312255859375,1195.79150390625,1451.357177734375,1287.17333984375,2113.624267578125,1659.2938232421875,1030.6539306640625
93,"As the hysteria of the 2016 Presidential election intensifies, a more troubling threat than bullshit preoccupies Karel.",en_multilingual_blimp_correct_affected.test,38454.9375,7942.0302734375,4667.4091796875,3889.5302734375,3752.841064453125,3409.15625,2987.31005859375,2488.19677734375,2609.359130859375,4224.92919921875,2208.521240234375,5866.30908203125,4423.10009765625
94,"Mr President, I would once again like to congratulate Mr Koch on his magnificent work on this other report, which in a way supplements the debate which we held in October on rail transport.",en_multilingual_blimp_correct_affected.test,33685.7265625,1433.0687255859375,2323.783203125,2122.223388671875,1718.8585205078125,1603.883544921875,1400.0098876953125,1924.1785888671875,2521.868896484375,2492.621337890625,3188.341064453125,3381.34912109375,3668.21484375
95,"As the hysteria of the 2016 Presidential election intensifies, a more troubling threat than bullshit preoccupies Karel.",en_multilingual_blimp_correct_affected.test,38454.9375,7942.0302734375,4667.4091796875,3889.5302734375,3752.841064453125,3409.15625,2987.31005859375,2488.19677734375,2609.359130859375,4224.92919921875,2208.521240234375,5866.30908203125,4423.10009765625
96,"(And, a piece of shrapnel in the forearm that caused only a minor wound would have killed had it hit an eye and gone into the brain; the shrapnel being in your body demonstrates you were in mortal danger and did n't absent yourself from it.",en_multilingual_blimp_correct_affected.test,33951.67578125,1713.778564453125,1311.2237548828125,1309.783447265625,950.9703369140625,843.9779052734375,783.2416381835938,693.8477172851562,858.9654541015625,1173.1683349609375,997.4222412109375,1275.470703125,1293.8038330078125
97,"Remember that what you do to yourself affects me and everybody else, remember that what you do to me and anyone else shapes your destiny.",en_multilingual_blimp_correct_affected.test,34660.42578125,502.7433776855469,437.1702575683594,364.70782470703125,275.91656494140625,209.35618591308594,172.25933837890625,123.0316162109375,167.75852966308594,162.64390563964844,199.73211669921875,185.04908752441406,197.4137420654297
98,A nearly infinite reserve of energy propels the characters in Balzac's novels.,en_multilingual_blimp_correct_affected.test,31170.81640625,5699.3447265625,3356.443115234375,4045.123291015625,2553.724853515625,2565.97021484375,3075.463623046875,2839.02294921875,2764.398193359375,4626.42578125,4165.16748046875,5133.578125,4966.4892578125
99,"A second set of problems concerns the need to ensure that the economic system is perceived as fundamentally fair, which is the key to its political sustainability.",en_multilingual_blimp_correct_affected.test,40116.06640625,1040.4554443359375,870.8333740234375,776.5699462890625,517.9718017578125,396.4510498046875,400.0673522949219,407.8712158203125,491.24444580078125,483.79632568359375,488.0618591308594,599.7877807617188,575.5794067382812
100,South Korea's success over the last five decades owes much to the rapid growth of its well-educated labor force.,en_multilingual_blimp_correct_affected.test,45007.15234375,2668.1142578125,1506.023193359375,1205.477783203125,1048.376953125,657.9667358398438,471.6310729980469,455.0169372558594,466.0915222167969,458.09503173828125,429.4888610839844,489.32086181640625,522.77587890625
101,"The introduction of interim targets increases the predictability of the policy, allows for accommodating product development cycles and facilitates long term planning for interested parties.",en_multilingual_blimp_correct_affected.test,33908.5078125,5752.44970703125,3145.623046875,2114.577880859375,1644.04248046875,1639.4627685546875,1281.4412841796875,1279.81396484375,1404.5125732421875,1531.343017578125,1788.4298095703125,2036.4652099609375,2002.140380859375
102,"He always hugs me when he comes, but he gave me at least 5 tight, long, back rubbing hugs while he was there.",en_multilingual_blimp_correct_affected.test,36448.703125,2173.66357421875,2624.302734375,1973.9510498046875,1065.7445068359375,1191.0472412109375,1270.6502685546875,1142.059814453125,1593.14306640625,1619.007080078125,1646.4925537109375,2116.85888671875,1935.59033203125
103,The 1616 edition of Ben Jonson's Works names him on the cast lists for Every Man In His Humour (1598) and Sejanus His Fall (1603).,en_multilingual_blimp_correct_affected.test,29797.572265625,6456.283203125,4785.46337890625,4567.5576171875,4497.791015625,4099.470703125,3963.419677734375,3748.202392578125,6128.2587890625,6644.3701171875,7602.5302734375,8692.6357421875,9470.0234375
104,"With the default installation of the Microsoft SQL Server 2000 Desktop Engine with integrated security, the user must be a member of the administrator group for the machine on which the Access project resides.",en_multilingual_blimp_correct_affected.test,39150.39453125,1847.2835693359375,1156.728271484375,1215.9437255859375,675.1701049804688,567.2625122070312,507.5782775878906,638.4613647460938,715.6168823242188,794.7674560546875,579.9482421875,813.8721313476562,640.4600830078125
105,"11. In Events of Default, clause (a) refers to a dispute section which I 'm not sure exists.",en_multilingual_blimp_correct_affected.test,33238.390625,3839.101318359375,4012.3505859375,4232.90625,3116.943603515625,3189.98046875,2357.45751953125,2711.403076171875,2552.401611328125,3191.291748046875,2801.910888671875,3843.91552734375,3472.92333984375
106,"There 's holes everywhere in the ceiling, sewage constantly leaks through the ceiling, and the whole condition of the school is horrible.",en_multilingual_blimp_correct_affected.test,35427.33203125,1379.8533935546875,1920.9259033203125,1669.062255859375,1488.3504638671875,1827.864990234375,1478.2764892578125,1647.807373046875,1777.5194091796875,2667.9755859375,2678.76904296875,3110.41357421875,2710.478759765625
107,"Which 's good, anything good counts.",en_multilingual_blimp_correct_affected.test,23642.71484375,5360.2978515625,9573.84375,16369.3037109375,8019.74755859375,7553.5673828125,14694.9287109375,20858.673828125,16293.734375,18920.1796875,49698.3203125,50687.671875,46495.2109375
108,This Amendment amends the Transaction Fee referenced in subparagraph (c) of the Fee Schedule to the Subscription Agreement.,en_multilingual_blimp_correct_affected.test,30896.611328125,6652.4794921875,3230.705322265625,1999.772216796875,2355.651611328125,3543.9580078125,3752.58349609375,3269.343017578125,3930.495361328125,2931.958984375,2615.454345703125,3788.235107421875,4229.4560546875
109,"His cassock, dark red, swells with the body.",en_multilingual_blimp_correct_affected.test,34177.9453125,4893.81103515625,7591.59765625,7601.9501953125,6407.67724609375,12036.2314453125,11281.6796875,17973.7578125,15152.5791015625,20665.42578125,47371.34375,37047.48046875,37299.89453125
110,"No written contemporary description of Shakespeare's physical appearance survives, and no evidence suggests that he ever commissioned a portrait, so the Droeshout engraving, which Ben Jonson approved of as a good likeness, and his Stratford monument provide the best evidence of his appearance.",en_multilingual_blimp_correct_affected.test,36661.25390625,3553.81005859375,4608.068359375,6752.18994140625,5420.10205078125,5413.91796875,5813.20166015625,5990.43212890625,7621.51318359375,7983.99560546875,6787.42822265625,6894.4853515625,7049.3935546875
111,"It has two parts, both of which are timed for 90 seconds each and the differential between the resulting two scores determines the likelihood of having a learning disability or attention deficit disorder.",en_multilingual_blimp_correct_affected.test,34239.1171875,2506.9814453125,1720.1573486328125,1169.57177734375,900.9340209960938,659.572509765625,539.9920654296875,494.51287841796875,541.9750366210938,664.3292236328125,762.5493774414062,761.2222290039062,722.2595825195312
112,"As it stands, while the services sector accounts for more than 70% of employment in South Korea, its productivity-growth rate remains much lower than that of the manufacturing sector.",en_multilingual_blimp_correct_affected.test,41131.3984375,3217.0546875,2162.144775390625,2116.856689453125,1523.490966796875,1274.926513671875,946.3143310546875,1188.071533203125,1247.9246826171875,1546.375244140625,938.27734375,1360.1971435546875,1016.3781127929688
113,The historical city hall in Obermarsberg originates from the 13th century and was refurbished after the Thirty Years ' War.,en_multilingual_blimp_correct_affected.test,35205.984375,3661.80810546875,808.1455688476562,531.7708740234375,401.70538330078125,310.5998229980469,218.66769409179688,270.76495361328125,233.0108642578125,267.87408447265625,244.67247009277344,257.0028076171875,237.80960083007812
114,Perhaps that 's why a surge of tears clouds his pupils while the syllable of time unearths his crop and surrenders his mystery to the bound waters.,en_multilingual_blimp_correct_affected.test,34055.8984375,2344.70166015625,1977.9620361328125,1906.54150390625,1367.2806396484375,1357.356689453125,1493.7611083984375,1483.5789794921875,1740.9251708984375,1689.1336669921875,2465.247802734375,3102.28466796875,2658.0556640625
115,"I really like the MIUI, but a process crashes repeatedly about every 3 seconds.",en_multilingual_blimp_correct_affected.test,33644.5703125,3179.838623046875,2909.181396484375,5219.96240234375,4959.5458984375,5701.46533203125,5395.26513671875,9457.9833984375,9398.43359375,11333.734375,17608.388671875,15264.5341796875,13389.8798828125
116,"This strength of design ensures that a Shakespeare play can survive translation, cutting and wide interpretation without loss to its core drama.",en_multilingual_blimp_correct_affected.test,33667.87109375,5919.52392578125,5130.85693359375,5463.9462890625,4361.26318359375,4249.23046875,3749.90771484375,4254.39208984375,4102.4580078125,5104.45703125,5310.45947265625,6098.67041015625,6457.982421875
117,"Meats are kept VERY cold, seafood smells fresh and the serving bar is VERY clean.",en_multilingual_blimp_correct_affected.test,32019.32421875,6508.279296875,5819.314453125,7040.56494140625,6404.70166015625,6852.11474609375,6374.435546875,5484.64111328125,7070.72314453125,11817.328125,11089.458984375,21429.4375,14459.39453125
118,Someone observes that the Church is a worshiper of success and always follows the majorities.,en_multilingual_blimp_correct_affected.test,43189.3984375,2091.9443359375,1883.1834716796875,1569.9012451171875,1664.305908203125,1228.42626953125,1336.431396484375,1317.4710693359375,1166.388916015625,1558.72509765625,1400.146728515625,1445.1453857421875,1364.862060546875
119,Entitlement to free abortions equates with women having the right to manage their lives and make decisions about their own bodies.,en_multilingual_blimp_correct_affected.test,32512.392578125,1387.483642578125,745.0667724609375,534.5496215820312,349.3958435058594,277.8143615722656,310.18646240234375,325.188232421875,293.9777526855469,421.92779541015625,531.5414428710938,480.9359436035156,557.53271484375
120,"As the American public gradually wearies of the Iraq crisis, some have begun worrying that the war could blow back on the US by creating the conditions for anti-American terrorism.",en_multilingual_blimp_correct_affected.test,37999.4609375,1733.0567626953125,1383.1385498046875,1138.4002685546875,860.3555297851562,721.2213134765625,722.77294921875,635.0313110351562,872.31201171875,1062.107421875,1120.7803955078125,1030.046630859375,968.278076171875
121,"If you move the line upward, the distance between the moving line and the nearest parallel line below remains constant, and the perpendicular line above the moving line contracts.",en_multilingual_blimp_correct_affected.test,34329.125,2627.99560546875,2707.7646484375,2283.377197265625,1170.37744140625,1725.8499755859375,1327.1312255859375,1195.79150390625,1451.357177734375,1287.17333984375,2113.624267578125,1659.2938232421875,1030.6539306640625
122,"He is pimply, his neck is thin, his blue eyes goggle, his underlip extrudes.",en_multilingual_blimp_correct_affected.test,42055.5078125,8355.935546875,14704.8544921875,12578.16015625,13098.677734375,13695.9521484375,18645.97265625,14565.9794921875,20349.326171875,41994.34765625,56267.80078125,49820.703125,39595.6796875
123,Our letter agreement simply memorializes that we will charge the same negotiated rate whether the gas flows on primaries or alternates.,en_multilingual_blimp_correct_affected.test,38247.4140625,4685.23046875,2552.643798828125,1535.4024658203125,1527.9119873046875,1264.274658203125,1501.0592041015625,1830.74169921875,2824.8173828125,2405.834716796875,2701.456787109375,2772.8525390625,3272.867919921875
124,"Habitat destruction vastly increases an area 's vulnerability to natural disasters like flood and drought, crop failure, spread of disease, and water contamination.",en_multilingual_blimp_correct_affected.test,30655.822265625,9030.53515625,7211.8515625,5734.39599609375,4666.40380859375,4592.53759765625,5071.08984375,5978.595703125,7617.90185546875,10408.615234375,9528.5185546875,8323.8984375,11354.3974609375
125,"These include two operas by Giuseppe Verdi, Otello and Falstaff, whose critical standing compares with that of the source plays.",en_multilingual_blimp_correct_affected.test,38325.55078125,7657.482421875,6547.4931640625,5956.6279296875,5537.423828125,5546.01708984375,3407.430419921875,4007.699951171875,4237.90673828125,4861.11572265625,5777.34375,6571.97900390625,7787.24365234375
126,"Even if local Palestinian leaders remain strong enough to keep al-Qaida out, the festering Israeli-Palestinian struggle remains among the best recruiting posters for al-Qaida with young Muslim men.",en_multilingual_blimp_correct_affected.test,33589.10546875,5211.21826171875,3453.265869140625,4952.224609375,4131.7060546875,3795.959716796875,3300.1767578125,3954.93212890625,4975.94775390625,4769.35791015625,4181.51318359375,5292.25341796875,6205.79736328125
127,What person(s) in London prepares credit for the English and Singapore financial transactions?,en_multilingual_blimp_correct_affected.test,28674.142578125,5471.96630859375,6956.09814453125,4934.19775390625,4173.75634765625,5962.9423828125,5592.44775390625,5129.60400390625,9189.2333984375,6995.56103515625,5488.84765625,14837.4541015625,12287.818359375
128,"And though he is not permitted to sit beside women unrelated to him or to look at them or to communicate with them in any manner (all of which probably saves him a great deal of trouble), he seems a good-hearted young man and he is visibly enjoying himself.",en_multilingual_blimp_correct_affected.test,34595.96484375,1101.9957275390625,981.7606201171875,729.9552612304688,495.2713623046875,468.5958557128906,431.12420654296875,380.8565979003906,441.2991943359375,439.58587646484375,429.0567626953125,459.3159484863281,465.8382263183594
129,"As you sit above the world, the warmth of the golden sun penetrates your body and makes you feel warmer and warmer.",en_multilingual_blimp_correct_affected.test,43647.60546875,1181.9501953125,898.3172607421875,622.923583984375,613.7153930664062,617.19482421875,787.5325927734375,792.2029418945312,963.575927734375,932.3203735351562,1076.8319091796875,1084.5574951171875,1104.95751953125
130,"The reported finding at Dugway undermines the argument of both the ""bomb Iraq"" crowd and the liberals focused on Dr. Steve Hatfill who object to US biodefense research because they view it as being useful for offensive purposes.",en_multilingual_blimp_correct_affected.test,30422.216796875,3797.245361328125,2305.48388671875,1710.0701904296875,1613.3804931640625,1437.633056640625,1300.3902587890625,1395.274169921875,1305.5079345703125,1788.7939453125,1739.186279296875,1571.692138671875,1699.6944580078125
131,Every student of political science debates how you prevent an anti-democratic force from winning a democratic election and abolishing democracy.,en_multilingual_blimp_correct_affected.test,27794.767578125,3805.77197265625,1403.61279296875,855.4559326171875,686.8064575195312,483.31097412109375,473.0513916015625,524.753662109375,538.973876953125,601.6442260742188,715.5247192382812,582.8597412109375,519.6676635742188
132,"Edward Shinza 's one of the few who did his stretch and got his head split open that time by Her Majesty 's brave boys, and where 's he... back in the Bashi Flats among his old wives, for all I know, no one even mentions his name.",en_multilingual_blimp_correct_affected.test,31987.494140625,1650.8099365234375,1638.9468994140625,1910.7008056640625,1620.0233154296875,1576.30419921875,1567.1390380859375,1604.5474853515625,1987.701416015625,2240.39599609375,2572.24755859375,2532.906982421875,2780.90966796875
133,"""Look how the academy returns the pretty ones we send them!",en_multilingual_blimp_correct_affected.test,35514.234375,1583.112060546875,1639.3189697265625,1713.8497314453125,2170.39501953125,2522.37158203125,2227.701171875,1738.425048828125,2590.518798828125,2363.14794921875,4135.8291015625,4451.14697265625,4267.3916015625
134,His art perfectly combines painting and Chinese calligraphy.,en_multilingual_blimp_correct_affected.test,29760.73828125,15271.1162109375,6475.32421875,5718.8642578125,6073.78173828125,4834.33349609375,4197.126953125,5820.3740234375,5129.2421875,5104.77880859375,4143.22705078125,4203.5517578125,6449.9443359375
135,Food is awful and the place caters to the yuppy crowd.,en_multilingual_blimp_correct_affected.test,25011.4140625,1241.1575927734375,1290.29638671875,1179.097412109375,1019.7987060546875,929.9481201171875,847.4059448242188,961.9810180664062,1163.287353515625,915.64453125,1049.4674072265625,1553.93994140625,1840.604736328125
136,"The First Folio of 1623, however, lists Shakespeare as one of ""the Principal Actors in all these Plays"", some of which were first staged after Volpone, although we can not know for certain which roles he played.",en_multilingual_blimp_correct_affected.test,39493.8203125,3118.85546875,2708.033203125,3397.287353515625,3084.43994140625,2815.516845703125,2388.794189453125,2370.93017578125,2303.478271484375,2368.471435546875,1992.8289794921875,2933.8037109375,2989.575927734375
137,A 1971 evaluation called Bush “an exceptionally fine young officer and pilot” who “continually flies intercept missions with the unit to increase his proficiency even further.”,en_multilingual_blimp_correct_affected.test,30644.451171875,12673.35546875,7678.60205078125,7074.82421875,6303.18798828125,5824.52783203125,5543.13525390625,5363.11572265625,6153.4765625,5991.86669921875,5680.33154296875,6192.341796875,6805.375
138,Each poem narrates only a part of the war.,en_multilingual_blimp_correct_affected.test,27569.919921875,1358.7489013671875,682.24169921875,578.275634765625,362.60406494140625,370.5516357421875,292.8985290527344,258.70562744140625,268.77392578125,364.6313171386719,385.4573669433594,400.7892761230469,382.9162902832031
139,"It usually involves a low level of development, such as rustic picnic areas, benches and trails.",en_multilingual_blimp_correct_affected.test,30227.73046875,4824.18798828125,6133.66748046875,4473.17333984375,2935.40625,2569.534423828125,2871.81884765625,3032.704345703125,4034.728515625,5281.20166015625,4664.61962890625,9070.5068359375,7287.61328125
140,It is a directive which safeguards the interests of rightholders and protects intellectual property.,en_multilingual_blimp_correct_affected.test,34583.69140625,3382.46484375,2081.2265625,1463.876953125,1259.644287109375,970.474609375,909.8937377929688,897.3356323242188,1012.9381103515625,629.2076416015625,1049.794677734375,1128.7567138671875,836.7809448242188
141,"For Kerber, the season finale nevertheless marks the end of an unbelievable year.",en_multilingual_blimp_correct_affected.test,27172.97265625,3108.5810546875,4122.53125,6453.125,5823.7666015625,4253.92138671875,3974.775390625,4313.40966796875,4842.42236328125,3584.628662109375,3313.450439453125,3135.59228515625,3541.190673828125
142,"Fine lot these government chaps – are they not? he went on, speaking English with great precision and considerable bitterness.",en_multilingual_blimp_correct_affected.test,30708.373046875,5708.0263671875,4280.728515625,5069.45556640625,3703.30517578125,3861.154296875,3473.112060546875,3464.834716796875,3825.30517578125,5092.3310546875,6334.83154296875,5643.6572265625,6482.763671875
143,"They really are milking the incompetence angle though, are n't they?",en_multilingual_blimp_correct_affected.test,36320.14453125,9046.853515625,10697.7958984375,6388.97509765625,7740.1103515625,6207.30078125,5509.73681640625,6496.943359375,9261.60546875,14391.8603515625,16840.3828125,10970.0810546875,11123.162109375
144,Everybody I know at university intends to stay at uni for as long as possible until there are actually jobs available.,en_multilingual_blimp_correct_affected.test,34173.80859375,795.2276611328125,506.9066162109375,473.80828857421875,496.9064025878906,521.9053955078125,471.1958923339844,563.6172485351562,551.3486938476562,659.3360595703125,620.1371459960938,648.8392333984375,759.4808349609375
145,"It is also a fact that almost everybody in the region blames this situation on the United States, on Israel, on Western Civilization, on Judaism and Christianity, on anyone and anything, except themselves.",en_multilingual_blimp_correct_affected.test,39553.4140625,1509.35986328125,3298.62255859375,3680.981201171875,2744.40283203125,2400.318359375,2274.2841796875,2430.812744140625,2910.86572265625,3380.10107421875,3311.359130859375,3346.793212890625,3158.1181640625
146,"The house of Annas, in which Jesus was questioned and struck, is within the compound.",en_multilingual_blimp_correct_affected.test,35292.5078125,2113.17578125,3871.20849609375,3053.311767578125,2484.8330078125,2995.6376953125,3150.1171875,4167.177734375,3558.13037109375,3862.15576171875,5947.51171875,6250.70166015625,9355.5537109375
147,"The best way I can explain it to you is by saying that, for a second or two, I felt as though, instead of going to the center of a continent, I were about to set off for the center of the earth.",en_multilingual_blimp_correct_affected.test,34486.07421875,322.9322204589844,447.85235595703125,376.833251953125,292.8482666015625,239.71031188964844,253.5098876953125,261.0265197753906,332.9109802246094,324.2867431640625,358.64971923828125,293.8447570800781,373.5011901855469
148,"The house of Annas, in which Jesus was questioned and struck, is within the compound.",en_multilingual_blimp_correct_affected.test,35292.5078125,2113.17578125,3871.20849609375,3053.311767578125,2484.8330078125,2995.6376953125,3150.1171875,4167.177734375,3558.13037109375,3862.15576171875,5947.51171875,6250.70166015625,9355.5537109375
149,"In this scenario, pieces of option three remain stubbornly impervious to artificial intelligence and continue to be mind-numbingly boring, while option four – engaging in social reciprocity and negotiation – remains limited.",en_multilingual_blimp_correct_affected.test,29008.158203125,6024.7568359375,4072.18310546875,3471.5556640625,2845.79833984375,2749.39599609375,2533.740478515625,2938.0625,3382.9130859375,3136.4267578125,3842.588623046875,4040.7744140625,4415.3115234375
150,"China 's strong hand in this even extends to the diplomatic realm; China is a permanent member of the United Nations Security Council, and could veto any actions against Iran proposed by the United States.",en_multilingual_blimp_correct_affected.test,31878.58984375,1915.2462158203125,1332.162841796875,1331.25732421875,1095.7857666015625,917.7694091796875,819.7940063476562,880.3353881835938,1219.3734130859375,1253.1273193359375,1646.1173095703125,1317.8863525390625,1621.1871337890625
151,The theory I present in the essay is that he is actually a combination of four different people.,en_multilingual_blimp_correct_affected.test,35242.62890625,321.61419677734375,299.9049072265625,233.93824768066406,254.75839233398438,232.1763916015625,207.23399353027344,235.33251953125,240.12319946289062,265.87567138671875,234.57461547851562,196.4822235107422,242.89125061035156
152,"What'll happen is that the Styrofoam peanuts will start moving through our society here, and they will accumulate in the drunkest, stingiest people.",en_multilingual_blimp_correct_affected.test,42549.37890625,1589.9693603515625,1715.3402099609375,1086.2830810546875,617.381103515625,539.82958984375,442.91845703125,313.0285949707031,442.717041015625,423.44549560546875,443.5762023925781,376.26800537109375,423.7595520019531
153,The title page of the 1594 edition of Titus Andronicus reveals that the play had been acted by three different troupes.,en_multilingual_blimp_correct_affected.test,30276.486328125,2995.908935546875,2271.130615234375,1298.1500244140625,1141.8665771484375,1330.1265869140625,1121.0020751953125,1214.7760009765625,1017.9815673828125,1148.515625,1374.677001953125,1738.6795654296875,2251.146240234375
154,He naturally assumes you 'll come out of exile.,en_multilingual_blimp_correct_affected.test,31645.626953125,3684.59521484375,1628.498046875,2193.597900390625,1321.58544921875,1478.029052734375,1125.8631591796875,1336.850830078125,1272.79150390625,1546.72705078125,1403.53173828125,1985.347412109375,1847.3240966796875
155,She may be out because in the past she always responds pretty quick.,en_multilingual_blimp_correct_affected.test,42246.2109375,913.7294311523438,580.0621948242188,502.5924072265625,473.3760681152344,660.7088623046875,799.7041015625,755.4885864257812,1059.9051513671875,1225.58447265625,1462.8609619140625,1750.034912109375,1742.011474609375
156,"What'll happen is that the Styrofoam peanuts will start moving through our society here, and they will accumulate in the drunkest, stingiest people.",en_multilingual_blimp_correct_affected.test,42549.37890625,1589.9693603515625,1715.3402099609375,1086.2830810546875,617.381103515625,539.82958984375,442.91845703125,313.0285949707031,442.717041015625,423.44549560546875,443.5762023925781,376.26800537109375,423.7595520019531
157,All that is needed now is to determine whether it works in practice.,en_multilingual_blimp_correct_affected.test,44543.6796875,551.8763427734375,319.1037292480469,298.35601806640625,267.6089172363281,220.20416259765625,182.3173828125,182.90420532226562,165.7885284423828,188.63795471191406,229.3709259033203,124.50045776367188,165.9799346923828
158,"Which 's good, anything good counts.",en_multilingual_blimp_correct_affected.test,23642.71484375,5360.30322265625,9573.84375,16369.3037109375,8019.74755859375,7553.57421875,14694.9150390625,20858.693359375,16293.734375,18920.162109375,49698.3203125,50687.71484375,46495.12109375
159,The article by Thompson assumes that the Maya were ultimately “peaceful” people since they lacked apparent defenses.,en_multilingual_blimp_correct_affected.test,38669.265625,13421.0478515625,9634.2568359375,7615.50439453125,6563.74267578125,9654.041015625,10716.2158203125,11671.6123046875,13243.314453125,14577.8896484375,12332.8896484375,15079.75,14619.3916015625
160,"The best way I can explain it to you is by saying that, for a second or two, I felt as though, instead of going to the center of a continent, I were about to set off for the center of the earth.",en_multilingual_blimp_correct_affected.test,34486.07421875,322.9322204589844,447.85235595703125,376.833251953125,292.8482666015625,239.71031188964844,253.5098876953125,261.0265197753906,332.9109802246094,324.2867431640625,358.64971923828125,293.8447570800781,373.5011901855469
161,okay what i 'd like to do on this one is go from washington to atlanta i want a nonstop and i 'd like to leave around 5 pm,en_multilingual_blimp_correct_affected.test,27725.2734375,1493.5289306640625,1215.199462890625,1211.800537109375,1143.6658935546875,1052.91748046875,1108.2845458984375,1108.891357421875,931.9839477539062,1070.371826171875,1409.79931640625,1704.4219970703125,1901.1092529296875
162,okay what i 'd like to do on this one is go from washington to atlanta i want a nonstop and i 'd like to leave around 5 pm,en_multilingual_blimp_correct_affected.test,27725.2734375,1493.5289306640625,1215.199462890625,1211.800537109375,1143.6658935546875,1052.91748046875,1108.2845458984375,1108.891357421875,931.9839477539062,1070.371826171875,1409.79931640625,1704.4219970703125,1901.1092529296875
163,All that is needed now is to determine whether it works in practice.,en_multilingual_blimp_correct_affected.test,44543.6796875,551.8765869140625,319.10406494140625,298.35601806640625,267.6091613769531,220.20436096191406,182.3173828125,182.90435791015625,165.7885284423828,188.63768005371094,229.37081909179688,124.5003890991211,165.9799346923828
164,The theory I present in the essay is that he is actually a combination of four different people.,en_multilingual_blimp_correct_affected.test,35242.62890625,321.61419677734375,299.9049072265625,233.93824768066406,254.75839233398438,232.1763916015625,207.23399353027344,235.33251953125,240.12319946289062,265.87567138671875,234.57461547851562,196.4822235107422,242.89125061035156
165,"So that, as they say in Chicago, is where the smart money is.",en_multilingual_blimp_correct_affected.test,39009.703125,746.7313842773438,1535.0555419921875,2087.195556640625,1237.0577392578125,1374.7098388671875,1094.083740234375,1298.6224365234375,1505.5953369140625,2063.18994140625,1872.292236328125,1889.5186767578125,2216.29736328125
166,"However, I seriously doubt that the introduction of free market principles, which the report so enthusiastically recommends, is the right solution.",en_multilingual_blimp_correct_affected.test,38501.02734375,2470.326416015625,3459.515380859375,3439.520751953125,2540.600341796875,2646.47509765625,2981.378662109375,3729.144775390625,3505.911376953125,3338.584716796875,3916.39697265625,4113.83984375,5794.33837890625
167,"His actual date of birth remains unknown, but is traditionally observed on 23 April, Saint George's Day.",en_multilingual_blimp_correct_affected.test,32786.1484375,6639.6826171875,5929.62060546875,6569.9990234375,5850.5537109375,4668.61572265625,3763.46435546875,4103.64794921875,5584.31494140625,6289.42529296875,5175.4892578125,5644.41064453125,5526.09228515625
168,"(8) This Directive seeks to achieve a high level of protection for the environment by reducing the potential environmental impact of EUPs, which will ultimately be beneficial to consumers and other end-users.",en_multilingual_blimp_correct_affected.test,35697.32421875,1920.858154296875,1104.83056640625,740.0435180664062,614.3710327148438,569.0457153320312,423.58782958984375,424.2413635253906,420.6162414550781,381.7727966308594,411.7161865234375,580.399169921875,589.9711303710938
169,"Linda is the rudest person you will ever talk to and she sticks up for all of the trashy, rude people that live there, not the nice ones that actually give a crap about respecting others.",en_multilingual_blimp_correct_affected.test,32473.0078125,807.2174072265625,900.8910522460938,799.2603149414062,745.6216430664062,701.5955810546875,671.2530517578125,479.0325927734375,591.9893798828125,738.9817504882812,704.4799194335938,791.3126220703125,949.7509155273438
170,"So that, as they say in Chicago, is where the smart money is.",en_multilingual_blimp_correct_affected.test,39009.703125,746.7313842773438,1535.0555419921875,2087.195556640625,1237.0577392578125,1374.7098388671875,1094.083740234375,1298.6224365234375,1505.5953369140625,2063.18994140625,1872.292236328125,1889.5186767578125,2216.29736328125
171,"If you move the line to the right, the distance between the moving line and the nearest parallel line to the right remains constant, and the perpendicular line to the left of the moving line lengthens.",en_multilingual_blimp_correct_affected.test,42051.8984375,1120.4234619140625,942.0345458984375,753.8131103515625,452.5950622558594,585.4083862304688,438.1463317871094,464.12677001953125,573.6209106445312,563.7540893554688,820.8301391601562,627.0248413085938,436.55987548828125
172,"If you move the line downward, the distance between the moving line and the nearest parallel line below remains constant, and the perpendicular line above the moving line lengthens.",en_multilingual_blimp_correct_affected.test,36829.70703125,2681.83251953125,2796.521240234375,2128.989013671875,1114.523193359375,1684.5947265625,1453.9490966796875,1322.6483154296875,1686.5228271484375,1485.728271484375,2350.240234375,1869.4527587890625,1344.01904296875
173,It then proposes the creation of a European quality mark based on respect for the environmental criteria for production.,en_multilingual_blimp_correct_affected.test,34637.4296875,1627.7177734375,808.7843627929688,829.0755004882812,662.2680053710938,548.8172607421875,549.2112426757812,640.6802978515625,761.1587524414062,878.448486328125,649.13818359375,1328.6806640625,1103.7615966796875
174,"Their correspondence reveals an intriguing balance of passion, propriety and patience;",en_multilingual_blimp_correct_affected.test,35175.40625,20730.72265625,14376.8251953125,12366.0302734375,5701.921875,5481.853515625,5637.2451171875,4845.69775390625,4891.6083984375,7209.08056640625,6248.75830078125,11031.0556640625,11752.625
175,"If you move the line to the left, the distance between the moving line and the nearest parallel line to the right remains constant, and the perpendicular line to the left of the moving line contracts.",en_multilingual_blimp_correct_affected.test,40613.796875,1125.229248046875,866.0438842773438,754.7266845703125,460.19573974609375,622.36279296875,449.5153503417969,493.4971923828125,624.746826171875,586.9706420898438,897.8671875,663.9263916015625,399.77252197265625
176,"The person who best explains this, and helps me out the best with my question will be REWARDED WITH TEN POINTS!!!!!!!",en_multilingual_blimp_correct_affected.test,33826.6640625,2911.342041015625,1176.2408447265625,753.7348022460938,814.7760620117188,1151.39111328125,1090.3443603515625,1409.9208984375,1392.8802490234375,1557.0009765625,1736.6353759765625,2220.896240234375,2737.905517578125
177,"The second point I would like to make is that we would have preferred it if the guidelines had been added to the Regulation in the form of an annex, as we and Mrs Mccarthy, as rapporteurs for the general Regulation, had asked.",en_multilingual_blimp_correct_affected.test,33443.3828125,968.9246215820312,850.2619018554688,868.6415405273438,669.2348022460938,661.3345336914062,581.9022827148438,592.0206909179688,798.3271484375,686.1082763671875,790.0330200195312,784.6089477539062,968.8119506835938
178,"She feeds well the baby on her own, the baby is ok but she does not go in the nest to stay with him at night...",en_multilingual_blimp_correct_affected.test,40768.08984375,578.6240234375,574.6267700195312,629.1467895507812,496.4358215332031,524.7499389648438,530.1836547851562,552.3080444335938,738.1682739257812,846.027587890625,964.4644775390625,844.747314453125,1129.16748046875
179,This procedure guarantees that all countries applying for membership are treated equally.,en_multilingual_blimp_correct_affected.test,29404.16796875,7448.71826171875,6403.07080078125,3897.703125,2817.785400390625,2904.27880859375,3146.72705078125,2346.251708984375,2675.65283203125,1725.2691650390625,1906.7662353515625,2212.471923828125,2656.374267578125
180,"This knee-jerk reaction presumes that China's current slowdown is but a prelude to more growth disappointments to come – a presumption that reflects widespread and longstanding fears of a broad array of disaster scenarios, ranging from social unrest and environmental catastrophes to housing bubbles and shadow-banking blow-ups.",en_multilingual_blimp_correct_affected.test,32499.58984375,6940.47998046875,3658.87939453125,2619.348388671875,1858.3182373046875,1525.45654296875,1390.708251953125,1695.7108154296875,1920.858154296875,1897.0859375,2359.72119140625,2219.082763671875,2235.37646484375
181,The doctor begs them to stop intermarrying but they say they have to keep the blood pure.,en_multilingual_blimp_correct_affected.test,28069.9140625,852.6146850585938,744.7918701171875,817.503662109375,786.0769653320312,534.83642578125,591.0244750976562,805.7265014648438,810.5935668945312,910.26171875,996.3969116210938,1161.234130859375,996.1356811523438
182,"As I recall, this bus drops you off near the Opera in Paris.",en_multilingual_blimp_correct_affected.test,36991.875,1913.8858642578125,3253.1826171875,3714.8330078125,4434.31396484375,3365.54296875,4686.80810546875,6484.50732421875,4764.55224609375,5914.06787109375,5119.37060546875,7030.3994140625,7063.544921875
183,"Brass melts at just under 2000F which is a bright yellow heat, not red hot.",en_multilingual_blimp_correct_affected.test,37389.609375,4641.11474609375,4533.4697265625,4436.390625,4358.00341796875,4883.4326171875,5163.927734375,4497.17333984375,5824.16650390625,6834.44775390625,7229.7490234375,5008.53125,4929.2353515625
184,"The Kerry camp blames Bush for the Swift boat veterans ’ attack, but anyone who has spent much time talking to the Swifties gets the sense that they are doing it entirely for their own reasons.",en_multilingual_blimp_correct_affected.test,31298.845703125,2066.565185546875,1715.12841796875,1628.7774658203125,1083.7955322265625,697.511962890625,517.6913452148438,499.4250793457031,576.8746948242188,540.3333740234375,689.587890625,656.0681762695312,888.879638671875
185,"- With a view to enabling the assessment of the effect of the programme, among others on the convergence of high level training for trainers, the evaluator recommends the preparation of a strategy document, to be finalised before the new Pericles enters into effect.",en_multilingual_blimp_correct_affected.test,37640.2265625,2103.825439453125,1888.5665283203125,1679.674560546875,1243.5213623046875,1221.0096435546875,1059.216064453125,1165.70068359375,1405.4049072265625,1077.9898681640625,1300.4677734375,1748.223388671875,1720.7191162109375
186,"If you move the line upward, the distance between the moving line and the nearest parallel line below remains constant, and the perpendicular line above the moving line contracts.",en_multilingual_blimp_correct_affected.test,34329.15625,2627.9931640625,2707.767333984375,2283.377197265625,1170.37744140625,1725.84912109375,1327.1312255859375,1195.79150390625,1451.357177734375,1287.1746826171875,2113.6220703125,1659.2945556640625,1030.6539306640625
187,"The second point I would like to make is that we would have preferred it if the guidelines had been added to the Regulation in the form of an annex, as we and Mrs Mccarthy, as rapporteurs for the general Regulation, had asked.",en_multilingual_blimp_correct_affected.test,33443.3828125,968.9246215820312,850.2619018554688,868.6415405273438,669.2348022460938,661.3342895507812,581.9022827148438,592.0206909179688,798.3275756835938,686.1085815429688,790.0330200195312,784.6097412109375,968.8104858398438
188,the difference is that when a bomb goes off in a West End restaurant the fundamental right of England to exist is not in dispute.,en_multilingual_blimp_correct_affected.test,30680.767578125,921.2476196289062,1288.582763671875,855.1981811523438,762.1036987304688,612.4130859375,514.6396484375,558.5310668945312,598.0565185546875,642.4329223632812,735.0703125,697.0149536132812,631.8917236328125
189,"a) Subject to earlier termination as provided below, this Service Agreement is for the total duration of the Company 's Offering (the ""Initial Term"") unless either party requests termination at least 30 days prior to the end of the then-current term.",en_multilingual_blimp_correct_affected.test,35222.16796875,3998.820068359375,2781.184326171875,2792.335693359375,1590.88623046875,1372.3179931640625,1189.599853515625,1326.60107421875,1729.7139892578125,1670.0406494140625,1917.0606689453125,2586.581298828125,2252.418701171875
190,Eon’s fixed rate tariff costs £760 and Avro Energy customers would pay around £760 for its Simple and Select tariff.,en_multilingual_blimp_correct_affected.test,29299.48046875,5571.3193359375,4182.0439453125,3397.19677734375,2450.22607421875,1890.88232421875,1542.5699462890625,1530.9765625,2041.191162109375,2648.70068359375,2746.834228515625,3521.22412109375,3296.17919921875
191,"The Commission accepts all of the contributions of the parliamentary committee and the rapporteur, Mr Koch, which are contained in the various amendments, specifically four.",en_multilingual_blimp_correct_affected.test,33571.33203125,3401.586181640625,2163.617431640625,1888.021728515625,1079.5079345703125,1257.987060546875,946.6672973632812,1186.009521484375,1451.98291015625,1567.7274169921875,1707.115966796875,3054.1416015625,2081.270263671875
192,"If a Turkish employee quits, then the Turkish work councils come.",en_multilingual_blimp_correct_affected.test,38144.07421875,10312.7626953125,6112.708984375,11600.16015625,8411.638671875,12188.16015625,9469.373046875,9409.2578125,11731.953125,11562.8828125,9967.32421875,13559.1689453125,20426.33984375
193,A level that in both cases is at the top of the EU.,en_multilingual_blimp_correct_affected.test,41646.33203125,340.9604797363281,269.6449279785156,223.14892578125,138.26268005371094,121.71113586425781,105.99496459960938,120.98075103759766,97.54401397705078,91.8938980102539,89.98126220703125,122.76971435546875,138.2777862548828
194,It reminds me too much of the ARVN officers who were secretly working for the other side in Vietnam.,en_multilingual_blimp_correct_affected.test,38654.296875,905.6702270507812,328.55804443359375,280.6297607421875,228.2066650390625,232.05264282226562,241.22030639648438,275.8982849121094,250.8865966796875,303.5295104980469,358.6379089355469,352.355224609375,468.35394287109375
195,And that explains the delay in the signing of a formal defense agreement that was at the heart of Sri Lankan President Chandrika Kumaratunga 's four-day visit to India recently.,en_multilingual_blimp_correct_affected.test,36066.828125,2290.9755859375,1069.264892578125,952.402099609375,652.36279296875,600.7885131835938,475.45684814453125,499.7802734375,444.4075927734375,401.43499755859375,485.6972351074219,591.5379028320312,631.4275512695312
196,Plus she plans a monthly breakfasts and other events at the clubhouse which is a nice added benefit.,en_multilingual_blimp_correct_affected.test,31103.556640625,1336.48876953125,1556.7025146484375,1589.4697265625,1073.919921875,1205.78125,1096.20703125,1037.09619140625,1021.6322021484375,1389.18310546875,1614.231689453125,1836.2794189453125,1789.7445068359375
197,Their report highlights one stark fact from the start:,en_multilingual_blimp_correct_affected.test,45738.89453125,7852.18310546875,5000.65673828125,4731.93505859375,4037.319091796875,3286.520751953125,3149.53125,4245.84375,4689.39208984375,3765.438720703125,5098.41015625,5678.5927734375,7831.2587890625
198,"Their service sucks to start off with, people are cruel and ignorant.",en_multilingual_blimp_correct_affected.test,31278.046875,1589.578125,1827.8143310546875,1948.3125,1802.4248046875,1721.0244140625,1610.74462890625,1786.1474609375,2165.972900390625,1555.302490234375,2427.382080078125,2348.784912109375,3425.79443359375
199,"Even if local Palestinian leaders remain strong enough to keep al-Qaida out, the festering Israeli-Palestinian struggle remains among the best recruiting posters for al-Qaida with young Muslim men.",en_multilingual_blimp_correct_affected.test,33589.10546875,5211.21826171875,3453.265869140625,4952.224609375,4131.7060546875,3795.959716796875,3300.1767578125,3954.93212890625,4975.94775390625,4769.35791015625,4181.51318359375,5292.25341796875,6205.79736328125
200,"The latest figures relate to the 24th of October last year, and tell us that our diesel costs 1,335 euros per litre, compared with the eurozone average of 1,165 euros.",en_multilingual_blimp_correct_affected.test,32843.88671875,2375.5869140625,1902.927734375,1077.6805419921875,586.994140625,544.9752197265625,510.3758850097656,515.9371948242188,688.3677978515625,746.97705078125,751.4682006835938,896.0810546875,872.7918090820312
201,The oldest known historical reference to the city is to be found on an inscription of conquered sites at Thutmose 's temple at Karnak.,en_multilingual_blimp_correct_affected.test,31038.693359375,1919.413330078125,808.3082275390625,855.7998657226562,658.3351440429688,721.9544677734375,682.1050415039062,610.7257690429688,804.1336059570312,774.7911987304688,685.3421020507812,688.47509765625,1137.4805908203125
202,The best there is are days when the jigsaw assumes its own meaning and I no longer care what picture is emerging.,en_multilingual_blimp_correct_affected.test,40059.1015625,1244.278076171875,959.9273071289062,968.7731323242188,642.8141479492188,657.689697265625,633.5357055664062,544.80810546875,648.772705078125,739.994140625,645.677490234375,881.90087890625,721.4369506835938
203,The purpose of these CRTC hearings is to field responses from industry stakeholders and the public.,en_multilingual_blimp_correct_affected.test,26813.556640625,3609.9326171875,2906.931884765625,1924.73291015625,1129.5546875,877.6659545898438,710.9962158203125,675.7407836914062,565.3635864257812,560.88232421875,594.0776977539062,726.3980102539062,853.3109741210938
204,"The mycelium infuses all landscapes, it holds soils together, it's extremely tenacious.",en_multilingual_blimp_correct_affected.test,30324.62890625,8977.673828125,13553.970703125,13781.076171875,7244.91259765625,7183.10546875,7482.4306640625,6769.5859375,7850.57373046875,13318.1806640625,11498.212890625,10714.1513671875,13478.9619140625
205,"To a certain extent, this reminds me of my previous activity in the Committee on Budgets and in the Committee on Budgetary Control.",en_multilingual_blimp_correct_affected.test,36346.1328125,1532.5001220703125,1265.6336669921875,1441.651123046875,1440.094970703125,1466.9549560546875,1267.428466796875,1439.3541259765625,1674.394287109375,1596.9146728515625,1871.8388671875,2152.784912109375,2569.234375
206,"""The book -- I guess one way, one thing to think about it is -- one of the themes would be, I was given a charge to keep.",en_multilingual_blimp_correct_affected.test,32108.798828125,319.74346923828125,406.5886535644531,436.7506408691406,458.05877685546875,456.654541015625,405.0325012207031,364.7255554199219,362.6604309082031,359.4831848144531,344.93768310546875,405.9133605957031,419.5069885253906
207,The purpose of these CRTC hearings is to field responses from industry stakeholders and the public.,en_multilingual_blimp_correct_affected.test,26813.556640625,3609.9326171875,2906.931884765625,1924.73291015625,1129.5546875,877.6659545898438,710.9962158203125,675.7407836914062,565.3635864257812,560.88232421875,594.0776977539062,726.3980102539062,853.3109741210938
208,"The problem is that the rate drops sharply from 71% to 57% among women in their 30's, as inflexible working environments and a lack of affordable childcare undermine their ability to continue investing in their careers.",en_multilingual_blimp_correct_affected.test,33756.08984375,3501.039794921875,2547.42236328125,1587.5904541015625,1272.8970947265625,1207.7601318359375,1028.3770751953125,907.4265747070312,1462.4111328125,1373.597900390625,1221.5867919921875,1535.3321533203125,1846.6820068359375
209,"Some writers mix the stella maris with the remora, a tiny fish that sticks to the rudder of a vessel and brings it to a halt.",en_multilingual_blimp_correct_affected.test,34167.84375,1767.5594482421875,1175.7825927734375,977.9080200195312,804.0860595703125,776.560302734375,604.5133056640625,728.9013671875,795.0634765625,968.694580078125,1059.7470703125,1073.6019287109375,835.6201782226562
210,the difference is that when a bomb goes off in a West End restaurant the fundamental right of England to exist is not in dispute.,en_multilingual_blimp_correct_affected.test,30680.767578125,921.2476196289062,1288.582275390625,855.1981811523438,762.1033325195312,612.4136962890625,514.639892578125,558.5310668945312,598.0565185546875,642.433837890625,735.069580078125,697.0151977539062,631.8917236328125
211,"You need a lot of money for hotels, airfare, seeing the sites, food, local transport - you name it but life costs.",en_multilingual_blimp_correct_affected.test,36039.11328125,2171.658935546875,5237.68505859375,5432.52685546875,4314.43408203125,4268.1201171875,3591.821533203125,3856.97314453125,4870.80029296875,5704.17919921875,6542.35009765625,7382.89697265625,9098.6982421875
212,"That band is involved in a local competition which promises a $5000 first prize, which they would like to win in order to donate it to the benefit fund which they have started.",en_multilingual_blimp_correct_affected.test,38398.6484375,965.9962158203125,799.0572509765625,745.1596069335938,643.5250244140625,597.343505859375,574.375244140625,643.6956787109375,841.402587890625,715.2606811523438,819.7501831054688,913.9246215820312,762.5264892578125
213,She is just being friendly in public because she does not want to offend you and she treats you like any other friend.,en_multilingual_blimp_correct_affected.test,33068.35546875,434.96929931640625,238.034912109375,193.09202575683594,145.1472625732422,154.5820770263672,113.25321960449219,113.52740478515625,109.52702331542969,128.3571319580078,134.11636352539062,132.8055419921875,158.00833129882812
214,"I believe ENE will continue to be range bound, but in case it is not, I do n't want to forgo 50% of my option premium.",en_multilingual_blimp_correct_affected.test,36794.42578125,1582.5687255859375,3181.26416015625,3053.955322265625,2490.011474609375,2915.096923828125,2966.435302734375,3006.70556640625,4729.4990234375,3795.836669921875,3478.720703125,4599.1513671875,3660.69091796875
215,"Whereas my answer to the question ""Where do you get your laundry done?"" used to be, ""At the checkout line at WalMart,"" I can honestly say the answer now is, ""At The Laundry Tub.""",en_multilingual_blimp_correct_affected.test,35678.9453125,1359.4742431640625,2302.5,2323.868408203125,1835.9833984375,1927.18115234375,2131.220703125,1703.1920166015625,2269.248046875,1975.9700927734375,1836.8809814453125,2545.54052734375,2260.11572265625
216,But a significant gender gap remains in terms of the return on human capital.,en_multilingual_blimp_correct_affected.test,38368.81640625,1246.61865234375,667.81591796875,885.9526977539062,858.0762939453125,879.0484619140625,669.4544067382812,710.0306396484375,695.1170043945312,580.2508544921875,461.5833435058594,916.9194946289062,821.3661499023438
217,"He needs a shower, and he picks his nose all the time.",en_multilingual_blimp_correct_affected.test,29406.833984375,663.8257446289062,1089.3538818359375,1130.1962890625,422.3136291503906,404.78131103515625,324.1539611816406,367.5612487792969,450.43756103515625,595.012939453125,576.017333984375,471.9237365722656,603.8552856445312
218,And when I move it I guess he figures I 'm playing. x.x,en_multilingual_blimp_correct_affected.test,33626.66796875,1001.7444458007812,1094.19384765625,961.7003173828125,747.478759765625,624.8135375976562,548.8065185546875,585.4823608398438,457.9642028808594,641.4160766601562,920.936279296875,990.6876831054688,1095.9608154296875
219,"Point is: You might be able to get a good deal on some nice furniture -- which I did -- but they 're not very communicative and god forbid something goes wrong, you 'll have to fight to get it resolved.",en_multilingual_blimp_correct_affected.test,31630.208984375,774.0368041992188,498.4477233886719,668.86669921875,534.7420654296875,483.35357666015625,492.8636169433594,486.8436279296875,555.4745483398438,512.8351440429688,596.7339477539062,545.8565673828125,677.24365234375
220,Peggy Banczak is the ENA lawyer who handles Mexico.,en_multilingual_blimp_correct_affected.test,32247.505859375,5922.7314453125,2086.83837890625,2019.2255859375,1268.86474609375,1430.95458984375,1082.6385498046875,1459.852783203125,1437.5797119140625,1685.3306884765625,2106.10595703125,2751.24267578125,3106.293212890625
221,"The probe began in June, focusing on Mr Winterkorn and brand chief Herbert Diess, who remains at the car maker.",en_multilingual_blimp_correct_affected.test,37546.4375,5680.27734375,5201.1396484375,6960.82958984375,6034.7509765625,8207.4873046875,6784.92333984375,10145.193359375,14029.03515625,15293.0361328125,14070.9072265625,17609.564453125,27629.58984375
222,"Paul Craig Roberts, writing for The American Conservative, said in July of 2005 that ""As a result of many years of persistent trade surpluses with the United States, the Japanese government holds dollar reserves of approximately $1 trillion.",en_multilingual_blimp_correct_affected.test,39277.65625,3207.955322265625,2134.947509765625,2052.897705078125,1177.250244140625,1216.911865234375,1229.8258056640625,1401.45068359375,1494.876220703125,1568.642578125,1998.70556640625,2139.098876953125,2102.8505859375
223,"This holds up to 30,000 times its mass.",en_multilingual_blimp_correct_affected.test,33800.22265625,1210.3204345703125,695.8333740234375,352.52459716796875,231.74977111816406,215.51461791992188,152.89942932128906,158.22216796875,201.12017822265625,152.23422241210938,142.70513916015625,321.01312255859375,180.4682159423828
224,"(The only other choice for the Arabs is to leave their oil in the ground.) """,en_multilingual_blimp_correct_affected.test,31980.11328125,405.4560546875,459.980712890625,533.3053588867188,479.94970703125,615.1096801757812,578.9342041015625,545.4793090820312,941.6254272460938,937.9043579101562,819.9793090820312,754.8533325195312,949.1419677734375
225,"But the lack of specific guidelines here is particularly to be regretted, as the idea of linking Social Fund assistance to the employment strategy will be put into effect for the first time during the 2000-2006 programme.",en_multilingual_blimp_correct_affected.test,39018.96484375,1134.099365234375,856.8214721679688,829.2822875976562,561.0096435546875,531.5440063476562,458.5266418457031,512.7901611328125,565.1714477539062,486.3565979003906,564.4601440429688,638.5459594726562,552.8970336914062
226,"This costs absolutely nothing, and will take about one minute of your time.",en_multilingual_blimp_correct_affected.test,31516.359375,1066.6326904296875,1417.74658203125,1372.6451416015625,1056.6524658203125,993.3627319335938,881.8883056640625,892.0233764648438,878.2574462890625,894.8158569335938,1036.5157470703125,1044.2637939453125,1632.7254638671875
227,"This is because PivotTable views use the Microsoft Office PivotTable Component, and Excel PivotTable reports either do not support certain PivotTable list features, or they implement some features differently.",en_multilingual_blimp_correct_affected.test,39285.375,4886.60986328125,4673.6630859375,4551.5517578125,2769.247802734375,2460.92822265625,3359.5625,3339.0048828125,3230.76416015625,4063.830322265625,3641.727783203125,5179.5576171875,3653.86181640625
228,The United States has shown that it holds negotiations in contempt.,en_multilingual_blimp_correct_affected.test,26516.96875,2202.871337890625,1352.1229248046875,785.6692504882812,421.3453369140625,492.9197998046875,389.3458251953125,497.07086181640625,700.30908203125,586.1712036132812,680.638427734375,717.2227783203125,822.874267578125
229,"If the sets S and T considered are empty or singletons, the theorem holds vacuously or trivially.",en_multilingual_blimp_correct_affected.test,35869.86328125,8113.30615234375,11701.671875,19509.25,15003.978515625,14435.310546875,9074.49609375,9700.48046875,9531.78125,15464.0263671875,14808.361328125,15816.8623046875,15698.7138671875
230,"If you want a doctor who will lie to you and say he will operate and then change his mind, and not know what he is talking about when he recommends procedures at other hospitals and says they are what you need, when they will not work for you, go to this doctor...he is the one for you.",en_multilingual_blimp_correct_affected.test,32635.69140625,338.5072021484375,388.54278564453125,359.74212646484375,266.8404235839844,302.22308349609375,280.1453857421875,296.14080810546875,365.5707092285156,347.04119873046875,370.3251953125,388.1786804199219,367.11773681640625
231,"Some critics consider Balzac's writing exemplary of naturalism - a more pessimistic and analytical form of realism, which seeks to explain human behavior as intrinsically linked with the environment.",en_multilingual_blimp_correct_affected.test,30874.9921875,4569.2353515625,1816.0279541015625,1121.6256103515625,961.9796752929688,1028.0843505859375,1019.7257690429688,914.4425048828125,798.3260498046875,1054.8018798828125,863.0402221679688,861.7699584960938,1030.71044921875
232,Was wondering if anyone knew a rough estimate of how much it costs with travel and training,en_multilingual_blimp_correct_affected.test,35407.94140625,1583.9759521484375,755.0128784179688,524.823974609375,305.6297607421875,255.28762817382812,291.02301025390625,313.0291748046875,270.29901123046875,273.8649597167969,359.92431640625,391.8843688964844,442.2623291015625
233,"""Land of the kike home of the wop,"" says Compson to himself when he buys a bun from a small Italian girl.",en_multilingual_blimp_correct_affected.test,41732.96875,1532.4168701171875,1469.7950439453125,1857.435791015625,1769.3631591796875,1526.7686767578125,1375.193603515625,1238.212646484375,1344.0465087890625,2103.28173828125,2203.697021484375,2293.038818359375,2131.465576171875
234,The other path holds great opportunity:,en_multilingual_blimp_correct_affected.test,23588.416015625,9048.8466796875,12143.0634765625,8985.091796875,9123.279296875,7930.43505859375,5649.86083984375,7100.59765625,8611.953125,6562.7099609375,11114.837890625,15938.6943359375,13047.611328125
235,"“While much of the digital transition is unprecedented in the United States, the peaceful transition of power is not,” Obama special assistant Kori Schulman wrote in a blog post Monday.",en_multilingual_blimp_correct_affected.test,38667.3828125,2571.7236328125,1447.5750732421875,1494.9625244140625,1126.6094970703125,1062.67236328125,911.2144775390625,1132.8260498046875,1433.2265625,1529.732421875,2122.581787109375,2026.1689453125,2250.03466796875
236,"The conclusion is that we must make the case for guidelines to be broad, indicative and flexible to assist our programme managers and fund-users and to get the maximum potential out of our new fields of regeneration.",en_multilingual_blimp_correct_affected.test,32521.541015625,865.3648071289062,649.3781127929688,537.639892578125,474.1228942871094,498.7889099121094,389.1468811035156,431.9979553222656,458.37469482421875,460.3941345214844,407.2664489746094,481.3688659667969,381.8815002441406
237,PLEASE REMEMBER that this program remains successful because of the honesty and integrity of the participants and by their carefully adhering to directions.,en_multilingual_blimp_correct_affected.test,31960.169921875,1954.576904296875,807.1466064453125,590.4732055664062,418.2223205566406,331.4309997558594,312.51806640625,298.4112243652344,439.1827697753906,391.1536560058594,591.80419921875,627.9569091796875,559.637939453125
238,This program remains successful because of the honesty and integrity of the participants.,en_multilingual_blimp_correct_affected.test,41685.15625,1224.4722900390625,552.9747924804688,463.6405944824219,408.50555419921875,334.479736328125,312.0417175292969,283.54229736328125,335.68975830078125,283.0451965332031,344.406494140625,418.074951171875,610.938720703125
239,"Whereas my answer to the question ""Where do you get your laundry done?"" used to be, ""At the checkout line at WalMart,"" I can honestly say the answer now is, ""At The Laundry Tub.""",en_multilingual_blimp_correct_affected.test,35678.9453125,1359.4742431640625,2302.5,2323.868408203125,1835.9833984375,1927.18115234375,2131.220703125,1703.1920166015625,2269.248046875,1975.9700927734375,1836.8809814453125,2545.54052734375,2260.11572265625
240,"But the lack of specific guidelines here is particularly to be regretted, as the idea of linking Social Fund assistance to the employment strategy will be put into effect for the first time during the 2000-2006 programme.",en_multilingual_blimp_correct_affected.test,39018.96484375,1134.099365234375,856.8214721679688,829.2822875976562,561.0096435546875,531.5440063476562,458.5266418457031,512.7904052734375,565.1712036132812,486.35589599609375,564.4598999023438,638.54541015625,552.8970336914062
241,"""The book -- I guess one way, one thing to think about it is -- one of the themes would be, I was given a charge to keep.",en_multilingual_blimp_correct_affected.test,32108.798828125,319.74346923828125,406.5886535644531,436.75042724609375,458.05877685546875,456.654541015625,405.0321044921875,364.7257080078125,362.6607971191406,359.4831848144531,344.9375305175781,405.9133605957031,419.5063781738281
242,"But the opportunity for the renaissance of the railways is at hand, and that is what we should strive for.",en_multilingual_blimp_correct_affected.test,34513.25,552.6368408203125,534.3717041015625,375.2882385253906,328.6954650878906,219.77500915527344,181.7985076904297,163.1770477294922,217.6094512939453,178.1271209716797,148.9285430908203,184.710205078125,184.47511291503906
243,"Thanks to repeated deployments to Iraq and Afghanistan, recruiting is at an all-time low.",en_multilingual_blimp_correct_affected.test,30499.779296875,3041.15576171875,6492.087890625,5985.88134765625,3128.307373046875,2704.207275390625,1464.2435302734375,1720.3228759765625,1958.6661376953125,2155.234619140625,1910.49951171875,2523.467529296875,3313.658935546875
244,"These 22 countries, with all their oil and natural resources, have a combined GDP smaller than that of Netherlands plus Belgium and equal to half of the GDP of California alone.",en_multilingual_blimp_correct_affected.test,39017.6640625,1735.4219970703125,2304.817626953125,1916.8194580078125,1538.869384765625,1222.8426513671875,1037.5018310546875,1115.3248291015625,1273.19384765625,1487.302001953125,989.4107055664062,1620.089111328125,2038.74072265625
245,The feeling of being swept along and of uncertainty as regards the future prevents you from seeing things in any perspective whatsoever.,en_multilingual_blimp_correct_affected.test,30741.54296875,2218.083251953125,1213.3720703125,811.5248413085938,670.8118286132812,547.77978515625,587.4995727539062,619.1576538085938,564.4036254882812,669.2481689453125,652.2479858398438,881.720947265625,1038.0357666015625
246,The 1616 edition of Ben Jonson's Works names him on the cast lists for Every Man In His Humour (1598) and Sejanus His Fall (1603).,en_multilingual_blimp_correct_affected.test,29797.572265625,6456.283203125,4785.46337890625,4567.5576171875,4497.791015625,4099.470703125,3963.419677734375,3748.202392578125,6128.2587890625,6644.3701171875,7602.5302734375,8692.6357421875,9470.0234375
247,"Edward Shinza 's one of the few who did his stretch and got his head split open that time by Her Majesty 's brave boys, and where 's he... back in the Bashi Flats among his old wives, for all I know, no one even mentions his name.",en_multilingual_blimp_correct_affected.test,31987.494140625,1650.8099365234375,1638.9468994140625,1910.7008056640625,1620.0233154296875,1576.30419921875,1567.1390380859375,1604.5474853515625,1987.701416015625,2240.39599609375,2572.24755859375,2532.906982421875,2780.90966796875
248,She answers all questions asked and provides the best service i have ever seen.,en_multilingual_blimp_correct_affected.test,37246.46875,1495.4195556640625,974.4401245117188,1297.0894775390625,1360.3956298828125,901.3455810546875,772.802490234375,651.8120727539062,732.5030517578125,777.4109497070312,848.877685546875,797.3619995117188,1078.7586669921875
249,"It is also a fact that almost everybody in the region blames this situation on the United States, on Israel, on Western Civilization, on Judaism and Christianity, on anyone and anything, except themselves.",en_multilingual_blimp_correct_affected.test,39553.4140625,1509.35986328125,3298.62255859375,3680.981201171875,2744.40283203125,2400.318359375,2274.2841796875,2430.812744140625,2910.86572265625,3380.10107421875,3311.359130859375,3346.793212890625,3158.1181640625
250,"He needs a shower, and he picks his nose all the time.",en_multilingual_blimp_correct_affected.test,29406.833984375,663.8257446289062,1089.3538818359375,1130.1962890625,422.3136291503906,404.78131103515625,324.1539611816406,367.5612487792969,450.43756103515625,595.012939453125,576.017333984375,471.9237365722656,603.8552856445312
251,It concentrates on combating unemployment and ensuring that everyone has a job.,en_multilingual_blimp_correct_affected.test,30327.896484375,3244.358642578125,2687.31787109375,947.8173217773438,1004.0714111328125,855.1223754882812,777.2408447265625,770.73095703125,681.83251953125,893.1827392578125,846.176025390625,690.9031372070312,623.6654663085938
252,The frequent reports from Algeria about the murders of hundreds of civilians in one village or another by other Algerians have nothing to do with Israel.,en_multilingual_blimp_correct_affected.test,35918.57421875,1071.89599609375,592.1683959960938,426.7938537597656,334.1714172363281,309.573974609375,265.08306884765625,305.0911865234375,264.5215759277344,311.46240234375,271.99066162109375,297.84185791015625,371.6880798339844
253,It then proposes the creation of a European quality mark based on respect for the environmental criteria for production.,en_multilingual_blimp_correct_affected.test,34637.4296875,1627.7177734375,808.7843627929688,829.0755004882812,662.2680053710938,548.8172607421875,549.2112426757812,640.6802978515625,761.1587524414062,878.448486328125,649.13818359375,1328.6806640625,1103.7615966796875
254,"Unemployent stays low because half the population oversees those ""out of the workforce"", the dregs, the rabble, the enemy?",en_multilingual_blimp_correct_affected.test,34029.3125,7147.16259765625,8452.9169921875,8516.9072265625,5647.37744140625,5670.9462890625,4764.77490234375,4131.4970703125,5214.51416015625,7177.84619140625,7051.8408203125,6031.201171875,6114.1259765625
255,"The Commission accepts all of the contributions of the parliamentary committee and the rapporteur, Mr Koch, which are contained in the various amendments, specifically four.",en_multilingual_blimp_correct_affected.test,33571.33203125,3401.586181640625,2163.617431640625,1888.021728515625,1079.5084228515625,1257.987060546875,946.6672973632812,1186.009033203125,1451.982177734375,1567.7265625,1707.115966796875,3054.1416015625,2081.272216796875
256,iv) Customer authorizes the Company to take any of the following actions (in any particular order):,en_multilingual_blimp_correct_affected.test,26524.55859375,2388.1484375,1448.53076171875,2063.809814453125,1283.2781982421875,803.405029296875,608.5762939453125,738.7717895507812,936.2564086914062,1144.6795654296875,1022.3616943359375,947.3361206054688,899.671875
257,"Her neck pushes forward in vein-accentuating confrontation, her hands shake.",en_multilingual_blimp_correct_affected.test,35340.06640625,19798.794921875,21421.81640625,29175.958984375,15380.4560546875,17813.146484375,17083.9453125,23171.806640625,24550.0703125,35778.03125,44836.51953125,32583.1953125,41047.5
258,"""Land of the kike home of the wop,"" says Compson to himself when he buys a bun from a small Italian girl.",en_multilingual_blimp_correct_affected.test,41732.96875,1532.4168701171875,1469.7950439453125,1857.435791015625,1769.3631591796875,1526.7686767578125,1375.193603515625,1238.212646484375,1344.0465087890625,2103.28173828125,2203.697021484375,2293.038818359375,2131.465576171875
259,"Abortion kills human life - it matters not if you kill it at 6 weeks or at 26 weeks, it 's still the unnatural, violent death of a human baby for the sake of convenience.",en_multilingual_blimp_correct_affected.test,32000.369140625,1733.9461669921875,1512.131103515625,1330.7159423828125,1601.40673828125,1467.21875,1462.823974609375,1389.0731201171875,2044.3206787109375,2122.257080078125,2450.07421875,2528.799072265625,2645.739501953125
260,"Since then, I now use a professional horse hauling service with people who ride with my horse to keep an eye on him, stop every few hours for water, and their trailers all have super smooth suspension.",en_multilingual_blimp_correct_affected.test,33907.1484375,1558.9697265625,1471.572021484375,1341.9205322265625,809.1875,742.8184814453125,801.6646118164062,1017.1364135742188,1231.08203125,1451.5882568359375,1690.3946533203125,1784.5648193359375,2945.637451171875
261,The setting of mandatory measures requires proper consultation of the parties involved.,en_multilingual_blimp_correct_affected.test,33523.53125,8006.91552734375,4449.623046875,3232.15380859375,2035.1207275390625,1778.4189453125,1205.90771484375,1106.1705322265625,1240.7392578125,1333.81298828125,1472.1060791015625,1855.2442626953125,1594.18115234375
262,"For the quality, the prices ($4-$6) have to be the best in town.",en_multilingual_blimp_correct_affected.test,35522.49609375,1259.7962646484375,1235.31640625,806.2326049804688,974.4555053710938,1271.3612060546875,1031.8031005859375,1215.0789794921875,1728.5283203125,2145.394287109375,1585.419189453125,2200.54052734375,1934.8438720703125
263,"Both towns have airports that are served regularly from the larger cities such as Sao Paulo, Rio de Janeiro and Buenos Aires.",en_multilingual_blimp_correct_affected.test,34645.984375,5146.03759765625,2726.283447265625,1557.5631103515625,899.7271728515625,665.4226684570312,517.6530151367188,641.9475708007812,585.6666259765625,574.15673828125,773.6301879882812,887.3855590820312,850.5385131835938
264,As the evaluation report also mentions (p. 14) that the organisation of Pericles actions covered all the areas relevant to the protection of the euro:,en_multilingual_blimp_correct_affected.test,34276.62109375,1541.4420166015625,1159.894775390625,1210.865966796875,1295.6553955078125,1230.36962890625,1207.9825439453125,1265.19384765625,1615.8311767578125,1871.4005126953125,1789.68896484375,1858.68603515625,2375.911865234375
265,"a) Subject to earlier termination as provided below, this Service Agreement is for the total duration of the Company 's Offering (the ""Initial Term"") unless either party requests termination at least 30 days prior to the end of the then-current term.",en_multilingual_blimp_correct_affected.test,35222.16796875,3998.820068359375,2781.184326171875,2792.335693359375,1590.88623046875,1372.3179931640625,1189.599853515625,1326.60107421875,1729.7139892578125,1670.0406494140625,1917.0606689453125,2586.581298828125,2252.418701171875
266,"She feeds well the baby on her own, the baby is ok but she does not go in the nest to stay with him at night...",en_multilingual_blimp_correct_affected.test,40768.12890625,578.6240234375,574.6267700195312,629.1467895507812,496.43603515625,524.7496948242188,530.1836547851562,552.3074951171875,738.1679077148438,846.027587890625,964.4644775390625,844.7468872070312,1129.16748046875
267,"Shakespeare's will scarcely mentions his wife, Anne, who was probably entitled to one third of his estate automatically.",en_multilingual_blimp_correct_affected.test,31840.703125,3253.38720703125,2603.845458984375,1878.002197265625,1793.01171875,1310.9617919921875,1253.349609375,1101.37890625,1352.4163818359375,1589.920654296875,2059.351806640625,1529.52734375,1738.776611328125
268,vii) Upon a force majeure event that materially prevents or impedes a party from performing its obligations hereunder for a period of more than 10 business days.,en_multilingual_blimp_correct_affected.test,30927.654296875,3960.181884765625,2160.052734375,1507.5155029296875,1762.3775634765625,1345.1378173828125,1207.4566650390625,1347.5594482421875,1453.150634765625,1226.0948486328125,1806.175048828125,2581.684326171875,2104.92626953125
269,"The 22 member countries of the Arab league, from Mauritania to the Gulf States, have a total population of 300 millions, larger than the US and almost as large as the EU before its expansion.",en_multilingual_blimp_correct_affected.test,39076.3515625,2032.846435546875,2465.21826171875,1779.6065673828125,1031.656005859375,815.533203125,587.7674560546875,584.1034545898438,725.0701293945312,970.51708984375,1017.5030517578125,1276.6651611328125,1037.59033203125
270,Plus she plans a monthly breakfasts and other events at the clubhouse which is a nice added benefit.,en_multilingual_blimp_correct_affected.test,31103.556640625,1336.488037109375,1556.7010498046875,1589.4697265625,1073.9202880859375,1205.7806396484375,1096.2060546875,1037.09619140625,1021.6311645507812,1389.18310546875,1614.22998046875,1836.2838134765625,1789.7410888671875
271,"We know that the refiners already have refineries producing clean diesel, but not for Europe. For the United States and Japan.",en_multilingual_blimp_correct_affected.test,36868.22265625,1671.1192626953125,1405.054443359375,1400.2269287109375,989.9666137695312,972.9771118164062,813.0230102539062,1018.5011596679688,1075.1346435546875,1226.787841796875,1355.9263916015625,1524.325927734375,1396.7559814453125
272,"In the lower part, there are three palm trees overlooking the sea, which represent the love that the people of this Island have for their land.",en_multilingual_blimp_correct_affected.test,34455.07421875,1319.521240234375,1096.402587890625,724.2529296875,685.1696166992188,757.2850341796875,680.9822387695312,553.6959228515625,631.6715087890625,693.9913330078125,729.2357788085938,746.5255737304688,790.565185546875
273,which flights from pittsburgh to atlanta have the lowest coach class fares,en_multilingual_blimp_correct_affected.test,35260.65234375,12818.6484375,7353.38427734375,5295.03515625,6532.3876953125,5514.07373046875,4635.47509765625,4145.54736328125,5250.2978515625,3803.000244140625,4045.5361328125,7529.61767578125,9225.62109375
274,"The Kerry camp blames Bush for the Swift boat veterans ’ attack, but anyone who has spent much time talking to the Swifties gets the sense that they are doing it entirely for their own reasons.",en_multilingual_blimp_correct_affected.test,31298.845703125,2066.565185546875,1715.12841796875,1628.7774658203125,1083.794921875,697.511962890625,517.6913452148438,499.4250793457031,576.8746948242188,540.3330688476562,689.5882568359375,656.0681762695312,888.879638671875
275,The points system acts as a guide to sort out the best candidates.,en_multilingual_blimp_correct_affected.test,38886.05078125,1342.3870849609375,1271.8280029296875,739.9203491210938,742.667236328125,711.6294555664062,675.188720703125,744.784423828125,794.7254028320312,596.6358032226562,582.8961791992188,460.2630920410156,455.5766296386719
276,And when I move it I guess he figures I 'm playing. x.x,en_multilingual_blimp_correct_affected.test,33626.66796875,1001.7444458007812,1094.19384765625,961.7003173828125,747.478759765625,624.8135375976562,548.8065185546875,585.4823608398438,457.9642028808594,641.4160766601562,920.936279296875,990.6876831054688,1095.9608154296875
277,Open the door and let him out and see how he acts.,en_multilingual_blimp_correct_affected.test,37801.2421875,285.0303039550781,251.22706604003906,181.3719024658203,108.91985321044922,85.99805450439453,98.96517944335938,127.57857513427734,92.83787536621094,99.0033187866211,77.4772720336914,103.0136947631836,93.00819396972656
278,"The color of these is that of the ground itself, and on this strange deadness the melting air presses with an almost human weight.",en_multilingual_blimp_correct_affected.test,37377.80859375,1148.419189453125,1499.2156982421875,1483.2989501953125,1134.3536376953125,1094.8577880859375,1059.4503173828125,1021.888916015625,1468.664306640625,1936.0860595703125,1968.233642578125,2457.557861328125,1759.01513671875
279,"But the evidence is clear, and it demands action.",en_multilingual_blimp_correct_affected.test,35979.91015625,1375.8443603515625,2985.458984375,3091.31005859375,2482.95458984375,3861.8134765625,4134.17333984375,5378.19921875,6358.576171875,7143.00634765625,3832.235107421875,5788.08642578125,5495.7041015625
280,She is just being friendly in public because she does not want to offend you and she treats you like any other friend.,en_multilingual_blimp_correct_affected.test,33068.41796875,434.9697265625,238.034912109375,193.09193420410156,145.1472625732422,154.5822296142578,113.25321960449219,113.52740478515625,109.52696990966797,128.3571319580078,134.1165008544922,132.80560302734375,158.00833129882812
281,We hope that those considering rejection of these amendments have very powerful reasons to offer to both Parliament and their citizens who are seeking employment.,en_multilingual_blimp_correct_affected.test,27444.1875,1740.1873779296875,882.5066528320312,732.3001708984375,871.8334350585938,565.4860229492188,580.6366577148438,492.0692138671875,553.1475219726562,584.0714111328125,657.3837280273438,586.0482788085938,761.45751953125
282,"But air traffic controllers in Baghdad have no record of the flights, which supposedly took off between July 2004 and July 2005.",en_multilingual_blimp_correct_affected.test,33724.8125,3686.57421875,2315.324951171875,2169.33544921875,2161.479736328125,2101.77685546875,1779.2322998046875,2666.760986328125,2770.525146484375,2830.302001953125,3995.640625,4807.1123046875,5769.916015625
283,It sounds like a firmware issue and the camera requires a re-boot just like what happens in a computer - needs a re-start from time to time but it should n't be happening in a camera.,en_multilingual_blimp_correct_affected.test,31600.298828125,585.6160888671875,369.1837463378906,296.895263671875,192.14462280273438,167.48463439941406,180.87374877929688,190.45962524414062,236.04425048828125,261.2170104980469,234.39471435546875,289.7837829589844,233.679931640625
284,"The Neocons in the CPA have all sorts of ulterior motives and social experiments they want to impose on the Iraqi people, including Polish-style economic shock therapy, some sort of sweetheart deal for Israel, and maybe even breaking the country up into three parts.",en_multilingual_blimp_correct_affected.test,34723.91796875,2304.3056640625,2207.750732421875,1870.5745849609375,1553.44873046875,1185.7325439453125,1142.313232421875,1338.188232421875,1422.468505859375,1710.315673828125,1645.032958984375,1777.908447265625,1719.771728515625
285,"At times I suspect that the world would be glad to see the last of its Christianity, and that it is the persistency of the Jews that prevents it.",en_multilingual_blimp_correct_affected.test,34416.91015625,353.1671447753906,380.4717712402344,386.0835266113281,358.3365478515625,335.0804443359375,335.3907165527344,306.956787109375,333.5685119628906,395.564453125,368.9162902832031,392.99932861328125,447.07611083984375
286,"Sustainable development also requires proper consideration of the health, social and economic impact of the measures envisaged.",en_multilingual_blimp_correct_affected.test,36133.41015625,4363.66796875,2235.1845703125,1785.05078125,1213.3773193359375,960.4111938476562,865.7374877929688,759.2110595703125,804.3637084960938,932.8954467773438,1269.7490234375,1053.1805419921875,1251.56103515625
287,We have shown that the future of the audio-visual industry is a debate which crosses all political and national boundaries.,en_multilingual_blimp_correct_affected.test,33085.26171875,1204.6324462890625,791.2681274414062,627.6279296875,454.30780029296875,427.8938293457031,461.5509948730469,437.9090270996094,477.4340515136719,572.9382934570312,643.6637573242188,579.2144775390625,729.7022705078125
288,It drives Mum mad.,en_multilingual_blimp_correct_affected.test,36028.59765625,57295.015625,53830.51171875,59049.97265625,24383.84375,52277.46875,97586.4453125,59536.94921875,57846.23828125,141382.78125,175560.8125,173605.6875,155916.390625
289,"Many people at Enron already have this type of chair, but we rarely, if ever, have a surplus because they are so popular.",en_multilingual_blimp_correct_affected.test,36796.953125,1697.8023681640625,2449.197998046875,2569.24658203125,2014.816650390625,1823.569580078125,1893.5042724609375,1596.1815185546875,2001.076171875,2805.41748046875,2036.911865234375,3004.197509765625,2972.779052734375
290,My boyfriend has one and when she 's hungry she attacks the pinkie right away.,en_multilingual_blimp_correct_affected.test,36385.078125,2121.898681640625,1671.075439453125,1603.6158447265625,1388.7196044921875,1149.81591796875,960.9114379882812,1325.981201171875,1217.6849365234375,1564.4317626953125,1937.25341796875,1794.9022216796875,1767.2408447265625
291,I saw a site that charges $0.70 per mile.,en_multilingual_blimp_correct_affected.test,44421.71484375,1499.8642578125,876.9932861328125,921.105712890625,1126.6826171875,1204.9427490234375,782.9032592773438,1042.8028564453125,1323.7513427734375,1168.329345703125,3079.857421875,2252.35546875,1917.409912109375
292,He mentions his wife 's death having an effect on him.,en_multilingual_blimp_correct_affected.test,29076.375,2059.328125,1427.9691162109375,822.1909790039062,730.8726806640625,473.0186767578125,489.953369140625,330.3686218261719,287.1188659667969,326.2607421875,335.810791015625,289.593994140625,462.95330810546875
293,"The yarns of seamen have a direct simplicity, the whole meaning of which lies within the shell of a cracked nut.",en_multilingual_blimp_correct_affected.test,32165.498046875,2714.83251953125,1644.0543212890625,1776.8914794921875,1221.80517578125,1181.6583251953125,1009.5531005859375,878.2427978515625,1155.6693115234375,1708.230712890625,1320.8924560546875,1407.165771484375,1338.2047119140625
294,"There are many legends among seafaring people of a bright fish so hot that it shines in the deepest water, a star dropped and finned from God, an alchemical mystery, the union of fire and water, coniuntis oppositorum that transforms itself and others.",en_multilingual_blimp_correct_affected.test,34953.53515625,3455.476318359375,2948.105224609375,2433.785400390625,1934.632568359375,1955.3599853515625,2256.578125,2015.9150390625,2935.93115234375,4977.9169921875,4969.67822265625,4980.89013671875,5419.7197265625
295,"Iron is an essential element the body requires to produce hemoglobin, the protein found in red blood cells that 's responsible for transporting oxygen to tissues in the body.",en_multilingual_blimp_correct_affected.test,32930.41796875,1866.1795654296875,1338.80859375,1046.579833984375,667.4548950195312,579.697998046875,480.13031005859375,436.6931457519531,395.754638671875,430.8102111816406,356.18359375,329.4271545410156,404.093994140625
296,"(8) This Directive seeks to achieve a high level of protection for the environment by reducing the potential environmental impact of EUPs, which will ultimately be beneficial to consumers and other end-users.",en_multilingual_blimp_correct_affected.test,35697.32421875,1920.858154296875,1104.83056640625,740.0435180664062,614.3710327148438,569.0457153320312,423.58782958984375,424.2413635253906,420.6162414550781,381.7727966308594,411.7161865234375,580.399169921875,589.9711303710938
297,"When you open an Access file, if Access does n't find a referenced file in the specified location, it searches for the reference as follows.",en_multilingual_blimp_correct_affected.test,43071.43359375,3140.4013671875,2690.430908203125,2233.800537109375,1353.698974609375,1480.643310546875,1331.87890625,1933.2401123046875,2152.800537109375,2522.699951171875,2874.771484375,2825.354736328125,3908.52392578125
298,Other shops around this city have MUCH NICER and more TRANSPARENT owners.,en_multilingual_blimp_correct_affected.test,32261.873046875,4502.5205078125,1410.298095703125,1476.27734375,1277.9307861328125,1396.75390625,1076.4027099609375,1186.8570556640625,1403.25732421875,1705.6602783203125,1649.25146484375,1654.6187744140625,2447.618408203125
299,"Some critics consider Balzac's writing exemplary of naturalism - a more pessimistic and analytical form of realism, which seeks to explain human behavior as intrinsically linked with the environment.",en_multilingual_blimp_correct_affected.test,30874.9921875,4569.2353515625,1816.0279541015625,1121.6256103515625,961.9796752929688,1028.0843505859375,1019.7257690429688,914.4425048828125,798.3260498046875,1054.8018798828125,863.0402221679688,861.7699584960938,1030.71044921875
300,"Loads of places have geographical hazards, if you are constantly paranoid, you 'll never get anywhere without a sense of adventure.",en_multilingual_blimp_correct_affected.test,34277.078125,2811.418212890625,2675.01123046875,2431.954833984375,2014.174072265625,1540.6630859375,1617.5247802734375,1549.6075439453125,1953.5518798828125,2380.644287109375,2341.889404296875,2718.599609375,2582.089599609375
301,"Busy-minded people, with their head-culture that touches all surfaces, have heard of Einstein.",en_multilingual_blimp_correct_affected.test,35764.38671875,2955.36767578125,2172.2626953125,1702.453857421875,1068.2589111328125,1328.1334228515625,1623.5350341796875,2275.422119140625,2468.666259765625,3370.714599609375,4126.48388671875,4535.6923828125,5442.41015625
302,The report mentions best practice and standards in health care.,en_multilingual_blimp_correct_affected.test,28058.619140625,6333.46044921875,1876.8822021484375,1537.5550537109375,932.3323974609375,1026.704833984375,1239.4212646484375,1104.961181640625,1318.6683349609375,1458.4605712890625,1996.4527587890625,2025.984375,2023.302490234375
303,"Note that the No ""Out"" version requires us to pay the premium on Tuesday!",en_multilingual_blimp_correct_affected.test,36974.5234375,2842.50830078125,3746.704833984375,2986.495361328125,1955.8551025390625,2368.44775390625,2148.64794921875,2250.53466796875,2342.031005859375,2476.47607421875,1918.6300048828125,2094.91015625,1975.24658203125
304,This is a thought that sometimes crosses Jewish minds.,en_multilingual_blimp_correct_affected.test,33571.9375,1964.1046142578125,1360.544921875,1126.7276611328125,1115.2265625,1090.7515869140625,1400.9454345703125,1070.3519287109375,1134.05126953125,1289.3812255859375,1672.433837890625,2135.969970703125,2383.153076171875
305,"It is not as precise as a pelham bit because it only uses one rein, though the modern ones have two or three slots on which to put the reins.",en_multilingual_blimp_correct_affected.test,33426.640625,1252.10009765625,1415.4912109375,1305.50732421875,799.9221801757812,806.2610473632812,921.6383056640625,871.1619262695312,1032.8406982421875,1233.0618896484375,1386.32177734375,969.993896484375,1034.873779296875
306,"If Access does n't find a RefLibPaths key, it searches for the referenced file in the locations listed below in the following order:",en_multilingual_blimp_correct_affected.test,41101.984375,3331.778076171875,2442.802978515625,2601.239501953125,1705.31787109375,1848.520751953125,1854.6409912109375,2316.409423828125,2987.5634765625,3099.377685546875,2951.206298828125,3597.39208984375,3314.091796875
307,"All of these problems have solutions, at least in the short to medium run.",en_multilingual_blimp_correct_affected.test,33339.28125,1493.9862060546875,1517.4139404296875,1400.3631591796875,1032.39013671875,1106.5931396484375,1338.1473388671875,1167.1094970703125,1566.8828125,1788.9305419921875,1774.34375,2305.906982421875,1991.8818359375
308,"The teachers all have favourites, that Hermione Granger –",en_multilingual_blimp_correct_affected.test,33944.45703125,13677.939453125,13276.7373046875,11944.318359375,6545.3896484375,7369.86865234375,7704.95849609375,7998.54345703125,10019.1220703125,11025.986328125,12426.87890625,24393.19140625,27307.7734375
309,"It acts queerly on my nerves (through the feet, as it were), because I feel that a good part of this dust must be ground out of human bone.",en_multilingual_blimp_correct_affected.test,34078.3828125,902.2882690429688,1523.31591796875,1648.252197265625,1330.0968017578125,1364.914794921875,1427.03515625,1417.4012451171875,1794.6796875,2330.68310546875,2470.185302734375,2701.61279296875,2157.785888671875
310,Suicide murders also have nothing to do with poverty and despair.,en_multilingual_blimp_correct_affected.test,31488.05859375,1294.835693359375,645.5657348632812,266.34619140625,166.11367797851562,201.18751525878906,272.3860168457031,234.1133270263672,180.51254272460938,261.2298278808594,310.4176940917969,219.4840850830078,323.63824462890625
311,"Many people at Enron already have this type of chair, but we rarely, if ever, have a surplus because they are so popular.",en_multilingual_blimp_correct_affected.test,36796.953125,1697.802978515625,2449.19677734375,2569.24658203125,2014.816650390625,1823.568603515625,1893.5052490234375,1596.18310546875,2001.07421875,2805.42041015625,2036.9110107421875,3004.20068359375,2972.780517578125
312,I guess those guns will be located enroute to Venezuela or found in storage there by one of the US 's local stooges and they then have a pretext to ramp the spin up a notch or two.,en_multilingual_blimp_correct_affected.test,34014.875,1133.0701904296875,848.1971435546875,654.6909790039062,611.637939453125,544.92138671875,515.4476318359375,654.6981811523438,771.8755493164062,838.146240234375,994.5546875,1053.2137451171875,1266.960205078125
313,And the national judges frequently have difficulty in understanding and applying the concept of indirect discrimination.,en_multilingual_blimp_correct_affected.test,31475.08984375,2342.41748046875,1958.61669921875,1252.0277099609375,930.949462890625,934.9483642578125,775.1910400390625,924.7572021484375,770.7567138671875,1070.674072265625,1213.4918212890625,1094.274169921875,1270.699951171875
314,Pools The Mariner of the Seas and Liberty both had salt water pools - which most cruise ships have.,en_multilingual_blimp_correct_affected.test,29247.38671875,3998.892333984375,2310.9111328125,2118.271484375,1917.0206298828125,1572.703369140625,1634.61376953125,1549.3511962890625,2047.336181640625,2931.236572265625,2932.79248046875,3347.49560546875,4606.2890625
315,China 's insatiable demand for energy is prompting fears of financial and diplomatic collisions around the globe as it seeks reliable supplies of oil from as far away as Brazil and Sudan.,en_multilingual_blimp_correct_affected.test,30054.71484375,2569.615478515625,1291.725830078125,970.5860595703125,587.7435913085938,459.78118896484375,463.4909362792969,446.2789001464844,494.1946716308594,509.7179870605469,744.0968627929688,801.2943115234375,822.2345581054688
316,"Firstly, it proposes the adoption of a regulation improving the transparency and authenticity of quality marks.",en_multilingual_blimp_correct_affected.test,47377.8984375,2353.750732421875,2986.962646484375,2871.36279296875,4431.62060546875,3155.1982421875,2874.5849609375,3235.83935546875,3627.975830078125,4321.41796875,4296.24462890625,5534.62548828125,3740.949462890625
317,Mr. ARCHIBALD: People have different ways of starting the days in any office.,en_multilingual_blimp_correct_affected.test,35973.21875,1459.6168212890625,875.0875244140625,1092.3759765625,1090.4271240234375,1093.7811279296875,1006.452880859375,1209.386962890625,1736.218994140625,1773.5343017578125,1442.0155029296875,1500.0938720703125,2131.83154296875
318,They have unbeatable price in town and deliver on time.,en_multilingual_blimp_correct_affected.test,34022.10546875,1616.0552978515625,963.4229125976562,698.242431640625,893.8367919921875,832.8980102539062,671.6929931640625,878.0904541015625,902.5838623046875,1137.8521728515625,1390.2227783203125,1547.6004638671875,1982.2447509765625
319,The cast members really have to have incredibly powerful voices to pull off a few of the most poignant numbers ( I think this could be your true calling).,en_multilingual_blimp_correct_affected.test,29135.0859375,860.711669921875,587.0982055664062,746.9756469726562,558.2408447265625,461.18646240234375,408.9064636230469,467.5809631347656,599.2771606445312,572.8394165039062,636.1754150390625,588.923828125,844.2109375
320,The EU is an inspiring political structure that seeks to break the mold of the nineteenth-century nation-state.,en_multilingual_blimp_correct_affected.test,30866.8359375,3202.8837890625,1172.192626953125,997.391845703125,599.1337280273438,580.968505859375,540.0677490234375,481.57574462890625,463.0336608886719,487.8771057128906,388.54815673828125,592.3818359375,505.0809020996094
321,Sussexs have soft feathers.,en_multilingual_blimp_correct_affected.test,27900.412109375,8242.4482421875,8793.3740234375,6524.69189453125,2316.853515625,2760.6044921875,4171.46435546875,3055.77294921875,2673.20947265625,2891.499755859375,4039.930419921875,4531.63720703125,7901.49853515625
322,"It may also require establishing community childcare centers, so that women farmers have the option to spend more time farming.",en_multilingual_blimp_correct_affected.test,33097.0,3710.3857421875,3488.76416015625,3021.79150390625,1990.9246826171875,1410.1689453125,1382.6492919921875,1179.71728515625,1590.1278076171875,1750.2794189453125,1923.71533203125,2342.513427734375,2644.813720703125
323,These animals have the misfortune to produce a substance that is useful in the manufacture of perfume.,en_multilingual_blimp_correct_affected.test,39157.1171875,808.3914794921875,546.31201171875,445.01153564453125,376.2811279296875,306.8340148925781,276.7575378417969,225.8640594482422,205.49630737304688,273.5878601074219,249.53053283691406,274.6902160644531,322.58209228515625
324,"Anyone else find it a little suspicious that there are not only 20 reviews for this dentist (a HUGE number compared to the others in the area), but that they all have the same unique grammar structure?",en_multilingual_blimp_correct_affected.test,30575.20703125,869.43310546875,844.338134765625,848.5721435546875,651.4354858398438,751.052978515625,666.6937255859375,704.21728515625,798.8876953125,765.6627197265625,978.9810180664062,1169.802734375,1199.2696533203125
325,Obviously the foreign offices have issues that may not apply in the US (although LA. is about as close as you can get to a third world country).,en_multilingual_blimp_correct_affected.test,34559.23046875,807.7633666992188,614.6680908203125,565.3722534179688,457.8851623535156,611.1988525390625,535.4766845703125,524.93310546875,557.6007080078125,589.2401733398438,800.6079711914062,765.45361328125,999.16357421875
326,"There should be a Pixel Mapping function in the menu that will get rid of them, most sensors have a few dead and flipped pixels, some only show up on long exposures.",en_multilingual_blimp_correct_affected.test,38277.625,1162.5404052734375,1048.8299560546875,1006.2047729492188,833.2754516601562,951.357666015625,1114.529541015625,1098.1318359375,1362.94482421875,1724.5462646484375,1600.8914794921875,1628.47705078125,1414.9796142578125
327,"It is true, but unhelpful, to say that governments have only themselves to blame for having recklessly rushed into this wild ride.",en_multilingual_blimp_correct_affected.test,35649.05078125,2566.703369140625,2357.060546875,2565.879638671875,2448.430908203125,1991.6378173828125,1933.85888671875,1783.8927001953125,1982.9991455078125,2607.984619140625,2983.0654296875,3330.14208984375,4029.83740234375
328,"I think I was happy, in the maddening determined way that children have of being happy, and it was that happiness that worked as a magnet on both of my parents.",en_multilingual_blimp_correct_affected.test,39619.8984375,632.5350952148438,877.143798828125,930.4010009765625,725.32470703125,805.8455810546875,873.6770629882812,1001.3828735351562,1121.982421875,1383.534423828125,1831.4237060546875,1992.7064208984375,2183.21923828125
329,"When the apparently cognitively functional take actions that seem senseless and incompetent, it is a most certain sign that they have ulterior or hidden motives.",en_multilingual_blimp_correct_affected.test,33233.2890625,3173.63720703125,3498.796630859375,2368.394287109375,2004.873779296875,1842.104248046875,2008.129638671875,2528.0263671875,2141.676025390625,2609.327880859375,2974.74169921875,2297.974365234375,4152.119140625
330,"Their selection is random, so what they have on a given week might never be available again at the store.",en_multilingual_blimp_correct_affected.test,38456.40625,606.3233642578125,1175.7001953125,964.9869995117188,926.9641723632812,1122.7064208984375,834.5940551757812,770.353271484375,1070.9432373046875,1143.2640380859375,1442.8739013671875,1665.6007080078125,1502.0042724609375
331,Developing countries have a lot to gain from attracting multinational firms.,en_multilingual_blimp_correct_affected.test,33650.76171875,2374.756591796875,963.4986572265625,1070.7705078125,505.015380859375,405.2498474121094,453.0528259277344,432.70635986328125,355.70343017578125,469.21295166015625,462.0702209472656,499.6432800292969,536.7937622070312
332,"""Time is the best teacher, except for the fact that it kills off its best students""",en_multilingual_blimp_correct_affected.test,34514.6015625,864.4520874023438,1084.1407470703125,1006.4716186523438,730.1578979492188,951.447509765625,886.3088989257812,876.4857177734375,1118.1220703125,1187.2945556640625,1505.357666015625,1482.220703125,1558.1358642578125
333,I rarely listen to the news or to what politicians or lawyers say because so many tell lies that none have credibility so what 's the point?,en_multilingual_blimp_correct_affected.test,41588.38671875,1406.948486328125,1204.3946533203125,1088.36376953125,1264.104736328125,1203.5352783203125,1489.9573974609375,1355.2806396484375,1746.2578125,1745.9798583984375,1899.960205078125,2245.34326171875,2630.993408203125
334,8 - Number of members of the US Senate and House of Representatives who have a child serving in the military.,en_multilingual_blimp_correct_affected.test,28712.75390625,1046.869384765625,597.8204345703125,385.4051513671875,301.6254577636719,224.41661071777344,183.90283203125,167.92428588867188,214.75559997558594,162.8715362548828,200.4582977294922,273.09857177734375,236.55569458007812
335,what airlines have business class service between boston and san francisco,en_multilingual_blimp_correct_affected.test,31557.92578125,15624.6005859375,12251.498046875,11550.6279296875,12224.3623046875,13867.1259765625,15526.859375,23424.90234375,22835.765625,39390.6796875,48700.55078125,49392.28125,99075.390625
336,"Users have full functionality and interactivity with components, including run-time and design-time capabilities.",en_multilingual_blimp_correct_affected.test,40390.078125,6889.30615234375,12319.7822265625,5780.93701171875,3460.614501953125,3962.85693359375,4007.05419921875,4031.801513671875,3598.62060546875,4106.8505859375,4357.7333984375,6016.49462890625,5412.095703125
337,These theme parks have all types of facilities.,en_multilingual_blimp_correct_affected.test,40061.5078125,3836.14404296875,2168.275390625,1640.5474853515625,1085.947021484375,984.526123046875,940.0140991210938,938.9854736328125,1198.85791015625,705.7586059570312,697.550537109375,763.6045532226562,1457.5010986328125
338,Also these cults have multimillions yet the women and kids live in poverty so the leaders can live the high life.,en_multilingual_blimp_correct_affected.test,33415.16796875,1231.09619140625,924.4151000976562,692.1116333007812,551.675048828125,619.7047119140625,841.7308349609375,806.4414672851562,1006.3554077148438,1198.390380859375,1216.1680908203125,1358.1485595703125,1124.799560546875
339,Newer semi-automatic wangs have a rail built into the receiver under the shaft.,en_multilingual_blimp_correct_affected.test,35601.69140625,3673.2490234375,1499.072021484375,1122.3472900390625,1214.8790283203125,1016.0074462890625,1176.841064453125,1171.947265625,1272.8599853515625,2567.577392578125,2141.708740234375,2052.83984375,2624.154052734375
340,They have fabulous French toast too.,en_multilingual_blimp_correct_affected.test,35533.74609375,9498.40625,6763.99755859375,7706.78857421875,13423.736328125,13308.060546875,13998.7236328125,13212.33203125,9754.4150390625,14229.455078125,16400.4296875,30545.595703125,28989.078125
341,0 - Number of principal civilian or Pentagon staff members who planned the war who have immediate family members serving in uniform in Iraq.,en_multilingual_blimp_correct_affected.test,24172.453125,3854.612548828125,3635.953125,2959.64501953125,1704.70166015625,1606.4974365234375,1162.910888671875,1368.7098388671875,1399.29833984375,1187.1258544921875,1554.1533203125,1863.0596923828125,1944.0845947265625
342,"Also if they have diarrhea, check in with your foster coordinator.",en_multilingual_blimp_correct_affected.test,32812.484375,2473.7451171875,2621.2548828125,3131.74609375,2770.663818359375,3248.8388671875,3482.51171875,4717.2197265625,3572.629150390625,6529.0927734375,5723.6708984375,8405.8251953125,8501.3427734375
343,(3) Parents have a prior right to choose the kind of education that shall be given to their children.,en_multilingual_blimp_correct_affected.test,31517.3828125,505.3458557128906,348.3275146484375,352.6977844238281,291.80950927734375,330.6259765625,282.45855712890625,225.82969665527344,311.208251953125,265.2913513183594,292.1510314941406,304.7016906738281,414.9065246582031
344,"Some reporters (you know, the ones with journalistic ethics) have actually uncovered the truth about George Bush 's service in the Texas Air National Guard.",en_multilingual_blimp_correct_affected.test,38315.79296875,4618.0107421875,2826.864013671875,2171.384521484375,1675.7314453125,1756.7410888671875,1886.810302734375,1771.2076416015625,1569.562255859375,1724.70068359375,2024.4769287109375,1856.729248046875,2446.159912109375
345,Two decades of pickling his nervous system in various highly toxic substances have left Bush damaged goods.,en_multilingual_blimp_correct_affected.test,33938.01171875,10461.7578125,4410.4384765625,2443.907470703125,2245.13037109375,1760.8101806640625,1915.511962890625,2273.889404296875,2126.79833984375,2609.7099609375,2984.39404296875,3292.305419921875,3912.81640625
346,Their attempts to ingratiate themselves with India and other neutralist nations have gained them little.,en_multilingual_blimp_correct_affected.test,31645.958984375,4174.27001953125,2447.52734375,2214.93359375,2050.8310546875,1494.476318359375,1324.520263671875,1344.415771484375,1391.560546875,1840.017578125,1986.87890625,1699.0001220703125,1946.58447265625
347,"Busy-minded people, with their head-culture that touches all surfaces, have heard of Einstein.",en_multilingual_blimp_correct_affected.test,35764.38671875,2955.36767578125,2172.2626953125,1702.453857421875,1068.2589111328125,1328.1334228515625,1623.5350341796875,2275.422119140625,2468.666259765625,3370.714599609375,4126.48388671875,4535.6923828125,5442.41015625
348,"A large number of them are Bangladeshis, who like millions of their countrymen have left their densely populated homeland to settle elsewhere.",en_multilingual_blimp_correct_affected.test,30943.376953125,2598.162841796875,2238.346923828125,2332.694580078125,1433.8875732421875,1285.8349609375,1120.13330078125,1073.1300048828125,1176.6273193359375,1274.149169921875,1349.5947265625,1558.6590576171875,1997.614501953125
349,Two vaunted economists - one a Nobel Prize winner and the other a nationally renowned budget expert - have analyzed the data at hand and put a price tag on the Iraq occupation.,en_multilingual_blimp_correct_affected.test,34462.59765625,2037.4617919921875,1195.803466796875,917.5864868164062,514.8755493164062,540.889404296875,502.2490539550781,516.47705078125,499.3226623535156,572.8096313476562,629.6962890625,787.4425048828125,774.248291015625
350,Biographers attempting to account for this period have reported many apocryphal stories.,en_multilingual_blimp_correct_affected.test,40318.57421875,5288.8984375,3519.53564453125,2507.268310546875,1712.0274658203125,1422.7994384765625,1309.673583984375,1074.423828125,1148.0692138671875,1379.05615234375,1016.6514892578125,1331.0941162109375,1767.9698486328125
351,"I do n't believe that we are quite at the point that we can say that all business controllers worldwide have reviewed, understand and have implemented these standards.",en_multilingual_blimp_correct_affected.test,38765.859375,739.01171875,705.2025146484375,686.1305541992188,557.0756225585938,655.6028442382812,745.336181640625,737.2403564453125,811.9598999023438,741.208251953125,900.617431640625,786.5497436523438,1117.5321044921875
352,"Expressions such as ""with bated breath"" (Merchant of Venice) and ""a foregone conclusion"" (Othello) have found their way into everyday English speech.",en_multilingual_blimp_correct_affected.test,32592.673828125,7419.75634765625,6962.078125,7372.69482421875,5989.64453125,4757.2919921875,4722.9814453125,4591.7275390625,3951.863037109375,5156.15771484375,5029.328125,6550.63525390625,7190.53466796875
353,"As a result, Malthus's concerns about mass starvation have failed to materialize in any peaceful capitalist economy.",en_multilingual_blimp_correct_affected.test,34917.75,4290.27099609375,2394.783935546875,2632.927490234375,2073.151123046875,1647.386962890625,1137.168701171875,1021.3555297851562,1059.85009765625,1121.4732666015625,985.5298461914062,1498.973388671875,1460.6451416015625
354,Some speakers have already mentioned unemployment and the fall in population.,en_multilingual_blimp_correct_affected.test,33852.87109375,2323.8095703125,2073.218505859375,1095.2952880859375,1116.7122802734375,1103.305419921875,948.2169189453125,766.694091796875,704.203857421875,923.3115234375,1020.2359619140625,1127.7672119140625,1096.713623046875
355,Four students at Roma Tre University have developed a motorcycle helmet that can 'read thoughts' by helping to anticipate drivers ' actions.,en_multilingual_blimp_correct_affected.test,31940.244140625,5138.48583984375,4763.638671875,4262.486328125,3867.8134765625,3350.063232421875,2754.974853515625,2939.41748046875,3272.4404296875,5045.484375,4690.2197265625,5493.69189453125,7639.23974609375
356,At the same time I do know people who have had horses come back successfully after EPM.,en_multilingual_blimp_correct_affected.test,33175.1796875,628.1569213867188,345.8891906738281,318.3634338378906,189.7397003173828,210.08551025390625,213.862060546875,227.53993225097656,246.57791137695312,355.2994689941406,344.0611267089844,424.8926086425781,351.4639892578125
357,"Armed militias, many staffed by former Iraqi military men with substantial training and experience, have proliferated.",en_multilingual_blimp_correct_affected.test,30629.40234375,7632.154296875,6547.8681640625,4704.16455078125,3594.41552734375,3965.11376953125,4298.96630859375,4402.77734375,4726.2666015625,6108.9677734375,7396.4560546875,7683.9130859375,15877.5556640625
358,"Many leading health researchers, including Kelly Brownell, David Ludwig, and Walter Willett, have documented these problems.",en_multilingual_blimp_correct_affected.test,40937.87890625,14110.669921875,29934.6015625,22554.787109375,13498.978515625,13517.4521484375,8872.68359375,15719.8974609375,13143.2373046875,16442.65234375,22811.255859375,24783.09375,24357.462890625
359,"After every world war, the rules of international law have changed, and the same will happen after the present one.",en_multilingual_blimp_correct_affected.test,35350.37890625,813.7145385742188,1255.929443359375,1122.219482421875,1225.7440185546875,1636.364501953125,1641.908447265625,1630.212646484375,2032.35205078125,2370.259765625,2283.962890625,1999.7760009765625,2916.378662109375
360,"While most U.S. secretaries of state -- save perhaps Dean Rusk -- have gobbled up credit for outcomes that they had little to do with, few have been as brazen as Colin Powell.",en_multilingual_blimp_correct_affected.test,35664.18359375,3119.733154296875,1852.7900390625,1897.1265869140625,1450.3560791015625,1322.840087890625,1344.43115234375,1296.3245849609375,1310.60693359375,1454.412353515625,1399.74755859375,1539.0177001953125,1481.3338623046875
361,Projects implemented with support from the Union have had their effect watered down all too often by slow decision making and complicated administrative processes.,en_multilingual_blimp_correct_affected.test,34154.875,3508.15185546875,2817.7705078125,2275.874755859375,1546.7513427734375,1323.57958984375,1270.915771484375,1391.6474609375,1691.693603515625,1941.1517333984375,1624.5076904296875,1903.540283203125,1648.68212890625
362,"Your cycle of learning through the school of hard knocks has come to an end, Gemini, and now you 're going to start reaping the rewards these ""lessons"" have left in their wake.",en_multilingual_blimp_correct_affected.test,33023.85546875,1727.3995361328125,2066.734619140625,2090.79150390625,2234.526123046875,2252.014892578125,1619.444091796875,1612.3753662109375,1779.680419921875,1824.695068359375,2028.0152587890625,1713.17236328125,2425.476318359375
363,Perceptions of resilience have given way to fears of vulnerability.,en_multilingual_blimp_correct_affected.test,38371.0078125,2530.7421875,1610.10498046875,1390.54638671875,1092.9876708984375,1357.58837890625,3174.593505859375,1928.5758056640625,3187.659912109375,2757.771728515625,5859.5498046875,3846.299072265625,5479.6220703125
364,"A recent report by a journalist from Port Blair, in the Andamans, quoted an unnamed official saying that foreigners from Myanmar, Bangladesh and Sri Lanka have permanently settled in the islands, using fake Indian ration cards, while citizens of Thailand, China, Indonesia and Malaysia have migrated temporarily to plunder the natural resources and leave.",en_multilingual_blimp_correct_affected.test,36648.00390625,5845.751953125,6104.24462890625,6744.74365234375,5096.44580078125,4668.001953125,4226.7705078125,5145.3017578125,6156.763671875,7288.482421875,7347.6572265625,7071.68798828125,5959.849609375
365,"And on the Jaffa Road, because of another bomb, six adolescents two on a break from night school stopping at a coffee shop to eat buns, have just died.",en_multilingual_blimp_correct_affected.test,36337.12109375,2307.195068359375,2204.0869140625,2522.38720703125,2136.152099609375,2032.254150390625,1931.6810302734375,1869.523193359375,2655.75,2390.17626953125,2978.90625,3280.58984375,3538.959228515625
366,"Government interventions to date, mainly in the form of enhanced education, have proved largely ineffective.",en_multilingual_blimp_correct_affected.test,39957.6484375,5558.0625,5729.06640625,6313.23486328125,3533.263671875,4096.07861328125,4800.08056640625,4904.6318359375,8056.58837890625,9814.6953125,9108.630859375,8800.8232421875,8035.5869140625
367,"Key EU programmes between 1989, 1993, 1994 and 1999 have certainly helped to improve the economic competitiveness of peripheral countries and Objective 1 regions within Europe.",en_multilingual_blimp_correct_affected.test,43464.25390625,4820.07177734375,3356.4462890625,1927.9376220703125,1036.74072265625,1107.5501708984375,860.5265502929688,1212.24609375,1226.4888916015625,1630.4110107421875,1594.7384033203125,1688.2760009765625,1453.6676025390625
368,"She added that recent visits to the island by India 's top military brass including army chief General Nirmal Chander Vij have ""caused apprehension among Tamils that preparations are under way for another war in the island"".",en_multilingual_blimp_correct_affected.test,29595.8984375,4364.2421875,3083.478271484375,3703.55224609375,2197.447265625,2413.7021484375,2587.610107421875,3027.19970703125,3842.639892578125,4377.37646484375,5155.533203125,5480.029296875,6786.9365234375
369,"Frictions between the two partners have developed over a wide range of issues, including trade, the renminbi's exchange rate, regional security, intellectual property, and cyber attacks, among others.",en_multilingual_blimp_correct_affected.test,35221.93359375,4929.4990234375,6549.91650390625,5127.388671875,2982.598876953125,4015.853271484375,3442.398681640625,3567.984619140625,4828.57861328125,6636.0615234375,6789.26025390625,9430.244140625,8673.1181640625
370,"Thus far, none of the many ""human rights"" busybodies across the world have bothered to even notice such a development.",en_multilingual_blimp_correct_affected.test,36897.30859375,2305.87060546875,2916.047607421875,2502.025390625,1478.1707763671875,1096.284423828125,930.7310791015625,758.6791381835938,1014.9857177734375,1807.3424072265625,1340.0552978515625,1340.8970947265625,1907.6455078125
371,Some localized extinctions already have occurred across some of its habitat.,en_multilingual_blimp_correct_affected.test,35260.37890625,3573.368408203125,2757.02880859375,1658.32958984375,1227.3150634765625,870.5269775390625,1225.59619140625,1161.28271484375,1334.4324951171875,1767.8974609375,3810.645751953125,2370.6396484375,1880.1463623046875
372,But the four planeloads of arms have vanished.,en_multilingual_blimp_correct_affected.test,38386.16015625,3923.7353515625,5084.54736328125,4815.1279296875,3206.1630859375,4599.62548828125,3935.900634765625,5378.9375,5593.95751953125,7166.79931640625,8594.46875,9017.1025390625,12072.0986328125
373,"A recent report by a journalist from Port Blair, in the Andamans, quoted an unnamed official saying that foreigners from Myanmar, Bangladesh and Sri Lanka have permanently settled in the islands, using fake Indian ration cards, while citizens of Thailand, China, Indonesia and Malaysia have migrated temporarily to plunder the natural resources and leave.",en_multilingual_blimp_correct_affected.test,36648.00390625,5845.751953125,6104.24462890625,6744.74365234375,5096.44580078125,4668.001953125,4226.7705078125,5145.3017578125,6156.763671875,7288.482421875,7347.6572265625,7071.68798828125,5959.849609375
374,The Fed's huge monthly purchases of long-term assets – so-called quantitative easing – have benefited the world as a whole by propping up demand and economic activity in the US.,en_multilingual_blimp_correct_affected.test,38779.6875,4018.95654296875,1578.17236328125,1151.230224609375,1081.0791015625,1112.919921875,1108.6751708984375,1295.6998291015625,1781.4803466796875,2092.19873046875,2032.2559814453125,2094.431640625,1895.1591796875
375,"Due to business reasons, previously scheduled interviewers from the Penn team have had to cancel their participation.",en_multilingual_blimp_correct_affected.test,36995.61328125,2942.271240234375,2690.015380859375,3034.6630859375,1438.7215576171875,1521.6331787109375,1316.3212890625,1381.4486083984375,1441.524658203125,1393.0662841796875,1789.339111328125,2299.912353515625,2401.673828125
376,"Students like Rai have been meeting with counsellors at the school to talk about what happened, but she said the biggest comfort has come from seeing her friends.",en_multilingual_blimp_correct_affected.test,33768.9375,853.7529296875,570.4356079101562,618.4256591796875,597.11767578125,590.7060546875,608.3970336914062,621.8890380859375,579.9354858398438,630.9375610351562,904.1979370117188,639.3207397460938,681.0623779296875
377,"Over the centuries some readers have posited that Shakespeare's sonnets are autobiographical, and point to them as evidence of his love for a young man.",en_multilingual_blimp_correct_affected.test,29100.625,1899.172119140625,1280.8377685546875,1168.285400390625,1070.0565185546875,961.3390502929688,918.587646484375,687.6915893554688,884.3070678710938,1140.44091796875,1193.6614990234375,1191.258544921875,1286.12060546875
378,"Book readers evidently have n't got the passionate intensity of sports fans.""",en_multilingual_blimp_correct_affected.test,44444.00390625,5786.53564453125,3906.146240234375,3635.564697265625,4034.95947265625,4002.662109375,5079.01318359375,4299.7373046875,8490.9306640625,8842.15625,10282.37890625,11281.001953125,11599.728515625
379,"The last three years of the Iraq occupation, however, have sapped this confidence.",en_multilingual_blimp_correct_affected.test,34296.2421875,4218.12548828125,6473.83642578125,5032.029296875,3397.342529296875,3618.894775390625,2975.01953125,3802.782470703125,4536.5576171875,5953.62939453125,7016.916015625,5534.81005859375,6856.814453125
380,"Scholars have identified 20,000 pieces of music linked to Shakespeare's works.",en_multilingual_blimp_correct_affected.test,33670.82421875,2384.4638671875,888.06494140625,705.48974609375,454.5572204589844,356.1674499511719,232.47262573242188,246.95846557617188,351.13397216796875,429.00152587890625,372.0259094238281,327.2189025878906,468.10833740234375
381,"The overwhelming human and financial impacts of Hurricane Katrina are powerful evidence that political and economic decisions made in the United States and other countries have failed to account for our dependence on a healthy resource base, according to an assessment released today by the Worldwatch Institute.",en_multilingual_blimp_correct_affected.test,35787.4140625,2054.410400390625,1082.08935546875,778.272216796875,513.0702514648438,494.10064697265625,429.3617248535156,422.176513671875,422.7798767089844,553.0955810546875,585.2947387695312,551.433349609375,612.0350341796875
382,We still have a lot of work to do in this area as recent events have proved.,en_multilingual_blimp_correct_affected.test,42451.69921875,391.9324035644531,235.37393188476562,223.1778564453125,161.27252197265625,121.68102264404297,122.93526458740234,105.67747497558594,127.5242691040039,134.5201873779297,159.8199005126953,152.6312255859375,243.58206176757812
383,"Whereas the peoples of the United Nations have in the Charter reaffirmed their faith in fundamental human rights, in the dignity and worth of the human person and in the equal rights of men and women and have determined to promote social progress and better standards of life in larger freedom;",en_multilingual_blimp_correct_affected.test,34863.87890625,867.5103149414062,447.07611083984375,332.5107116699219,239.55125427246094,238.96792602539062,233.16925048828125,222.8846435546875,174.48446655273438,199.82232666015625,190.9543914794922,203.3408660888672,204.2454833984375
384,"The New York Times is sure to have it, but the Times as I see it is a government within a government It has a state department of its own, and its high councils have probably decided that it would be impolitic at this moment to call attention to Sadat 's admiration for Hitler.",en_multilingual_blimp_correct_affected.test,30228.24609375,926.5023193359375,622.5770874023438,663.7906494140625,457.569580078125,464.1544189453125,492.2529602050781,522.6116333007812,644.3903198242188,540.670166015625,633.6692504882812,630.351806640625,776.1182861328125
385,Dust storms usually start in desert margins rather than the deserts themselves where the finer materials have already been blown away.,en_multilingual_blimp_correct_affected.test,45835.65625,4342.73583984375,1585.6748046875,1852.87841796875,1271.493896484375,1095.7037353515625,924.4027099609375,874.1116943359375,1146.3345947265625,1290.4945068359375,1193.2305908203125,1427.113525390625,1304.6968994140625
386,While Iran 's conventional army is not what it was during the heyday of the Iran-Iraq war - their armaments have deteriorated and the veterans of that last war have retired - the nation enjoys substantial military strength nonetheless.,en_multilingual_blimp_correct_affected.test,34472.58984375,3100.826416015625,2008.243408203125,2437.082275390625,1677.381591796875,1461.033203125,1391.66015625,1262.7021484375,1413.8970947265625,1615.2764892578125,1609.9093017578125,1356.0634765625,1722.50146484375
387,"Thus far, none of the many ""human rights"" busybodies across the world have bothered to even notice such a development.",en_multilingual_blimp_correct_affected.test,36897.30859375,2305.86865234375,2916.047607421875,2502.025390625,1478.1700439453125,1096.2860107421875,930.7305908203125,758.6795043945312,1014.9852905273438,1807.3424072265625,1340.056640625,1340.896484375,1907.6455078125
388,PRINCETON – How quickly emerging markets' fortunes have turned.,en_multilingual_blimp_correct_affected.test,35555.06640625,9657.7236328125,2471.891357421875,2464.138427734375,1554.297119140625,1274.2628173828125,2130.990966796875,1886.6898193359375,2083.221435546875,1943.143798828125,3058.149169921875,3663.362548828125,4818.06298828125
389,"When it comes to public goods – such as education, the environment, health care, and equal opportunity – the record is not quite as impressive, and the political obstacles to improvement have seemed to grow as capitalist economies have matured.",en_multilingual_blimp_correct_affected.test,36316.47265625,2308.430908203125,3235.984619140625,1965.1492919921875,1522.5548095703125,1642.982177734375,1526.3916015625,1595.090576171875,2458.372314453125,2518.64599609375,2481.8916015625,2206.810546875,2191.716064453125
390,"Again, despite a rising chorus of concern from researchers, political markets have seemed frozen.",en_multilingual_blimp_correct_affected.test,35116.8203125,7063.81494140625,11300.4384765625,13097.677734375,9315.2939453125,9623.2275390625,10257.5595703125,7478.01416015625,10942.4248046875,14743.9482421875,16731.58984375,17746.6953125,22484.537109375
391,"Well, said Fred, put it this way – house-elves have got powerful magic of their own, but they ca n't usually use it without their master 's permission.",en_multilingual_blimp_correct_affected.test,36014.9921875,2492.26123046875,4008.801025390625,5046.9375,3863.924072265625,5039.0263671875,4344.5419921875,4317.24951171875,5329.75927734375,6046.21484375,6063.37548828125,7053.609375,7901.0390625
392,Researchers have been investigating potential for male hormonal contraceptives for around 20 years.,en_multilingual_blimp_correct_affected.test,28413.525390625,5166.73046875,1609.7625732421875,754.7158813476562,484.3604736328125,376.62969970703125,345.4461364746094,287.5233459472656,304.8740539550781,329.0216369628906,327.24591064453125,312.67889404296875,252.14361572265625
393,"All the regional countries have publicly backed the Karzai government and supported the electoral process, but serious undercurrents remain as they all have their favourite contenders in Afghanistan.",en_multilingual_blimp_correct_affected.test,34752.109375,3416.466552734375,2518.1416015625,1924.8511962890625,1667.647705078125,1209.94189453125,1227.58544921875,1269.3834228515625,1311.7447509765625,1561.25048828125,1753.591796875,1647.9747314453125,1648.4384765625
394,"Whereas Member States have pledged themselves to achieve, in co-operation with the United Nations, the promotion of universal respect for and observance of human rights and fundamental freedoms;",en_multilingual_blimp_correct_affected.test,35060.69921875,3681.023681640625,2110.732666015625,1686.33154296875,1126.94970703125,979.36669921875,1144.5665283203125,1449.498046875,1263.2418212890625,1594.5240478515625,1277.62548828125,1691.536376953125,2330.064208984375
395,"And international donors have given only half of the relief aid that Darfur needs, according to the local UN officials.",en_multilingual_blimp_correct_affected.test,39129.75390625,2622.86279296875,3076.77783203125,2403.517333984375,1629.0875244140625,1494.4385986328125,1313.3682861328125,1421.563232421875,1710.7413330078125,2079.43505859375,1709.49462890625,2165.86767578125,2300.531005859375
396,"Al-Abbudi stated that ""His Emminence"" decided to openly support the list because ""others"" (obviously a reference to Allawi) have been abusing official state positions and media outlets in their campaigning.",en_multilingual_blimp_correct_affected.test,32137.779296875,4847.4033203125,4543.455078125,5835.24169921875,4937.44091796875,4846.83935546875,4317.94482421875,4196.3505859375,4598.99853515625,4798.8447265625,5053.49267578125,5735.96630859375,6762.33984375
397,"Increasingly, analysts are saying that China 's efforts have gone beyond what is safe or even in its own interests.",en_multilingual_blimp_correct_affected.test,32573.501953125,1435.8436279296875,962.248046875,467.8691101074219,408.08660888671875,463.8791809082031,428.6187438964844,361.6902160644531,401.188720703125,512.7393188476562,429.6670837402344,429.3623352050781,520.781005859375
398,I have heard that the pipefitters have established a picket line at the Payne Creek site today.,en_multilingual_blimp_correct_affected.test,37851.0625,3020.477783203125,2506.860595703125,1986.756591796875,1212.1710205078125,1385.894775390625,1122.43505859375,1116.0963134765625,883.5379028320312,1257.037841796875,1521.3587646484375,1881.0081787109375,1481.8037109375
399,You will be seen like all the other hacks that have stooped to doing abortions when they were n't good enough to maintain a real practice.,en_multilingual_blimp_correct_affected.test,36517.3828125,776.8443603515625,593.6908569335938,575.3250732421875,468.737548828125,513.7750854492188,439.64520263671875,444.93365478515625,496.5011291503906,490.7017517089844,555.16845703125,750.3463745117188,640.3284912109375
400,"All of us here are pleased that the courts have acquitted him and made it clear that in Russia, too, access to environmental information is a constitutional right.",en_multilingual_blimp_correct_affected.test,34167.55078125,956.7586059570312,1246.7696533203125,795.5485229492188,677.841064453125,689.7694702148438,784.5079345703125,728.9156494140625,1182.29296875,1211.750244140625,1167.5079345703125,1142.347412109375,1288.568115234375
401,"The events of the last few years have amplified four issues, which have always existed, but have never been as rampant as in the present upheaval in the region.",en_multilingual_blimp_correct_affected.test,41955.12109375,1608.36376953125,1451.2581787109375,1294.4215087890625,972.84912109375,731.7615356445312,649.2901611328125,585.5194702148438,577.4192504882812,639.081787109375,565.453125,543.2415771484375,761.9307250976562
402,"It aims at the heart of the matter, as Agenda 2000 negotiations have reached a critical stage.",en_multilingual_blimp_correct_affected.test,36026.5703125,2060.07861328125,1643.873291015625,1545.3284912109375,1284.168212890625,1184.56494140625,1245.2474365234375,1008.27392578125,1168.3277587890625,1266.931884765625,1214.032470703125,1421.040771484375,1558.32080078125
403,Several related issues have resulted in an increase in the level of operating risk for the Merchanting Metals business.,en_multilingual_blimp_correct_affected.test,37609.796875,2195.21875,946.0233154296875,850.5360717773438,689.290771484375,525.3447875976562,520.2227783203125,395.6165466308594,371.90155029296875,399.6454162597656,405.2817077636719,417.09271240234375,338.4657287597656
404,The AKP 's Islamic conservatives have taken this refusal as justification for the questionings.,en_multilingual_blimp_correct_affected.test,28575.404296875,4162.85205078125,1845.0272216796875,1108.453125,1142.088134765625,1064.3509521484375,994.4451293945312,1241.7164306640625,1211.529541015625,1042.007568359375,1251.1737060546875,1621.6959228515625,1919.669677734375
405,"That in this Jerusalem street, coolly sweet with night flowers and dark green under the lamps, many other families have lost children.",en_multilingual_blimp_correct_affected.test,32339.5,2505.722900390625,3461.267822265625,4417.10986328125,3117.7939453125,4640.619140625,4974.89453125,7845.88818359375,7761.849609375,7743.8388671875,9841.98046875,9202.09765625,12197.927734375
406,"My friend, white men have killed more people in Africa than Hitler ever did in Europe.",en_multilingual_blimp_correct_affected.test,41352.04296875,1232.3870849609375,1251.887451171875,987.0931396484375,557.562744140625,378.1827697753906,355.0065002441406,429.6789855957031,405.3890075683594,556.9943237304688,464.47967529296875,657.2094116210938,464.71319580078125
407,"Bangs said these animals are not equipped to survive in the wild, however, and they all almost certainly have died.",en_multilingual_blimp_correct_affected.test,30658.1875,1144.12353515625,1602.7467041015625,1174.2816162109375,1078.3658447265625,1020.7843627929688,1117.5576171875,925.0028076171875,1071.4661865234375,1016.8192749023438,1251.9722900390625,1027.4840087890625,893.8917846679688
408,"In quick summary, Beyond Control, a local band in our area, is sponoring a benefit for a cancer victim whose benefits have run out.",en_multilingual_blimp_correct_affected.test,38769.484375,2875.902587890625,5351.451171875,7969.75439453125,6576.64990234375,7526.21435546875,8025.7451171875,8199.3984375,10316.2841796875,12318.0546875,14572.8154296875,12348.423828125,18624.71875
409,"Our Lecture Slides have greatly benefited from the previous classes taught by Dr. William Schroeder and Dr. Luis Ibanez at RPI,",en_multilingual_blimp_correct_affected.test,36265.04296875,5123.9130859375,1617.599609375,1079.4071044921875,932.5067138671875,787.9217529296875,667.8684692382812,621.928466796875,756.633544921875,872.9449462890625,891.2113647460938,967.4717407226562,1313.9859619140625
410,"Some commentators have seen this change in mood as evidence of a more serene view of life on Shakespeare's part, but it may merely reflect the theatrical fashion of the day.",en_multilingual_blimp_correct_affected.test,36146.47265625,1713.74267578125,1266.5321044921875,956.5852661132812,763.200927734375,718.7969970703125,678.32080078125,536.5839233398438,671.4470825195312,649.9288330078125,576.5311889648438,604.9403686523438,738.2861938476562
411,Tropical species have moved up to Florida and the Gulf Coast.,en_multilingual_blimp_correct_affected.test,35839.56640625,1945.7073974609375,1132.7779541015625,969.7173461914062,518.5300903320312,534.8002319335938,409.7547302246094,636.6087646484375,586.8379516601562,820.0914916992188,872.417724609375,823.4653930664062,978.2847900390625
412,"When you discussed it, i was trying to think back to our remedies and discussions but the 3 years have made it difficult.",en_multilingual_blimp_correct_affected.test,37880.74609375,692.92822265625,666.3209838867188,683.5504150390625,518.5822143554688,683.5513305664062,692.5450439453125,889.8316650390625,1152.29345703125,1213.80029296875,1091.53466796875,990.8714599609375,1435.134521484375
413,"People have been fleeing this country at roughly a plane load per week for the past 20+ years, so it 's not anything new.",en_multilingual_blimp_correct_affected.test,29990.263671875,1312.3929443359375,1168.1015625,1040.864013671875,1217.0400390625,1255.49462890625,1375.2435302734375,1492.5699462890625,2140.55908203125,2827.82666015625,2485.7646484375,2267.591064453125,2407.701904296875
414,"On the morrow he will leave me, as my Hopes have flown before.""",en_multilingual_blimp_correct_affected.test,28345.78125,1740.680419921875,2735.705078125,2673.32666015625,1947.398681640625,1834.986572265625,2123.740966796875,1841.6494140625,3349.779052734375,2099.425048828125,2023.340087890625,2568.906005859375,2688.82763671875
415,"Some 20th-century scholars have suggested that Shakespeare may have been employed as a schoolmaster by Alexander Hoghton of Lancashire, a Catholic landowner who named a certain ""William Shakeshafte"" in his will.",en_multilingual_blimp_correct_affected.test,33601.85546875,7160.5830078125,4809.92333984375,3117.531982421875,2854.112548828125,2914.20458984375,2503.537353515625,2708.666015625,3348.590576171875,3367.026123046875,3254.92333984375,2803.62548828125,3997.740966796875
416,"I have been advised by our Construction Manager, Mr. Joe Osler that while he was visiting the City of Lake Worth Building Planning and Zoning dept regarding our permit status he learned that the pipefitters have inquired about permit requirements to picket our site.",en_multilingual_blimp_correct_affected.test,38067.39453125,3398.752197265625,2643.8515625,2218.016357421875,2411.307373046875,2664.0361328125,2415.549072265625,3227.7060546875,3959.083251953125,4420.708984375,6577.16455078125,6760.8759765625,8520.8466796875
417,I 've pasted the email for those who have n't seen or would like to re-read it.,en_multilingual_blimp_correct_affected.test,33265.53515625,1064.05859375,688.8941040039062,676.3094482421875,391.5108337402344,397.4676818847656,415.80792236328125,369.86474609375,532.197021484375,545.6575317382812,571.8883056640625,727.3584594726562,681.6312866210938
418,"My neighbourhood has been surrounded by American troops for three days now, helicopters have been circling over our heads non-stop.",en_multilingual_blimp_correct_affected.test,34012.1796875,2342.888916015625,892.5245971679688,573.6753540039062,522.7866821289062,368.989990234375,338.767333984375,253.29806518554688,326.1282043457031,289.06268310546875,256.0971984863281,308.8385314941406,266.44287109375
419,"The excellent windows have performed without any problems, but that 's not why I 'm writing my review.",en_multilingual_blimp_correct_affected.test,32176.421875,2001.3834228515625,1939.0999755859375,2215.94873046875,1623.0474853515625,1452.150390625,1361.642333984375,1528.4351806640625,1328.88330078125,2270.846923828125,2242.72607421875,2300.427978515625,2003.0294189453125
420,"In addition to their awareness and training content, the Pericles actions have led to a number of structural and other improvements in Member Sates and in third countries.",en_multilingual_blimp_correct_affected.test,36192.625,1544.634521484375,1200.8707275390625,1250.1629638671875,1189.999267578125,1219.6561279296875,1230.7821044921875,1262.5548095703125,1360.3768310546875,1686.80908203125,2005.15283203125,2218.77392578125,2176.10791015625
421,"Ingenious, really, how many ways Muggles have found of getting along without magic.",en_multilingual_blimp_correct_affected.test,40403.71484375,5039.43994140625,4018.715087890625,3490.544677734375,3550.29736328125,4190.89892578125,4593.34375,6430.5478515625,6466.33935546875,6281.72265625,6535.87744140625,8388.783203125,10302.794921875
422,"""When dandelions have set the mark of May on Wisconsin pastures, it is time to listen for the final proof of spring,"" wrote Aldo Leopold in ""A Sand County Almanac.""",en_multilingual_blimp_correct_affected.test,32534.291015625,2826.853271484375,3005.0888671875,3705.9052734375,2955.34228515625,2416.1171875,2635.2021484375,2497.4208984375,2427.960693359375,3665.931396484375,3525.1318359375,3376.56982421875,3276.422119140625
423,"In the Netherlands, authorities have taken a lower-tech approach to tracking drones.",en_multilingual_blimp_correct_affected.test,35268.08203125,3529.2255859375,5305.8828125,3474.6923828125,2322.27099609375,1876.4420166015625,1880.8179931640625,2351.015869140625,2277.037109375,2849.837158203125,1847.136474609375,2364.699951171875,2503.239013671875
424,"For example, students must trust that teachers have made appropriate decisions about the structure and content of the courses they teach, and teachers must trust that the assignments that students turn in are their own.",en_multilingual_blimp_correct_affected.test,38140.984375,1320.933349609375,1260.13037109375,1154.7252197265625,881.2174072265625,807.2936401367188,808.6231689453125,1022.4231567382812,835.6827392578125,1049.0625,1125.1513671875,1197.1070556640625,1440.8160400390625
425,"Throughout history, tyrants have known that by denying the right of oppressed peoples to form and nurture families, they can kill the spirit of those peoples.",en_multilingual_blimp_correct_affected.test,38250.15234375,1627.0155029296875,1391.709228515625,1182.688232421875,1066.323974609375,1034.32666015625,902.4788208007812,1144.757080078125,1423.6268310546875,1623.11474609375,1335.68212890625,1257.0443115234375,1989.4395751953125
426,While Iran 's conventional army is not what it was during the heyday of the Iran-Iraq war - their armaments have deteriorated and the veterans of that last war have retired - the nation enjoys substantial military strength nonetheless.,en_multilingual_blimp_correct_affected.test,34472.58984375,3100.826416015625,2008.243408203125,2437.082275390625,1677.381591796875,1461.033203125,1391.66015625,1262.7021484375,1413.8970947265625,1615.2764892578125,1609.9093017578125,1356.0634765625,1722.50146484375
427,"Nato and US officials have already voiced fears that Bosnian arms - sold by US, British and Swiss firms - are being passed to insurgents.",en_multilingual_blimp_correct_affected.test,33540.09765625,5537.14404296875,2979.669189453125,2263.20751953125,1677.672607421875,1607.955078125,1437.8421630859375,1665.0599365234375,1760.658203125,2156.491943359375,2209.005615234375,2075.711181640625,2662.277099609375
428,"In addition, the police forces have successfully conducted a number of operations to dismantle workshops and seize large numbers of counterfeit banknotes and coins before they enter into circulation.",en_multilingual_blimp_correct_affected.test,32243.416015625,3361.57177734375,1577.3297119140625,1152.1390380859375,746.26220703125,630.6178588867188,520.9153442382812,609.8198852539062,644.986083984375,620.2175903320312,619.0614624023438,641.4861450195312,547.4359130859375
429,"Ever since the first whispers about Google 's IPO, most investors have feared that the stock would come public at such a ridiculously high price that, even with a spectacularly profitable business model and some nearly flawless execution, the price would be too high for investors to make a real profit.",en_multilingual_blimp_correct_affected.test,37730.0390625,1898.674072265625,1583.816650390625,1277.0816650390625,978.5120239257812,838.8151245117188,889.133544921875,873.986572265625,909.1226196289062,1029.7156982421875,1137.4686279296875,1014.886962890625,992.6132202148438
430,The ACIA found Arctic winter temperatures have increased 4 degrees to 7 degrees Fahrenheit in the last 50 years and should go up about twice that much in the next 100 years.,en_multilingual_blimp_correct_affected.test,40994.05859375,1560.5352783203125,761.4070434570312,527.5048217773438,473.65606689453125,306.1814270019531,217.52259826660156,169.43067932128906,233.2099609375,262.89569091796875,189.15090942382812,269.5933532714844,259.2613220214844
431,"The consulted sources have said that it is ""100% Cospedal"".",en_multilingual_blimp_correct_affected.test,32425.04296875,3101.491943359375,3152.346923828125,3424.7587890625,2697.32763671875,4066.097900390625,3986.57421875,4558.7412109375,4773.64404296875,6187.92626953125,9018.75390625,10796.103515625,8361.546875
432,Several analysts have suggested Huawei is best placed to benefit from Samsung 's setback.,en_multilingual_blimp_correct_affected.test,41187.29296875,5399.91357421875,2711.904541015625,2463.848388671875,2091.896484375,2264.31591796875,1729.097900390625,1360.6739501953125,1019.6649780273438,1114.8489990234375,1348.3853759765625,1321.8204345703125,1489.5589599609375
433,Relief agencies are trying to help hundreds of thousands of displaced people while authorities have vowed to restore security in New Orleans following a breakdown of law and order.,en_multilingual_blimp_correct_affected.test,29898.197265625,1305.451171875,618.6627807617188,622.2295532226562,377.03204345703125,343.76824951171875,338.8741149902344,371.1680908203125,372.8497314453125,355.384033203125,442.3410339355469,413.7452697753906,450.9402160644531
434,They have messed up my order and.... The food was just not good!,en_multilingual_blimp_correct_affected.test,26084.435546875,913.206298828125,850.1273193359375,1132.3134765625,2139.67333984375,1583.6611328125,1706.6177978515625,1686.247802734375,1678.3023681640625,1905.7171630859375,2020.37451171875,2643.630859375,3425.232421875
435,"""Other friends have flown before —",en_multilingual_blimp_correct_affected.test,56206.17578125,13133.638671875,6438.1875,4605.51611328125,3958.981201171875,2851.859619140625,3845.15087890625,3507.83740234375,3070.4052734375,5342.48193359375,8369.2939453125,11310.9296875,15581.71484375
436,"By and large, most advanced economies have fulfilled this promise, with living standards rising over recent generations, despite setbacks from wars and financial crises.",en_multilingual_blimp_correct_affected.test,36307.98828125,8034.30712890625,8046.1845703125,7121.71630859375,5545.22900390625,6477.9990234375,6056.85107421875,5894.388671875,5252.24560546875,5701.20947265625,4227.96826171875,5555.1796875,6882.12841796875
437,"As a result, north of the Andaman Islands, Bangladeshi coastal areas have become a nest of terrorists involved in the shipment of drugs and arms.",en_multilingual_blimp_correct_affected.test,39007.87890625,2012.0439453125,1690.9661865234375,1741.949951171875,1558.95556640625,1110.8304443359375,881.9757690429688,993.7525634765625,1052.1932373046875,1023.6665649414062,1033.4984130859375,1185.808837890625,1503.3707275390625
438,"(This is a largely Sunni Arab clan, and some Sunni observers have accused Shiite elements in the government of being behind the assassination; it is more likely the work of Sunni Arab guerrillas punishing the Batawi leaders for cooperating with the Dec. 15 elections.)",en_multilingual_blimp_correct_affected.test,31853.8515625,3499.8046875,3924.607421875,3515.520263671875,3240.926025390625,3884.64794921875,3867.97216796875,4284.3916015625,5983.84326171875,7087.19580078125,7301.8330078125,7855.43359375,10300.298828125
439,"These wolf packs have flourished, and now there are an estimated 850 wolves roaming the northern Rockies, where merely 10 years ago there were none.",en_multilingual_blimp_correct_affected.test,40149.28515625,5454.88623046875,4955.67822265625,4015.80322265625,2636.357177734375,2547.19775390625,2053.45654296875,1777.673583984375,2089.055419921875,2459.286865234375,2875.95458984375,2493.5595703125,2738.6796875
440,"The events of the last few years have amplified four issues, which have always existed, but have never been as rampant as in the present upheaval in the region.",en_multilingual_blimp_correct_affected.test,41955.12109375,1608.36376953125,1451.2581787109375,1294.4215087890625,972.84912109375,731.7615356445312,649.2901611328125,585.5194702148438,577.4192504882812,639.081787109375,565.453125,543.2415771484375,761.9307250976562
441,"""In the foreign policy field the Soviets have had an almost uninterrupted series of defeats and disappointments.",en_multilingual_blimp_correct_affected.test,34505.3828125,4169.45166015625,1249.0736083984375,540.1192626953125,453.9275207519531,282.4670104980469,271.6632385253906,236.9944305419922,214.7479248046875,266.74639892578125,258.5720520019531,175.5926055908203,194.69398498535156
442,Some Armenian prelates have joined us for coffee and take part in the discussion.,en_multilingual_blimp_correct_affected.test,38320.80078125,1560.1119384765625,1268.3270263671875,713.15771484375,677.3944702148438,463.0992431640625,410.4604797363281,461.1981201171875,403.818359375,461.24822998046875,652.7672729492188,573.2566528320312,681.761962890625
443,"If these weapons have gone missing it 's a terrifying prospect.""",en_multilingual_blimp_correct_affected.test,34842.34375,2259.3818359375,1626.2227783203125,1417.741943359375,1738.2733154296875,1552.3209228515625,1656.9755859375,1797.11083984375,2455.352294921875,3496.971923828125,3133.422119140625,3414.394775390625,4349.93603515625
444,"""Realism is nothing if not urban"", notes critic Peter Brooks;",en_multilingual_blimp_correct_affected.test,41224.8203125,16425.521484375,21087.107421875,21244.4296875,13962.2724609375,19618.453125,21409.11328125,18958.5078125,13560.33203125,29523.392578125,37108.4765625,34128.5,37143.28125
445,How is the site doing?,en_multilingual_blimp_correct_affected.test,47177.44140625,1931.591796875,3289.079345703125,1398.77001953125,999.730712890625,1168.6815185546875,640.7945556640625,487.0210266113281,410.5266418457031,741.4708862304688,762.506103515625,665.0087280273438,587.4923095703125
446,Compounding this is the well-based suspicion that Syria has perhaps the most advanced chemical weapons capability in the Persian Gulf.,en_multilingual_blimp_correct_affected.test,36911.56640625,3345.718017578125,1231.36376953125,1214.8994140625,706.826171875,493.90869140625,598.3426513671875,664.9979858398438,680.9231567382812,583.8333129882812,731.8037719726562,852.1204223632812,736.2752075195312
447,"""Most striking is the disappointing performance of Soviet foreign and domestic policy since the late 1950s, ""they wrote in 1972.",en_multilingual_blimp_correct_affected.test,37554.74609375,3979.144775390625,1909.8763427734375,1952.27978515625,1306.1324462890625,1218.3907470703125,1199.1815185546875,1382.1917724609375,1465.5797119140625,1851.48388671875,1902.42236328125,1968.102294921875,1784.4781494140625
448,on the earliest flight from san francisco to atlanta on delta is a meal being served,en_multilingual_blimp_correct_affected.test,31533.828125,4778.06689453125,3234.12744140625,2615.292236328125,2231.939208984375,2359.12841796875,2786.30810546875,3116.452880859375,3748.266357421875,3441.627197265625,4294.16015625,2794.4150390625,5454.73046875
449,Does she have any interest in meeting one-on-one or is she just looking for a public hanging?,en_multilingual_blimp_correct_affected.test,40229.84765625,1299.6419677734375,1130.423095703125,957.708984375,834.3580322265625,545.633056640625,503.8382263183594,612.67626953125,724.2018432617188,1148.060546875,932.0172119140625,894.8363647460938,1398.0426025390625
450,what is fare code qo mean,en_multilingual_blimp_correct_affected.test,61459.78515625,5048.70458984375,3454.14501953125,1956.092041015625,1969.8524169921875,2959.916015625,3447.13916015625,4087.824951171875,5278.64404296875,8227.0947265625,6678.01318359375,5404.58642578125,7081.3515625
451,Compounding this is the well-based suspicion that Syria has perhaps the most advanced chemical weapons capability in the Persian Gulf.,en_multilingual_blimp_correct_affected.test,36911.49609375,3345.720947265625,1231.36376953125,1214.8994140625,706.8255615234375,493.90869140625,598.3426513671875,664.9979858398438,680.9231567382812,583.8336181640625,731.8037719726562,852.1204223632812,736.2745361328125
452,"""Most striking is the disappointing performance of Soviet foreign and domestic policy since the late 1950s, ""they wrote in 1972.",en_multilingual_blimp_correct_affected.test,37554.78125,3979.140869140625,1909.8746337890625,1952.27978515625,1306.1329345703125,1218.3907470703125,1199.1815185546875,1382.1917724609375,1465.5804443359375,1851.4864501953125,1902.4205322265625,1968.102294921875,1784.4815673828125
453,what is fare code qo mean,en_multilingual_blimp_correct_affected.test,61459.78515625,5048.70458984375,3454.14501953125,1956.092041015625,1969.8524169921875,2959.916015625,3447.13916015625,4087.824951171875,5278.64404296875,8227.0947265625,6678.01318359375,5404.58642578125,7081.3515625
454,"But getting past who should get them, is who has them, and who is really close.",en_multilingual_blimp_correct_affected.test,34862.984375,762.5984497070312,1729.3330078125,1947.1878662109375,1957.7958984375,2672.005126953125,3203.320556640625,3043.749755859375,3724.300537109375,4362.56494140625,4871.5390625,3085.16943359375,4487.70068359375
455,Why is it stil doing this even though I do n't have the other phone connected?,en_multilingual_blimp_correct_affected.test,36312.4921875,1005.6737670898438,685.6199340820312,769.8042602539062,909.1854858398438,929.0098266601562,1290.8052978515625,1245.6981201171875,1193.942138671875,1881.7635498046875,1472.779296875,1851.4803466796875,2005.0611572265625
456,How is it going?,en_multilingual_blimp_correct_affected.test,39533.80078125,1725.3135986328125,1582.524169921875,646.3684692382812,150.24139404296875,447.949951171875,523.5025634765625,484.4560852050781,371.3924255371094,367.2959899902344,390.8853454589844,514.4609985351562,485.2178649902344
457,How is the site doing?,en_multilingual_blimp_correct_affected.test,47177.44140625,1931.591796875,3289.079345703125,1398.7720947265625,999.730712890625,1168.6849365234375,640.7955322265625,487.0212707519531,410.5262451171875,741.4701538085938,762.506103515625,665.0081176757812,587.4931030273438
458,Does she have any interest in meeting one-on-one or is she just looking for a public hanging?,en_multilingual_blimp_correct_affected.test,40229.84765625,1299.640869140625,1130.423095703125,957.708984375,834.3580322265625,545.633056640625,503.8382263183594,612.67626953125,724.2018432617188,1148.060546875,932.016845703125,894.8359985351562,1398.0445556640625
459,what is fare code y mean,en_multilingual_blimp_correct_affected.test,42123.30859375,6522.3095703125,7784.11767578125,8522.984375,6020.71875,6945.49169921875,7316.6533203125,10107.7421875,26813.9140625,26976.3515625,30652.37109375,30540.32421875,36393.859375
460,Why is it stil doing this even though I do n't have the other phone connected?,en_multilingual_blimp_correct_affected.test,36312.4921875,1005.6737670898438,685.6199340820312,769.8042602539062,909.18505859375,929.0093994140625,1290.8052978515625,1245.6981201171875,1193.9404296875,1881.764404296875,1472.779296875,1851.4793701171875,2005.0611572265625
461,How is it going?,en_multilingual_blimp_correct_affected.test,39533.80078125,1725.3135986328125,1582.524169921875,646.3684692382812,150.24139404296875,447.949951171875,523.5025634765625,484.4560852050781,371.3924255371094,367.2959899902344,390.8853454589844,514.4609985351562,485.2178649902344
462,"This is, after all, his business, and if he wants you to remain a customer why on earth is he doing shoddy work?",en_multilingual_blimp_correct_affected.test,31447.005859375,1168.87158203125,1886.61962890625,2332.59228515625,1564.8138427734375,1156.4305419921875,1323.3883056640625,1360.1270751953125,1896.285400390625,2756.902587890625,2178.326416015625,2449.7529296875,3298.34228515625
463,"Not only is the army facing serious political fallout, growing anti-Americanism and anti-army feeling in the tribal areas but it is also taking heavy casualties -between 400-500 Pakistani soldiers have been killed in the region since March.",en_multilingual_blimp_correct_affected.test,35113.06640625,2680.596435546875,1961.8797607421875,2170.728271484375,1276.6121826171875,1197.37939453125,1058.1019287109375,1035.837890625,1187.5340576171875,1141.941162109375,1175.4317626953125,1458.20947265625,1608.822509765625
464,"This is, after all, his business, and if he wants you to remain a customer why on earth is he doing shoddy work?",en_multilingual_blimp_correct_affected.test,31447.005859375,1168.87158203125,1886.61962890625,2332.59228515625,1564.8138427734375,1156.4305419921875,1323.3883056640625,1360.1270751953125,1896.285400390625,2756.902587890625,2178.326416015625,2449.7529296875,3298.34228515625
465,on the earliest flight from san francisco to atlanta on delta is a meal being served,en_multilingual_blimp_correct_affected.test,31533.859375,4778.06201171875,3234.12744140625,2615.28955078125,2231.9423828125,2359.130615234375,2786.30517578125,3116.452880859375,3748.262939453125,3441.627197265625,4294.16015625,2794.417724609375,5454.73046875
466,"But getting past who should get them, is who has them, and who is really close.",en_multilingual_blimp_correct_affected.test,34862.94921875,762.5988159179688,1729.334716796875,1947.1859130859375,1957.7958984375,2672.005126953125,3203.320556640625,3043.74658203125,3724.296875,4362.56103515625,4871.54345703125,3085.17236328125,4487.6923828125
467,"Not only is the army facing serious political fallout, growing anti-Americanism and anti-army feeling in the tribal areas but it is also taking heavy casualties -between 400-500 Pakistani soldiers have been killed in the region since March.",en_multilingual_blimp_correct_affected.test,35113.06640625,2680.596435546875,1961.8797607421875,2170.728271484375,1276.6121826171875,1197.37939453125,1058.1019287109375,1035.837890625,1187.5340576171875,1141.941162109375,1175.4317626953125,1458.20947265625,1608.822509765625
468,what is fare code y mean,en_multilingual_blimp_correct_affected.test,42123.30859375,6522.3095703125,7784.11767578125,8522.984375,6020.71875,6945.49169921875,7316.6533203125,10107.7421875,26813.9140625,26976.3515625,30652.37109375,30540.32421875,36393.859375
469,all right what i 'd like to do is find the cheapest one way fare from boston to denver,en_multilingual_blimp_correct_affected.test,34676.1640625,1491.022705078125,1209.6800537109375,1499.7906494140625,1301.9140625,1117.6903076171875,1209.2987060546875,1588.5430908203125,1776.7261962890625,1867.6707763671875,2860.6416015625,3187.09765625,4019.044677734375
470,"It is never over, especially when a real solution, a real treatment for our sickness, is yet to begin.",en_multilingual_blimp_correct_affected.test,36779.65625,1358.6317138671875,3309.941650390625,3796.343505859375,3405.6923828125,3406.238037109375,4583.9873046875,4762.78955078125,6736.1689453125,7084.25634765625,9092.6611328125,6950.7001953125,8127.0205078125
471,"Of course, the potential of educated, empowered women to drive sustained economic growth is not limited to South Korea.",en_multilingual_blimp_correct_affected.test,34909.7265625,2784.9091796875,1798.911376953125,1791.9425048828125,1211.690185546875,1104.406982421875,1053.6375732421875,861.1320190429688,1015.9802856445312,1352.1861572265625,1867.0252685546875,1540.2943115234375,2005.0390625
472,"It is never over, especially when a real solution, a real treatment for our sickness, is yet to begin.",en_multilingual_blimp_correct_affected.test,36779.65625,1358.6317138671875,3309.944580078125,3796.343505859375,3405.695556640625,3406.238037109375,4583.97900390625,4762.78955078125,6736.1748046875,7084.25634765625,9092.6611328125,6950.71337890625,8127.02880859375
473,"Of course, the potential of educated, empowered women to drive sustained economic growth is not limited to South Korea.",en_multilingual_blimp_correct_affected.test,34909.7265625,2784.90673828125,1798.911376953125,1791.9425048828125,1211.690673828125,1104.4080810546875,1053.6365966796875,861.1312866210938,1015.9802856445312,1352.186767578125,1867.0234375,1540.2943115234375,2005.0390625
474,"I heard that a company (here is a link: http://news.yahoo.com/nestl-purina-releases-commercial-aimed-dogs-183443091.html ) is trying to make a dog food commercial aimed at dogs, complete with squeaky chew-toy sounds, and high pitched sounds that humans ca n't hear.",en_multilingual_blimp_correct_affected.test,37047.83203125,3827.5966796875,1785.37939453125,1351.38232421875,1205.565673828125,1420.12548828125,1334.2200927734375,1405.17431640625,1508.14892578125,1742.6129150390625,1900.33984375,2026.3458251953125,1996.08251953125
475,"I heard that a company (here is a link: http://news.yahoo.com/nestl-purina-releases-commercial-aimed-dogs-183443091.html ) is trying to make a dog food commercial aimed at dogs, complete with squeaky chew-toy sounds, and high pitched sounds that humans ca n't hear.",en_multilingual_blimp_correct_affected.test,37047.83203125,3827.5966796875,1785.37939453125,1351.38232421875,1205.565673828125,1420.12548828125,1334.2200927734375,1405.17431640625,1508.14892578125,1742.6129150390625,1900.33984375,2026.3458251953125,1996.08251953125
476,all right what i 'd like to do is find the cheapest one way fare from boston to denver,en_multilingual_blimp_correct_affected.test,34676.19921875,1491.022705078125,1209.6800537109375,1499.7906494140625,1301.9134521484375,1117.6903076171875,1209.297119140625,1588.5430908203125,1776.7279052734375,1867.6707763671875,2860.644287109375,3187.103759765625,4019.037109375
477,"The investigative committee, headed by state Sen. Joe Dunn, D-Santa Ana, is focusing on a series of events last fall filled with enough Shakespearean plot twists and intrigue that it has earned a name around the Capitol: ""the palace coup.""",en_multilingual_blimp_correct_affected.test,36805.5859375,5052.75048828125,3606.58447265625,4782.87158203125,3339.718505859375,3396.59423828125,2850.71630859375,3725.17431640625,5245.31298828125,5146.87255859375,5729.39453125,5988.4677734375,6927.439453125
478,"My group, the Liberal group, is presently focusing its attention on non-European Union nationals.",en_multilingual_blimp_correct_affected.test,32980.92578125,7172.87841796875,6477.01025390625,4704.47900390625,4017.4697265625,3899.2236328125,4245.0869140625,5294.37841796875,5015.4287109375,6409.529296875,10035.4169921875,12207.3310546875,15882.1591796875
479,what kind of plane is used on the earliest flight from boston to san francisco afternoon,en_multilingual_blimp_correct_affected.test,37668.09375,3313.71923828125,2353.404052734375,2667.445068359375,2087.479248046875,1840.673095703125,1474.15234375,2182.221923828125,1846.9991455078125,3346.745361328125,3397.90625,2648.9306640625,2538.330810546875
480,"The former Iraqi leader Saddam Hussein is refusing to enter the Baghdad courtroom, in protest at how his trial is being conducted.",en_multilingual_blimp_correct_affected.test,37557.3984375,8017.8125,5684.705078125,3946.09326171875,2165.925537109375,1708.6258544921875,1334.39306640625,1413.5567626953125,1479.8916015625,1490.1619873046875,1402.5443115234375,1675.6475830078125,1752.50244140625
481,"The dynamics of change in the state of health of children affected by the Chernobyl accident in all three countries - Belarus, Russia, and Ukraine - in the post-accident period is characterized by persistent negative tendencies: the morbidity rate is going up, the number of really healthy children is dropping, and disability is increasing .",en_multilingual_blimp_correct_affected.test,40549.05078125,2187.73974609375,1750.22509765625,1454.74951171875,1071.78759765625,885.3804321289062,854.7008056640625,921.0701904296875,996.210693359375,1090.0699462890625,1002.101806640625,975.7630004882812,1179.8465576171875
482,"He sits down, saying that the influence of Yasir Arafat is evidently weakening and fading.",en_multilingual_blimp_correct_affected.test,30333.970703125,3271.900634765625,2305.810302734375,1840.2984619140625,1954.64013671875,2065.259765625,1648.5460205078125,2514.9375,2051.11376953125,3274.27294921875,3554.03369140625,3335.78076171875,4257.6513671875
483,"China 's economy is exploding, hampered only by their great thirst for petroleum and natural gas to fuel their industry.",en_multilingual_blimp_correct_affected.test,28778.73828125,4015.355224609375,2879.868408203125,1424.8519287109375,939.1923828125,800.381591796875,688.7706298828125,658.0062255859375,767.8956909179688,1082.4713134765625,1077.6219482421875,1173.1051025390625,1334.018310546875
484,My kid is making wonderful grades and has reassured me she will graduate within the four year period.,en_multilingual_blimp_correct_affected.test,32696.125,1792.3680419921875,1949.403564453125,1285.6263427734375,1146.6358642578125,966.5933837890625,773.0618896484375,855.9627685546875,985.2018432617188,909.4404296875,1359.1832275390625,1551.0875244140625,1537.470703125
485,"The investigative committee, headed by state Sen. Joe Dunn, D-Santa Ana, is focusing on a series of events last fall filled with enough Shakespearean plot twists and intrigue that it has earned a name around the Capitol: ""the palace coup.""",en_multilingual_blimp_correct_affected.test,36805.5859375,5052.75048828125,3606.58447265625,4782.87158203125,3339.718505859375,3396.59423828125,2850.71630859375,3725.17431640625,5245.31298828125,5146.87255859375,5729.39453125,5988.4677734375,6927.439453125
486,"""Across the United States, the northern edge of species ' range is expanding,"" she said.",en_multilingual_blimp_correct_affected.test,40404.6015625,2401.98193359375,2427.10888671875,3238.08056640625,3300.696044921875,2987.435546875,3398.619384765625,4684.47119140625,6146.3505859375,8517.556640625,9151.80078125,10015.4150390625,12491.279296875
487,"""Across the United States, the northern edge of species ' range is expanding,"" she said.",en_multilingual_blimp_correct_affected.test,40404.6015625,2401.98193359375,2427.10888671875,3238.08056640625,3300.696044921875,2987.435546875,3398.619384765625,4684.47119140625,6146.3505859375,8517.556640625,9151.80078125,10015.4150390625,12491.279296875
488,"But a scan has shown the tumour in Ms Pugh 's right lung is growing, and she has had to leave the trial.",en_multilingual_blimp_correct_affected.test,31977.3359375,1465.68310546875,1478.15380859375,1591.85595703125,1388.4083251953125,1413.8695068359375,1408.2525634765625,1285.21337890625,1467.46923828125,1581.1385498046875,1853.214111328125,1617.5709228515625,1806.620361328125
489,"Mr President, ladies and gentlemen, the present proposal for a regulation is certainly to be welcomed.",en_multilingual_blimp_correct_affected.test,39577.59765625,1954.66162109375,3164.739013671875,2430.39794921875,1914.0201416015625,1730.03662109375,1530.01318359375,2162.960205078125,2088.1552734375,1944.7020263671875,2887.012451171875,3612.8876953125,2458.084228515625
490,a rare form of retardation is showing up in that group more than anywhere else in the world.,en_multilingual_blimp_correct_affected.test,44695.29296875,783.6585083007812,427.3655090332031,437.9508056640625,314.1531982421875,280.4296569824219,206.8350372314453,191.57740783691406,144.17623901367188,160.87986755371094,181.1171112060547,214.96121215820312,303.04766845703125
491,Increased car usage in China is creating a high demand for petrol,en_multilingual_blimp_correct_affected.test,37266.15234375,2639.1708984375,1065.5306396484375,680.6990966796875,705.54931640625,584.037109375,518.22900390625,548.8308715820312,432.8753662109375,655.0906982421875,449.1785583496094,374.2744140625,314.3607482910156
492,Now imagine that infinite happiness is surrounding you in every direction.,en_multilingual_blimp_correct_affected.test,29903.244140625,2200.18798828125,2513.192138671875,1549.2706298828125,852.349609375,866.8756103515625,830.901123046875,832.1834716796875,616.7232055664062,807.9852905273438,1443.557861328125,1484.1805419921875,1915.6497802734375
493,"Mr President, ladies and gentlemen, the present proposal for a regulation is certainly to be welcomed.",en_multilingual_blimp_correct_affected.test,39577.59765625,1954.66162109375,3164.739013671875,2430.39794921875,1914.0201416015625,1730.03662109375,1530.01318359375,2162.960205078125,2088.1552734375,1944.7020263671875,2887.012451171875,3612.8876953125,2458.084228515625
494,Our son Stephen is looking after it tonight.,en_multilingual_blimp_correct_affected.test,30283.01171875,2038.2176513671875,2030.7218017578125,1829.95361328125,2142.721923828125,3198.671630859375,1687.8511962890625,1768.87646484375,1869.7548828125,1934.9122314453125,5067.44970703125,5285.595703125,3999.037353515625
495,"OBSERVATION--The pressure to finger somebody for ""price gouging"" is increasing.",en_multilingual_blimp_correct_affected.test,35422.69921875,9425.85546875,7567.34619140625,4587.9326171875,4541.2626953125,4412.53369140625,4556.4072265625,4848.23095703125,6531.5966796875,6073.09814453125,5735.736328125,7114.8388671875,8583.427734375
496,"OBSERVATION--The pressure to finger somebody for ""price gouging"" is increasing.",en_multilingual_blimp_correct_affected.test,35422.69921875,9425.85546875,7567.34619140625,4587.9326171875,4541.2626953125,4412.53369140625,4556.4072265625,4848.23095703125,6531.5966796875,6073.09814453125,5735.736328125,7114.8388671875,8583.427734375
497,"You can go further and feel that your unit consciousness, a dot in the Infinite Consciousness, is merging with Infinity.",en_multilingual_blimp_correct_affected.test,35882.5546875,3029.492919921875,2290.83984375,1547.213134765625,1408.82080078125,1093.9173583984375,1178.9580078125,1202.670166015625,1742.131103515625,1473.826171875,2287.453857421875,1811.811279296875,2510.0185546875
498,"And the Raven, never flitting, still is sitting, still is sitting On the pallid bust of Pallas just above my chamber door;",en_multilingual_blimp_correct_affected.test,42409.578125,7315.404296875,7630.29833984375,10179.47265625,6116.021484375,6641.17041015625,6726.55859375,7095.66943359375,10866.654296875,10855.923828125,14186.501953125,18026.9375,18516.931640625
499,"But a scan has shown the tumour in Ms Pugh 's right lung is growing, and she has had to leave the trial.",en_multilingual_blimp_correct_affected.test,31977.3359375,1465.68310546875,1478.15380859375,1591.85595703125,1388.4083251953125,1413.8695068359375,1408.2525634765625,1285.21337890625,1467.46923828125,1581.1385498046875,1853.214111328125,1617.5709228515625,1806.620361328125
500,"My group, the Liberal group, is presently focusing its attention on non-European Union nationals.",en_multilingual_blimp_correct_affected.test,32980.92578125,7172.87109375,6476.998046875,4704.47900390625,4017.466064453125,3899.2236328125,4245.0869140625,5294.37841796875,5015.43359375,6409.529296875,10035.4072265625,12207.3427734375,15882.1748046875
501,"The air, the very air, is thought-nourishing in Jerusalem, the Sages themselves said so.",en_multilingual_blimp_correct_affected.test,33131.64453125,2986.3046875,8583.05078125,10925.15625,8025.89111328125,9565.775390625,8746.328125,9020.88671875,17570.2109375,24581.8828125,28191.630859375,18334.91796875,26685.90234375
502,"At the same time, the number of counterfeit euro coins is continuing to increase but also remains low by historical standards.",en_multilingual_blimp_correct_affected.test,33349.5234375,2283.775634765625,1860.140869140625,1326.7344970703125,773.1500244140625,680.422607421875,681.3206176757812,629.910400390625,794.1018676757812,964.2832641601562,850.0964965820312,1025.0811767578125,1208.52978515625
503,"Then k is strictly increasing, by the construction of ⪯.",en_multilingual_blimp_correct_affected.test,37826.1953125,6203.59033203125,5020.7265625,6148.5546875,5751.6982421875,7006.69873046875,9650.275390625,8782.9228515625,9979.4990234375,10172.4755859375,14410.6484375,13873.8583984375,33776.05859375
504,"Bullet-proof vests, automatic weapons, helicopters, tanks, robots ... the testosterone is oozing through the streets, more prisons, longer sentences, tighten the belt, spartan conditions, task forces, gang units, gun courts.",en_multilingual_blimp_correct_affected.test,43482.0,11502.2060546875,29158.515625,24643.5234375,14678.4580078125,17484.54296875,16903.666015625,16269.6513671875,28207.8203125,48083.0234375,45685.53125,28860.888671875,45373.0
505,"The air, the very air, is thought-nourishing in Jerusalem, the Sages themselves said so.",en_multilingual_blimp_correct_affected.test,33131.67578125,2986.3046875,8583.05078125,10925.146484375,8025.8984375,9565.775390625,8746.328125,9020.8779296875,17570.2109375,24581.908203125,28191.630859375,18334.91796875,26685.90234375
506,"The worst thing that can happen for any restaurant like Zahav is to have too many people write hyperbolic reviews making claims that ""everyone"" is going to ""love"" the food, decor and service.",en_multilingual_blimp_correct_affected.test,40560.578125,2197.40234375,1967.5721435546875,1650.4912109375,1426.4058837890625,1327.7369384765625,1280.1580810546875,1024.648681640625,1083.9635009765625,1344.5401611328125,1561.650390625,1577.1748046875,1420.2156982421875
507,This is not to say that everyone else is living pleasantly and well under a decent regime.,en_multilingual_blimp_correct_affected.test,36264.6953125,509.17431640625,336.200439453125,357.2041015625,234.13734436035156,230.15733337402344,239.87335205078125,210.06797790527344,221.8416290283203,289.43438720703125,363.3770751953125,325.6977233886719,294.7414855957031
508,"But its potential for sustained growth is faltering, owing to the imminent decline of its working-age population – projected to fall by 25% by 2050 – and rising competition from China and other emerging economies.",en_multilingual_blimp_correct_affected.test,31490.373046875,3511.857666015625,3338.781982421875,2766.609375,1973.8155517578125,1643.2493896484375,1126.6976318359375,1156.0126953125,1347.741943359375,1888.7259521484375,1263.479248046875,1635.054931640625,1763.4400634765625
509,"You can go further and feel that your unit consciousness, a dot in the Infinite Consciousness, is merging with Infinity.",en_multilingual_blimp_correct_affected.test,35882.5546875,3029.492919921875,2290.836669921875,1547.21240234375,1408.82080078125,1093.9173583984375,1178.9580078125,1202.6695556640625,1742.131103515625,1473.826904296875,2287.455078125,1811.8121337890625,2510.0185546875
510,"The worst thing that can happen for any restaurant like Zahav is to have too many people write hyperbolic reviews making claims that ""everyone"" is going to ""love"" the food, decor and service.",en_multilingual_blimp_correct_affected.test,40560.578125,2197.40234375,1967.5721435546875,1650.4912109375,1426.4058837890625,1327.7369384765625,1280.1580810546875,1024.648681640625,1083.9635009765625,1344.5401611328125,1561.650390625,1577.1748046875,1420.2156982421875
511,"Steve, I noticed that our allocation from 2000 to 2001 is going up by 21% year on year (ie) $13.9M from $11.5M.",en_multilingual_blimp_correct_affected.test,36957.9921875,1173.343994140625,1187.1722412109375,1246.87353515625,1105.4466552734375,953.7032470703125,990.8143310546875,1328.3424072265625,1716.66748046875,2200.444091796875,2773.14208984375,3332.153076171875,3793.636474609375
512,"The former Iraqi leader Saddam Hussein is refusing to enter the Baghdad courtroom, in protest at how his trial is being conducted.",en_multilingual_blimp_correct_affected.test,37557.3984375,8017.8125,5684.705078125,3946.09326171875,2165.925537109375,1708.6258544921875,1334.39306640625,1413.5567626953125,1479.8916015625,1490.1619873046875,1402.5443115234375,1675.6475830078125,1752.50244140625
513,"He sits down, saying that the influence of Yasir Arafat is evidently weakening and fading.",en_multilingual_blimp_correct_affected.test,30333.970703125,3271.900634765625,2305.810302734375,1840.2984619140625,1954.64013671875,2065.259765625,1648.5460205078125,2514.9375,2051.11376953125,3274.27294921875,3554.03369140625,3335.78076171875,4257.6513671875
514,It looks like the war between Microsoft and Google is quickly brewing on the horizon.,en_multilingual_blimp_correct_affected.test,35609.76953125,797.1278076171875,494.3443298339844,446.8891906738281,364.93359375,358.39190673828125,212.81385803222656,209.00868225097656,222.30661010742188,210.6551971435547,245.4720001220703,270.8955383300781,296.4947509765625
515,"According to news accounts, the company is struggling.",en_multilingual_blimp_correct_affected.test,45450.43359375,1758.4071044921875,5222.3876953125,3993.153076171875,3262.428466796875,3617.807861328125,2825.259033203125,5338.92138671875,3845.0263671875,4280.552734375,4003.56298828125,5153.7392578125,4015.535400390625
516,Our son Stephen is looking after it tonight.,en_multilingual_blimp_correct_affected.test,30283.01171875,2038.2176513671875,2030.72265625,1829.95361328125,2142.721923828125,3198.66845703125,1687.8526611328125,1768.8780517578125,1869.7548828125,1934.9122314453125,5067.44970703125,5285.5859375,3999.037353515625
517,Hope your pre Chanukah planning is going well.,en_multilingual_blimp_correct_affected.test,36165.125,2948.788330078125,2050.0205078125,3952.171875,6425.91943359375,6780.36962890625,7691.7724609375,7275.107421875,13186.1875,9313.7666015625,13964.123046875,18806.62890625,9044.4287109375
518,"Glad to hear that they are all healthy and were a good size, and that Mom is doing well.",en_multilingual_blimp_correct_affected.test,33248.25,318.9618225097656,508.9898376464844,530.1414184570312,388.7140197753906,450.3147277832031,447.852783203125,503.444580078125,520.5980224609375,564.1663208007812,766.5581665039062,511.75030517578125,561.4464111328125
519,"Steve, I noticed that our allocation from 2000 to 2001 is going up by 21% year on year (ie) $13.9M from $11.5M.",en_multilingual_blimp_correct_affected.test,36957.953125,1173.3446044921875,1187.1722412109375,1246.87353515625,1105.446044921875,953.7022705078125,990.8143310546875,1328.3411865234375,1716.665771484375,2200.444091796875,2773.14208984375,3332.153076171875,3793.6328125
520,a rare form of retardation is showing up in that group more than anywhere else in the world.,en_multilingual_blimp_correct_affected.test,44695.29296875,783.6585083007812,427.3655090332031,437.9508056640625,314.1530456542969,280.4294128417969,206.8350372314453,191.57740783691406,144.17637634277344,160.87973022460938,181.11703491210938,214.9611358642578,303.0480651855469
521,"At the same time, the number of counterfeit euro coins is continuing to increase but also remains low by historical standards.",en_multilingual_blimp_correct_affected.test,33349.5546875,2283.775634765625,1860.140869140625,1326.73583984375,773.1500244140625,680.422607421875,681.3213500976562,629.9107055664062,794.102294921875,964.2842407226562,850.0964965820312,1025.0821533203125,1208.5286865234375
522,"The sender probably is announcing that he is of either Egyptian Islamic Jihad, Egyptian Islamic Group or Jihad-al Qaeda, which is actually the full name of the group after the merger of the Egyptian Islamic Jihad and al Qaeda.",en_multilingual_blimp_correct_affected.test,36994.6640625,3379.205078125,2586.60107421875,2285.88818359375,1399.244384765625,1180.15771484375,948.7207641601562,1053.04541015625,1135.4034423828125,1277.3143310546875,1497.6903076171875,1129.763671875,1340.6739501953125
523,on the flight from baltimore to san francisco on us air leaving at 420 what type of aircraft is used,en_multilingual_blimp_correct_affected.test,36913.25390625,3351.213623046875,2178.460693359375,2227.491943359375,1890.455078125,1776.507568359375,2256.444580078125,1742.639404296875,2118.541259765625,2993.472900390625,2910.531494140625,1922.015380859375,3715.839111328125
524,"The review is also investigating inflammatory Facebook posts from September, alleged to come from police officers in the northern Ontario city.",en_multilingual_blimp_correct_affected.test,34400.2109375,4335.9033203125,3398.904541015625,2482.858642578125,1571.0948486328125,1683.676025390625,1388.3818359375,1923.770263671875,2240.848876953125,1852.005615234375,2094.680419921875,1636.2318115234375,2375.535888671875
525,It looks like the war between Microsoft and Google is quickly brewing on the horizon.,en_multilingual_blimp_correct_affected.test,35609.76953125,797.1278076171875,494.3443298339844,446.8891906738281,364.93359375,358.39190673828125,212.81385803222656,209.00868225097656,222.30661010742188,210.6551971435547,245.4720001220703,270.8955383300781,296.4947509765625
526,"Barb does an AMAZING JOB, she is always learning new things on how to use her hands and body, to give every person an AWESOME MASSAGE, CALL TODAY AND SCHEDULE YOU MUST SEE HER, YOU WILL FALL IN LOVE SHE IS THE BEST OF THE BEST !",en_multilingual_blimp_correct_affected.test,35120.53515625,3912.99951171875,978.2628784179688,869.1939086914062,457.6764831542969,437.5888366699219,408.7177734375,498.8966979980469,691.6781005859375,714.2208251953125,727.62939453125,793.0162963867188,857.6337280273438
527,"And the Raven, never flitting, still is sitting, still is sitting On the pallid bust of Pallas just above my chamber door;",en_multilingual_blimp_correct_affected.test,42409.53515625,7315.404296875,7630.29833984375,10179.47265625,6116.021484375,6641.17041015625,6726.55859375,7095.6630859375,10866.6650390625,10855.923828125,14186.501953125,18026.95703125,18516.931640625
528,"The sender probably is announcing that he is of either Egyptian Islamic Jihad, Egyptian Islamic Group or Jihad-al Qaeda, which is actually the full name of the group after the merger of the Egyptian Islamic Jihad and al Qaeda.",en_multilingual_blimp_correct_affected.test,36994.6640625,3379.205078125,2586.60107421875,2285.88818359375,1399.244384765625,1180.15771484375,948.7207641601562,1053.04541015625,1135.4034423828125,1277.3143310546875,1497.6903076171875,1129.763671875,1340.6739501953125
529,The municipality of Jerusalem is planning to build a new road and will tear the Jordanian one up.,en_multilingual_blimp_correct_affected.test,30602.86328125,1027.4154052734375,861.4786987304688,703.07080078125,409.2325744628906,361.95556640625,438.6948547363281,374.82073974609375,395.5904846191406,381.96124267578125,404.9587097167969,572.268310546875,657.8468627929688
530,what type of aircraft is used on american airline flight 315,en_multilingual_blimp_correct_affected.test,27936.517578125,4612.48291015625,3110.544189453125,2314.117431640625,1623.7177734375,1158.395263671875,991.8883056640625,1330.75146484375,2089.615478515625,1595.826171875,1822.7193603515625,1788.4178466796875,2377.8046875
531,"The man told him that a war between the two universes is coming, as he and Walter had predicted; it is for this reason that Olivia, among others, was trained as a child.",en_multilingual_blimp_correct_affected.test,35183.390625,1103.9669189453125,1942.2564697265625,1932.601318359375,1384.8148193359375,1500.9388427734375,1275.0074462890625,1325.0174560546875,1772.3345947265625,2145.8486328125,2205.229736328125,1823.24951171875,1806.989990234375
532,My kid is making wonderful grades and has reassured me she will graduate within the four year period.,en_multilingual_blimp_correct_affected.test,32696.125,1792.3680419921875,1949.403564453125,1285.6263427734375,1146.6358642578125,966.5933837890625,773.0618896484375,855.9627685546875,985.2018432617188,909.4404296875,1359.1832275390625,1551.0875244140625,1537.470703125
533,Hope your pre Chanukah planning is going well.,en_multilingual_blimp_correct_affected.test,36165.125,2948.788330078125,2050.0205078125,3952.171875,6425.91943359375,6780.36962890625,7691.7724609375,7275.107421875,13186.1875,9313.7666015625,13964.123046875,18806.62890625,9044.4287109375
534,It may be a problem because the temperature is constantly changing.,en_multilingual_blimp_correct_affected.test,37946.33203125,537.2974853515625,270.8371276855469,266.804443359375,132.0755615234375,128.81373596191406,125.37745666503906,151.313720703125,128.7894744873047,159.67913818359375,138.32386779785156,140.920166015625,130.4661407470703
535,"As I have gone through many reviews sites to see if any provider is providing better services or not, and I have realized that there were many good reviews about Liquidweb also Steven never faced any server issues in his whole hosting.",en_multilingual_blimp_correct_affected.test,33051.078125,1512.05322265625,1597.98486328125,1204.5679931640625,945.9935302734375,989.3385009765625,1004.4751586914062,1136.51123046875,1172.4390869140625,1158.8095703125,1251.4434814453125,1324.3807373046875,1240.583740234375
536,you are not just moving house - your cat is losing his territory.,en_multilingual_blimp_correct_affected.test,36710.33984375,616.3201904296875,1032.9752197265625,1012.5160522460938,748.51171875,891.261474609375,851.68212890625,927.104736328125,1682.7867431640625,1473.0147705078125,2820.062255859375,1813.29345703125,2249.44775390625
537,China 's insatiable demand for energy is prompting fears of financial and diplomatic collisions around the globe as it seeks reliable supplies of oil from as far away as Brazil and Sudan.,en_multilingual_blimp_correct_affected.test,30054.71484375,2569.615478515625,1291.725830078125,970.5860595703125,587.7435913085938,459.78118896484375,463.4909362792969,446.2789001464844,494.1946716308594,509.7179870605469,744.0968627929688,801.2943115234375,822.2345581054688
538,China 's insatiable demand for energy is prompting fears of financial and diplomatic collisions around the globe as it seeks reliable supplies of oil from as far away as Brazil and Sudan.,en_multilingual_blimp_correct_affected.test,30054.71484375,2569.615478515625,1291.725830078125,970.5860595703125,587.7435913085938,459.78118896484375,463.4909362792969,446.2789001464844,494.1946716308594,509.7179870605469,744.0968627929688,801.2943115234375,822.2345581054688
539,"My dad is having surgery in Ft. Worth, so I will be heading that way on Monday.",en_multilingual_blimp_correct_affected.test,40398.90234375,768.172119140625,1071.46826171875,842.997314453125,827.2530517578125,956.4630126953125,915.4991455078125,1122.8499755859375,1316.9315185546875,1532.9818115234375,1464.5660400390625,2187.72607421875,2253.515625
540,"Your camera is n't acting normally, you got warranty, let Canon deal with it.",en_multilingual_blimp_correct_affected.test,43837.12109375,6374.6240234375,10359.279296875,9548.466796875,6397.7177734375,6460.7978515625,8267.4990234375,7513.2919921875,12383.7568359375,10412.34765625,18538.771484375,20888.693359375,29985.91796875
541,"What, for instance, is 'appropriate after-sales service'?",en_multilingual_blimp_correct_affected.test,38430.0078125,8736.9248046875,36525.1171875,33534.98046875,25506.05859375,32197.599609375,19816.587890625,25181.22265625,37277.77734375,41150.03125,50962.3046875,64985.453125,86202.6484375
542,"But its potential for sustained growth is faltering, owing to the imminent decline of its working-age population – projected to fall by 25% by 2050 – and rising competition from China and other emerging economies.",en_multilingual_blimp_correct_affected.test,31490.373046875,3511.857666015625,3338.781982421875,2766.609375,1973.8155517578125,1643.2493896484375,1126.6976318359375,1156.0126953125,1347.741943359375,1888.7259521484375,1263.479248046875,1635.054931640625,1763.4400634765625
543,The good news is that Park's government is working to change this.,en_multilingual_blimp_correct_affected.test,31854.06640625,507.0813903808594,500.1004333496094,414.9615783691406,254.7947235107422,270.31072998046875,191.3343963623047,209.7906036376953,199.23236083984375,200.7877655029297,297.59332275390625,180.42874145507812,234.57113647460938
544,what type of aircraft is used for the american flight leaving at 419 pm,en_multilingual_blimp_correct_affected.test,34830.08203125,2408.8466796875,1163.7689208984375,764.8745727539062,795.8345947265625,588.6178588867188,603.4724731445312,744.0780639648438,849.9270629882812,696.8237915039062,774.7144165039062,627.7042236328125,992.2459716796875
545,Which wonderful contact of mine is thumbs upping all my best answers ^^?,en_multilingual_blimp_correct_affected.test,30265.515625,7642.51904296875,3812.390625,3539.664794921875,5249.32666015625,5569.05126953125,4715.91064453125,3777.812255859375,8413.05078125,9514.8251953125,11097.1708984375,11123.83984375,14495.513671875
546,what kind of aircraft is used on a flight from cleveland to dallas,en_multilingual_blimp_correct_affected.test,31457.384765625,2367.66162109375,1265.4453125,1241.9278564453125,1080.050537109375,678.9489135742188,656.2365112304688,782.250244140625,1052.1671142578125,1036.0997314453125,901.5833129882812,969.7178344726562,981.8763427734375
547,"Robb says it is ""like an experimental novel in which the female protagonist is always trying to pull in extraneous realities but which the hero is determined to keep on course, whatever tricks he has to use.",en_multilingual_blimp_correct_affected.test,35582.23828125,1499.1177978515625,984.8082885742188,903.675537109375,666.5914306640625,562.08984375,573.756591796875,518.885986328125,564.3939208984375,711.7400512695312,715.3544921875,591.4682006835938,755.7191162109375
548,"The man told him that a war between the two universes is coming, as he and Walter had predicted; it is for this reason that Olivia, among others, was trained as a child.",en_multilingual_blimp_correct_affected.test,35183.390625,1103.9669189453125,1942.2564697265625,1932.601318359375,1384.8148193359375,1500.9388427734375,1275.0074462890625,1325.0174560546875,1772.3345947265625,2145.8486328125,2205.229736328125,1823.24951171875,1806.989990234375
549,"Then k is strictly increasing, by the construction of ⪯.",en_multilingual_blimp_correct_affected.test,37826.1953125,6203.59033203125,5020.7265625,6148.56640625,5751.70361328125,7006.69873046875,9650.28515625,8782.9228515625,9979.5087890625,10172.4853515625,14410.6484375,13873.8583984375,33776.05859375
550,Mrs. Wentz had the tone of voice that sounds as if the speaker is addressing noone but himself.,en_multilingual_blimp_correct_affected.test,37079.57421875,1274.2305908203125,1120.646728515625,1222.1343994140625,927.0296020507812,763.1430053710938,722.868408203125,601.9550170898438,835.169677734375,787.0419921875,779.044189453125,669.1942749023438,844.1790771484375
551,The dispute is becoming increasingly bitter and is beginning to look like a trade war.,en_multilingual_blimp_correct_affected.test,32826.9453125,1929.279296875,566.5496826171875,535.3150634765625,443.63671875,398.053955078125,330.3878479003906,337.2286682128906,361.03509521484375,448.0920104980469,533.2210083007812,374.8046569824219,437.55731201171875
552,"Crosstab queries calculate a sum, average, count, or other type of total for data that is grouped by two types of information – one down the left side of the datasheet and another across the top.",en_multilingual_blimp_correct_affected.test,35661.69921875,1569.58984375,1150.3341064453125,951.9281005859375,732.97265625,819.9214477539062,909.105224609375,1078.9227294921875,1129.573486328125,1233.3670654296875,1386.3641357421875,1887.498779296875,1574.4134521484375
553,on continental flight 1765 from boston to san francisco what type of meal is served,en_multilingual_blimp_correct_affected.test,36583.75,10021.205078125,6319.72216796875,8256.1923828125,3979.721435546875,4440.2294921875,4345.76416015625,3919.2138671875,3660.139404296875,5022.28759765625,4798.18994140625,5343.0419921875,5435.2470703125
554,Increased car usage in China is creating a high demand for petrol,en_multilingual_blimp_correct_affected.test,37266.22265625,2639.169677734375,1065.5306396484375,680.6990966796875,705.5496215820312,584.037109375,518.22900390625,548.8308715820312,432.8753662109375,655.0909423828125,449.1785583496094,374.27386474609375,314.36090087890625
555,"I understand the imminent cold weather is making things crazy, so now may not be the best time to be in your way.",en_multilingual_blimp_correct_affected.test,35845.55078125,468.2918701171875,574.5037231445312,578.1452026367188,451.89117431640625,452.9249572753906,443.8654479980469,472.1922912597656,626.7620849609375,581.1170043945312,717.51904296875,834.9319458007812,980.462890625
556,The situation in Iraq is only going to get better this way.,en_multilingual_blimp_correct_affected.test,32911.98828125,331.9393005371094,351.45697021484375,240.3531036376953,214.9683074951172,207.9905242919922,199.88742065429688,154.05528259277344,171.3513946533203,211.85401916503906,158.66104125976562,210.14964294433594,277.2613220214844
557,"I guess if you have a schtick that is a resounding success once, you ca n't help but trot it out every time your act is going sour.",en_multilingual_blimp_correct_affected.test,38591.01953125,2043.6033935546875,1279.240966796875,1242.117431640625,854.7994384765625,676.530029296875,788.32275390625,703.7191162109375,1007.856689453125,811.2644653320312,1164.8154296875,990.2975463867188,1099.3662109375
558,"What, for instance, is 'appropriate after-sales service'?",en_multilingual_blimp_correct_affected.test,38430.0078125,8736.9248046875,36525.1171875,33534.98046875,25506.05859375,32197.599609375,19816.587890625,25181.22265625,37277.77734375,41150.03125,50962.3046875,64985.453125,86202.6484375
559,This is not to say that everyone else is living pleasantly and well under a decent regime.,en_multilingual_blimp_correct_affected.test,36264.6953125,509.1741027832031,336.200439453125,357.2041015625,234.13722229003906,230.15756225585938,239.87359619140625,210.06788635253906,221.84152221679688,289.43438720703125,363.37744140625,325.6980285644531,294.7413330078125
560,"And of all the people who the county is getting to find a replacement...is none other than Lee Brown, the original supervisor of the Atlanta PD, who was in office during the murders and the subsequent investigation.",en_multilingual_blimp_correct_affected.test,36043.82421875,1358.39794921875,1681.932373046875,1708.4058837890625,1222.79248046875,1118.715087890625,888.2288208007812,1091.8521728515625,1141.607421875,1209.6212158203125,1427.7042236328125,1598.3302001953125,1357.7431640625
561,"Now, however, he is to go before the courts once more because the public prosecutor is appealing.",en_multilingual_blimp_correct_affected.test,33865.04296875,1510.454833984375,2051.556884765625,2842.6533203125,2119.86083984375,2303.238037109375,2534.638427734375,1946.8155517578125,2469.70361328125,3253.390380859375,3181.355224609375,2703.828125,2573.778564453125
562,My foot is covering approximately 300 miles of mycelium.,en_multilingual_blimp_correct_affected.test,28827.0546875,3362.944091796875,2611.0654296875,1777.75244140625,1645.0611572265625,1567.275146484375,1810.1861572265625,1519.879638671875,949.4561157226562,1089.975830078125,1879.0484619140625,1646.498046875,1082.257568359375
563,This cute little stunt is only going to prove just how fanatic the extremist Muslims are.,en_multilingual_blimp_correct_affected.test,38305.52734375,3147.7626953125,1847.6138916015625,1285.274658203125,641.5770263671875,634.26806640625,445.71234130859375,387.377685546875,496.3480224609375,521.2962646484375,602.2852172851562,355.0544128417969,570.2022705078125
564,If a pair is n't leaving eggs... check the following:,en_multilingual_blimp_correct_affected.test,31499.955078125,4275.51806640625,4251.07421875,8773.1533203125,11231.2255859375,12990.6337890625,14720.6953125,12501.6708984375,11014.3515625,21358.4140625,13312.580078125,19185.880859375,24295.1015625
565,"My vet told me when a dog is vomiting a lot, it could be a sign of obstruction.",en_multilingual_blimp_correct_affected.test,36739.05859375,1165.6456298828125,1015.138671875,818.8114013671875,619.813720703125,725.5816650390625,727.7236938476562,711.7506103515625,709.509765625,736.2833251953125,704.352294921875,730.9563598632812,625.2510375976562
566,Which wonderful contact of mine is thumbs upping all my best answers ^^?,en_multilingual_blimp_correct_affected.test,30265.515625,7642.51904296875,3812.390625,3539.664794921875,5249.32666015625,5569.05126953125,4715.91064453125,3777.812255859375,8413.05078125,9514.8251953125,11097.1708984375,11123.83984375,14495.513671875
567,"The rapporteur is asking for a threshold of 50 to 30 ppm, which would also involve excessive cost without appreciable benefit.",en_multilingual_blimp_correct_affected.test,28913.564453125,3296.75439453125,2188.558837890625,2019.4835205078125,1335.9676513671875,1613.02197265625,1040.413330078125,942.7495727539062,1339.80029296875,1152.23193359375,1430.599853515625,1281.627685546875,1777.850830078125
568,"He said those things to my mother, I heard them, but to me he said, by the sun-dial, 'I 'm forty-one and the sea is dying.'",en_multilingual_blimp_correct_affected.test,36599.28125,1036.29931640625,2210.542236328125,2977.3583984375,2157.022705078125,2090.657958984375,2130.552978515625,2418.865234375,2866.12109375,2894.55810546875,3819.658447265625,3016.695068359375,2497.6826171875
569,"All of the staff at Hudson have contributed in some way to this work, as have the thousands of people with whom we have discussed these issues at meetings, seminars, and briefings at the Institute and other locations around the world. """,en_multilingual_blimp_correct_affected.test,37390.46484375,728.0149536132812,1049.3817138671875,889.607666015625,646.40576171875,673.1307373046875,638.128662109375,741.4659423828125,825.3251342773438,884.5672607421875,964.9562377929688,1133.3079833984375,1100.691650390625
570,"She added that recent visits to the island by India 's top military brass including army chief General Nirmal Chander Vij have ""caused apprehension among Tamils that preparations are under way for another war in the island"".",en_multilingual_blimp_correct_affected.test,29595.8984375,4364.2421875,3083.478271484375,3703.55224609375,2197.4453125,2413.7021484375,2587.611328125,3027.20263671875,3842.6435546875,4377.37646484375,5155.533203125,5480.02392578125,6786.9365234375
571,Two vaunted economists - one a Nobel Prize winner and the other a nationally renowned budget expert - have analyzed the data at hand and put a price tag on the Iraq occupation.,en_multilingual_blimp_correct_affected.test,34462.59765625,2037.4617919921875,1195.8040771484375,917.5860595703125,514.8759765625,540.889404296875,502.24932861328125,516.4772338867188,499.3226623535156,572.8096313476562,629.6962890625,787.4425048828125,774.2476196289062
572,"The overwhelming human and financial impacts of Hurricane Katrina are powerful evidence that political and economic decisions made in the United States and other countries have failed to account for our dependence on a healthy resource base, according to an assessment released today by the Worldwatch Institute.",en_multilingual_blimp_correct_affected.test,35787.4140625,2054.410400390625,1082.08935546875,778.272216796875,513.0702514648438,494.10064697265625,429.3617248535156,422.176513671875,422.7798767089844,553.0955810546875,585.2947387695312,551.433349609375,612.0350341796875
573,Soldiers with vital training and know-how are refusing to re-enlist.,en_multilingual_blimp_correct_affected.test,25528.740234375,2373.37451171875,1360.158935546875,921.6030883789062,1106.58203125,1711.427490234375,1390.647216796875,1030.200439453125,1266.9373779296875,1350.6343994140625,1097.3533935546875,1297.65185546875,1636.0274658203125
574,"Al-Abbudi stated that ""His Emminence"" decided to openly support the list because ""others"" (obviously a reference to Allawi) have been abusing official state positions and media outlets in their campaigning.",en_multilingual_blimp_correct_affected.test,32137.75,4847.4033203125,4543.45068359375,5835.24169921875,4937.44091796875,4846.83447265625,4317.94091796875,4196.34619140625,4598.99365234375,4798.8447265625,5053.49267578125,5735.96630859375,6762.33984375
575,Two decades of pickling his nervous system in various highly toxic substances have left Bush damaged goods.,en_multilingual_blimp_correct_affected.test,33938.01171875,10461.7578125,4410.4384765625,2443.9052734375,2245.128173828125,1760.811767578125,1915.510009765625,2273.887451171875,2126.79833984375,2609.71142578125,2984.39697265625,3292.30859375,3912.8203125
576,While Iran 's conventional army is not what it was during the heyday of the Iran-Iraq war - their armaments have deteriorated and the veterans of that last war have retired - the nation enjoys substantial military strength nonetheless.,en_multilingual_blimp_correct_affected.test,34472.58984375,3100.826416015625,2008.2406005859375,2437.08349609375,1677.3822021484375,1461.033935546875,1391.6607666015625,1262.7021484375,1413.8958740234375,1615.275634765625,1609.9114990234375,1356.0628662109375,1722.50146484375
577,"The last three years of the Iraq occupation, however, have sapped this confidence.",en_multilingual_blimp_correct_affected.test,34296.2421875,4218.12548828125,6473.84228515625,5032.03466796875,3397.342529296875,3618.894775390625,2975.01806640625,3802.782470703125,4536.54931640625,5953.62353515625,7016.916015625,5534.7998046875,6856.814453125
578,"While most U.S. secretaries of state -- save perhaps Dean Rusk -- have gobbled up credit for outcomes that they had little to do with, few have been as brazen as Colin Powell.",en_multilingual_blimp_correct_affected.test,35664.18359375,3119.733154296875,1852.7900390625,1897.1265869140625,1450.3560791015625,1322.840087890625,1344.43115234375,1296.3245849609375,1310.60693359375,1454.412353515625,1399.74755859375,1539.0177001953125,1481.3338623046875
579,"One has to wonder whether the bright fellows in our government and military who set up the deals with these people do n't know what they are, do n't care, or know perfectly well.",en_multilingual_blimp_correct_affected.test,30884.208984375,886.5257568359375,709.8308715820312,830.2607421875,891.5794067382812,886.7413330078125,896.7538452148438,805.43798828125,1004.1221923828125,1107.366455078125,1318.090087890625,1423.1807861328125,1524.29248046875
580,"Due to business reasons, previously scheduled interviewers from the Penn team have had to cancel their participation.",en_multilingual_blimp_correct_affected.test,36995.61328125,2942.271240234375,2690.015380859375,3034.6630859375,1438.7215576171875,1521.6331787109375,1316.3212890625,1381.4486083984375,1441.524658203125,1393.0662841796875,1789.339111328125,2299.912353515625,2401.673828125
581,"Armed militias, many staffed by former Iraqi military men with substantial training and experience, have proliferated.",en_multilingual_blimp_correct_affected.test,30629.40234375,7632.154296875,6547.8681640625,4704.16455078125,3594.41552734375,3965.11376953125,4298.96630859375,4402.77734375,4726.2666015625,6108.9677734375,7396.4560546875,7683.9130859375,15877.5556640625
582,"Again, decades of this sort of behavior do not leave a person untouched.",en_multilingual_blimp_correct_affected.test,38653.19140625,1198.6092529296875,927.5133056640625,607.7825927734375,746.1099243164062,714.4752807617188,598.0619506835938,711.4564208984375,537.21142578125,745.2469482421875,1009.8024291992188,720.4475708007812,981.2608032226562
583,"A recent report by a journalist from Port Blair, in the Andamans, quoted an unnamed official saying that foreigners from Myanmar, Bangladesh and Sri Lanka have permanently settled in the islands, using fake Indian ration cards, while citizens of Thailand, China, Indonesia and Malaysia have migrated temporarily to plunder the natural resources and leave.",en_multilingual_blimp_correct_affected.test,36648.00390625,5845.751953125,6104.24462890625,6744.74365234375,5096.44580078125,4668.001953125,4226.7705078125,5145.3017578125,6156.763671875,7288.482421875,7347.6572265625,7071.68798828125,5959.849609375
584,"Two top Iraqi scientists, code named Charlie and Alpha, are helping the coalition to learn more about Iraqi 's anthrax program, according to Dr. David Kay, head of the Iraq survey group in charge of the hunt for WMD.",en_multilingual_blimp_correct_affected.test,36500.53515625,2881.285888671875,2154.59033203125,1838.061279296875,1537.7940673828125,1167.2308349609375,1058.2139892578125,1222.4305419921875,1348.7943115234375,1428.34765625,1618.3695068359375,1644.142822265625,2062.816162109375
585,"A recent report by a journalist from Port Blair, in the Andamans, quoted an unnamed official saying that foreigners from Myanmar, Bangladesh and Sri Lanka have permanently settled in the islands, using fake Indian ration cards, while citizens of Thailand, China, Indonesia and Malaysia have migrated temporarily to plunder the natural resources and leave.",en_multilingual_blimp_correct_affected.test,36648.00390625,5845.751953125,6104.24462890625,6744.74365234375,5096.44580078125,4668.001953125,4226.7705078125,5145.3017578125,6156.763671875,7288.482421875,7347.6572265625,7071.68798828125,5959.849609375
586,"Some reporters (you know, the ones with journalistic ethics) have actually uncovered the truth about George Bush 's service in the Texas Air National Guard.",en_multilingual_blimp_correct_affected.test,38315.79296875,4618.0107421875,2826.864013671875,2171.384521484375,1675.7314453125,1756.7410888671875,1886.810302734375,1771.2076416015625,1569.562255859375,1724.70068359375,2024.4769287109375,1856.729248046875,2446.159912109375
587,"If sites next to you do n't have what you want, contact your nearest comp.sources.unix archive, or the moderator.",en_multilingual_blimp_correct_affected.test,33565.79296875,1731.8045654296875,2334.93798828125,2181.26904296875,1380.575439453125,1972.228271484375,1762.503662109375,2903.168212890625,3100.75830078125,3076.00927734375,4488.17578125,5658.2939453125,5781.8193359375
588,"Further to my voicemail, our colleagues in credit are calculating the reserve on the PSE swap.",en_multilingual_blimp_correct_affected.test,39325.78125,3054.750244140625,4316.39697265625,3868.296875,2415.424560546875,3394.825927734375,3378.39306640625,4936.376953125,6734.98681640625,5348.25244140625,8915.7392578125,7485.7421875,7746.97802734375
589,do babies this small hibernate?,en_multilingual_blimp_correct_affected.test,20288.615234375,5727.455078125,4088.210693359375,2909.98876953125,2435.172607421875,1980.043701171875,1507.195068359375,1257.7752685546875,1551.6312255859375,3330.031005859375,3442.83837890625,2472.755615234375,2122.99169921875
590,"Since lots of people are still living there, then it must be fine to visit.",en_multilingual_blimp_correct_affected.test,38711.8125,546.4990844726562,560.5869140625,462.05194091796875,468.9110412597656,462.79083251953125,486.7510070800781,493.0940246582031,533.1766967773438,490.6875,481.63177490234375,543.0565795898438,569.3187255859375
591,"After every world war, the rules of international law have changed, and the same will happen after the present one.",en_multilingual_blimp_correct_affected.test,35350.37890625,813.7145385742188,1255.929443359375,1122.219482421875,1225.7440185546875,1636.364501953125,1641.908447265625,1630.212646484375,2032.35205078125,2370.259765625,2283.962890625,1999.7760009765625,2916.378662109375
592,But the four planeloads of arms have vanished.,en_multilingual_blimp_correct_affected.test,38386.16015625,3923.7353515625,5084.54736328125,4815.1279296875,3206.1630859375,4599.62548828125,3935.900634765625,5378.9375,5593.95751953125,7166.79931640625,8594.46875,9017.1025390625,12072.0986328125
593,"The events of the last few years have amplified four issues, which have always existed, but have never been as rampant as in the present upheaval in the region.",en_multilingual_blimp_correct_affected.test,41955.12109375,1608.36376953125,1451.2581787109375,1294.4215087890625,972.84912109375,731.7615356445312,649.2901611328125,585.5194702148438,577.4192504882812,639.081787109375,565.453125,543.2415771484375,761.9307250976562
594,"I do n't believe that we are quite at the point that we can say that all business controllers worldwide have reviewed, understand and have implemented these standards.",en_multilingual_blimp_correct_affected.test,38765.859375,739.01171875,705.2025146484375,686.1305541992188,557.0756225585938,655.6028442382812,745.336181640625,737.2403564453125,811.9598999023438,741.208251953125,900.617431640625,786.5497436523438,1117.5321044921875
595,"At this point, our IT contacts are backpedalling a bit and suggesting they can overcome the TIBCO and Terminal Server problems.",en_multilingual_blimp_correct_affected.test,34612.19921875,3475.633544921875,3541.856201171875,4168.17529296875,3278.322265625,2464.054931640625,2760.2412109375,3049.13037109375,3213.27099609375,3436.04541015625,3875.892578125,2961.939208984375,3259.965087890625
596,"Emergency teams in the southern US are battling to reach survivors of Hurricane Katrina, the most destructive storm to hit the country in decades.",en_multilingual_blimp_correct_affected.test,35075.44921875,2849.035400390625,2673.419677734375,2838.792724609375,1818.6407470703125,1585.423828125,1516.7412109375,1308.3739013671875,1348.4259033203125,1895.4005126953125,1710.260986328125,1307.1610107421875,2068.3505859375
597,Some localized extinctions already have occurred across some of its habitat.,en_multilingual_blimp_correct_affected.test,35260.37890625,3573.368408203125,2757.02880859375,1658.32958984375,1227.3150634765625,870.5269775390625,1225.59619140625,1161.28271484375,1334.4324951171875,1767.8974609375,3810.645751953125,2370.6396484375,1880.1463623046875
598,Web giant Google is resisting an attempt by the US to force it to reveal what users are searching for.,en_multilingual_blimp_correct_affected.test,27862.869140625,1376.1356201171875,661.4569702148438,640.3822631835938,493.17279052734375,405.21197509765625,448.18841552734375,444.2332458496094,439.0355529785156,535.2576904296875,593.5635375976562,569.9486083984375,660.3060913085938
599,"""The impacts of global warming are affecting people now in the Arctic,"" said ACIA chair Robert Corell.",en_multilingual_blimp_correct_affected.test,30831.73828125,4640.703125,4667.4365234375,4972.849609375,3345.044921875,2966.1494140625,3418.157958984375,3391.89404296875,4722.05810546875,5377.3837890625,6867.4755859375,5941.56494140625,6095.47802734375
600,The AR/AP SAP data quality reviews for both businesses are continuing so as to provide a detailed analysis as at end Q1.,en_multilingual_blimp_correct_affected.test,34463.8828125,2509.06005859375,1783.87744140625,1415.2232666015625,956.337158203125,1024.0069580078125,1141.822509765625,1072.4649658203125,1255.1552734375,1125.95654296875,1084.3729248046875,1301.4591064453125,1645.56640625
601,"Like the tens of billions of dollars that have been ""lost"" in Iraq, planeloads of arms do n't just ""vanish""; not when the Pentagon contracts the work to an international criminal of Bout 's untouchable stature.",en_multilingual_blimp_correct_affected.test,30442.09765625,3416.38818359375,2705.1875,2528.9619140625,2388.2861328125,2315.412109375,1835.037353515625,2548.8369140625,3055.11181640625,3045.36669921875,3134.81201171875,2943.4697265625,4005.025634765625
602,"My parents do not like me, They constantly reassure me that they will throw me out of home when I turn 18.",en_multilingual_blimp_correct_affected.test,37684.8359375,522.29052734375,461.6381530761719,441.3171081542969,272.1215515136719,223.04933166503906,212.75238037109375,188.81820678710938,296.283447265625,307.9862976074219,324.0075988769531,285.30810546875,318.19891357421875
603,All the guys at work are saying I should n't bother having it fixed I should just buy a new one.,en_multilingual_blimp_correct_affected.test,34855.37109375,674.2152099609375,570.8333740234375,465.3855285644531,432.12054443359375,313.359375,295.9809875488281,228.76754760742188,292.2023010253906,375.9823303222656,323.9910583496094,414.5122375488281,520.5115966796875
604,"The excellent windows have performed without any problems, but that 's not why I 'm writing my review.",en_multilingual_blimp_correct_affected.test,32176.421875,2001.3834228515625,1939.0999755859375,2215.94873046875,1623.0474853515625,1452.150390625,1361.642333984375,1528.4351806640625,1328.88330078125,2270.846923828125,2242.72607421875,2300.427978515625,2003.0294189453125
605,Several related issues have resulted in an increase in the level of operating risk for the Merchanting Metals business.,en_multilingual_blimp_correct_affected.test,37609.796875,2195.220947265625,946.0233154296875,850.5368041992188,689.290771484375,525.3455200195312,520.2230834960938,395.6165466308594,371.90155029296875,399.6455993652344,405.2820739746094,417.09271240234375,338.4659118652344
606,"(This is a largely Sunni Arab clan, and some Sunni observers have accused Shiite elements in the government of being behind the assassination; it is more likely the work of Sunni Arab guerrillas punishing the Batawi leaders for cooperating with the Dec. 15 elections.)",en_multilingual_blimp_correct_affected.test,31853.8515625,3499.8046875,3924.607421875,3515.520263671875,3240.926025390625,3884.64794921875,3867.97216796875,4284.3916015625,5983.84326171875,7087.19580078125,7301.8330078125,7855.43359375,10300.298828125
607,"Thousands of people are already looking into your background, not just in Wichita, but from all over the U.S.",en_multilingual_blimp_correct_affected.test,36784.28515625,456.50604248046875,468.80572509765625,359.4197692871094,205.3644561767578,175.69354248046875,187.90476989746094,169.2764434814453,176.9264373779297,203.43649291992188,274.232421875,284.7301025390625,354.63818359375
608,"Walls keeping water out of the bowl-shaped city have been breached, and emergency teams are using helicopters to drop 1,350kg (3,000lb) sandbags and concrete barriers into the gaps.",en_multilingual_blimp_correct_affected.test,33512.6015625,2726.50439453125,1670.8243408203125,1666.4180908203125,1139.0762939453125,937.0496215820312,894.8654174804688,901.0143432617188,1066.720703125,1316.223388671875,1822.486328125,2012.357666015625,1758.61767578125
609,"Your cycle of learning through the school of hard knocks has come to an end, Gemini, and now you 're going to start reaping the rewards these ""lessons"" have left in their wake.",en_multilingual_blimp_correct_affected.test,33023.85546875,1727.3995361328125,2066.734619140625,2090.79150390625,2234.526123046875,2252.014892578125,1619.444091796875,1612.3753662109375,1779.680419921875,1824.695068359375,2028.0152587890625,1713.17236328125,2425.476318359375
610,"Nato and US officials have already voiced fears that Bosnian arms - sold by US, British and Swiss firms - are being passed to insurgents.",en_multilingual_blimp_correct_affected.test,33540.09765625,5537.138671875,2979.672119140625,2263.205322265625,1677.672607421875,1607.955810546875,1437.8421630859375,1665.05908203125,1760.659912109375,2156.489990234375,2209.0068359375,2075.708251953125,2662.277099609375
611,"The Superdome stadium is without power, and toilets are overflowing.",en_multilingual_blimp_correct_affected.test,28995.57421875,7470.80029296875,12788.76953125,12364.14453125,7105.69873046875,6467.751953125,7737.556640625,5783.09912109375,8118.08984375,9785.9091796875,7865.8837890625,5182.982421875,7962.9013671875
612,She basically said if the children getting off the bus are n't paying to enter her building she was going to let them wander around the streets.,en_multilingual_blimp_correct_affected.test,34529.8125,548.0714111328125,650.722412109375,674.2650146484375,486.92626953125,504.3672790527344,430.3771667480469,446.5072937011719,594.9110717773438,526.6068725585938,612.6517333984375,680.6984252929688,985.2719116210938
613,"Yep, the females are just getting to him... dads..",en_multilingual_blimp_correct_affected.test,30279.431640625,2318.257080078125,7309.38525390625,7297.75390625,5656.6591796875,4143.89892578125,4402.29443359375,4103.08056640625,4395.24267578125,5146.435546875,10906.8134765625,6787.77099609375,6413.50927734375
614,"The neighbours are still interfering, but there are signs that rather than undermining Afghanistan ’s stability they may now be trying to strengthen it.",en_multilingual_blimp_correct_affected.test,32169.607421875,2764.174072265625,2032.7330322265625,1924.2060546875,1019.4063110351562,863.2637329101562,957.2670288085938,1059.377197265625,937.34814453125,1395.894287109375,1536.05859375,1687.543701171875,1882.6070556640625
615,my lhasa apso hind legs are not working?,en_multilingual_blimp_correct_affected.test,30872.783203125,12279.431640625,12167.173828125,9416.1884765625,5731.51513671875,5226.55810546875,4843.4248046875,3636.2236328125,2875.6708984375,4539.033203125,4074.1640625,3585.67138671875,2713.510986328125
616,Bumrungrad Hospital does some good work but all hospitals do have their problems from time to time.,en_multilingual_blimp_correct_affected.test,30287.951171875,1672.330078125,1025.545166015625,1163.9937744140625,986.0187377929688,764.1385498046875,628.9286499023438,614.0072631835938,683.1072387695312,745.6781616210938,766.0228271484375,730.3953857421875,1388.3931884765625
617,"And international donors have given only half of the relief aid that Darfur needs, according to the local UN officials.",en_multilingual_blimp_correct_affected.test,39129.75390625,2622.86279296875,3076.77783203125,2403.517333984375,1629.0875244140625,1494.4385986328125,1313.3682861328125,1421.563232421875,1710.7413330078125,2079.43505859375,1709.49462890625,2165.86767578125,2300.531005859375
618,"if the computer is completely shut off, the USB ports are n't getting power, so they wo n't charge your phone",en_multilingual_blimp_correct_affected.test,39999.6640625,3407.03076171875,3649.32763671875,4121.1787109375,4610.82470703125,3777.8447265625,3918.53759765625,2819.039306640625,4830.453125,5193.947265625,7276.5849609375,3539.914794921875,6589.62060546875
619,"Increasingly, analysts are saying that China 's efforts have gone beyond what is safe or even in its own interests.",en_multilingual_blimp_correct_affected.test,32573.501953125,1435.8436279296875,962.248046875,467.8691101074219,408.08660888671875,463.8791809082031,428.6187438964844,361.6902160644531,401.188720703125,512.7393188476562,429.6670837402344,429.3623352050781,520.781005859375
620,Watch out the poles are coming.....my little butterfly,en_multilingual_blimp_correct_affected.test,41612.66796875,5849.0146484375,5763.2451171875,5860.30419921875,3985.77587890625,4294.9873046875,2953.16455078125,3662.884033203125,3834.311767578125,7542.05029296875,4705.712890625,5438.11474609375,6398.2548828125
621,"For example, students must trust that teachers have made appropriate decisions about the structure and content of the courses they teach, and teachers must trust that the assignments that students turn in are their own.",en_multilingual_blimp_correct_affected.test,38140.984375,1320.933349609375,1260.13037109375,1154.7252197265625,881.2177734375,807.293212890625,808.6235961914062,1022.4231567382812,835.6831665039062,1049.0625,1125.1513671875,1197.107666015625,1440.8175048828125
622,"As a result, north of the Andaman Islands, Bangladeshi coastal areas have become a nest of terrorists involved in the shipment of drugs and arms.",en_multilingual_blimp_correct_affected.test,39007.87890625,2012.0439453125,1690.96533203125,1741.9515380859375,1558.956298828125,1110.8310546875,881.9752807617188,993.7525634765625,1052.1932373046875,1023.6670532226562,1033.4969482421875,1185.8099365234375,1503.3699951171875
623,"Although the apartments are facing Stokes Street and close to the Bascom Light Rail, the location is surprisingly quiet.",en_multilingual_blimp_correct_affected.test,36519.33203125,2742.903564453125,3082.657958984375,3058.437744140625,2989.963623046875,3874.52880859375,4419.296875,3974.525146484375,6517.9814453125,7004.62744140625,7811.37255859375,8817.45703125,8418.4931640625
624,"If you were of integrity, the program will continue and the money that so many others have received will come your way.",en_multilingual_blimp_correct_affected.test,41341.16015625,550.1553344726562,717.022705078125,596.7481689453125,496.1752624511719,612.824951171875,589.0609130859375,524.6068115234375,754.7579956054688,528.0440673828125,560.384521484375,470.729248046875,529.2058715820312
625,"While they are extremely accurate, laser sights do not operate well when drunk or high because the beam often does not show up on the target.",en_multilingual_blimp_correct_affected.test,38269.34375,1527.59228515625,1430.5799560546875,1077.80078125,865.7754516601562,1080.2901611328125,998.44921875,927.1179809570312,1011.84033203125,1511.95654296875,1488.2816162109375,1548.347412109375,1577.687744140625
626,"Mosques are calling for donating blood, food, and medicine for Fallujah, and several convoys have already headed out for Fallujah, most of them returned later though.",en_multilingual_blimp_correct_affected.test,32865.7578125,5283.73583984375,5784.93017578125,4225.98486328125,3021.284423828125,2343.949462890625,2601.981201171875,2764.41259765625,4177.49951171875,4002.2763671875,5702.63427734375,5309.45166015625,5752.4931640625
627,4) If they are not going up by now you just got ta keep trying and keep trying.,en_multilingual_blimp_correct_affected.test,27527.8046875,738.7291870117188,607.67822265625,695.4515380859375,524.4974975585938,406.29949951171875,507.3290710449219,522.1687622070312,600.80712890625,684.4920043945312,757.6780395507812,843.1243286132812,1442.928955078125
628,Shortages are already leading to power cuts in the big cities.,en_multilingual_blimp_correct_affected.test,34463.75,1235.3358154296875,961.211181640625,687.4735107421875,636.6773681640625,960.136474609375,974.1735229492188,847.0084838867188,790.398193359375,739.1654052734375,1178.87255859375,1186.2816162109375,1220.38037109375
629,The wires have been humming since before the New Year with reports that the Bush administration is planning an attack on Iran.,en_multilingual_blimp_correct_affected.test,32753.48828125,2090.83544921875,934.44873046875,787.5142211914062,588.2308959960938,488.76959228515625,445.73126220703125,415.98162841796875,373.8912353515625,342.66534423828125,346.9536437988281,383.31927490234375,288.8553466796875
630,"As a parent, I can well imagine how painful it must be for those families whose children are succumbing to radiation poisoning.",en_multilingual_blimp_correct_affected.test,38834.796875,2074.67724609375,920.080810546875,1097.046875,638.0489501953125,519.9854736328125,372.9343566894531,395.30255126953125,432.4736633300781,375.03204345703125,359.27581787109375,346.25469970703125,363.7557067871094
631,Small polygamous groups have existed in the southwestern US under the watchful yet fairly benign eye of authorities ever since a sect known as the Fundamentalist Latter Day Saints (FLDS) separated itself from mainstream Mormonism in 1890.,en_multilingual_blimp_correct_affected.test,37255.24609375,6165.5771484375,2643.193359375,2075.58837890625,1955.767333984375,1964.224609375,1661.259521484375,1636.6158447265625,1820.0772705078125,1562.36083984375,2011.833984375,2084.24365234375,2280.287109375
632,"Right now, while we 're sitting at our computers enjoying the internet, those innocent, beautiful, loving cats, are dying, somewhere in this troubled world a slow, agonizing death.",en_multilingual_blimp_correct_affected.test,41465.14453125,5601.76220703125,9177.69921875,8676.087890625,5294.6416015625,6547.974609375,5645.76171875,6041.63818359375,8212.232421875,8962.2939453125,10211.1884765625,8755.1328125,10134.169921875
633,"As the survey cited in the above-linked article shows, most Google users do n't intend to use Gmail, and Google is n't even as popular as Yahoo! and AOL.",en_multilingual_blimp_correct_affected.test,37561.375,3420.590576171875,3145.530029296875,2960.592041015625,1798.333251953125,1689.3922119140625,1491.999267578125,2124.5908203125,2253.482421875,2248.552490234375,1880.334716796875,3155.622314453125,3472.5986328125
634,But supporters are pointing a few good things out:,en_multilingual_blimp_correct_affected.test,27983.20703125,1426.1202392578125,1798.6376953125,2011.341796875,1721.796875,1707.5506591796875,1447.898193359375,1273.6092529296875,1717.928466796875,2858.619384765625,2452.72998046875,3491.972900390625,4669.484375
635,"When you discussed it, i was trying to think back to our remedies and discussions but the 3 years have made it difficult.",en_multilingual_blimp_correct_affected.test,37880.74609375,692.92822265625,666.3209838867188,683.5504150390625,518.5822143554688,683.5516967773438,692.5450439453125,889.8303833007812,1152.29345703125,1213.801513671875,1091.53515625,990.8723754882812,1435.13525390625
636,Investors are asking what Edison intends for QFs and generators--asking about haircuts in particular--and Edison is side-stepping the questions.,en_multilingual_blimp_correct_affected.test,30244.88671875,5045.888671875,4092.94677734375,2660.47265625,2329.234375,2615.535400390625,2697.82666015625,2904.66943359375,2737.15087890625,2483.837890625,3840.38671875,4353.583984375,3856.1162109375
637,"the bird must know that when you open the cage door it means that you will put him in the cage, and birds do n't usually like cages.",en_multilingual_blimp_correct_affected.test,37056.94921875,806.9491577148438,964.7299194335938,1015.1458740234375,678.0291748046875,625.276123046875,700.953857421875,718.5064697265625,816.6644897460938,829.6259765625,1257.8399658203125,1099.062744140625,1103.1533203125
638,"People do not go to Ireland on holiday for the weather, it is unpredictable.",en_multilingual_blimp_correct_affected.test,37769.89453125,747.5689697265625,1420.159423828125,1066.9124755859375,1159.1534423828125,1049.36767578125,1151.217529296875,936.48681640625,1568.8326416015625,1349.890869140625,2598.953125,1342.4364013671875,2168.606201171875
639,Cell phones do NOT work on board but they give you a 'walkie-talkie' kind of phone in your room that WILL work onboard.,en_multilingual_blimp_correct_affected.test,37195.140625,2339.861083984375,1804.2615966796875,1572.521240234375,946.1217041015625,728.2294921875,792.4768676757812,845.6943969726562,1033.7581787109375,1348.57568359375,1744.33544921875,1953.5379638671875,1737.5970458984375
640,these are short term transactions and requiring this documentation will cause us to lose business because competitive alternatives do not have such burdensome requirements.,en_multilingual_blimp_correct_affected.test,27141.89453125,3547.105712890625,1804.243408203125,1261.4173583984375,1021.877685546875,1144.673095703125,911.2496948242188,903.8798217773438,1024.224609375,1186.7454833984375,1171.2734375,1632.2607421875,1813.89453125
641,"While some looters are stealing non-essential goods, others are simply trying to find food and water.",en_multilingual_blimp_correct_affected.test,37251.6171875,1823.7252197265625,1045.87353515625,1097.189208984375,636.4843139648438,402.6550598144531,373.5799255371094,379.0226135253906,430.070068359375,564.02587890625,538.654541015625,477.57269287109375,630.5345458984375
642,The credit guys are currently assuming that there is no correlation and may consequently be double dipping the credit reserve on this basis too.,en_multilingual_blimp_correct_affected.test,42145.40625,2862.509765625,1627.686767578125,1059.96533203125,685.1761474609375,510.6290588378906,425.7013854980469,532.4602661132812,595.0469970703125,441.93896484375,603.1865234375,687.8854370117188,884.744873046875
643,"""When dandelions have set the mark of May on Wisconsin pastures, it is time to listen for the final proof of spring,"" wrote Aldo Leopold in ""A Sand County Almanac.""",en_multilingual_blimp_correct_affected.test,32534.3203125,2826.853271484375,3005.0888671875,3705.9052734375,2955.34228515625,2416.1171875,2635.200927734375,2497.4208984375,2427.960693359375,3665.934814453125,3525.1318359375,3376.56982421875,3276.422119140625
644,"Our Lecture Slides have greatly benefited from the previous classes taught by Dr. William Schroeder and Dr. Luis Ibanez at RPI,",en_multilingual_blimp_correct_affected.test,36265.04296875,5123.91796875,1617.5987548828125,1079.4071044921875,932.5067138671875,787.9221801757812,667.8684692382812,621.9281616210938,756.6339111328125,872.9445190429688,891.2113647460938,967.4708862304688,1313.9859619140625
645,"Not only are these people completely inefficient and ineffective, but they just do n't give a darn.",en_multilingual_blimp_correct_affected.test,35726.75,1523.5738525390625,1640.258056640625,2435.28173828125,1667.8236083984375,1483.999267578125,1639.3494873046875,1736.9981689453125,2432.3583984375,2280.237060546875,2946.96240234375,3527.109375,4128.7080078125
646,While Iran 's conventional army is not what it was during the heyday of the Iran-Iraq war - their armaments have deteriorated and the veterans of that last war have retired - the nation enjoys substantial military strength nonetheless.,en_multilingual_blimp_correct_affected.test,34472.58984375,3100.826416015625,2008.2406005859375,2437.08349609375,1677.3822021484375,1461.033935546875,1391.6607666015625,1262.7021484375,1413.8958740234375,1615.275634765625,1609.9114990234375,1356.0628662109375,1722.50146484375
647,They are invoicing for this and I do n't have an invoice for it.,en_multilingual_blimp_correct_affected.test,30830.38671875,684.1992797851562,556.2710571289062,465.59881591796875,434.3406677246094,450.1820373535156,507.21728515625,421.165771484375,377.02105712890625,490.7867126464844,495.6944885253906,445.6103515625,649.3493041992188
648,They do n't show it on RTE Player,en_multilingual_blimp_correct_affected.test,42812.203125,2301.4111328125,1084.8369140625,1516.77734375,1015.571533203125,1987.578125,2204.061767578125,3384.381591796875,4970.37451171875,7086.07421875,9497.8271484375,8595.4609375,8179.26416015625
649,"Ever since the first whispers about Google 's IPO, most investors have feared that the stock would come public at such a ridiculously high price that, even with a spectacularly profitable business model and some nearly flawless execution, the price would be too high for investors to make a real profit.",en_multilingual_blimp_correct_affected.test,37730.0390625,1898.674072265625,1583.816650390625,1277.0816650390625,978.5120239257812,838.8151245117188,889.133544921875,873.986572265625,909.1226196289062,1029.7156982421875,1137.4686279296875,1014.886962890625,992.6132202148438
650,Tree swallows are nesting nine days earlier.,en_multilingual_blimp_correct_affected.test,32092.6953125,8265.3701171875,3268.906494140625,3423.886962890625,3304.983154296875,2303.08740234375,2081.177001953125,2486.20068359375,1739.2667236328125,2846.32080078125,2642.043212890625,2657.6298828125,2791.87109375
651,"Also, would those of you who have not responded to me via email confirming your acceptance of the terms upon which our four companies have agreed to assume cost responsibility for the TCA work on this.",en_multilingual_blimp_correct_affected.test,32103.501953125,1183.1903076171875,914.9357299804688,792.7327270507812,491.4189758300781,393.4551086425781,377.9906005859375,322.9148254394531,404.7212829589844,513.114990234375,496.4687194824219,507.37115478515625,627.6838989257812
652,"in our case, they are only hedging.",en_multilingual_blimp_correct_affected.test,46840.98046875,3954.279541015625,5196.2412109375,5214.54931640625,7229.990234375,6480.03173828125,6985.00830078125,7879.02294921875,12113.6611328125,7727.31396484375,13971.822265625,6424.11181640625,15387.1318359375
653,"Throughout history, tyrants have known that by denying the right of oppressed peoples to form and nurture families, they can kill the spirit of those peoples.",en_multilingual_blimp_correct_affected.test,38250.15234375,1627.0155029296875,1391.709228515625,1182.688232421875,1066.323974609375,1034.32666015625,902.4788208007812,1144.757080078125,1423.6268310546875,1623.11474609375,1335.68212890625,1257.0443115234375,1989.4395751953125
654,"The problem is that the vast silent majority of these Moslems are not part of the terror and the incitement, but they also do not stand up against it.",en_multilingual_blimp_correct_affected.test,34343.73046875,557.5191650390625,537.310302734375,481.79278564453125,284.8126525878906,271.9498291015625,281.448974609375,315.2318420410156,400.0429382324219,414.97064208984375,508.9386291503906,495.88433837890625,458.652587890625
655,The employees do n't really seem to enjoy what they are doing and it shows.,en_multilingual_blimp_correct_affected.test,32003.419921875,730.359130859375,574.9063110351562,581.6040649414062,353.4002990722656,349.0243225097656,329.9444885253906,323.24310302734375,380.982666015625,362.32269287109375,404.312744140625,382.94842529296875,393.1338806152344
656,"Increasingly, analysts are saying that China 's efforts have gone beyond what is safe or even in its own interests.",en_multilingual_blimp_correct_affected.test,32573.501953125,1435.8436279296875,962.248046875,467.8691101074219,408.08660888671875,463.8791809082031,428.6187438964844,361.6902160644531,401.188720703125,512.7393188476562,429.6670837402344,429.3623352050781,520.781005859375
657,"Unfair for the girl as boys do n't have that kind of handicap, but that 's the way our own rules work.",en_multilingual_blimp_correct_affected.test,36046.60546875,781.7151489257812,782.811767578125,750.6512451171875,540.2408447265625,550.7695922851562,561.7868041992188,627.4298095703125,784.7215576171875,735.5923461914062,1094.4051513671875,1344.9005126953125,1199.56982421875
658,Relief agencies are trying to help hundreds of thousands of displaced people while authorities have vowed to restore security in New Orleans following a breakdown of law and order.,en_multilingual_blimp_correct_affected.test,29898.197265625,1305.451171875,618.6621704101562,622.2295532226562,377.03204345703125,343.76824951171875,338.8741149902344,371.16827392578125,372.84991455078125,355.384033203125,442.3410339355469,413.7452697753906,450.9404602050781
659,They do n't let just anybody do it.,en_multilingual_blimp_correct_affected.test,33177.83984375,825.319580078125,859.2522583007812,999.972412109375,867.24853515625,1644.21337890625,1555.271240234375,2514.944580078125,3215.3369140625,2881.95361328125,6157.56787109375,4154.77294921875,5150.92822265625
660,"""Other friends have flown before —",en_multilingual_blimp_correct_affected.test,56206.06640625,13133.65234375,6438.181640625,4605.52490234375,3958.981201171875,2851.859619140625,3845.1435546875,3507.84423828125,3070.3994140625,5342.48681640625,8369.2939453125,11310.951171875,15581.7451171875
661,"We understand that the pipe fitters are also planning to picket the Lake Worth, Florida project as well.",en_multilingual_blimp_correct_affected.test,38294.75,2130.0908203125,1855.976806640625,1741.205078125,1319.610595703125,1675.974365234375,2228.918701171875,1965.2467041015625,2269.06201171875,2602.47998046875,3095.626220703125,2955.163330078125,4270.20849609375
662,"On the morrow he will leave me, as my Hopes have flown before.""",en_multilingual_blimp_correct_affected.test,28345.78125,1740.680419921875,2735.70654296875,2673.32666015625,1947.397705078125,1834.9874267578125,2123.7451171875,1841.6494140625,3349.779052734375,2099.42724609375,2023.340087890625,2568.903564453125,2688.826416015625
663,"U.S. officials have said the plot, thwarted by Britain, to blow up several aircraft over the Atlantic bore many of the hallmarks of al Qaeda.",en_multilingual_blimp_correct_affected.test,42420.78125,1996.750732421875,1258.3709716796875,1072.3009033203125,804.67333984375,682.6741333007812,696.2655029296875,792.782958984375,760.0862426757812,576.0118408203125,1024.92431640625,840.2598876953125,1074.7462158203125
664,"Today 's weapons do not have that kind of problem, and are much more reliable.",en_multilingual_blimp_correct_affected.test,30658.888671875,686.9741821289062,1076.3426513671875,920.8185424804688,437.4259033203125,396.31097412109375,458.3629150390625,470.9175720214844,512.5899658203125,490.25250244140625,633.9249267578125,579.1197509765625,520.0556030273438
665,"All the regional countries have publicly backed the Karzai government and supported the electoral process, but serious undercurrents remain as they all have their favourite contenders in Afghanistan.",en_multilingual_blimp_correct_affected.test,34752.109375,3416.466552734375,2518.1416015625,1924.8511962890625,1667.647705078125,1209.94189453125,1227.58544921875,1269.3834228515625,1311.7447509765625,1561.25048828125,1753.591796875,1647.9747314453125,1648.4384765625
666,The multiple planetary afflictions are taking their toll.,en_multilingual_blimp_correct_affected.test,33878.4140625,10717.962890625,6305.06982421875,3696.562255859375,2464.94921875,2111.854248046875,2558.85400390625,2191.26123046875,1425.8944091796875,2566.74365234375,2634.06005859375,1651.688720703125,1572.6929931640625
667,"My neighbourhood has been surrounded by American troops for three days now, helicopters have been circling over our heads non-stop.",en_multilingual_blimp_correct_affected.test,34012.1796875,2342.887939453125,892.5250244140625,573.6751098632812,522.7866821289062,368.9903259277344,338.767333984375,253.29806518554688,326.12835693359375,289.0624084472656,256.0974426269531,308.8385314941406,266.443115234375
668,are my two cats fighting or playing?,en_multilingual_blimp_correct_affected.test,34975.171875,8416.3740234375,9903.0751953125,7260.634765625,4271.7724609375,3954.690673828125,5841.4609375,6181.8154296875,11715.2607421875,9598.3896484375,10348.7236328125,21757.75,23026.701171875
669,"These changes are occurring across all species, Parmesan told UPI 's Climate.",en_multilingual_blimp_correct_affected.test,31624.900390625,4358.27783203125,3575.417236328125,2030.527099609375,2027.7510986328125,2715.32958984375,2957.720458984375,3410.040771484375,2626.30078125,3632.22021484375,4645.93310546875,4191.818359375,3810.275146484375
670,Emails from Zawahiri to Atef in the Spring of 1999 indicate that Ayman was a close student of the USAMRIID anthrax program.,en_multilingual_blimp_correct_affected.test,31244.357421875,2830.736572265625,1654.4625244140625,1430.0357666015625,961.864501953125,967.3665771484375,1015.9008178710938,952.0751953125,1048.512451171875,1233.9830322265625,1143.688720703125,1168.0904541015625,1371.60546875
671,All arguments that the Bush administration would be insane to attack Iran and risk a global conflagration for the sake of political cover run into one unavoidable truth.,en_multilingual_blimp_correct_affected.test,36995.58203125,2144.697021484375,1391.626220703125,1117.764404296875,882.2882690429688,636.4794311523438,554.8889770507812,559.7276000976562,490.209716796875,609.7698974609375,518.6878051757812,599.201171875,580.8737182617188
672,Some countries like Malaysia and Singapore promote trading for foreign visitors during some part of the year.,en_multilingual_blimp_correct_affected.test,37750.05078125,1601.443359375,1249.6778564453125,842.0596313476562,456.6514892578125,506.41351318359375,443.6193542480469,591.275634765625,591.0777587890625,938.2724609375,888.8194580078125,1277.5213623046875,1603.2159423828125
673,"Realists, and this even includes members of the U.S. Democratic foreign policy establishment such as Strobe Talbott, who have long sought to divest India of its defensive capability against another nuclear power in Asia, understand the only feasible solution for Kashmir is the acceptance of the status quo.",en_multilingual_blimp_correct_affected.test,37048.328125,2243.65576171875,1675.2935791015625,1517.903076171875,1223.5582275390625,1036.42822265625,887.9302978515625,1015.7036743164062,1098.01708984375,1091.2135009765625,1158.3848876953125,1322.450927734375,1230.5303955078125
674,"Certain elements of the travelling community engage in this activity, but overall no not really.",en_multilingual_blimp_correct_affected.test,34867.0390625,3104.4658203125,3980.552978515625,3569.523193359375,2509.947998046875,2602.919189453125,2340.8251953125,2951.76513671875,3460.47265625,3312.578369140625,2483.201904296875,3989.236328125,3305.89404296875
675,Workers who do these introductions look at the interaction objectively; and it 's good to see they are able and willing to say no if they feel there would be a problem.,en_multilingual_blimp_correct_affected.test,30094.09375,566.9872436523438,520.8609619140625,403.7867431640625,343.2120361328125,286.62384033203125,237.341064453125,300.8150939941406,299.4823303222656,331.2611389160156,295.28558349609375,333.41314697265625,331.6565856933594
676,either way you also need to keep an eye on the temperature if you are using a dry fish tank as UV lights in my experience up the temperature significantly and without proper ventilation it can become an oven.,en_multilingual_blimp_correct_affected.test,34933.9375,785.4081420898438,575.4301147460938,492.3954772949219,375.0198974609375,362.0726013183594,436.1601867675781,535.8598022460938,502.558837890625,720.9805908203125,715.0359497070312,816.5679321289062,738.3801879882812
677,"Some parts of this same outer circle actually operate as a result of fear from, or blackmail by, the inner circles.",en_multilingual_blimp_correct_affected.test,30094.208984375,2110.060546875,2814.32470703125,2701.757080078125,3535.404052734375,2862.980712890625,2637.744384765625,2400.547119140625,3593.65478515625,3376.576416015625,2614.7685546875,3013.060791015625,2175.994873046875
678,"They, above – the Council in Europe, you know – mean him to be.",en_multilingual_blimp_correct_affected.test,39415.4453125,1281.4371337890625,2608.2705078125,2817.919677734375,3340.626220703125,3435.216552734375,3370.39306640625,3858.58837890625,5301.4423828125,6346.79248046875,4339.4033203125,6949.39453125,5566.6884765625
679,some members of the traveler community bare knuckle box.,en_multilingual_blimp_correct_affected.test,38234.5390625,7930.32958984375,4889.42578125,16488.583984375,7284.0908203125,9099.462890625,8182.22900390625,6971.65185546875,5684.29296875,7334.74072265625,9052.2470703125,13562.4404296875,19027.0625
680,"PS: I took the liberty of buying the corporate phone directory and locating information on your outstanding disputed credit accounts from an internet dealer today, and can probably make you better known to your customers than the security measures you enact at your company indicate you would like.",en_multilingual_blimp_correct_affected.test,35626.37890625,1399.6407470703125,1125.9097900390625,1126.9130859375,838.8495483398438,784.1302490234375,570.8655395507812,707.9035034179688,695.0875854492188,858.9293823242188,896.3660888671875,1249.1534423828125,1014.8226928710938
681,"Our distinguished colleagues in this business transaction include the sitting vice-president of the United States of America, Richard Cheney, who is an original partner in the Iraq venture and former head of the Halliburton oil company, and Condoleeza Rice, whose professional dedication to the venture was demonstrated in the naming of a Chevron oil tanker after her.",en_multilingual_blimp_correct_affected.test,34956.93359375,2497.29931640625,1973.04296875,1900.1123046875,1348.5635986328125,1139.0474853515625,960.61962890625,1134.155029296875,1400.693603515625,1383.064697265625,1485.132568359375,1216.221435546875,1775.1748046875
682,"The decision to sidestep the obvious to satisfy the need to avoid confrontation does not bring peace, but only delays the eventual conflict as the predators of Hamas and Hezbollah exploit the inherent weakness of the internationals and the media.",en_multilingual_blimp_correct_affected.test,39824.875,2048.2041015625,1182.1689453125,1085.387451171875,889.223876953125,770.2661743164062,546.0669555664062,599.7185668945312,715.3466186523438,668.2822875976562,842.2327270507812,713.7738037109375,688.19580078125
683,"The papers found at headquarters of the Mukhabarat, Iraq 's secret police, show that an entourage from Al Qaeda group was sent to the Iraqi capital in March 1998 from Sudan.",en_multilingual_blimp_correct_affected.test,30514.240234375,3781.261474609375,2385.774169921875,2362.700439453125,1326.3619384765625,1272.753173828125,943.7606201171875,1253.209228515625,1129.2982177734375,1346.84375,2434.34375,1721.437255859375,2221.891845703125
684,"The dangers implicit in any attack upon that nation, however, seem to significantly offset whatever gains could be made in the so-called ""War on Terror.""",en_multilingual_blimp_correct_affected.test,35774.82421875,5268.123046875,6414.072265625,4224.16357421875,3285.875244140625,3079.566650390625,3048.48193359375,3325.616455078125,4429.22509765625,5162.09130859375,7398.6220703125,4819.37353515625,8957.3291015625
685,Indoor cats that are well cared for typically live 11-15 years.,en_multilingual_blimp_correct_affected.test,33047.89453125,3272.33740234375,1625.194091796875,1644.4581298828125,1348.8477783203125,993.3399658203125,833.6727905273438,943.5994873046875,770.9503784179688,1164.8927001953125,791.7293090820312,1195.8359375,1292.0794677734375
686,Police in the Indian capital Delhi say they have arrested the suspected co-ordinator and financier of last month 's deadly bomb blasts in the city.,en_multilingual_blimp_correct_affected.test,38507.16015625,2156.84375,1203.2047119140625,987.450439453125,809.0555419921875,637.04541015625,591.2051391601562,523.53955078125,586.1267700195312,643.5121459960938,640.9107055664062,616.64794921875,628.117431640625
687,"+ As the implications of the Andaman Islands situation sink in, Indian intelligence has inevitably come under scrutiny.",en_multilingual_blimp_correct_affected.test,34176.15234375,7292.46630859375,5651.6875,9591.9931640625,7937.04052734375,5668.3720703125,4162.3837890625,4693.93798828125,5117.583984375,6239.86767578125,5728.2197265625,9908.71484375,10403.6826171875
688,X-rays taken including AP and lateral of the right knee demonstrate a healed medial tibial plateau fracture status post percutaneous screw fixation.,en_multilingual_blimp_correct_affected.test,32169.82421875,10359.2392578125,7770.08544921875,9555.900390625,6053.974609375,6128.13037109375,6093.751953125,6580.1884765625,7471.220703125,9320.439453125,10196.484375,9487.2529296875,7730.24755859375
689,"While the ominous possibilities of heightened Iraqi chaos, missiles in the Gulf, and Syrian involvement loom large if the US attacks Iran, all pale in comparison to the involvement of China in any US/Iran engagement.",en_multilingual_blimp_correct_affected.test,33781.046875,4578.43017578125,4654.64794921875,4547.28662109375,3956.89013671875,3178.48046875,2251.262451171875,2538.478515625,3244.071044921875,3890.416748046875,3996.978271484375,5430.392578125,5402.71533203125
690,The civilians in the Department of Defense only know how to blow things up.,en_multilingual_blimp_correct_affected.test,36686.19140625,755.16943359375,416.41387939453125,330.9436340332031,278.4509582519531,191.69793701171875,159.3480987548828,158.5831298828125,154.53041076660156,162.5087890625,137.845458984375,211.68084716796875,215.04293823242188
691,"But other people do like the way they think he will vote, and the ones who favor him seem to outnumber the ones who oppose him.",en_multilingual_blimp_correct_affected.test,31108.984375,849.346923828125,766.0429077148438,474.61083984375,273.3997802734375,335.0711975097656,337.0425109863281,326.6466064453125,359.3041076660156,371.32122802734375,573.3878784179688,404.3376159667969,403.5440368652344
692,"Four guys around a large square open hibachi cook your food, and when it 's finished a server brings it to your table.",en_multilingual_blimp_correct_affected.test,30468.9921875,1618.9954833984375,1827.653076171875,1503.5743408203125,1653.955322265625,1853.9044189453125,1693.0252685546875,1885.5206298828125,2557.23193359375,3088.831787109375,4655.78857421875,3897.46142578125,5079.4443359375
693,"As the implications of the Andaman Islands situation sink in, Indian intelligence has inevitably come under scrutiny.",en_multilingual_blimp_correct_affected.test,36061.8359375,6171.10693359375,4737.22705078125,6240.19482421875,5301.09326171875,4546.6796875,3023.02783203125,3601.0615234375,3532.919677734375,5122.89208984375,4025.40087890625,5502.0703125,6196.21142578125
694,"Jurisdictions which are not approved to trade credit derivatives include: Austria, Belgium, Canada, Croatia, Czech Republic, Denmark, France, Gibraltar, Ireland, Italy, Poland, Portugal, Romania, Scotland, Singapore, Slovenia, Spain, and The Netherlands.",en_multilingual_blimp_correct_affected.test,34972.3046875,8804.20703125,19816.9296875,27407.38671875,12854.8974609375,14916.15234375,8837.3251953125,25074.681640625,27799.248046875,41280.171875,29399.123046875,51622.31640625,29433.54296875
695,Acts that violate this trust undermine the educational process.,en_multilingual_blimp_correct_affected.test,32466.1953125,3398.956298828125,2666.427734375,2699.55126953125,1903.997802734375,1544.17578125,2902.127685546875,3861.78759765625,3082.005126953125,3526.510498046875,4727.33447265625,8027.64404296875,3994.055908203125
696,Other shops around this city have MUCH NICER and more TRANSPARENT owners.,en_multilingual_blimp_correct_affected.test,32261.873046875,4502.5205078125,1410.298095703125,1476.27734375,1277.9307861328125,1396.75390625,1076.4017333984375,1186.8570556640625,1403.25732421875,1705.661865234375,1649.249755859375,1654.6187744140625,2447.623046875
697,"Princeton islamist scholar Bernard Lewis has explained that while islamists may disagree about whether killing innocents is sanctioned by the laws of jihad, extremists like Zawahiri agree that notice must be given before biochemical weapons are used.",en_multilingual_blimp_correct_affected.test,33392.16796875,4766.9658203125,2460.74609375,1798.165283203125,1348.5538330078125,1375.294677734375,1641.5889892578125,1526.21826171875,1397.6292724609375,1587.3800048828125,1949.2669677734375,2097.60986328125,2297.970947265625
698,"The mysteries of the universe continue to attract and intrigue you, as you apply your mystical awareness to the important decisions upcoming in your life, especially concerning partnerships of all kinds.",en_multilingual_blimp_correct_affected.test,33629.71484375,2408.359619140625,2502.0146484375,2003.746826171875,1472.87841796875,1271.306640625,1312.114501953125,1185.5186767578125,1373.434814453125,1609.0511474609375,1583.6708984375,1658.37548828125,1732.9180908203125
699,Damage estimates of more than $25bn suggest it could be the US insurance industry 's most expensive natural disaster ever.,en_multilingual_blimp_correct_affected.test,26112.13671875,3071.93701171875,1314.7197265625,1433.9703369140625,943.3430786132812,730.4493408203125,821.414306640625,785.1217041015625,922.66015625,1392.0211181640625,1226.1064453125,1518.81103515625,1287.1544189453125
700,"Secular Arab nationalist groups also universally sympathize with the Palestinians, and those in post-Saddam Iraq are no exception.",en_multilingual_blimp_correct_affected.test,40756.58203125,7013.04931640625,4478.6708984375,2984.9521484375,2570.484130859375,2302.077392578125,2116.878173828125,2276.308837890625,2586.181640625,3555.237060546875,3355.4638671875,3303.990478515625,5129.91748046875
701,"When those lucky enough not to have Herpes create a climate of shame and indignity for those of us who do, not only are they hurting us, but they are hurting themselves.",en_multilingual_blimp_correct_affected.test,31750.583984375,1170.7291259765625,1306.180419921875,1156.6412353515625,720.0230712890625,669.3052978515625,574.1895751953125,420.364990234375,552.1697998046875,553.8614501953125,401.5267333984375,600.1682739257812,678.4234008789062
702,US and NATO military officers in Kabul say it is too early to say whether Bush ’s tough message was instrumental in persuading Musharraf and the ISI to pressure the Taliban to restrain from disrupting the elections.,en_multilingual_blimp_correct_affected.test,37448.703125,3020.705322265625,2193.826904296875,2072.913818359375,1492.5093994140625,1068.882080078125,1009.629638671875,1162.7783203125,1191.2755126953125,1401.59033203125,1627.9095458984375,1542.7965087890625,1350.119873046875
703,Average campaigns for ANA result in CTR of 8–12%.,en_multilingual_blimp_correct_affected.test,34268.41796875,8011.62890625,6736.11083984375,5315.5361328125,2726.34326171875,2526.84765625,2478.056640625,2939.165283203125,4138.77294921875,3910.69775390625,4551.42578125,5995.3134765625,7389.52587890625
704,However US military officers say regular army officers - many of them Pashtun - leading units of the Frontier Corps who are on the border remain deeply sympathetic to the Taliban and the mullahs of the JUI.,en_multilingual_blimp_correct_affected.test,43365.7578125,3007.101318359375,1287.7314453125,999.9686279296875,839.6331176757812,643.3820190429688,720.799072265625,623.5218505859375,603.3360595703125,827.692138671875,802.1544189453125,978.8704223632812,1144.5780029296875
705,"Let me try to break this down as simply as I can: diurnal (active during the day time) reptiles like the bearded dragon require 3 types of ""light,"" UVA, UVB, and heat.",en_multilingual_blimp_correct_affected.test,32403.6796875,2199.5732421875,3196.58544921875,3744.215087890625,2758.242431640625,2216.544921875,1647.7806396484375,1828.139404296875,2018.64404296875,2206.80859375,2756.9013671875,2339.298828125,2425.395263671875
706,"Birds eat and sleep with their flock, not predators.",en_multilingual_blimp_correct_affected.test,32216.798828125,2821.37109375,3715.03125,4013.303466796875,3083.71044921875,3055.63916015625,2133.511474609375,2543.7568359375,4498.17236328125,5357.08837890625,6656.94091796875,6153.42919921875,11583.77734375
707,"And the stars never rise, but I feel the bright eyes Of the beautiful ANNABEL LEE;",en_multilingual_blimp_correct_affected.test,36316.0234375,2084.7080078125,1772.189208984375,1710.81396484375,1298.6607666015625,1975.4556884765625,2189.281005859375,2738.064697265625,2996.743408203125,3833.938720703125,4665.81201171875,4634.34326171875,5809.4052734375
708,"In the final two steps, the dancers firmly stamp their feet on the ground.",en_multilingual_blimp_correct_affected.test,32399.849609375,2177.735595703125,2311.626220703125,1525.665283203125,1302.198974609375,1100.2110595703125,1426.9324951171875,1336.8807373046875,2064.81201171875,2090.770751953125,2384.79833984375,4216.67724609375,3847.902099609375
709,Can you recommend where these companies each fit within the new organization?,en_multilingual_blimp_correct_affected.test,34635.87890625,2224.537841796875,1684.1947021484375,1501.0941162109375,1242.0113525390625,1682.4698486328125,1968.10791015625,2447.549560546875,2498.200927734375,2586.01513671875,2361.403076171875,1673.8194580078125,1656.05859375
710,"As a yoga studio, I 'm sure you 're all aware that all actions generate karma …",en_multilingual_blimp_correct_affected.test,34258.2890625,4477.240234375,3557.936767578125,4405.78857421875,3316.235595703125,3129.462158203125,3017.454833984375,2329.77880859375,2920.067626953125,5236.486328125,3855.572021484375,3815.70068359375,5854.48876953125
711,Intentions for 2005 show that the remaining amount will also be completely consumed.,en_multilingual_blimp_correct_affected.test,35825.59375,1549.3955078125,915.4349975585938,908.2335205078125,519.7789306640625,582.3180541992188,468.9356384277344,733.88720703125,628.418212890625,664.263671875,949.43798828125,764.09814453125,643.7781982421875
712,Company 's transaction fees depend on the method of payment (e.g. ACH - US or WIRE - US).,en_multilingual_blimp_correct_affected.test,33748.07421875,1510.2835693359375,855.2352905273438,1413.3416748046875,696.3292846679688,793.7343139648438,697.123291015625,552.268798828125,784.37109375,723.215576171875,683.0711059570312,1123.9583740234375,959.559326171875
713,"Older males often tend to have urinary tract issues, so your cat has done very well.",en_multilingual_blimp_correct_affected.test,39457.2265625,2874.26416015625,2664.936767578125,2738.682373046875,1683.4127197265625,1713.683837890625,1859.5654296875,1344.8441162109375,1900.88623046875,2765.19580078125,2567.18798828125,2386.807373046875,2824.149169921875
714,"The two hands when upraised and folded together represent: ""Now I am trying to establish a link with Parama Purus'a (Supreme Consciousness).""",en_multilingual_blimp_correct_affected.test,32460.375,2413.202880859375,2743.398193359375,2237.438720703125,2333.55224609375,2634.8076171875,2462.684326171875,2514.972412109375,2809.47119140625,3126.3330078125,3654.65283203125,3346.582763671875,3337.193603515625
715,"The 22 member countries of the Arab league, from Mauritania to the Gulf States, have a total population of 300 millions, larger than the US and almost as large as the EU before its expansion.",en_multilingual_blimp_correct_affected.test,39076.3515625,2032.846435546875,2465.21826171875,1779.6065673828125,1031.656005859375,815.533203125,587.7674560546875,584.1036987304688,725.0701293945312,970.5162353515625,1017.5030517578125,1276.6651611328125,1037.5888671875
716,An Iraq in which armed fundamentalist and nationalist militias proliferate is inevitably a security worry for Israel.,en_multilingual_blimp_correct_affected.test,38973.890625,4598.6953125,3611.406494140625,3400.940673828125,2817.492431640625,2767.08447265625,2369.901611328125,2681.41064453125,2243.267333984375,4128.787109375,4269.8701171875,3059.943359375,4696.1591796875
717,It is a curb bit with a ported mouth piece and some horses appreciate this to give them more room in their mouths for their tongues.,en_multilingual_blimp_correct_affected.test,32411.28515625,806.1480712890625,745.0017700195312,539.6965942382812,545.243408203125,513.4027709960938,647.7223510742188,721.7841186523438,775.1630249023438,801.9815673828125,1087.093994140625,1342.9715576171875,1199.2066650390625
718,Alike...both were fought for securities reasons by the US (no matter what the liberal revisionist historians tell you).,en_multilingual_blimp_correct_affected.test,33426.1640625,5214.33544921875,2980.028564453125,2494.4501953125,1890.0782470703125,2289.9716796875,1918.911865234375,2636.794921875,2790.8369140625,2744.61376953125,3423.85107421875,4367.2109375,5544.6474609375
719,These economists belong to the monetarist school.,en_multilingual_blimp_correct_affected.test,35567.7890625,3347.80517578125,4047.176513671875,3524.97705078125,2508.8505859375,2725.653076171875,1940.21630859375,2924.2255859375,2859.98974609375,2964.1474609375,4492.79638671875,3369.87890625,4803.61083984375
720,Is this how your clients usually evaluate these properties?,en_multilingual_blimp_correct_affected.test,27723.421875,5018.50537109375,2559.018798828125,1760.75390625,1050.2347412109375,1106.625244140625,2071.14453125,1846.9091796875,1772.823974609375,1424.375732421875,2882.389404296875,2477.123291015625,3946.492431640625
721,"The Jihad ""soldiers"" join packaged death tours to Iraq and other hotspots, while some of their leaders ski in Switzerland.",en_multilingual_blimp_correct_affected.test,33184.703125,7508.06982421875,5615.43359375,5139.30419921875,4166.79248046875,4526.38916015625,3940.580078125,5307.705078125,5695.94921875,6810.056640625,6263.3994140625,7966.64599609375,10834.482421875
722,The frequent reports from Algeria about the murders of hundreds of civilians in one village or another by other Algerians have nothing to do with Israel.,en_multilingual_blimp_correct_affected.test,35918.57421875,1071.89599609375,592.1683959960938,426.7938537597656,334.1714172363281,309.573974609375,265.08306884765625,305.0911865234375,264.5215759277344,311.46240234375,271.99066162109375,297.84185791015625,371.6880798339844
723,"Marriage is, in and of itself, a noble concept, but it too often leads to kids and kids flat out suck.",en_multilingual_blimp_correct_affected.test,42285.1484375,2921.807373046875,4541.46630859375,5905.24755859375,4556.5546875,4345.26708984375,4725.26123046875,4149.51025390625,6575.27001953125,9162.953125,7679.890625,5952.2099609375,6677.05126953125
724,"I am seeking anecdotes (first name, last initial) from dieters who successfully used a natural supplement to assist their weight loss; the therapeutic agents under discussion include HCA, MCT, green or oolong tea extract, CLA, chromium, starch-blockers, chitosan, 5-HTP, hoodia and caralluma, HMB, and BCAA.",en_multilingual_blimp_correct_affected.test,37700.58203125,5958.1845703125,6844.70849609375,7993.57958984375,5920.67578125,6864.84326171875,5769.26708984375,7162.119140625,8218.7978515625,12572.7998046875,10034.392578125,9112.3583984375,9620.5400390625
725,"For the quality, the prices ($4-$6) have to be the best in town.",en_multilingual_blimp_correct_affected.test,35522.49609375,1259.7962646484375,1235.31640625,806.2326049804688,974.4555053710938,1271.3612060546875,1031.8031005859375,1215.0789794921875,1728.5283203125,2145.394287109375,1585.419189453125,2200.54052734375,1934.8438720703125
726,Can you recommend where these companies each fit within the new organization?,en_multilingual_blimp_correct_affected.test,34635.87890625,2224.537841796875,1684.1947021484375,1501.0941162109375,1242.0113525390625,1682.4698486328125,1968.10791015625,2447.549560546875,2498.200927734375,2586.01513671875,2361.403076171875,1673.8194580078125,1656.05859375
727,"These 22 countries, with all their oil and natural resources, have a combined GDP smaller than that of Netherlands plus Belgium and equal to half of the GDP of California alone.",en_multilingual_blimp_correct_affected.test,39017.6640625,1735.4219970703125,2304.81884765625,1916.8194580078125,1538.869384765625,1222.8426513671875,1037.5018310546875,1115.3248291015625,1273.194580078125,1487.302001953125,989.4111938476562,1620.0882568359375,2038.74072265625
728,Both bathrooms look like they were flooded and the wood cabinets are thrashed at the bottom and they slapped some pieces of wood over to try to cover it up.,en_multilingual_blimp_correct_affected.test,37243.83984375,991.41259765625,436.5950927734375,367.11932373046875,286.87896728515625,227.048095703125,224.7796630859375,256.2630920410156,240.1236572265625,325.0795593261719,350.96795654296875,384.7690734863281,365.6744689941406
729,Heterosexuals increasingly back gay marriage,en_multilingual_blimp_correct_affected.test,45460.87890625,15145.513671875,24471.552734375,28614.126953125,35701.78515625,21492.92578125,14575.720703125,19488.29296875,13660.2109375,22062.416015625,20728.330078125,31156.787109375,49193.48046875
730,Do not put your fish tank close to the sun or algae grow in your tank.,en_multilingual_blimp_correct_affected.test,34755.921875,949.7151489257812,897.9909057617188,867.447021484375,599.3455200195312,519.8671875,431.4656066894531,385.6761779785156,535.9952392578125,750.72998046875,785.4530639648438,921.7138061523438,1089.862548828125
731,Right Courts rob me I rob Court citizen sounds reasonable to me and just as wrong as Court in handling this case at issue wrongly.,en_multilingual_blimp_correct_affected.test,31707.5859375,3059.610595703125,3168.45068359375,3088.5166015625,2790.96337890625,3673.308349609375,3389.798583984375,3796.4775390625,4129.1689453125,6109.09033203125,7052.74169921875,6123.91796875,10478.6025390625
732,"Climate: Humans fuss, animals adjust",en_multilingual_blimp_correct_affected.test,48142.2578125,23223.17578125,82625.9140625,54167.09765625,28334.16015625,18412.736328125,35955.3828125,33039.1640625,43275.15625,78157.2109375,49967.40234375,139090.78125,115653.375
733,His co-workers love him.,en_multilingual_blimp_correct_affected.test,32233.91796875,3405.1953125,1850.5950927734375,744.3587036132812,409.7391052246094,494.3360900878906,338.55706787109375,372.8996887207031,458.1883239746094,345.32196044921875,595.4116821289062,330.0511779785156,498.4384460449219
734,"On the one hand, the IPN report agreed ""Climate models generally predict that the temperature rises in the Arctic will substantially exceed the global rise.",en_multilingual_blimp_correct_affected.test,36479.26953125,4491.91796875,4046.8212890625,3101.77001953125,2131.102783203125,1884.505859375,2071.986083984375,1511.1038818359375,1630.2724609375,2029.9549560546875,1694.7940673828125,1500.7041015625,2344.936279296875
735,"The Neocons in the CPA have all sorts of ulterior motives and social experiments they want to impose on the Iraqi people, including Polish-style economic shock therapy, some sort of sweetheart deal for Israel, and maybe even breaking the country up into three parts.",en_multilingual_blimp_correct_affected.test,34723.91796875,2304.3056640625,2207.750732421875,1870.5745849609375,1553.44873046875,1185.7325439453125,1142.313232421875,1338.188232421875,1422.468505859375,1710.315673828125,1645.032958984375,1777.908447265625,1719.771728515625
736,"I mean, I do n't care if he does n't know, but if he pretends to know and tells me BS to my face, there 's no way I 'm going to trust him when matters turn to the price of the car and financing.",en_multilingual_blimp_correct_affected.test,32583.568359375,755.5401000976562,659.7814331054688,929.6178588867188,757.8543701171875,681.1228637695312,668.1663208007812,722.12109375,687.0304565429688,681.892333984375,861.1669921875,974.43359375,1036.354248046875
737,"The findings demonstrate the inhibitory network is central to controlling not only the amplitude, extent and duration of activation of recurrent excitatory cortical networks, but also the precise timing of action potentials, and, thus, network synchronization...""",en_multilingual_blimp_correct_affected.test,39786.5703125,7624.232421875,6617.84765625,5061.421875,2655.73974609375,2735.660888671875,2551.7880859375,2815.6376953125,3639.595703125,4919.078125,3046.89794921875,3996.7421875,3428.984619140625
738,"Ounces measure weight, pints measure volume.",en_multilingual_blimp_correct_affected.test,38366.98828125,16857.84765625,20094.70703125,22594.056640625,25328.478515625,33302.16796875,46042.7109375,61908.39453125,92873.921875,165767.4375,101546.5546875,75742.1640625,142840.5
739,"As the Pew report concluded, ""Sufficient studies now exist to conclude that the consequences of climate change are already detectable within U.S. ecosystems.""",en_multilingual_blimp_correct_affected.test,39875.76171875,2173.95263671875,1678.073486328125,1386.6947021484375,774.8470458984375,593.8961181640625,636.243408203125,596.285400390625,697.4158325195312,747.5186767578125,584.02490234375,632.5426025390625,823.9893188476562
740,"Feel free to cut and paste and leave your comments, as these viewpoints cover the entire gamut surrounding the event.",en_multilingual_blimp_correct_affected.test,34051.05859375,2156.842529296875,2049.105712890625,1922.94580078125,1632.8197021484375,1863.2569580078125,1256.7740478515625,1542.535400390625,1440.2467041015625,1464.92431640625,1197.955078125,1195.6751708984375,1306.6929931640625
741,"King snakes sometimes stop eating, particularly during the cooler part of the year.",en_multilingual_blimp_correct_affected.test,43550.7265625,3082.307861328125,2944.95068359375,2720.54736328125,1903.65283203125,2641.08935546875,2971.768310546875,2959.072021484375,3126.19873046875,4147.13671875,3668.9111328125,4236.7548828125,5684.7431640625
742,The water changes help with that too.,en_multilingual_blimp_correct_affected.test,43099.66015625,1733.3377685546875,2330.763427734375,1386.5333251953125,854.8348999023438,1241.318603515625,1759.87841796875,1025.3153076171875,741.0121459960938,1075.4833984375,779.25146484375,1566.70654296875,1815.146484375
743,Others argue that he was to be part of a second wave of airliners directed to targets on the West Coast.,en_multilingual_blimp_correct_affected.test,29986.57421875,680.2474365234375,377.913818359375,494.5614929199219,543.5758056640625,384.7894592285156,350.9632568359375,323.850341796875,388.1396484375,378.2601318359375,516.3270263671875,499.8288879394531,494.41790771484375
744,"After Week 14, Participants build a full-stack web application in the course of one month, from inception to production.",en_multilingual_blimp_correct_affected.test,36000.94921875,2853.686767578125,2627.41162109375,1536.306884765625,1249.50732421875,1498.685302734375,1096.2191162109375,1221.5384521484375,1366.3082275390625,1772.032958984375,1464.191162109375,1642.2623291015625,1703.4267578125
745,"These islands sit aside the vital sea lanes of the Strait of Malacca, through which 300 tankers and merchant ships pass daily, bringing in oil for the Far East and Southeast Asia.",en_multilingual_blimp_correct_affected.test,34080.13671875,4307.85986328125,2570.134765625,2137.305419921875,1924.3299560546875,1515.9949951171875,1496.4095458984375,1495.0260009765625,1775.8096923828125,2390.039306640625,2155.951171875,2347.826416015625,2526.354736328125
746,"The reason for this is that India is emerging as an alternative investment destination to China, hence the favor that the generals in Islamabad do to their trusty supplier of nukes and missiles by creating a scare about war involving India when in fact the real flashpoints are the Taiwan Straits and North Korea.",en_multilingual_blimp_correct_affected.test,34840.87890625,1931.2169189453125,967.79248046875,783.5654907226562,788.3881225585938,742.8425903320312,813.5686645507812,849.694091796875,919.4010009765625,957.4861450195312,1274.5447998046875,1653.989990234375,2010.898681640625
747,I told him that I would see his neurologist for evaluation or possibly a spinal surgeon if his symptoms progress.,en_multilingual_blimp_correct_affected.test,31511.703125,1136.9371337890625,1147.700927734375,1043.5709228515625,833.7833862304688,768.5121459960938,707.7901000976562,674.4541015625,793.3679809570312,659.33544921875,843.7835693359375,1027.99951171875,758.9302368164062
748,The current complaints allege that HANO has not provided qualified former St. Thomas residents a preference with respect to available public housing units at River Garden per the 2003 agreement.,en_multilingual_blimp_correct_affected.test,42986.4453125,5995.34228515625,5963.46533203125,5727.95751953125,5689.1142578125,6358.806640625,5122.01220703125,4977.2763671875,6237.029296875,9198.24609375,7781.32763671875,10768.453125,9396.7216796875
749,Husbands marry mothers and teen daughters at the same time.,en_multilingual_blimp_correct_affected.test,28743.41015625,2257.06005859375,2068.40380859375,2250.256591796875,1202.5433349609375,808.0604248046875,676.902099609375,353.179443359375,670.2586669921875,502.6968994140625,466.10064697265625,331.6439514160156,861.7884521484375
750,Because Large Fries give you FOUR PIECES!,en_multilingual_blimp_correct_affected.test,35618.66796875,11457.1328125,9507.0244140625,7308.3125,8561.869140625,10499.0986328125,12686.935546875,10253.119140625,15653.5498046875,20548.455078125,18982.3515625,34137.16015625,55620.0546875
751,Traders over here seem to have a lot more respect for other humans.,en_multilingual_blimp_correct_affected.test,30113.041015625,589.1316528320312,407.2138366699219,335.6266784667969,233.55984497070312,194.83238220214844,164.93826293945312,181.5397491455078,152.98373413085938,247.35360717773438,301.4313659667969,231.0992431640625,242.54820251464844
752,"Rodents require special bedding in their cages to absorb their waste, and this needs to be cleaned regularly, or your hamster could suffer from problems due the buildup of ammonia from his urine.",en_multilingual_blimp_correct_affected.test,37574.4140625,3485.05322265625,2892.936767578125,2381.830810546875,1656.9842529296875,1345.9879150390625,1369.6429443359375,1168.400146484375,1511.6962890625,1818.626708984375,1795.44580078125,2004.2208251953125,1717.3592529296875
753,These appear to be extraarticular.,en_multilingual_blimp_correct_affected.test,31950.326171875,2277.765869140625,2499.2529296875,2669.046875,2898.2666015625,1960.67529296875,1905.373779296875,1770.57861328125,2547.0400390625,1793.7274169921875,3868.35595703125,3190.214599609375,3839.830078125
754,"When the dancers start the step with the beat of ""dhin, dhin..."", the mental ideation should also be kept.",en_multilingual_blimp_correct_affected.test,42591.3984375,3012.486328125,4163.2412109375,5008.13037109375,5164.4599609375,4550.64013671875,3563.016845703125,4268.08740234375,4781.81787109375,4399.314453125,5650.033203125,4710.92138671875,6819.28515625
755,There is a risk that observers underestimate the time that Al Qaeda has had to make progress in such recruitment and research and development.,en_multilingual_blimp_correct_affected.test,34199.98828125,1187.217529296875,516.6398315429688,321.1910400390625,218.0622100830078,196.69210815429688,163.9011688232422,170.4613800048828,163.50010681152344,180.08474731445312,168.16075134277344,282.5101318359375,284.25665283203125
756,"Compact 's Corona dryers remove at least twice as much water as the previous dryers, allowing a production increase of over 10% and a significant energy saving.",en_multilingual_blimp_correct_affected.test,28972.689453125,3444.49072265625,2354.24462890625,1963.85546875,1754.5234375,1341.31787109375,1183.6417236328125,1135.0072021484375,1443.2708740234375,1334.0311279296875,1615.27099609375,1528.42724609375,2194.1376953125
757,I just hate to see the poor dears experience a slow painful death that way :( .,en_multilingual_blimp_correct_affected.test,30728.99609375,1277.1455078125,1262.911865234375,1241.9112548828125,1001.64892578125,1298.0343017578125,1363.779541015625,1359.739990234375,1115.29833984375,1098.04541015625,1279.048828125,1347.3011474609375,1859.3304443359375
758,"The days start to shorten & it gets even wetter, windier & colder.",en_multilingual_blimp_correct_affected.test,38052.6953125,3028.7734375,5379.501953125,3672.702392578125,5041.251953125,3252.49072265625,1982.7080078125,2622.341552734375,2353.6259765625,3526.6484375,3398.4345703125,4006.92822265625,2796.178466796875
759,Some cruise aficionados refuse to sail on one or the other.,en_multilingual_blimp_correct_affected.test,38604.67578125,2201.187255859375,2076.170654296875,1661.3173828125,1760.5877685546875,1512.182861328125,1129.6116943359375,1228.254638671875,761.8094482421875,1115.25146484375,1199.424072265625,1007.8629150390625,803.3253784179688
760,"But words also work in other ways, more subtle.",en_multilingual_blimp_correct_affected.test,38578.984375,2800.14794921875,3968.07568359375,2988.652099609375,2081.028076171875,2579.4326171875,2214.3505859375,1786.9754638671875,2797.741455078125,2294.423583984375,4080.116943359375,3314.919921875,4329.90380859375
761,The price spikes pose real political risks for Davis and he and his folks need and want an easy way out.,en_multilingual_blimp_correct_affected.test,31024.1640625,2430.990234375,1582.1197509765625,1165.1483154296875,1140.4403076171875,1069.8931884765625,1071.4344482421875,1289.876220703125,1245.9608154296875,1364.709716796875,1374.7269287109375,1485.393310546875,1743.181396484375
762,"Many details remain to be worked out, but we will keep you advised.",en_multilingual_blimp_correct_affected.test,41092.77734375,968.9024658203125,1681.88427734375,1854.7593994140625,1281.77685546875,1147.1915283203125,1421.027099609375,1290.3419189453125,1859.60986328125,1690.7945556640625,1559.2662353515625,2135.21435546875,2683.65673828125
763,"If the negotiations stall, it seems like I need to go ahead and cut off the utilities.",en_multilingual_blimp_correct_affected.test,37496.734375,713.654052734375,512.7855224609375,525.051025390625,587.1383056640625,714.81201171875,593.6231689453125,728.0017700195312,704.3364868164062,591.934326171875,666.782470703125,473.96624755859375,637.9108276367188
764,Either way rec. and dom. white genes dilute the black gene.,en_multilingual_blimp_correct_affected.test,38580.45703125,4405.6630859375,4084.28662109375,8004.41943359375,4881.8447265625,6338.814453125,6239.11767578125,5499.48974609375,5848.96435546875,14413.150390625,13419.3203125,19947.380859375,12999.4697265625
765,When she goes to the zoo the elephants throw her peanuts.,en_multilingual_blimp_correct_affected.test,33793.48828125,1419.3970947265625,2208.6044921875,999.0092163085938,765.6945190429688,885.1693725585938,668.6829833984375,576.1162109375,730.8231811523438,972.5244140625,1610.497314453125,1424.0863037109375,1231.280517578125
766,Clasp a rare and radiant maiden whom the angels name Lenore.',en_multilingual_blimp_correct_affected.test,32618.576171875,13838.2470703125,7426.63720703125,8357.5537109375,14244.4990234375,7201.65966796875,8348.265625,10815.4775390625,10208.4814453125,13565.1435546875,7627.7890625,14247.8544921875,20141.75
767,"Like you said ""the kids egg him on"".",en_multilingual_blimp_correct_affected.test,42552.3828125,3187.99755859375,4250.1220703125,4304.0654296875,4998.37744140625,5740.2509765625,5790.294921875,7590.9892578125,8391.759765625,8624.4130859375,10918.1474609375,14526.94140625,22172.7734375
768,"Loads of places have geographical hazards, if you are constantly paranoid, you 'll never get anywhere without a sense of adventure.",en_multilingual_blimp_correct_affected.test,34277.078125,2811.418212890625,2675.01123046875,2431.954833984375,2014.174072265625,1540.6630859375,1617.5247802734375,1549.6075439453125,1953.5518798828125,2380.644287109375,2341.889404296875,2718.599609375,2582.089599609375
769,Workers who do these introductions look at the interaction objectively; and it 's good to see they are able and willing to say no if they feel there would be a problem.,en_multilingual_blimp_correct_affected.test,30094.12109375,566.9872436523438,520.8609619140625,403.7865905761719,343.2120361328125,286.6239929199219,237.3409423828125,300.8147888183594,299.4823303222656,331.26129150390625,295.2857360839844,333.412841796875,331.65673828125
770,"Yes, lovely creature, am n't she?",en_multilingual_blimp_incorrect_affected.test,31294.3671875,21287.080078125,39061.37109375,61550.1171875,35347.4140625,34254.7265625,26955.95703125,44330.17578125,23507.794921875,43084.08203125,61136.91796875,54715.984375,45811.0546875
771,There am no easy answer to the painful issue of abortion.,en_multilingual_blimp_incorrect_affected.test,27219.734375,1237.412841796875,1226.539794921875,975.6322021484375,569.7507934570312,463.5764465332031,411.42791748046875,574.4363403320312,534.345458984375,420.5851745605469,803.1288452148438,534.7573852539062,923.197509765625
772,"Right up to a week after my birth he continued to say, 'How am he?'",en_multilingual_blimp_incorrect_affected.test,36338.921875,1034.494384765625,1206.0865478515625,1244.3504638671875,1037.5972900390625,1430.658447265625,1167.1790771484375,1884.5023193359375,2481.110595703125,2285.2177734375,3696.713623046875,2888.61669921875,3964.289306640625
773,This is whale meat that I photographed in a grocery store in Tokyo - or am it?,en_multilingual_blimp_incorrect_affected.test,37062.74609375,1258.1903076171875,1008.7114868164062,732.0536499023438,593.4598999023438,431.845947265625,381.56915283203125,375.7303161621094,337.4696350097656,390.88909912109375,333.7090148925781,419.09051513671875,465.27191162109375
774,Among them am the former cloister from the abbey church of St. Peter and Paul.,en_multilingual_blimp_incorrect_affected.test,29980.140625,2044.31298828125,1277.5950927734375,711.6124267578125,409.444580078125,439.3375549316406,369.79315185546875,525.2177734375,389.8675231933594,314.0566101074219,527.0592651367188,716.9581298828125,519.3889770507812
775,how much 'm a flight from washington to montreal,en_multilingual_blimp_incorrect_affected.test,21021.869140625,6396.46728515625,4065.7529296875,2667.891845703125,5318.8779296875,3961.43603515625,3931.9462890625,3532.236083984375,5299.15234375,4672.50927734375,6739.15673828125,13771.1708984375,9678.5712890625
776,Among them 'm the former cloister from the abbey church of St. Peter and Paul.,en_multilingual_blimp_incorrect_affected.test,25192.994140625,2776.077880859375,1489.0540771484375,930.1480712890625,590.5770874023438,693.0134887695312,669.3790283203125,818.331298828125,698.2723388671875,702.3959350585938,1376.177001953125,1645.0281982421875,1606.67822265625
777,"Right up to a week after my birth he continued to say, 'How 'm he?'",en_multilingual_blimp_incorrect_affected.test,34319.59765625,1676.5601806640625,1706.275390625,1782.947021484375,1562.270751953125,1853.654296875,1526.0240478515625,2208.585693359375,2660.796142578125,2460.4423828125,3300.7685546875,3221.34033203125,4066.2802734375
778,There 'm no easy answer to the painful issue of abortion.,en_multilingual_blimp_incorrect_affected.test,23965.408203125,2164.1259765625,1942.8204345703125,1743.3533935546875,1538.5391845703125,920.9635009765625,1183.7952880859375,1392.0218505859375,1196.9415283203125,1002.1572875976562,1876.7274169921875,1403.751953125,2455.963623046875
779,how much 'm a flight from washington to boston,en_multilingual_blimp_incorrect_affected.test,27523.39453125,5607.876953125,3652.48193359375,2640.49755859375,4399.537109375,3415.35546875,3594.340087890625,3455.271728515625,4560.6982421875,5168.12548828125,7497.880859375,12219.642578125,12749.0595703125
780,But here am a mushroom that's past its prime.,en_multilingual_blimp_incorrect_affected.test,31947.19140625,1166.859619140625,828.5505981445312,695.921630859375,513.6675415039062,742.4239501953125,563.3383178710938,641.2552490234375,876.825927734375,888.3270874023438,989.5121459960938,1227.1324462890625,1142.8350830078125
781,"Yes, lovely creature, 'm n't she?",en_multilingual_blimp_incorrect_affected.test,26487.955078125,13748.1279296875,23203.119140625,39008.32421875,25557.23828125,25167.8046875,19015.509765625,36887.63671875,16822.01953125,27681.23046875,37700.1875,31521.83203125,28399.22265625
782,how much am a flight from washington to montreal,en_multilingual_blimp_incorrect_affected.test,23448.236328125,4463.23583984375,2636.2314453125,2458.53173828125,3580.01318359375,3664.893310546875,3166.743896484375,3052.61865234375,4294.4833984375,3437.772705078125,4591.14990234375,8132.7890625,5060.62109375
783,"For one thing, there am increasing concern, and that is undoubtedly true, on the part of experts too.",en_multilingual_blimp_incorrect_affected.test,39218.0703125,2144.169189453125,3375.539794921875,3455.07763671875,2934.860107421875,4689.75439453125,4763.95263671875,5412.91162109375,6704.31591796875,9592.55078125,6695.1796875,9107.9365234375,9201.4755859375
784,"Their minds are of the stay-at-home order, and their home is always with them – the ship; and so am their country – the sea.",en_multilingual_blimp_incorrect_affected.test,38973.484375,1361.4554443359375,2143.23291015625,2073.98876953125,1180.4002685546875,1356.9263916015625,1116.7010498046875,1076.739013671875,1625.614990234375,2020.2454833984375,1674.639404296875,1775.0343017578125,1490.3837890625
785,how much am a flight from washington to boston,en_multilingual_blimp_incorrect_affected.test,29440.25390625,3989.16796875,2207.400146484375,2113.75927734375,3033.025390625,3157.3291015625,2926.059814453125,2752.939453125,3781.842529296875,3977.953369140625,5700.55224609375,7930.8662109375,6062.95947265625
786,"Tindi Kente is a wonderful dancer, wonderful, 'm n't she... just like a snake brought out by music, and sometimes he 'll try with her.",en_multilingual_blimp_incorrect_affected.test,31347.20703125,2469.728271484375,2841.6640625,3685.611083984375,3352.313232421875,3768.007080078125,3081.009033203125,4086.250244140625,4422.74609375,6345.5400390625,7391.57666015625,6940.77099609375,8342.2001953125
787,"For one thing, there 'm increasing concern, and that is undoubtedly true, on the part of experts too.",en_multilingual_blimp_incorrect_affected.test,39876.90234375,2410.487548828125,4229.416015625,4759.7021484375,4327.666015625,5671.421875,5416.9599609375,6593.43017578125,7405.22900390625,11231.310546875,7760.90234375,11326.3642578125,11938.2255859375
788,In the corner 'm a girl in a headscarf and jeans who looks so unassuming I think it’s another assistant.,en_multilingual_blimp_incorrect_affected.test,34278.05859375,1127.0501708984375,865.6409301757812,775.3662719726562,668.2415161132812,671.11767578125,642.6786499023438,619.3197631835938,769.2417602539062,958.4924926757812,989.41357421875,1222.5137939453125,1399.8983154296875
789,"Their minds are of the stay-at-home order, and their home is always with them – the ship; and so 'm their country – the sea.",en_multilingual_blimp_incorrect_affected.test,37825.44140625,1458.05517578125,2373.736572265625,2299.16796875,1390.47998046875,1595.306640625,1291.3779296875,1297.6722412109375,1754.756103515625,2481.684326171875,2260.673828125,2076.619140625,2069.220458984375
790,This is whale meat that I photographed in a grocery store in Tokyo - or 'm it?,en_multilingual_blimp_incorrect_affected.test,38853.2421875,1701.2293701171875,1227.75634765625,920.4362182617188,758.4805297851562,559.6964111328125,466.9450988769531,484.4207458496094,400.0467529296875,589.6819458007812,451.5013427734375,593.2488403320312,679.5782470703125
791,But here 'm a mushroom that's past its prime.,en_multilingual_blimp_incorrect_affected.test,27979.205078125,1626.237548828125,1435.538330078125,1051.0728759765625,776.43408203125,889.326416015625,1076.6373291015625,848.8959350585938,1075.2315673828125,1150.823486328125,1498.2423095703125,1588.125,1166.54248046875
792,In the corner am a girl in a headscarf and jeans who looks so unassuming I think it’s another assistant.,en_multilingual_blimp_incorrect_affected.test,38752.40625,886.5498657226562,706.31884765625,704.2474975585938,541.919189453125,496.3782958984375,500.6222229003906,465.36224365234375,551.6090087890625,706.8440551757812,679.7830810546875,756.9247436523438,930.7883911132812
793,"You say I cook chicken, 'm n't it?",en_multilingual_blimp_incorrect_affected.test,30068.24609375,3659.52490234375,4419.3095703125,7845.32666015625,6541.90771484375,10962.7509765625,9626.4130859375,12920.2587890625,17173.068359375,18684.33203125,25628.04296875,21758.724609375,30740.341796875
794,"Tindi Kente is a wonderful dancer, wonderful, am n't she... just like a snake brought out by music, and sometimes he 'll try with her.",en_multilingual_blimp_incorrect_affected.test,33713.4609375,2677.55322265625,2950.529541015625,3747.17626953125,2881.307861328125,3369.602294921875,3131.14892578125,3558.9111328125,4360.3857421875,5979.4453125,6807.8095703125,6055.02001953125,7251.63232421875
795,"The answer is obvious, 'm n't it?",en_multilingual_blimp_incorrect_affected.test,37121.078125,5077.4296875,4924.63134765625,6276.12939453125,6014.64697265625,6164.748046875,4164.0830078125,6930.21484375,6902.0048828125,7242.7021484375,8929.4052734375,9450.70703125,11557.646484375
796,"You say I cook chicken, am n't it?",en_multilingual_blimp_incorrect_affected.test,31154.560546875,5867.31103515625,6301.48681640625,7665.6953125,7450.359375,11014.3720703125,9207.171875,8396.6279296875,12760.9677734375,13171.7333984375,15382.671875,10342.734375,16856.513671875
797,"The answer is obvious, am n't it?",en_multilingual_blimp_incorrect_affected.test,33259.12890625,6855.91259765625,6814.5654296875,7036.13525390625,5033.29638671875,5331.7119140625,5013.36767578125,5278.51318359375,6670.61669921875,5801.3056640625,5548.18603515625,7277.8134765625,10159.7841796875
798,What does the new al-Qaeda videotape and audio speeches of Bin Laden and Ayman al-Zawahiri tell us about the hopes of the remaining top leadership of the organization?,en_multilingual_blimp_incorrect_affected.test,37442.3125,2784.14306640625,1599.7529296875,1374.944580078125,970.0803833007812,1145.7454833984375,1160.3555908203125,1629.7564697265625,1686.08056640625,1902.106689453125,2049.677490234375,2550.6943359375,2790.97412109375
799,What does other Holga owners do when they need to change film when they are traveling?,en_multilingual_blimp_incorrect_affected.test,34467.16796875,1132.6639404296875,977.4827880859375,921.28369140625,568.5369262695312,675.3507080078125,613.3485717773438,873.583251953125,738.2396850585938,1056.23876953125,932.9029541015625,1399.56201171875,1257.119873046875
800,"Even the IP and ICDC have abandoned the neighbourhood, and those are trained and armed, so do n't expect scared civilians to do anything except to hide inside and pray a helicopter or a tank does n't bomb them, and also how is American soldiers going to distinguish the brave and valiant civilians from the Fedayeen?",en_multilingual_blimp_incorrect_affected.test,39077.6171875,2343.5078125,2313.95654296875,2810.749267578125,2486.50439453125,2286.518310546875,2047.275634765625,2168.77587890625,2559.472900390625,3182.5751953125,3298.2451171875,3166.429931640625,3779.271484375
801,"When those lucky enough not to have Herpes create a climate of shame and indignity for those of us who do, not only is they hurting us, but they are hurting themselves.",en_multilingual_blimp_incorrect_affected.test,31803.919921875,1184.6365966796875,1366.5291748046875,1257.642578125,799.1139526367188,746.2799682617188,655.96875,468.0958251953125,629.3565063476562,648.4755249023438,451.2787780761719,628.6630249023438,701.0210571289062
802,Is there any other way to communicate or does your friends only understand text.,en_multilingual_blimp_incorrect_affected.test,38393.44921875,641.7706909179688,599.5413208007812,490.3778076171875,317.2763977050781,348.7559814453125,231.25588989257812,278.2119445800781,322.3749694824219,336.1451416015625,357.6893615722656,317.3721923828125,357.0527038574219
803,What does french men find sexy?,en_multilingual_blimp_incorrect_affected.test,43239.71875,17113.525390625,8744.310546875,5118.25244140625,6515.89990234375,7788.60302734375,7426.0068359375,10040.2607421875,9742.8134765625,20841.474609375,16606.892578125,36187.171875,27867.306640625
804,Also how much does compact system cameras drop on boxing day?,en_multilingual_blimp_incorrect_affected.test,28743.4375,9631.455078125,7767.99609375,8932.01953125,10976.3603515625,13537.8232421875,9707.9765625,9989.154296875,12673.2578125,25672.3203125,12842.6435546875,21444.626953125,31104.240234375
805,How does these places stay in business.,en_multilingual_blimp_incorrect_affected.test,39305.19921875,998.9058837890625,1206.6146240234375,763.8004760742188,378.2439270019531,469.8878173828125,480.4859924316406,542.7035522460938,614.4949340820312,850.12646484375,830.7977294921875,869.51513671875,999.5729370117188
806,How is things going with you?,en_multilingual_blimp_incorrect_affected.test,36782.77734375,935.064697265625,834.9240112304688,535.4407348632812,301.28106689453125,319.0647888183594,479.4345703125,319.3812561035156,281.0001525878906,467.25244140625,640.327880859375,621.1433715820312,905.24755859375
807,"It looks good on paper, but what does they really have?",en_multilingual_blimp_incorrect_affected.test,38233.62890625,1047.5145263671875,1715.005615234375,1254.1375732421875,1406.951171875,1482.8865966796875,1240.8427734375,1527.5484619140625,2015.9017333984375,2431.28564453125,3054.173583984375,1937.1368408203125,2707.5400390625
808,"People like this will never have my sympathy, nor does they deserve my sympathy.",en_multilingual_blimp_incorrect_affected.test,37382.05078125,877.1780395507812,1305.2247314453125,1546.50732421875,1395.428466796875,1369.2041015625,1407.16845703125,1358.9466552734375,1298.5146484375,1194.33544921875,1201.9482421875,1312.2659912109375,1466.892822265625
809,But does they know what they have heard?,en_multilingual_blimp_incorrect_affected.test,44764.1875,499.2419738769531,384.1116943359375,469.1908264160156,326.63232421875,441.90545654296875,367.7632141113281,457.2031555175781,509.5330810546875,522.0027465820312,633.9046630859375,670.1142578125,657.5040893554688
810,"Struggling against the currents of human nature and society, they may lose more often than they win - but only rarely does they give up.",en_multilingual_blimp_incorrect_affected.test,30608.84765625,1368.689697265625,947.8991088867188,761.3013916015625,601.9808349609375,464.0134582519531,517.9120483398438,466.2749328613281,639.063232421875,759.1336059570312,814.1904296875,675.4749755859375,912.3523559570312
811,What does they want to hear how you had to go round to the back door of the missionary 's house?,en_multilingual_blimp_incorrect_affected.test,30003.107421875,392.66064453125,252.24569702148438,192.78732299804688,210.9258575439453,210.9447784423828,177.9946746826172,153.23605346679688,225.04551696777344,211.78411865234375,251.451904296875,206.3812713623047,250.2006072998047
812,"The below site from the US government verify this-it 's the same for Canada ,too.....",en_multilingual_blimp_incorrect_affected.test,29367.12109375,1961.4083251953125,1303.5167236328125,1516.7108154296875,1209.7872314453125,1327.303955078125,1365.801513671875,2018.9490966796875,3051.663818359375,3305.096435546875,3780.32763671875,4067.684326171875,4274.20947265625
813,"Typically, a developer creates an XSL transformation file that, when applied to an XML document during export, interpret or transforms the XML data into a presentation format that can be recognized by another application, such as Service Advertising Protocol (SAP) or a custom purchase order format.",en_multilingual_blimp_incorrect_affected.test,36876.27734375,5435.88525390625,5112.13525390625,3942.84716796875,2885.431396484375,2785.56396484375,2933.17724609375,3210.229248046875,4181.912109375,6138.77001953125,5725.72412109375,6320.37939453125,5427.767578125
814,"In the best case, the clamoring for a ""refund"" subside.",en_multilingual_blimp_incorrect_affected.test,42566.26171875,3257.662353515625,4683.44775390625,4063.148193359375,3254.73388671875,3329.67529296875,3002.820068359375,4241.05224609375,3797.158447265625,2627.34912109375,3794.9208984375,4407.2470703125,4197.97509765625
815,Can you accept that the road we are travelling point toward a grim and painful future?,en_multilingual_blimp_incorrect_affected.test,40014.19921875,1591.3277587890625,1264.184326171875,1544.8555908203125,1423.9791259765625,1369.2308349609375,1355.6239013671875,1354.9324951171875,1438.7550048828125,1514.063232421875,1970.2186279296875,1783.405517578125,1269.5419921875
816,Scientific research to develop products like irradiated sterile insects or the Oxitec mosquitoes proceed progressively from more to less contained conditions – from the laboratory to confined trials to limited field trials.,en_multilingual_blimp_incorrect_affected.test,32782.48828125,6483.6171875,4753.82275390625,3589.28076171875,2443.81787109375,2123.09619140625,1742.65283203125,1642.27880859375,1868.1820068359375,1847.482666015625,2108.406005859375,2786.33056640625,2287.877197265625
817,"""Balzac's use of repeating characters, moving in and out of the Comédie's books, strengthen the realist representation.",en_multilingual_blimp_incorrect_affected.test,37198.796875,3639.581787109375,3067.88525390625,4846.42333984375,4603.1357421875,4259.98681640625,3985.8330078125,4028.764892578125,4325.11181640625,6891.0673828125,6712.78076171875,7483.78564453125,8050.3984375
818,"Like The Two Gentlemen of Verona, in which two friends appear to approve of rape, the Shrew's story of the taming of a woman's independent spirit by a man sometimes trouble modern critics and directors.",en_multilingual_blimp_incorrect_affected.test,39104.83203125,2237.81103515625,1867.32958984375,2190.042236328125,1754.6363525390625,1568.5626220703125,1554.935302734375,1362.69921875,1695.9185791015625,2254.201171875,2688.250732421875,2755.71728515625,4261.3115234375
819,The feeling of being swept along and of uncertainty as regards the future prevent you from seeing things in any perspective whatsoever.,en_multilingual_blimp_incorrect_affected.test,30103.306640625,2185.0458984375,1335.34912109375,895.0134887695312,807.7237548828125,651.1168823242188,643.3605346679688,712.6185913085938,592.1954956054688,820.8743286132812,746.4703979492188,971.5645141601562,1168.17236328125
820,"750,000 - Tons of toxic waste the US military, the world 's biggest polluter, generate around the world each year.",en_multilingual_blimp_incorrect_affected.test,38677.12109375,2043.1912841796875,1897.7083740234375,1406.803466796875,1133.301513671875,1072.097412109375,1092.565673828125,1263.3394775390625,1361.9805908203125,1810.8231201171875,1494.5804443359375,1451.1046142578125,1691.47265625
821,"Your love life is full, and any dissatisfaction with career and money matters fade into the background.",en_multilingual_blimp_incorrect_affected.test,32354.029296875,2438.5341796875,1808.540771484375,1136.544189453125,1005.99609375,1566.804443359375,1363.90771484375,1924.6383056640625,1782.7047119140625,1941.61181640625,2936.500732421875,2902.8583984375,2654.547119140625
822,Examination of three views of the right foot demonstrate the second through fifth metatarsal head fractures.,en_multilingual_blimp_incorrect_affected.test,29624.6171875,3914.63818359375,1872.1441650390625,1304.4306640625,921.2520141601562,1064.2945556640625,1160.0911865234375,1304.0091552734375,1293.87353515625,1850.788330078125,2199.880615234375,2800.2119140625,2776.28955078125
823,"In this scenario, pieces of option three remain stubbornly impervious to artificial intelligence and continue to be mind-numbingly boring, while option four – engaging in social reciprocity and negotiation – remain limited.",en_multilingual_blimp_incorrect_affected.test,30216.287109375,5944.26806640625,3780.37109375,3273.723388671875,2719.128662109375,2633.549072265625,2391.555419921875,2726.630615234375,3150.811279296875,2923.40283203125,3587.898193359375,3601.7724609375,4225.771484375
824,"Yet a superficial fixation on China's headline GDP growth persist, so that a 25% deceleration, to a 7-8% annual rate, is perceived as somehow heralding the end of the modern world's greatest development story.",en_multilingual_blimp_incorrect_affected.test,35934.19921875,3111.2294921875,3624.9189453125,3429.164306640625,2767.890869140625,2558.852783203125,2135.47705078125,2149.9423828125,3162.22900390625,3934.748291015625,3358.361083984375,3876.12548828125,3984.172119140625
825,"Then every element of S strictly precede x, as x is in T.",en_multilingual_blimp_incorrect_affected.test,43661.4296875,2429.484619140625,3566.9404296875,3817.86279296875,4556.28564453125,3739.964599609375,4016.393310546875,4427.8525390625,8522.2529296875,11414.3818359375,13804.2138671875,10923.6357421875,11606.6455078125
826,"Now, NASA engineers and astronauts are almost giddy with ""go"" fever as the tentative date for the first launch since the Columbia disaster approach.",en_multilingual_blimp_incorrect_affected.test,35076.921875,3588.240478515625,3421.0439453125,4343.53955078125,3214.962890625,2809.61328125,2507.955810546875,2581.625244140625,2687.14990234375,2161.431396484375,3131.71923828125,4997.7958984375,5532.45703125
827,"Your learning of concepts of all kinds combine with extensive group activity, bringing your mind into a whole new space this year.",en_multilingual_blimp_incorrect_affected.test,35325.609375,1597.0478515625,1471.2618408203125,1512.5982666015625,1242.367919921875,957.2861328125,1182.2698974609375,991.538330078125,1063.158447265625,1608.7081298828125,1573.8648681640625,2475.6708984375,1510.598876953125
828,The default view – the view in which the object is open when you carry out the Save As command – determine the design of the data access page.,en_multilingual_blimp_incorrect_affected.test,36022.4140625,1181.6431884765625,817.013916015625,559.419189453125,440.14776611328125,463.1895446777344,557.6116333007812,550.0436401367188,498.4078063964844,576.6458740234375,555.9608154296875,765.6846923828125,842.2061767578125
829,"If the snake is not pregnant or shedding, and its enclosure is properly equipped, a loss of appetite probably signal a beginning of hibernation.",en_multilingual_blimp_incorrect_affected.test,34040.25,2498.71923828125,2359.392822265625,1767.1767578125,1277.6103515625,1222.8431396484375,1077.4642333984375,1427.3760986328125,1629.2529296875,2034.0418701171875,2380.604736328125,2521.289306640625,2074.0986328125
830,"Also, every element of S strictly precede x, as x is in T.",en_multilingual_blimp_incorrect_affected.test,37559.22265625,2661.095703125,4018.389404296875,6525.18359375,5418.64990234375,5190.376953125,3703.35107421875,4687.3759765625,6581.14892578125,8726.6572265625,8044.6728515625,7074.095703125,7080.109375
831,"The problem with this argument is that Bush lacked the experience necessary to be president when he ran in 2000, so this sort of cheap shot just hoist him by his own petard.",en_multilingual_blimp_incorrect_affected.test,35256.78125,1089.587646484375,841.4804077148438,755.9058227539062,765.6317138671875,863.6771240234375,878.4844970703125,951.1970825195312,1082.6942138671875,985.226318359375,1087.9259033203125,1451.7489013671875,1550.3621826171875
832,Our project of a Europe that aims to satisfy social needs envisage the convergence of living conditions towards the highest common denominator.,en_multilingual_blimp_incorrect_affected.test,35458.15625,3709.791259765625,1687.934814453125,1130.836181640625,671.7791748046875,463.1409912109375,405.6871643066406,433.4871826171875,558.3430786132812,615.3109130859375,482.4599304199219,650.840576171875,609.5748291015625
833,"China 's strong hand in this even extend to the diplomatic realm; China is a permanent member of the United Nations Security Council, and could veto any actions against Iran proposed by the United States.",en_multilingual_blimp_incorrect_affected.test,33398.34375,1812.9425048828125,1236.1107177734375,1224.87060546875,961.20654296875,884.9756469726562,830.5929565429688,872.5953369140625,1221.7154541015625,1246.462890625,1691.7606201171875,1372.02685546875,1779.7999267578125
834,"Let me join the chorus of annoyance over Google 's new toolbar , which, as noted in the linked article, commit just about every sin an online marketer could commit, and makes up a few new ones besides.",en_multilingual_blimp_incorrect_affected.test,33366.22265625,2358.534423828125,2456.533935546875,2122.632568359375,2208.74462890625,2009.017333984375,1962.720947265625,1767.458251953125,2088.172119140625,1952.5908203125,2007.50634765625,2240.661865234375,2896.14990234375
835,"In the next week or so, we 'll be sending around a discussion paper which we hope crystallize the issues, and we will try to talk to as many of you as possible before the meeting to go through it.",en_multilingual_blimp_incorrect_affected.test,35657.00390625,512.0830078125,506.8019714355469,490.91241455078125,340.1756286621094,285.5766296386719,286.3778076171875,304.08306884765625,355.5458984375,276.45916748046875,325.05865478515625,359.3544616699219,413.6138610839844
836,"Indeed, its three-year plan for economic innovation, announced in February, aim to raise the female employment rate to 62% by 2017, through the provision of affordable, high-quality childcare facilities and expanded paid parental leave, among other measures.",en_multilingual_blimp_incorrect_affected.test,32175.0703125,6328.61181640625,7680.53564453125,7615.72998046875,6496.26806640625,6361.83349609375,4798.57470703125,6044.2080078125,6595.79443359375,8548.3662109375,5096.96142578125,8572.2119140625,8609.3583984375
837,"Al Qaeda members and sympathizers feel that the FBI 's involvement in countries like Egypt, Saudi Arabia, Pakistan, Indonesia, and the Philippines interfere with the sovereignty of those countries.",en_multilingual_blimp_incorrect_affected.test,39604.21875,4055.680419921875,2483.738525390625,2455.043212890625,2360.567626953125,2468.740478515625,1848.181396484375,2702.32763671875,2425.935546875,2796.73583984375,2798.391357421875,2848.9306640625,2950.77001953125
838,I have to say the value of this place always amaze me.,en_multilingual_blimp_incorrect_affected.test,40092.6953125,496.9516296386719,374.6636657714844,417.2265625,165.935302734375,112.18973541259766,99.18773651123047,86.37837982177734,77.05699157714844,77.7484359741211,83.69588470458984,107.4310073852539,106.13865661621094
839,"The mycelium, in the right conditions, produce a mushroom - it bursts through with such ferocity that it can break asphalt.",en_multilingual_blimp_incorrect_affected.test,38707.01171875,2765.38427734375,1707.2462158203125,1380.4700927734375,1085.9879150390625,1012.2221069335938,1048.2899169921875,836.1367797851562,949.4769897460938,1093.5157470703125,1260.410888671875,1379.1864013671875,1097.233154296875
840,The title page of the 1594 edition of Titus Andronicus reveal that the play had been acted by three different troupes.,en_multilingual_blimp_incorrect_affected.test,29473.880859375,3114.21875,2369.300537109375,1300.73193359375,1250.2427978515625,1432.36572265625,1193.688232421875,1363.1365966796875,1150.9453125,1303.2811279296875,1807.095947265625,2125.928466796875,2927.55419921875
841,"In the photo on the couch, the pillow she is resting on clash with everything else in the shot.",en_multilingual_blimp_incorrect_affected.test,47222.40625,878.45849609375,1024.2086181640625,907.9022216796875,590.6596069335938,775.3984985351562,832.0068969726562,793.1713256835938,861.1127319335938,1088.5152587890625,1090.5482177734375,1162.276611328125,953.9310913085938
842,"But Carney argues that, on the contrary, the rest of the British economy benefit from having a global financial center in its midst.",en_multilingual_blimp_incorrect_affected.test,43551.390625,1671.655517578125,1318.4156494140625,1028.4775390625,785.5021362304688,689.8684692382812,753.8465576171875,753.2698974609375,950.6502685546875,1079.9779052734375,833.738037109375,820.044921875,1161.2003173828125
843,"(11) The approach set out in the Green Paper on Integrated Product Policy, which is a major innovative element of the Sixth Community Environment Action Programme, aim to reduce the environmental impacts of products across the whole of their life cycle.",en_multilingual_blimp_incorrect_affected.test,41325.5078125,2158.252197265625,1484.792724609375,1418.80712890625,1233.458251953125,912.9463500976562,785.0367431640625,737.8624267578125,908.8833618164062,881.557373046875,772.5346069335938,1005.0467529296875,859.84326171875
844,"Remember that what you do to yourself affects me and everybody else, remember that what you do to me and anyone else shape your destiny.",en_multilingual_blimp_incorrect_affected.test,34983.41015625,487.8766174316406,397.4208679199219,340.22186279296875,258.7438659667969,185.19906616210938,152.25765991210938,110.25811767578125,144.79637145996094,131.76507568359375,175.22142028808594,153.06808471679688,172.2227020263672
845,"Of course the paper written by Mr Eichelberger and his Egyptian collaborators state that the purpose of the Nasser seizure of power was ""to solve the pressing social and political problems which made the revolution necessary.""",en_multilingual_blimp_incorrect_affected.test,38316.81640625,2277.969970703125,1582.829833984375,1252.343017578125,1233.7041015625,1137.017333984375,912.4232177734375,1104.9285888671875,1056.9774169921875,1456.04296875,1361.9228515625,1782.9368896484375,1973.5989990234375
846,"Today, the dominant method for reducing insect populations – the so-called ""sterile insect technique"" (SIT) – rely on radiation to sterilize males, which are then released into infested areas to mate.",en_multilingual_blimp_incorrect_affected.test,34408.9375,7444.44287109375,4683.599609375,5126.9287109375,4069.446044921875,3411.34814453125,2973.73876953125,3265.802978515625,3377.9873046875,4453.43115234375,3913.529296875,5090.1123046875,6106.30615234375
847,"The name ""Caribbean"" derive from the Caribs, one of the dominant Native American groups in the region at the time of European contact during the late 15th century.",en_multilingual_blimp_incorrect_affected.test,42809.95703125,1924.6373291015625,1244.353515625,1076.6748046875,683.6299438476562,684.4068603515625,554.4144897460938,699.9615478515625,740.5836791992188,947.7706909179688,874.657470703125,882.9553833007812,1276.9288330078125
848,"The centrality of a father in this novel match Balzac's own position - not only as mentor to his troubled young secretary, Jules Sandeau, but also the fact that he had (most likely) fathered a child, Marie-Caroline, with his otherwise-married lover, Maria Du Fresnay.",en_multilingual_blimp_incorrect_affected.test,33789.1328125,3895.733642578125,5108.15869140625,6089.51123046875,4550.5966796875,4338.55908203125,3316.22607421875,3425.970703125,4281.5244140625,4336.79296875,4736.9697265625,5713.990234375,5202.9052734375
849,Another theme of the Skylark novels involve precursors of modern information technology.,en_multilingual_blimp_incorrect_affected.test,31360.42578125,4858.41357421875,2177.702392578125,1152.9578857421875,722.4727783203125,713.5716552734375,528.1776123046875,407.3909606933594,518.1408081054688,425.8339538574219,400.3744201660156,353.35211181640625,525.7905883789062
850,"Article 6 of the Gallup Compression Services Agreement (which I am sending to you separately) with ECS obligate ECS to ""work in good faith with CDEC"" to establish an automated system that would automatically have alerted us to peak loading conditions on CDEC 's system.",en_multilingual_blimp_incorrect_affected.test,37382.65625,4292.4814453125,2095.1689453125,1944.8402099609375,1338.8621826171875,1297.414306640625,1099.1612548828125,1165.58837890625,1380.9710693359375,1460.19873046875,1468.3245849609375,1715.9169921875,1557.5430908203125
851,"If you move the line downward, the distance between the moving line and the nearest parallel line below remain constant, and the perpendicular line above the moving line lengthens.",en_multilingual_blimp_incorrect_affected.test,36767.8359375,2685.760009765625,2769.641357421875,2154.010986328125,1100.4713134765625,1627.218017578125,1415.8402099609375,1279.404541015625,1570.359375,1414.97021484375,2195.1455078125,1658.0860595703125,1297.180419921875
852,"If you move the line to the right, the distance between the moving line and the nearest parallel line to the right remain constant, and the perpendicular line to the left of the moving line lengthens.",en_multilingual_blimp_incorrect_affected.test,43073.28125,1130.5245361328125,956.3690795898438,797.198486328125,464.6549072265625,558.9552001953125,440.5605773925781,452.18695068359375,542.575439453125,535.6278686523438,785.75048828125,554.1438598632812,414.41876220703125
853,"If you move the line to the left, the distance between the moving line and the nearest parallel line to the right remain constant, and the perpendicular line to the left of the moving line contracts.",en_multilingual_blimp_incorrect_affected.test,41740.05078125,1132.672607421875,878.7597045898438,793.1909790039062,473.6190185546875,595.0032958984375,452.06317138671875,476.8966064453125,581.6414794921875,550.6329956054688,851.1661376953125,575.3673095703125,372.05926513671875
854,"A MILNET brief issued in February 2005 report, ""Due to its position astride the Persian Gulf, Iran has constantly been a threat to the Gulf.",en_multilingual_blimp_incorrect_affected.test,37603.2734375,4762.7578125,3282.2421875,3373.37060546875,1456.9833984375,1535.3094482421875,1400.8507080078125,2192.735107421875,2208.8466796875,2474.1259765625,2460.208740234375,2560.527587890625,3106.201171875
855,The delicacy of the light also affect me.,en_multilingual_blimp_incorrect_affected.test,28969.869140625,1819.993896484375,1395.3812255859375,927.7725219726562,931.4552001953125,949.5525512695312,1599.9527587890625,984.25244140625,1113.7432861328125,1506.94921875,1918.4332275390625,2893.82666015625,1111.3692626953125
856,"In Othello, the villain Iago stoke Othello's sexual jealousy to the point where he murders the innocent wife who loves him.",en_multilingual_blimp_incorrect_affected.test,44243.30078125,4649.28369140625,3028.12646484375,3556.708740234375,2657.418212890625,1831.388671875,1468.1187744140625,1813.8798828125,1682.0943603515625,1830.9136962890625,1753.0985107421875,2393.814453125,3012.776123046875
857,"Furthermore, I would like to reiterate that RAC 's goal, prior to quoting any credit reserve, is to be 100% confident that: (i) the methodology that is being employed is consistent among the internal groups; and (ii) the inherent value of the price risk management contracts match.",en_multilingual_blimp_incorrect_affected.test,31475.630859375,3189.618408203125,3596.740234375,4083.24658203125,2635.457275390625,2400.41796875,2299.835693359375,2860.39892578125,3977.331298828125,4064.109375,4350.3212890625,4210.7861328125,5097.9482421875
858,"The ever increasing volume of goods passing through Europe entail all kinds of risks, known and unknown, for employees and the social environment.",en_multilingual_blimp_incorrect_affected.test,35567.4453125,2770.963623046875,3445.679931640625,2997.981201171875,2391.154296875,2492.494140625,2278.12109375,2500.337890625,2997.90966796875,2967.357421875,2570.8837890625,2492.976806640625,2776.34130859375
859,"The media routinely obscures the lines between terrorism and legitimate resistance, as the recent article by Daniel Okrent of The New York Times demonstrate .",en_multilingual_blimp_incorrect_affected.test,35095.08984375,5711.5712890625,2583.358154296875,2005.84521484375,1618.3480224609375,1683.993896484375,1545.3551025390625,1807.0589599609375,2548.057861328125,2579.978759765625,2920.378173828125,3085.5078125,3884.9296875
860,"Mr President, the priority given to financial and monetary criteria reinforce the increase in inequalities of every shape and form.",en_multilingual_blimp_incorrect_affected.test,36716.2578125,4511.83056640625,3511.117431640625,2295.32080078125,2634.473388671875,2302.065185546875,2361.794921875,2588.929443359375,2798.60888671875,3480.0546875,4376.80908203125,5000.7998046875,4856.7919921875
861,"It is also a fact that almost everybody in the region blame this situation on the United States, on Israel, on Western Civilization, on Judaism and Christianity, on anyone and anything, except themselves.",en_multilingual_blimp_incorrect_affected.test,39155.32421875,1419.4573974609375,3239.779541015625,3557.645263671875,2393.56103515625,2085.893310546875,2065.1123046875,2290.9755859375,2738.15087890625,3080.101318359375,3048.365478515625,3161.656005859375,2967.370361328125
862,"If you move the line upward, the distance between the moving line and the nearest parallel line below remain constant, and the perpendicular line above the moving line contracts.",en_multilingual_blimp_incorrect_affected.test,34094.01953125,2626.87060546875,2681.27880859375,2274.43701171875,1154.1575927734375,1656.073486328125,1292.67041015625,1150.0076904296875,1332.200927734375,1213.9820556640625,1916.590087890625,1425.8387451171875,963.8897705078125
863,"As the hysteria of the 2016 Presidential election intensify, a more troubling threat than bullshit preoccupies Karel.",en_multilingual_blimp_incorrect_affected.test,39717.12109375,7651.7587890625,4662.337890625,3744.72216796875,3710.392822265625,3391.628662109375,2955.508544921875,2542.305419921875,2609.055419921875,3930.07568359375,2272.53564453125,5049.10888671875,4780.810546875
864,"Mr President, I would once again like to congratulate Mr Koch on his magnificent work on this other report, which in a way supplement the debate which we held in October on rail transport.",en_multilingual_blimp_incorrect_affected.test,34560.48046875,1444.0701904296875,2229.464111328125,1860.38671875,1568.44140625,1540.3809814453125,1333.418701171875,1844.1907958984375,2402.023193359375,2348.242919921875,3140.6201171875,3137.81787109375,3498.923583984375
865,"As the hysteria of the 2016 Presidential election intensifies, a more troubling threat than bullshit preoccupy Karel.",en_multilingual_blimp_incorrect_affected.test,37938.8828125,7425.87939453125,4400.3466796875,4013.46435546875,3663.062255859375,3425.6015625,2701.39501953125,2314.906494140625,2244.27392578125,3327.142333984375,1658.3074951171875,5101.75634765625,3744.62939453125
866,"(And, a piece of shrapnel in the forearm that caused only a minor wound would have killed had it hit an eye and gone into the brain; the shrapnel being in your body demonstrate you were in mortal danger and did n't absent yourself from it.",en_multilingual_blimp_incorrect_affected.test,33555.296875,1649.4754638671875,1344.787109375,1432.8623046875,1009.17578125,895.0160522460938,852.6223754882812,727.6033325195312,880.8078002929688,1181.391357421875,985.028076171875,1260.75830078125,1259.7127685546875
867,"Remember that what you do to yourself affect me and everybody else, remember that what you do to me and anyone else shapes your destiny.",en_multilingual_blimp_incorrect_affected.test,34473.48046875,474.5390930175781,430.73748779296875,348.5739440917969,247.96238708496094,210.45709228515625,164.8882598876953,121.51091003417969,167.4739227294922,158.2540740966797,201.90859985351562,192.3359375,203.96771240234375
868,A nearly infinite reserve of energy propel the characters in Balzac's novels.,en_multilingual_blimp_incorrect_affected.test,32301.033203125,5542.2578125,3047.4033203125,3663.568603515625,2311.330810546875,2589.699951171875,2904.507568359375,2886.97265625,3894.64501953125,7267.611328125,6194.078125,6854.984375,8116.2626953125
869,"A second set of problems concern the need to ensure that the economic system is perceived as fundamentally fair, which is the key to its political sustainability.",en_multilingual_blimp_incorrect_affected.test,39535.94921875,1063.1280517578125,898.953125,828.5238037109375,568.0025634765625,436.09881591796875,431.3207702636719,439.2658996582031,555.7659912109375,567.2936401367188,629.511962890625,797.96142578125,767.2598876953125
870,South Korea's success over the last five decades owe much to the rapid growth of its well-educated labor force.,en_multilingual_blimp_incorrect_affected.test,47016.421875,2547.09814453125,1475.3175048828125,1119.9891357421875,968.2171020507812,587.7719116210938,405.16156005859375,372.83624267578125,373.2873840332031,367.0888671875,320.3360290527344,364.9404296875,459.50567626953125
871,"The introduction of interim targets increase the predictability of the policy, allows for accommodating product development cycles and facilitates long term planning for interested parties.",en_multilingual_blimp_incorrect_affected.test,34580.5625,5610.60009765625,3044.17041015625,2071.171142578125,1726.4393310546875,1712.0740966796875,1389.9359130859375,1385.374267578125,1573.0439453125,1709.7447509765625,1866.2757568359375,2043.392822265625,2095.384521484375
872,"He always hug me when he comes, but he gave me at least 5 tight, long, back rubbing hugs while he was there.",en_multilingual_blimp_incorrect_affected.test,37414.43359375,1731.8936767578125,1800.4456787109375,1961.7572021484375,1120.04736328125,1664.100341796875,1776.72705078125,1581.1273193359375,1845.393310546875,2067.053955078125,2469.067626953125,3488.42822265625,3247.989990234375
873,The 1616 edition of Ben Jonson's Works name him on the cast lists for Every Man In His Humour (1598) and Sejanus His Fall (1603).,en_multilingual_blimp_incorrect_affected.test,28961.05859375,6333.60546875,4287.42431640625,4208.86279296875,3992.368896484375,3755.97412109375,3851.775634765625,3637.48974609375,5786.63525390625,7019.75439453125,7382.51708984375,8922.041015625,10001.1650390625
874,"With the default installation of the Microsoft SQL Server 2000 Desktop Engine with integrated security, the user must be a member of the administrator group for the machine on which the Access project reside.",en_multilingual_blimp_incorrect_affected.test,39238.0859375,1775.8240966796875,1116.0350341796875,1169.7197265625,634.4017944335938,550.6989135742188,501.3470153808594,634.7900390625,725.7865600585938,745.830322265625,595.3296508789062,798.0436401367188,684.5200805664062
875,"11. In Events of Default, clause (a) refers to a dispute section which I 'm not sure exist.",en_multilingual_blimp_incorrect_affected.test,32138.26953125,3727.011474609375,3866.04736328125,3867.75830078125,2590.903076171875,2817.184814453125,2173.414794921875,2358.00048828125,2236.512939453125,2432.1435546875,2406.06396484375,3161.978759765625,2847.86328125
876,"There 's holes everywhere in the ceiling, sewage constantly leak through the ceiling, and the whole condition of the school is horrible.",en_multilingual_blimp_incorrect_affected.test,35591.50390625,1325.8004150390625,1741.8619384765625,1592.37451171875,1612.812744140625,1926.3580322265625,1511.925537109375,1844.9498291015625,1898.501220703125,2885.8837890625,2672.1298828125,3302.9443359375,2757.99267578125
877,"Which 's good, anything good count.",en_multilingual_blimp_incorrect_affected.test,22757.455078125,4981.93017578125,6088.81982421875,10653.212890625,5858.31494140625,7483.57177734375,14897.9404296875,18834.341796875,14369.57421875,16931.787109375,49505.0390625,49710.546875,49038.25
878,This Amendment amend the Transaction Fee referenced in subparagraph (c) of the Fee Schedule to the Subscription Agreement.,en_multilingual_blimp_incorrect_affected.test,31074.322265625,6182.0517578125,2666.237060546875,1480.6009521484375,1808.2364501953125,2571.479736328125,2340.150146484375,2161.02099609375,2603.430908203125,1926.339599609375,1866.4954833984375,2755.215087890625,2883.7822265625
879,"His cassock, dark red, swell with the body.",en_multilingual_blimp_incorrect_affected.test,33743.3125,4487.97021484375,8674.01953125,8579.61328125,8690.1240234375,18066.6953125,13270.75,20770.697265625,18281.072265625,30008.544921875,57231.44921875,58312.5625,52729.36328125
880,"No written contemporary description of Shakespeare's physical appearance survive, and no evidence suggests that he ever commissioned a portrait, so the Droeshout engraving, which Ben Jonson approved of as a good likeness, and his Stratford monument provide the best evidence of his appearance.",en_multilingual_blimp_incorrect_affected.test,37367.5078125,3514.95703125,4738.96240234375,6952.205078125,5727.47705078125,5778.03271484375,6009.7734375,6553.62841796875,8344.826171875,8811.8505859375,7384.5869140625,7489.48388671875,7920.20849609375
881,"It has two parts, both of which are timed for 90 seconds each and the differential between the resulting two scores determine the likelihood of having a learning disability or attention deficit disorder.",en_multilingual_blimp_incorrect_affected.test,35195.4375,2453.932373046875,1711.5458984375,1107.7921142578125,870.7428588867188,642.4271240234375,536.1294555664062,509.6169128417969,539.724609375,634.5034790039062,752.9437866210938,738.4263305664062,707.7422485351562
882,"As it stands, while the services sector account for more than 70% of employment in South Korea, its productivity-growth rate remains much lower than that of the manufacturing sector.",en_multilingual_blimp_incorrect_affected.test,41286.27734375,3029.0478515625,2210.651611328125,2202.4365234375,1551.538818359375,1317.6507568359375,978.0515747070312,1176.900634765625,1208.7332763671875,1509.0238037109375,883.5272827148438,1274.3551025390625,1035.962890625
883,The historical city hall in Obermarsberg originate from the 13th century and was refurbished after the Thirty Years ' War.,en_multilingual_blimp_incorrect_affected.test,33382.99609375,3567.552490234375,785.619384765625,528.808837890625,415.3232421875,337.8309326171875,230.77220153808594,291.6699523925781,243.9679718017578,275.1385498046875,261.7326965332031,266.7008972167969,253.61325073242188
884,Perhaps that 's why a surge of tears cloud his pupils while the syllable of time unearths his crop and surrenders his mystery to the bound waters.,en_multilingual_blimp_incorrect_affected.test,33089.5546875,2358.85595703125,1974.058349609375,1816.5111083984375,1351.767822265625,1293.8753662109375,1421.254150390625,1419.211669921875,1634.48828125,1731.1513671875,2482.57568359375,3001.60888671875,2681.257080078125
885,"I really like the MIUI, but a process crash repeatedly about every 3 seconds.",en_multilingual_blimp_incorrect_affected.test,34893.55078125,2814.966552734375,3002.6826171875,5335.41455078125,5145.5869140625,5493.3095703125,5122.83837890625,9131.6103515625,9249.423828125,10727.4736328125,17200.556640625,15975.552734375,14158.294921875
886,"This strength of design ensure that a Shakespeare play can survive translation, cutting and wide interpretation without loss to its core drama.",en_multilingual_blimp_incorrect_affected.test,34610.6484375,5690.9697265625,4842.47314453125,4858.1494140625,4391.806640625,4197.6953125,3692.72509765625,4425.171875,3913.01806640625,5000.4609375,5325.72998046875,6516.49658203125,6582.642578125
887,"Meats are kept VERY cold, seafood smell fresh and the serving bar is VERY clean.",en_multilingual_blimp_incorrect_affected.test,32041.6875,6705.09033203125,5608.19775390625,6445.0927734375,6165.37744140625,7392.81689453125,6791.63037109375,5408.0302734375,6760.25732421875,11279.259765625,10988.9609375,21997.685546875,15929.6376953125
888,Someone observe that the Church is a worshiper of success and always follows the majorities.,en_multilingual_blimp_incorrect_affected.test,50552.49609375,1489.26904296875,1325.6058349609375,1310.3056640625,1436.83544921875,1386.4342041015625,1340.4169921875,1529.2589111328125,1583.3326416015625,1930.427734375,1838.382080078125,1939.0933837890625,1884.919189453125
889,Entitlement to free abortions equate with women having the right to manage their lives and make decisions about their own bodies.,en_multilingual_blimp_incorrect_affected.test,30933.9375,1322.744140625,748.259765625,493.40753173828125,312.43463134765625,248.26406860351562,279.5628967285156,296.88067626953125,261.81768798828125,358.77337646484375,396.70233154296875,409.8979797363281,423.8072509765625
890,"As the American public gradually weary of the Iraq crisis, some have begun worrying that the war could blow back on the US by creating the conditions for anti-American terrorism.",en_multilingual_blimp_incorrect_affected.test,39034.1875,1642.564697265625,1253.198486328125,1069.4434814453125,928.067626953125,738.0929565429688,698.1928100585938,652.97802734375,833.1558837890625,914.1730346679688,1077.2432861328125,953.985595703125,855.5416259765625
891,"If you move the line upward, the distance between the moving line and the nearest parallel line below remains constant, and the perpendicular line above the moving line contract.",en_multilingual_blimp_incorrect_affected.test,36191.07421875,2470.45849609375,2554.71484375,2169.77392578125,1171.4683837890625,1707.3658447265625,1347.0018310546875,1234.339599609375,1482.6695556640625,1320.0662841796875,2132.502685546875,1730.4713134765625,1095.742431640625
892,"He is pimply, his neck is thin, his blue eyes goggle, his underlip extrude.",en_multilingual_blimp_incorrect_affected.test,42745.41796875,7961.3828125,13591.26171875,12133.779296875,12298.5107421875,12434.798828125,15298.330078125,11159.4248046875,16130.2666015625,29922.755859375,40320.11328125,34603.6875,29696.462890625
893,Our letter agreement simply memorialize that we will charge the same negotiated rate whether the gas flows on primaries or alternates.,en_multilingual_blimp_incorrect_affected.test,37246.50390625,4307.30126953125,2333.434326171875,1492.0966796875,1282.693359375,1116.0648193359375,1342.0894775390625,1697.226806640625,2608.030517578125,2203.16650390625,2676.020263671875,2972.071533203125,3169.8681640625
894,"Habitat destruction vastly increase an area 's vulnerability to natural disasters like flood and drought, crop failure, spread of disease, and water contamination.",en_multilingual_blimp_incorrect_affected.test,31106.671875,8923.0791015625,6532.64892578125,5289.57421875,4499.6572265625,4558.59326171875,5135.0810546875,5918.931640625,7811.9091796875,9566.4873046875,9936.39453125,7697.45947265625,11191.9111328125
895,"These include two operas by Giuseppe Verdi, Otello and Falstaff, whose critical standing compare with that of the source plays.",en_multilingual_blimp_incorrect_affected.test,34605.00390625,7878.33154296875,7900.7001953125,7120.32373046875,6752.28662109375,6584.42529296875,4240.7529296875,5118.34033203125,5734.4892578125,6500.47607421875,7799.8642578125,9033.2919921875,11278.3994140625
896,"Even if local Palestinian leaders remain strong enough to keep al-Qaida out, the festering Israeli-Palestinian struggle remain among the best recruiting posters for al-Qaida with young Muslim men.",en_multilingual_blimp_incorrect_affected.test,33481.7421875,5257.94921875,3384.175048828125,5013.9033203125,4322.07763671875,3876.975830078125,3380.446044921875,4011.8837890625,5095.9892578125,4823.3779296875,4179.50390625,5336.498046875,6039.91552734375
897,What person(s) in London prepare credit for the English and Singapore financial transactions?,en_multilingual_blimp_incorrect_affected.test,29307.583984375,5818.54296875,6713.63232421875,4996.57568359375,4467.818359375,5664.24365234375,5520.59814453125,5469.47216796875,9015.837890625,8070.7998046875,6148.95947265625,17202.458984375,13235.966796875
898,"And though he is not permitted to sit beside women unrelated to him or to look at them or to communicate with them in any manner (all of which probably save him a great deal of trouble), he seems a good-hearted young man and he is visibly enjoying himself.",en_multilingual_blimp_incorrect_affected.test,35193.08984375,950.9150390625,889.8779296875,659.2838745117188,475.57159423828125,470.9093017578125,431.52587890625,383.77227783203125,436.6991882324219,419.3515930175781,422.90972900390625,431.4995422363281,454.1821594238281
899,"As you sit above the world, the warmth of the golden sun penetrate your body and makes you feel warmer and warmer.",en_multilingual_blimp_incorrect_affected.test,43629.79296875,1042.4166259765625,937.65478515625,790.3985595703125,839.93701171875,835.9497680664062,913.9010620117188,924.8065795898438,1121.185546875,1148.658447265625,1205.3333740234375,1371.2686767578125,1324.427490234375
900,"The reported finding at Dugway undermine the argument of both the ""bomb Iraq"" crowd and the liberals focused on Dr. Steve Hatfill who object to US biodefense research because they view it as being useful for offensive purposes.",en_multilingual_blimp_incorrect_affected.test,30917.09765625,3931.428955078125,2336.489501953125,1944.0595703125,1756.6129150390625,1617.1336669921875,1546.3118896484375,1698.9498291015625,1677.66064453125,2340.251708984375,2020.9691162109375,1911.69775390625,2071.95849609375
901,Every student of political science debate how you prevent an anti-democratic force from winning a democratic election and abolishing democracy.,en_multilingual_blimp_incorrect_affected.test,34186.484375,3675.33740234375,1562.932373046875,931.4676513671875,792.9061889648438,677.9406127929688,693.8989868164062,787.7767333984375,811.370849609375,991.68212890625,1234.7999267578125,922.7864379882812,909.0905151367188
902,"Edward Shinza 's one of the few who did his stretch and got his head split open that time by Her Majesty 's brave boys, and where 's he... back in the Bashi Flats among his old wives, for all I know, no one even mention his name.",en_multilingual_blimp_incorrect_affected.test,32104.634765625,1470.279296875,1597.7647705078125,1906.3560791015625,1499.3802490234375,1512.2630615234375,1505.2916259765625,1549.049072265625,1974.8594970703125,2140.8203125,2410.5966796875,2484.228759765625,2754.1474609375
903,"""Look how the academy return the pretty ones we send them!",en_multilingual_blimp_incorrect_affected.test,35546.1875,1522.762451171875,1600.74560546875,1396.8876953125,2132.4150390625,3036.701171875,3332.191162109375,2732.86279296875,3466.29541015625,3021.6328125,4894.65576171875,5012.09130859375,5465.94189453125
904,His art perfectly combine painting and Chinese calligraphy.,en_multilingual_blimp_incorrect_affected.test,29688.16796875,12717.2314453125,7063.17529296875,4854.662109375,4881.12353515625,4544.27783203125,3958.73583984375,5136.81494140625,4758.35888671875,4452.4755859375,3632.040283203125,4526.1728515625,7417.1669921875
905,Food is awful and the place cater to the yuppy crowd.,en_multilingual_blimp_incorrect_affected.test,26910.185546875,1674.7073974609375,1384.649658203125,951.9185791015625,829.3305053710938,827.0731201171875,866.7689208984375,777.1385498046875,1108.42724609375,1005.1406860351562,1033.1229248046875,1604.038818359375,1688.7559814453125
906,"The First Folio of 1623, however, list Shakespeare as one of ""the Principal Actors in all these Plays"", some of which were first staged after Volpone, although we can not know for certain which roles he played.",en_multilingual_blimp_incorrect_affected.test,38701.9140625,3076.161865234375,2567.710693359375,3287.881103515625,3055.956787109375,2707.334716796875,2309.77734375,2306.826416015625,2264.226318359375,2261.985107421875,1956.5770263671875,2874.737060546875,3057.65625
907,A 1971 evaluation called Bush “an exceptionally fine young officer and pilot” who “continually fly intercept missions with the unit to increase his proficiency even further.”,en_multilingual_blimp_incorrect_affected.test,31068.75390625,12652.4873046875,7439.4111328125,7066.84716796875,5730.20849609375,5402.4990234375,4972.65966796875,4791.5595703125,5378.1533203125,5302.94921875,5221.142578125,6095.7978515625,6502.9560546875
908,Each poem narrate only a part of the war.,en_multilingual_blimp_incorrect_affected.test,30146.9765625,1414.2484130859375,675.49853515625,584.7694702148438,381.8791198730469,464.049072265625,326.5645446777344,332.6317138671875,371.86273193359375,466.0144348144531,463.2392578125,543.4483032226562,524.72412109375
909,"It usually involve a low level of development, such as rustic picnic areas, benches and trails.",en_multilingual_blimp_incorrect_affected.test,32581.734375,4645.8046875,5456.02587890625,4375.11865234375,2615.57275390625,2640.200439453125,3141.52783203125,3166.396484375,4321.50439453125,5699.66552734375,4550.45361328125,9414.10546875,7683.61962890625
910,It is a directive which safeguard the interests of rightholders and protects intellectual property.,en_multilingual_blimp_incorrect_affected.test,36510.875,2853.360107421875,1767.572021484375,1211.93408203125,1308.7677001953125,856.979248046875,869.4202270507812,759.7514038085938,879.9702758789062,627.7611083984375,971.61083984375,1173.4979248046875,918.6011962890625
911,"For Kerber, the season finale nevertheless mark the end of an unbelievable year.",en_multilingual_blimp_incorrect_affected.test,29116.4453125,3484.275390625,3841.514892578125,5579.57177734375,4867.28515625,3907.4208984375,3941.076416015625,3987.3955078125,4632.5361328125,3710.499267578125,3649.658203125,2931.673828125,3147.40234375
912,"Fine lot these government chaps – is they not? he went on, speaking English with great precision and considerable bitterness.",en_multilingual_blimp_incorrect_affected.test,29147.1171875,5630.26025390625,4361.2548828125,5302.25634765625,3888.62158203125,4099.34130859375,3746.8046875,3770.56298828125,3998.5146484375,5995.4677734375,6665.4658203125,6767.720703125,7738.92919921875
913,"They really are milking the incompetence angle though, is n't they?",en_multilingual_blimp_incorrect_affected.test,38085.87890625,8447.396484375,9615.265625,6308.0947265625,7784.169921875,6537.1240234375,5416.3505859375,7077.9013671875,10629.7998046875,18506.07421875,20928.154296875,12869.0888671875,16463.9609375
914,Everybody I know at university intend to stay at uni for as long as possible until there are actually jobs available.,en_multilingual_blimp_incorrect_affected.test,34014.2890625,711.710205078125,504.50341796875,446.97210693359375,486.29791259765625,490.94329833984375,447.3885192871094,522.2626953125,461.9530334472656,542.1432495117188,493.487060546875,576.2593994140625,636.7757568359375
915,"It is also a fact that almost everybody in the region blame this situation on the United States, on Israel, on Western Civilization, on Judaism and Christianity, on anyone and anything, except themselves.",en_multilingual_blimp_incorrect_affected.test,39155.32421875,1419.4573974609375,3239.779541015625,3557.645263671875,2393.56103515625,2085.893310546875,2065.1123046875,2290.9755859375,2738.15087890625,3080.101318359375,3048.365478515625,3161.656005859375,2967.370361328125
916,"The house of Annas, in which Jesus was questioned and struck, am within the compound.",en_multilingual_blimp_incorrect_affected.test,34457.47265625,2456.886474609375,4107.46923828125,3239.044189453125,2693.537353515625,3545.286376953125,3967.485107421875,5267.4951171875,5252.7265625,5109.4736328125,9095.24609375,10015.7109375,12333.359375
917,"The best way I can explain it to you 'm by saying that, for a second or two, I felt as though, instead of going to the center of a continent, I were about to set off for the center of the earth.",en_multilingual_blimp_incorrect_affected.test,31117.32421875,360.1430358886719,497.6381530761719,448.2332763671875,332.0863952636719,285.60455322265625,289.5143127441406,302.13116455078125,425.0332336425781,414.06280517578125,507.59423828125,430.3113098144531,474.7022399902344
918,"The house of Annas, in which Jesus was questioned and struck, 'm within the compound.",en_multilingual_blimp_incorrect_affected.test,33002.66796875,2275.988525390625,3589.613037109375,3676.518798828125,3328.58935546875,3503.23046875,3426.111328125,4740.67529296875,3675.975341796875,4150.80078125,5695.59619140625,7345.12109375,7714.28857421875
919,"In this scenario, pieces of option three remain stubbornly impervious to artificial intelligence and continue to be mind-numbingly boring, while option four – engaging in social reciprocity and negotiation – remain limited.",en_multilingual_blimp_incorrect_affected.test,30216.287109375,5944.2568359375,3780.37109375,3273.723388671875,2719.128662109375,2633.549072265625,2391.555419921875,2726.630615234375,3150.811279296875,2923.40283203125,3587.901611328125,3601.7724609375,4225.771484375
920,"China 's strong hand in this even extend to the diplomatic realm; China is a permanent member of the United Nations Security Council, and could veto any actions against Iran proposed by the United States.",en_multilingual_blimp_incorrect_affected.test,33398.31640625,1812.9443359375,1236.1094970703125,1224.87060546875,961.20654296875,884.9756469726562,830.5929565429688,872.5953369140625,1221.7142333984375,1246.461669921875,1691.759033203125,1372.02685546875,1779.80078125
921,The theory I present in the essay 'm that he is actually a combination of four different people.,en_multilingual_blimp_incorrect_affected.test,31105.693359375,560.9863891601562,515.9696655273438,422.1885986328125,441.374755859375,414.98687744140625,356.5445251464844,441.4549255371094,469.39312744140625,598.72509765625,493.7299499511719,621.7301025390625,592.8755493164062
922,"What'll happen am that the Styrofoam peanuts will start moving through our society here, and they will accumulate in the drunkest, stingiest people.",en_multilingual_blimp_incorrect_affected.test,41196.484375,1825.25537109375,2135.5673828125,1454.925537109375,893.46142578125,827.5335083007812,664.4733276367188,531.4755249023438,701.9525756835938,772.5346069335938,817.660400390625,808.0892944335938,810.5359497070312
923,The title page of the 1594 edition of Titus Andronicus reveal that the play had been acted by three different troupes.,en_multilingual_blimp_incorrect_affected.test,29473.880859375,3114.21875,2369.300537109375,1300.73193359375,1250.2427978515625,1432.36572265625,1193.688232421875,1363.1365966796875,1150.9453125,1303.2811279296875,1807.095947265625,2125.928466796875,2927.55419921875
924,He naturally assume you 'll come out of exile.,en_multilingual_blimp_incorrect_affected.test,31895.103515625,2237.40576171875,1025.595947265625,1606.5020751953125,855.7545776367188,1137.8380126953125,1086.526123046875,1163.9327392578125,1156.716796875,1506.8486328125,1564.47216796875,2145.1845703125,3034.532958984375
925,She may be out because in the past she always respond pretty quick.,en_multilingual_blimp_incorrect_affected.test,42249.7578125,623.1271362304688,582.4169311523438,590.5650024414062,569.3692016601562,954.6973876953125,1225.912353515625,1159.590087890625,1570.5623779296875,1648.4981689453125,2254.068115234375,3174.950927734375,2607.8564453125
926,"What'll happen 'm that the Styrofoam peanuts will start moving through our society here, and they will accumulate in the drunkest, stingiest people.",en_multilingual_blimp_incorrect_affected.test,37139.5625,2024.0888671875,1892.147705078125,1149.697998046875,834.7766723632812,852.4219360351562,807.1408081054688,505.35791015625,650.8012084960938,676.5113525390625,753.0346069335938,789.6477661132812,768.72509765625
927,All that is needed now am to determine whether it works in practice.,en_multilingual_blimp_incorrect_affected.test,41101.4375,753.6647338867188,461.5206298828125,441.5166320800781,462.1250915527344,427.6213073730469,355.5891418457031,431.3193359375,375.2447204589844,443.7230224609375,598.6905517578125,433.6401672363281,392.13653564453125
928,"Which 's good, anything good count.",en_multilingual_blimp_incorrect_affected.test,22757.455078125,4981.93017578125,6088.81982421875,10653.212890625,5858.31494140625,7483.57177734375,14897.9404296875,18834.341796875,14369.57421875,16931.787109375,49505.0390625,49710.546875,49038.25
929,The article by Thompson assume that the Maya were ultimately “peaceful” people since they lacked apparent defenses.,en_multilingual_blimp_incorrect_affected.test,37307.1171875,11521.4951171875,9717.37890625,7774.2802734375,6418.1533203125,9105.73046875,9694.2197265625,10529.7724609375,11492.9736328125,12216.3916015625,10554.1826171875,15353.1103515625,16143.224609375
930,"The best way I can explain it to you am by saying that, for a second or two, I felt as though, instead of going to the center of a continent, I were about to set off for the center of the earth.",en_multilingual_blimp_incorrect_affected.test,33334.2265625,336.5216979980469,452.6544189453125,401.00494384765625,306.2499084472656,268.3293151855469,288.8294372558594,301.9666748046875,392.9663391113281,389.7998352050781,463.52606201171875,366.68646240234375,492.2156677246094
931,okay what i 'd like to do on this one am go from washington to atlanta i want a nonstop and i 'd like to leave around 5 pm,en_multilingual_blimp_incorrect_affected.test,27242.12109375,1662.4996337890625,1324.7198486328125,1402.4620361328125,1365.0169677734375,1193.1629638671875,1214.3531494140625,1252.900390625,1054.147216796875,1175.364990234375,1709.7301025390625,2029.66650390625,2155.800048828125
932,okay what i 'd like to do on this one 'm go from washington to atlanta i want a nonstop and i 'd like to leave around 5 pm,en_multilingual_blimp_incorrect_affected.test,28055.2734375,1925.51123046875,1430.4395751953125,1330.033447265625,1389.2904052734375,1156.1597900390625,1130.20166015625,1178.390380859375,977.0545043945312,1119.8043212890625,1635.13134765625,2106.992919921875,2202.6162109375
933,All that is needed now 'm to determine whether it works in practice.,en_multilingual_blimp_incorrect_affected.test,36527.30859375,858.017822265625,529.3651123046875,496.0269470214844,670.9007568359375,706.973876953125,640.9327392578125,676.1075439453125,639.6473388671875,881.9467163085938,917.5225830078125,782.41064453125,971.5621948242188
934,The theory I present in the essay am that he is actually a combination of four different people.,en_multilingual_blimp_incorrect_affected.test,30904.833984375,437.8434753417969,456.3521728515625,378.39471435546875,376.0029296875,347.32708740234375,296.5509948730469,390.6023254394531,479.8821716308594,598.2211303710938,502.662841796875,544.7133178710938,507.0780029296875
935,"So that, as they say in Chicago, 'm where the smart money is.",en_multilingual_blimp_incorrect_affected.test,36191.93359375,946.465576171875,1534.8782958984375,2622.611328125,1894.33349609375,1796.156494140625,1572.3480224609375,2174.709716796875,2471.6533203125,3364.37158203125,3473.864013671875,3695.427001953125,4984.4541015625
936,"However, I seriously doubt that the introduction of free market principles, which the report so enthusiastically recommend, is the right solution.",en_multilingual_blimp_incorrect_affected.test,40324.99609375,2572.91357421875,3829.550048828125,4051.397216796875,3258.927001953125,3217.594482421875,3514.990478515625,4824.8916015625,4617.74658203125,4417.876953125,5344.15283203125,5494.7451171875,6617.46875
937,"His actual date of birth remain unknown, but is traditionally observed on 23 April, Saint George's Day.",en_multilingual_blimp_incorrect_affected.test,31019.015625,7105.630859375,6003.4833984375,6746.44189453125,5691.6591796875,4292.98046875,4031.51318359375,4017.941162109375,4829.9697265625,5779.6474609375,5481.498046875,5771.74365234375,5342.333984375
938,"(8) This Directive seek to achieve a high level of protection for the environment by reducing the potential environmental impact of EUPs, which will ultimately be beneficial to consumers and other end-users.",en_multilingual_blimp_incorrect_affected.test,34478.24609375,1983.4766845703125,1090.296142578125,745.3255004882812,624.3429565429688,564.3850708007812,436.8193664550781,434.7723083496094,452.2740478515625,403.958740234375,458.6228332519531,643.8804931640625,658.57470703125
939,"Linda is the rudest person you will ever talk to and she stick up for all of the trashy, rude people that live there, not the nice ones that actually give a crap about respecting others.",en_multilingual_blimp_incorrect_affected.test,32487.908203125,763.4589233398438,862.4605712890625,818.2216796875,751.1572265625,735.8143920898438,724.8309326171875,559.5005493164062,620.8280029296875,767.4424438476562,757.1153564453125,837.2163696289062,1007.3795166015625
940,"So that, as they say in Chicago, am where the smart money is.",en_multilingual_blimp_incorrect_affected.test,35179.9375,941.3273315429688,1762.3187255859375,2742.53076171875,1528.451171875,1656.29296875,1405.380126953125,2030.0963134765625,2321.114013671875,3076.011962890625,3558.69384765625,3783.577392578125,3930.015625
941,"If you move the line to the right, the distance between the moving line and the nearest parallel line to the right remain constant, and the perpendicular line to the left of the moving line lengthens.",en_multilingual_blimp_incorrect_affected.test,43073.28125,1130.5245361328125,956.3690795898438,797.198486328125,464.6549072265625,558.9552001953125,440.5605773925781,452.18695068359375,542.575439453125,535.6278686523438,785.75048828125,554.1438598632812,414.41876220703125
942,"If you move the line downward, the distance between the moving line and the nearest parallel line below remain constant, and the perpendicular line above the moving line lengthens.",en_multilingual_blimp_incorrect_affected.test,36767.8359375,2685.760009765625,2769.641357421875,2154.010986328125,1100.4713134765625,1627.218017578125,1415.8402099609375,1279.404541015625,1570.359375,1414.97021484375,2195.1455078125,1658.0860595703125,1297.180419921875
943,It then propose the creation of a European quality mark based on respect for the environmental criteria for production.,en_multilingual_blimp_incorrect_affected.test,33020.390625,1303.3438720703125,679.7461547851562,710.363525390625,584.1234741210938,527.331298828125,565.6165161132812,633.0709838867188,712.2927856445312,882.67333984375,801.9918212890625,1558.966796875,1374.4935302734375
944,"Their correspondence reveal an intriguing balance of passion, propriety and patience;",en_multilingual_blimp_incorrect_affected.test,31248.201171875,19947.4765625,15868.3515625,13503.587890625,6246.732421875,7246.3916015625,8060.0166015625,7973.9814453125,7366.2431640625,10358.2314453125,11913.806640625,17558.43359375,19151.75
945,"If you move the line to the left, the distance between the moving line and the nearest parallel line to the right remain constant, and the perpendicular line to the left of the moving line contracts.",en_multilingual_blimp_incorrect_affected.test,41740.05078125,1132.672607421875,878.7597045898438,793.1909790039062,473.6190185546875,595.0032958984375,452.06317138671875,476.8966064453125,581.6414794921875,550.6329956054688,851.1661376953125,575.3673095703125,372.05926513671875
946,"The person who best explain this, and helps me out the best with my question will be REWARDED WITH TEN POINTS!!!!!!!",en_multilingual_blimp_incorrect_affected.test,34136.4453125,2873.568115234375,1122.5009765625,775.6069946289062,822.2141723632812,1114.6033935546875,1053.788330078125,1340.8677978515625,1336.886474609375,1596.292724609375,1886.817626953125,2486.408203125,2838.906494140625
947,"The second point I would like to make 'm that we would have preferred it if the guidelines had been added to the Regulation in the form of an annex, as we and Mrs Mccarthy, as rapporteurs for the general Regulation, had asked.",en_multilingual_blimp_incorrect_affected.test,35058.4921875,1100.4010009765625,938.429931640625,884.2172241210938,714.8508911132812,699.7449951171875,619.8013305664062,644.9002685546875,871.2200317382812,804.5597534179688,911.6895751953125,925.9759521484375,1122.0535888671875
948,"She feed well the baby on her own, the baby is ok but she does not go in the nest to stay with him at night...",en_multilingual_blimp_incorrect_affected.test,37530.46875,515.6978759765625,571.3948974609375,662.0050048828125,544.5073852539062,535.8298950195312,535.5325927734375,560.7077026367188,699.5745239257812,799.1022338867188,882.5744018554688,791.6334838867188,1039.5032958984375
949,This procedure guarantee that all countries applying for membership are treated equally.,en_multilingual_blimp_incorrect_affected.test,29329.19921875,5476.55517578125,4613.95654296875,3833.19677734375,3648.586181640625,3708.8115234375,3094.398193359375,2908.59033203125,2705.7060546875,1679.1724853515625,2178.504150390625,2765.488525390625,3138.64697265625
950,"This knee-jerk reaction presume that China's current slowdown is but a prelude to more growth disappointments to come – a presumption that reflects widespread and longstanding fears of a broad array of disaster scenarios, ranging from social unrest and environmental catastrophes to housing bubbles and shadow-banking blow-ups.",en_multilingual_blimp_incorrect_affected.test,31336.984375,6601.89892578125,3970.09326171875,2780.254638671875,1898.96484375,1615.5045166015625,1481.32470703125,1840.6177978515625,1924.3868408203125,1973.1756591796875,2476.037841796875,2299.2216796875,2438.968017578125
951,The doctor beg them to stop intermarrying but they say they have to keep the blood pure.,en_multilingual_blimp_incorrect_affected.test,24291.142578125,830.6087646484375,793.4739379882812,835.4098510742188,803.190185546875,614.048828125,702.7738037109375,1006.8551635742188,1036.9107666015625,1025.37060546875,1407.9195556640625,1890.2431640625,1521.864501953125
952,"As I recall, this bus drop you off near the Opera in Paris.",en_multilingual_blimp_incorrect_affected.test,35686.328125,1555.8209228515625,2356.831298828125,2889.2587890625,3257.842529296875,2506.86328125,3160.381103515625,4087.75048828125,2934.444580078125,3298.408447265625,3738.05712890625,5326.27880859375,5367.3876953125
953,"Brass melt at just under 2000F which is a bright yellow heat, not red hot.",en_multilingual_blimp_incorrect_affected.test,40057.4609375,4334.83251953125,4653.87109375,4766.30615234375,4416.267578125,5061.10791015625,5369.08740234375,4649.02685546875,5593.263671875,6527.44921875,7837.4072265625,5551.71630859375,5206.24072265625
954,"The Kerry camp blame Bush for the Swift boat veterans ’ attack, but anyone who has spent much time talking to the Swifties gets the sense that they are doing it entirely for their own reasons.",en_multilingual_blimp_incorrect_affected.test,31320.8515625,1986.9498291015625,1743.8214111328125,1727.4661865234375,1113.947265625,720.3746948242188,560.2606201171875,562.0833740234375,644.5891723632812,600.3108520507812,785.4920043945312,744.0787353515625,958.3754272460938
955,"- With a view to enabling the assessment of the effect of the programme, among others on the convergence of high level training for trainers, the evaluator recommend the preparation of a strategy document, to be finalised before the new Pericles enters into effect.",en_multilingual_blimp_incorrect_affected.test,37722.16015625,1994.3538818359375,1891.349365234375,1661.261962890625,1285.250732421875,1259.8966064453125,1101.0140380859375,1229.7589111328125,1557.4873046875,1198.3006591796875,1371.710205078125,1854.6099853515625,1763.3006591796875
956,"If you move the line upward, the distance between the moving line and the nearest parallel line below remain constant, and the perpendicular line above the moving line contracts.",en_multilingual_blimp_incorrect_affected.test,34094.01953125,2626.87060546875,2681.27880859375,2274.43701171875,1154.1575927734375,1656.073486328125,1292.67041015625,1150.0076904296875,1332.200927734375,1213.9820556640625,1916.590087890625,1425.8387451171875,963.8897705078125
957,"The second point I would like to make am that we would have preferred it if the guidelines had been added to the Regulation in the form of an annex, as we and Mrs Mccarthy, as rapporteurs for the general Regulation, had asked.",en_multilingual_blimp_incorrect_affected.test,32201.255859375,1024.27783203125,909.98486328125,944.0842895507812,730.726318359375,721.8894653320312,638.1785888671875,672.0191040039062,881.1043090820312,800.3461303710938,920.2391357421875,920.9551391601562,1160.8880615234375
958,the difference is that when a bomb goes off in a West End restaurant the fundamental right of England to exist 'm not in dispute.,en_multilingual_blimp_incorrect_affected.test,29052.51171875,1382.7178955078125,1818.38134765625,1182.425537109375,1067.2564697265625,875.22021484375,757.6654052734375,736.0618286132812,859.1010131835938,1021.6915893554688,1361.40087890625,1213.6099853515625,1101.269775390625
959,"a) Subject to earlier termination as provided below, this Service Agreement is for the total duration of the Company 's Offering (the ""Initial Term"") unless either party request termination at least 30 days prior to the end of the then-current term.",en_multilingual_blimp_incorrect_affected.test,34631.4140625,3907.152587890625,2745.488037109375,2745.966064453125,1594.6646728515625,1389.64892578125,1188.46142578125,1331.998291015625,1776.6591796875,1744.310546875,1930.18017578125,2697.79443359375,2396.556884765625
960,Eon’s fixed rate tariff cost £760 and Avro Energy customers would pay around £760 for its Simple and Select tariff.,en_multilingual_blimp_incorrect_affected.test,28820.98046875,5431.16943359375,4023.842529296875,3687.3232421875,2464.9208984375,1953.9114990234375,1500.61474609375,1497.90234375,1868.5206298828125,2442.983642578125,2668.825439453125,3035.6298828125,3090.022216796875
961,"The Commission accept all of the contributions of the parliamentary committee and the rapporteur, Mr Koch, which are contained in the various amendments, specifically four.",en_multilingual_blimp_incorrect_affected.test,35618.59765625,3207.401611328125,2194.961181640625,1877.3504638671875,1089.830322265625,1281.160888671875,1030.3802490234375,1320.4837646484375,1633.5283203125,1822.4029541015625,1880.1168212890625,3094.01171875,2340.87890625
962,"If a Turkish employee quit, then the Turkish work councils come.",en_multilingual_blimp_incorrect_affected.test,38230.19921875,14856.5966796875,10301.212890625,12859.2255859375,10347.736328125,14972.3759765625,13245.3359375,12602.5234375,18205.876953125,16995.447265625,17461.59765625,22347.5078125,28133.6171875
963,A level that in both cases am at the top of the EU.,en_multilingual_blimp_incorrect_affected.test,35916.109375,476.8033752441406,359.8367919921875,307.0788879394531,193.1420440673828,179.8592071533203,174.7279052734375,240.01947021484375,220.7151641845703,188.04791259765625,194.40057373046875,241.9452362060547,280.0967712402344
964,It remind me too much of the ARVN officers who were secretly working for the other side in Vietnam.,en_multilingual_blimp_incorrect_affected.test,38763.0859375,899.4852294921875,345.3175048828125,302.85797119140625,245.53216552734375,277.4808654785156,289.6883239746094,353.0681457519531,293.3298645019531,339.1950378417969,387.5326843261719,421.2087097167969,556.6356201171875
965,And that explain the delay in the signing of a formal defense agreement that was at the heart of Sri Lankan President Chandrika Kumaratunga 's four-day visit to India recently.,en_multilingual_blimp_incorrect_affected.test,35066.25,2291.537109375,1166.1982421875,994.2332153320312,721.3385620117188,659.25244140625,532.4924926757812,568.5675659179688,492.8373107910156,436.9660339355469,520.1550903320312,616.7838134765625,712.9469604492188
966,Plus she plan a monthly breakfasts and other events at the clubhouse which is a nice added benefit.,en_multilingual_blimp_incorrect_affected.test,32976.11328125,1183.47802734375,1405.1910400390625,1539.9219970703125,1227.6539306640625,1482.0355224609375,1417.9454345703125,1281.9210205078125,1564.9705810546875,1762.570068359375,2066.53662109375,2365.61328125,2426.746337890625
967,Their report highlight one stark fact from the start:,en_multilingual_blimp_incorrect_affected.test,43626.75390625,6315.0107421875,5502.33837890625,4840.37255859375,3815.198486328125,3933.379150390625,3082.9990234375,6825.24462890625,10405.5185546875,5899.75927734375,5283.29248046875,5943.15185546875,13887.78515625
968,"Their service suck to start off with, people are cruel and ignorant.",en_multilingual_blimp_incorrect_affected.test,30235.541015625,1686.2823486328125,2757.09716796875,2671.55419921875,2467.88232421875,2706.962890625,3015.803466796875,2997.312255859375,3901.8759765625,3661.0576171875,5057.431640625,5752.03271484375,7955.86474609375
969,"Even if local Palestinian leaders remain strong enough to keep al-Qaida out, the festering Israeli-Palestinian struggle remain among the best recruiting posters for al-Qaida with young Muslim men.",en_multilingual_blimp_incorrect_affected.test,33481.7421875,5257.94921875,3384.175048828125,5013.9033203125,4322.07763671875,3876.975830078125,3380.446044921875,4011.8837890625,5095.9892578125,4823.3828125,4179.50390625,5336.498046875,6039.91552734375
970,"The latest figures relate to the 24th of October last year, and tell us that our diesel cost 1,335 euros per litre, compared with the eurozone average of 1,165 euros.",en_multilingual_blimp_incorrect_affected.test,31631.4765625,2359.4345703125,1829.5880126953125,1088.8397216796875,612.8223266601562,569.5050048828125,521.8875122070312,508.93426513671875,700.42333984375,749.7511596679688,727.6529541015625,949.3972778320312,863.7125244140625
971,The oldest known historical reference to the city am to be found on an inscription of conquered sites at Thutmose 's temple at Karnak.,en_multilingual_blimp_incorrect_affected.test,28886.16796875,2288.801513671875,1009.0780029296875,1141.6177978515625,867.6860961914062,973.8966064453125,892.5777587890625,884.2096557617188,1154.7708740234375,1326.1829833984375,1196.32470703125,1302.36474609375,1919.6934814453125
972,The best there is are days when the jigsaw assume its own meaning and I no longer care what picture is emerging.,en_multilingual_blimp_incorrect_affected.test,38570.375,1173.1331787109375,1029.7142333984375,1033.29150390625,722.2675170898438,757.5469360351562,743.9453125,605.8464965820312,706.7496948242188,767.4281616210938,642.2755126953125,818.6588134765625,918.42431640625
973,The purpose of these CRTC hearings am to field responses from industry stakeholders and the public.,en_multilingual_blimp_incorrect_affected.test,24494.55078125,4749.5361328125,4055.50634765625,2798.060546875,1727.65576171875,1291.5003662109375,1165.8067626953125,1327.909912109375,1261.09033203125,1363.483642578125,1614.8951416015625,1976.1661376953125,2333.22314453125
974,"The mycelium infuses all landscapes, it hold soils together, it's extremely tenacious.",en_multilingual_blimp_incorrect_affected.test,31576.740234375,8453.916015625,15362.4853515625,17099.25,9678.9033203125,8834.990234375,9457.2529296875,8201.1181640625,9971.5556640625,17406.1015625,13813.470703125,15111.451171875,17683.646484375
975,"To a certain extent, this remind me of my previous activity in the Committee on Budgets and in the Committee on Budgetary Control.",en_multilingual_blimp_incorrect_affected.test,35796.734375,1526.515380859375,1431.475341796875,1597.6016845703125,1593.434814453125,1702.462890625,1354.615234375,1530.5714111328125,1783.5875244140625,1594.7384033203125,1762.9609375,2186.37255859375,2663.6943359375
976,"""The book -- I guess one way, one thing to think about it 'm -- one of the themes would be, I was given a charge to keep.",en_multilingual_blimp_incorrect_affected.test,31039.552734375,414.26739501953125,525.0234985351562,590.5272827148438,659.8449096679688,656.65625,577.0816040039062,547.3314819335938,553.0534057617188,536.0614624023438,585.2071533203125,637.4717407226562,729.5311279296875
977,The purpose of these CRTC hearings 'm to field responses from industry stakeholders and the public.,en_multilingual_blimp_incorrect_affected.test,26957.912109375,4669.6357421875,3433.1171875,2326.10546875,1701.84521484375,1298.9481201171875,1054.026611328125,1097.35546875,906.715087890625,891.0693969726562,1079.348388671875,1388.9910888671875,1718.7364501953125
978,"The problem is that the rate drop sharply from 71% to 57% among women in their 30's, as inflexible working environments and a lack of affordable childcare undermine their ability to continue investing in their careers.",en_multilingual_blimp_incorrect_affected.test,33368.546875,3410.248779296875,2486.445068359375,1581.8798828125,1257.2823486328125,1230.9940185546875,1087.143310546875,886.6077270507812,1401.790771484375,1365.056640625,1162.4766845703125,1468.7601318359375,1742.7783203125
979,"Some writers mix the stella maris with the remora, a tiny fish that stick to the rudder of a vessel and brings it to a halt.",en_multilingual_blimp_incorrect_affected.test,33862.87890625,1618.36181640625,1144.261474609375,947.4295654296875,747.0184326171875,726.3734130859375,560.0391845703125,683.794921875,772.770751953125,909.6017456054688,1111.7589111328125,1107.3062744140625,911.4135131835938
980,the difference is that when a bomb goes off in a West End restaurant the fundamental right of England to exist am not in dispute.,en_multilingual_blimp_incorrect_affected.test,29375.890625,1043.1854248046875,1547.1917724609375,1090.7177734375,910.3233642578125,727.232177734375,585.2091064453125,648.014892578125,706.1534423828125,733.8255615234375,862.2969360351562,857.833740234375,755.597412109375
981,"You need a lot of money for hotels, airfare, seeing the sites, food, local transport - you name it but life cost.",en_multilingual_blimp_incorrect_affected.test,35577.48828125,2084.330322265625,4904.93115234375,5543.7060546875,4270.59521484375,4362.869140625,3653.76416015625,4017.439208984375,4973.38525390625,6466.7958984375,6852.29736328125,7565.11669921875,9427.9951171875
982,"That band is involved in a local competition which promise a $5000 first prize, which they would like to win in order to donate it to the benefit fund which they have started.",en_multilingual_blimp_incorrect_affected.test,39948.12109375,935.4691772460938,777.9750366210938,766.345458984375,677.6118774414062,654.484619140625,607.4884643554688,713.9222412109375,881.503173828125,837.136474609375,935.6052856445312,1042.49462890625,918.379638671875
983,She is just being friendly in public because she does not want to offend you and she treat you like any other friend.,en_multilingual_blimp_incorrect_affected.test,31966.603515625,372.9905700683594,220.4081573486328,197.7882843017578,166.58531188964844,175.6460418701172,138.68685913085938,142.1723175048828,135.1133575439453,143.4476318359375,162.9001922607422,152.7227325439453,187.11471557617188
984,"I believe ENE will continue to be range bound, but in case it am not, I do n't want to forgo 50% of my option premium.",en_multilingual_blimp_incorrect_affected.test,37207.9140625,1834.8028564453125,3658.25146484375,3800.3681640625,3199.129150390625,3677.079833984375,3929.014892578125,4340.68212890625,6844.84521484375,5054.82763671875,5029.48681640625,6848.919921875,5467.66259765625
985,"Whereas my answer to the question ""Where do you get your laundry done?"" used to be, ""At the checkout line at WalMart,"" I can honestly say the answer now 'm, ""At The Laundry Tub.""",en_multilingual_blimp_incorrect_affected.test,34172.17578125,1358.0792236328125,2242.60107421875,2460.761474609375,1967.0853271484375,2194.61376953125,2367.7587890625,1978.5789794921875,2649.71142578125,2333.241943359375,2431.158203125,3034.411376953125,2914.975830078125
986,But a significant gender gap remain in terms of the return on human capital.,en_multilingual_blimp_incorrect_affected.test,37056.03125,1363.025390625,788.1141357421875,1063.4017333984375,1097.7391357421875,959.0703125,803.4923706054688,827.5962524414062,774.289306640625,620.0697631835938,493.7196044921875,929.2774658203125,821.9366455078125
987,"He needs a shower, and he pick his nose all the time.",en_multilingual_blimp_incorrect_affected.test,29229.31640625,582.260009765625,1103.9468994140625,1416.4688720703125,547.9577026367188,552.28515625,457.2227783203125,579.06396484375,638.8861694335938,782.7301025390625,855.57470703125,692.88037109375,763.604248046875
988,And when I move it I guess he figure I 'm playing. x.x,en_multilingual_blimp_incorrect_affected.test,30208.59375,889.0042724609375,982.5174560546875,827.5189208984375,790.1050415039062,661.4500122070312,597.1871337890625,670.5552978515625,594.1624145507812,774.0187377929688,1032.467529296875,1108.6724853515625,1078.27880859375
989,"Point 'm: You might be able to get a good deal on some nice furniture -- which I did -- but they 're not very communicative and god forbid something goes wrong, you 'll have to fight to get it resolved.",en_multilingual_blimp_incorrect_affected.test,31453.484375,759.2476806640625,510.1990051269531,673.5994873046875,491.7047119140625,479.2460021972656,450.5778503417969,486.4892578125,516.3164672851562,561.0963134765625,733.9652709960938,693.0177612304688,854.2652587890625
990,Peggy Banczak is the ENA lawyer who handle Mexico.,en_multilingual_blimp_incorrect_affected.test,31336.267578125,4674.88916015625,1854.782470703125,2090.666015625,1535.2867431640625,1660.2205810546875,1312.3472900390625,1738.7799072265625,1396.1300048828125,1784.560546875,2575.66796875,3097.392333984375,2837.92822265625
991,"The probe began in June, focusing on Mr Winterkorn and brand chief Herbert Diess, who remain at the car maker.",en_multilingual_blimp_incorrect_affected.test,38033.28515625,5598.8193359375,5150.11279296875,7135.84326171875,6308.431640625,8296.7138671875,7220.3095703125,10362.2529296875,14937.2197265625,16474.060546875,14015.8623046875,18558.70703125,28151.919921875
992,"Paul Craig Roberts, writing for The American Conservative, said in July of 2005 that ""As a result of many years of persistent trade surpluses with the United States, the Japanese government hold dollar reserves of approximately $1 trillion.",en_multilingual_blimp_incorrect_affected.test,39744.21484375,3225.47509765625,2238.201904296875,2230.524169921875,1207.344482421875,1247.4373779296875,1270.3206787109375,1429.619873046875,1490.0284423828125,1551.0601806640625,2097.979248046875,2249.41015625,2076.101318359375
993,"This hold up to 30,000 times its mass.",en_multilingual_blimp_incorrect_affected.test,40752.96875,1004.4694213867188,611.4090576171875,395.37646484375,411.5632629394531,298.2517395019531,223.11264038085938,278.6636047363281,324.25750732421875,233.17681884765625,171.8639678955078,492.1929016113281,288.0605773925781
994,"(The only other choice for the Arabs 'm to leave their oil in the ground.) """,en_multilingual_blimp_incorrect_affected.test,29257.20703125,598.019775390625,654.6194458007812,741.0339965820312,691.0052490234375,970.6365356445312,813.031494140625,935.3492431640625,1457.3974609375,1341.4925537109375,1510.8388671875,1863.47021484375,2048.3720703125
995,"But the lack of specific guidelines here 'm particularly to be regretted, as the idea of linking Social Fund assistance to the employment strategy will be put into effect for the first time during the 2000-2006 programme.",en_multilingual_blimp_incorrect_affected.test,34343.2734375,1443.1278076171875,1033.893310546875,939.2805786132812,676.1304321289062,584.3998413085938,533.31884765625,632.4629516601562,706.3059692382812,588.8739013671875,711.7791137695312,825.0772705078125,716.1712036132812
996,"This cost absolutely nothing, and will take about one minute of your time.",en_multilingual_blimp_incorrect_affected.test,33808.37890625,992.5596923828125,1541.5625,1595.052490234375,1217.8458251953125,1068.8167724609375,930.3246459960938,983.1454467773438,995.1694946289062,855.0436401367188,1052.98828125,934.39794921875,1474.5572509765625
997,"This am because PivotTable views use the Microsoft Office PivotTable Component, and Excel PivotTable reports either do not support certain PivotTable list features, or they implement some features differently.",en_multilingual_blimp_incorrect_affected.test,39282.2265625,5690.2861328125,5311.07177734375,5600.20263671875,3343.191650390625,2954.06298828125,3787.90625,3833.84375,3509.93212890625,4650.14892578125,4076.647705078125,5469.6494140625,4012.668212890625
998,The United States has shown that it hold negotiations in contempt.,en_multilingual_blimp_incorrect_affected.test,28879.392578125,2133.071044921875,1643.7235107421875,971.9560546875,502.7407531738281,742.9049072265625,639.1649780273438,878.0225830078125,1169.47314453125,1257.517333984375,1158.5631103515625,1289.553955078125,1529.162841796875
999,"If the sets S and T considered are empty or singletons, the theorem hold vacuously or trivially.",en_multilingual_blimp_incorrect_affected.test,38255.83984375,8299.19921875,13368.2275390625,21093.64453125,15940.5185546875,14803.87109375,8845.3359375,10381.53125,10478.8017578125,16911.646484375,16530.337890625,16741.021484375,17973.619140625
1000,"If you want a doctor who will lie to you and say he will operate and then change his mind, and not know what he is talking about when he recommend procedures at other hospitals and says they are what you need, when they will not work for you, go to this doctor...he is the one for you.",en_multilingual_blimp_incorrect_affected.test,32730.162109375,321.3994140625,385.53070068359375,355.218505859375,263.3492431640625,323.9839782714844,299.8721618652344,317.00946044921875,387.1694030761719,377.3843994140625,414.9216003417969,449.08819580078125,411.5974426269531
1001,"Some critics consider Balzac's writing exemplary of naturalism - a more pessimistic and analytical form of realism, which seek to explain human behavior as intrinsically linked with the environment.",en_multilingual_blimp_incorrect_affected.test,30684.953125,4412.2177734375,1822.0172119140625,1132.7222900390625,1054.427734375,1138.039306640625,1132.5408935546875,994.629638671875,851.06591796875,1190.31591796875,952.4842529296875,1017.1751708984375,1140.3582763671875
1002,Was wondering if anyone knew a rough estimate of how much it cost with travel and training,en_multilingual_blimp_incorrect_affected.test,32683.095703125,1496.498046875,745.87158203125,522.9481811523438,317.4354553222656,259.4551086425781,272.6953125,293.236572265625,267.85479736328125,266.7118225097656,353.5138854980469,377.0877685546875,424.638427734375
1003,"""Land of the kike home of the wop,"" says Compson to himself when he buy a bun from a small Italian girl.",en_multilingual_blimp_incorrect_affected.test,42359.49609375,1362.8453369140625,1427.818603515625,1865.708984375,1766.7176513671875,1592.7496337890625,1515.1610107421875,1375.4454345703125,1483.91015625,2441.190185546875,2731.18115234375,2774.427734375,2538.1142578125
1004,The other path hold great opportunity:,en_multilingual_blimp_incorrect_affected.test,25594.09375,7170.9765625,21426.3515625,13912.2822265625,10991.958984375,15628.68359375,15060.203125,19957.50390625,27474.068359375,22816.4765625,26192.8984375,49266.015625,37693.13671875
1005,"“While much of the digital transition is unprecedented in the United States, the peaceful transition of power am not,” Obama special assistant Kori Schulman wrote in a blog post Monday.",en_multilingual_blimp_incorrect_affected.test,38106.65625,2908.543212890625,1671.9241943359375,1823.9007568359375,1373.500244140625,1265.4954833984375,1112.8048095703125,1417.101806640625,1873.1129150390625,2121.659912109375,2852.60498046875,2739.79931640625,2947.48388671875
1006,"The conclusion 'm that we must make the case for guidelines to be broad, indicative and flexible to assist our programme managers and fund-users and to get the maximum potential out of our new fields of regeneration.",en_multilingual_blimp_incorrect_affected.test,33747.26953125,1081.3052978515625,806.2691650390625,778.9698486328125,695.5729370117188,762.96142578125,585.1898193359375,644.1903686523438,713.8963623046875,735.1904907226562,670.3319091796875,978.5679931640625,700.909423828125
1007,PLEASE REMEMBER that this program remain successful because of the honesty and integrity of the participants and by their carefully adhering to directions.,en_multilingual_blimp_incorrect_affected.test,32425.724609375,1922.073974609375,791.1726684570312,629.3081665039062,428.2820739746094,347.20770263671875,324.3929748535156,315.7324523925781,452.7386169433594,406.0957336425781,606.3717041015625,680.3460693359375,598.2879028320312
1008,This program remain successful because of the honesty and integrity of the participants.,en_multilingual_blimp_incorrect_affected.test,43045.68359375,1251.6864013671875,555.0753173828125,575.6375732421875,429.3774719238281,339.7914123535156,343.0461120605469,345.5028076171875,355.7088623046875,312.6331481933594,395.6549987792969,502.0970458984375,681.200439453125
1009,"Whereas my answer to the question ""Where do you get your laundry done?"" used to be, ""At the checkout line at WalMart,"" I can honestly say the answer now am, ""At The Laundry Tub.""",en_multilingual_blimp_incorrect_affected.test,35127.03515625,1503.79296875,2460.09033203125,2551.145751953125,2053.10400390625,2252.14794921875,2421.67529296875,1917.2325439453125,2571.417236328125,2250.407958984375,2038.7252197265625,2730.57568359375,2568.814208984375
1010,"But the lack of specific guidelines here am particularly to be regretted, as the idea of linking Social Fund assistance to the employment strategy will be put into effect for the first time during the 2000-2006 programme.",en_multilingual_blimp_incorrect_affected.test,37070.34375,1288.3511962890625,1005.8690185546875,1031.3765869140625,702.1742553710938,657.1737060546875,579.7453002929688,685.4506225585938,746.0277709960938,639.5790405273438,740.557861328125,836.6221313476562,699.7316284179688
1011,"""The book -- I guess one way, one thing to think about it am -- one of the themes would be, I was given a charge to keep.",en_multilingual_blimp_incorrect_affected.test,31682.52734375,371.1606750488281,476.12249755859375,565.1027221679688,586.0921020507812,590.7784423828125,536.2915649414062,506.5821228027344,500.50360107421875,474.5115051269531,469.533935546875,534.7821044921875,587.009521484375
1012,"But the opportunity for the renaissance of the railways am at hand, and that is what we should strive for.",en_multilingual_blimp_incorrect_affected.test,34581.484375,687.0422973632812,659.8056030273438,475.546875,433.875732421875,305.17352294921875,275.9092102050781,258.60498046875,373.1298522949219,316.2403869628906,274.9106140136719,335.0409851074219,337.1302795410156
1013,"Thanks to repeated deployments to Iraq and Afghanistan, recruiting am at an all-time low.",en_multilingual_blimp_incorrect_affected.test,28987.611328125,4052.197265625,7616.34033203125,7492.4052734375,3866.386474609375,3138.129150390625,1659.25830078125,1987.928955078125,2664.671142578125,2612.82666015625,2231.73583984375,3077.799072265625,3422.692138671875
1014,"These 22 countries, with all their oil and natural resources, 've a combined GDP smaller than that of Netherlands plus Belgium and equal to half of the GDP of California alone.",en_multilingual_blimp_incorrect_affected.test,37431.31640625,1896.9600830078125,2424.71533203125,2447.3896484375,1772.1824951171875,1457.9564208984375,1237.8271484375,1397.4580078125,1437.4227294921875,1645.89208984375,1194.7906494140625,1886.9508056640625,2379.974609375
1015,The feeling of being swept along and of uncertainty as regards the future prevent you from seeing things in any perspective whatsoever.,en_multilingual_blimp_incorrect_affected.test,30103.306640625,2185.0458984375,1335.34912109375,895.0134887695312,807.7237548828125,651.1168823242188,643.3605346679688,712.6185913085938,592.1954956054688,820.8743286132812,746.4703979492188,971.5645141601562,1168.17236328125
1016,The 1616 edition of Ben Jonson's Works name him on the cast lists for Every Man In His Humour (1598) and Sejanus His Fall (1603).,en_multilingual_blimp_incorrect_affected.test,28961.05859375,6333.60546875,4287.4287109375,4208.85888671875,3992.368896484375,3755.97412109375,3851.775634765625,3637.48974609375,5786.63525390625,7019.7607421875,7382.51708984375,8922.041015625,10001.1650390625
1017,"Edward Shinza 's one of the few who did his stretch and got his head split open that time by Her Majesty 's brave boys, and where 's he... back in the Bashi Flats among his old wives, for all I know, no one even mention his name.",en_multilingual_blimp_incorrect_affected.test,32104.634765625,1470.279296875,1597.7647705078125,1906.3560791015625,1499.3802490234375,1512.2630615234375,1505.2916259765625,1549.049072265625,1974.8594970703125,2140.8203125,2410.5966796875,2484.228759765625,2754.1474609375
1018,She answer all questions asked and provides the best service i have ever seen.,en_multilingual_blimp_incorrect_affected.test,34368.10546875,1269.4976806640625,794.1995849609375,1514.761474609375,1338.6356201171875,1022.5552978515625,867.5442504882812,922.8951416015625,846.0489501953125,860.76953125,973.2365112304688,883.8905639648438,1307.0377197265625
1019,"It is also a fact that almost everybody in the region blame this situation on the United States, on Israel, on Western Civilization, on Judaism and Christianity, on anyone and anything, except themselves.",en_multilingual_blimp_incorrect_affected.test,39155.32421875,1419.4573974609375,3239.779541015625,3557.645263671875,2393.56103515625,2085.893310546875,2065.1123046875,2290.9755859375,2738.15087890625,3080.101318359375,3048.365478515625,3161.656005859375,2967.370361328125
1020,"He needs a shower, and he pick his nose all the time.",en_multilingual_blimp_incorrect_affected.test,29229.31640625,582.260009765625,1103.9468994140625,1416.4688720703125,547.9577026367188,552.28515625,457.2227783203125,579.06396484375,638.8861694335938,782.7301025390625,855.57470703125,692.88037109375,763.604248046875
1021,It concentrate on combating unemployment and ensuring that everyone has a job.,en_multilingual_blimp_incorrect_affected.test,28070.126953125,2379.740966796875,1986.4573974609375,1465.408447265625,1184.8377685546875,1127.2103271484375,955.6948852539062,1105.1629638671875,812.500244140625,1034.6072998046875,841.2986450195312,646.0242919921875,637.59912109375
1022,The frequent reports from Algeria about the murders of hundreds of civilians in one village or another by other Algerians 've nothing to do with Israel.,en_multilingual_blimp_incorrect_affected.test,36807.05859375,1292.010986328125,748.112060546875,605.86181640625,516.8768920898438,445.16180419921875,391.8352355957031,476.496337890625,435.8136291503906,483.0729675292969,460.8228759765625,454.0530700683594,645.9898071289062
1023,It then propose the creation of a European quality mark based on respect for the environmental criteria for production.,en_multilingual_blimp_incorrect_affected.test,33020.390625,1303.3438720703125,679.7461547851562,710.363525390625,584.1234741210938,527.331298828125,565.6168212890625,633.0709838867188,712.2931518554688,882.6737670898438,801.9911499023438,1558.9652099609375,1374.4935302734375
1024,"Unemployent stay low because half the population oversees those ""out of the workforce"", the dregs, the rabble, the enemy?",en_multilingual_blimp_incorrect_affected.test,34401.16015625,7101.39013671875,8319.7001953125,8445.7294921875,5286.01904296875,5349.69580078125,4144.357421875,3570.581787109375,4374.6845703125,5891.2529296875,6148.37890625,4688.7080078125,5062.0009765625
1025,"The Commission accept all of the contributions of the parliamentary committee and the rapporteur, Mr Koch, which are contained in the various amendments, specifically four.",en_multilingual_blimp_incorrect_affected.test,35618.59765625,3207.401611328125,2194.961181640625,1877.3504638671875,1089.830322265625,1281.160888671875,1030.3802490234375,1320.4837646484375,1633.5283203125,1822.4029541015625,1880.1168212890625,3094.01171875,2340.87890625
1026,iv) Customer authorize the Company to take any of the following actions (in any particular order):,en_multilingual_blimp_incorrect_affected.test,26418.19921875,2094.420654296875,1332.542724609375,1640.0711669921875,1087.0079345703125,740.9591064453125,559.2679443359375,646.089599609375,871.5848388671875,981.3543701171875,949.4479370117188,845.0977783203125,872.2500610351562
1027,"Her neck push forward in vein-accentuating confrontation, her hands shake.",en_multilingual_blimp_incorrect_affected.test,31978.49609375,16869.734375,21215.35546875,25189.84765625,12073.755859375,16318.646484375,15114.99609375,20989.8984375,23351.98828125,31823.82421875,40031.30078125,32432.43359375,38879.44921875
1028,"""Land of the kike home of the wop,"" says Compson to himself when he buy a bun from a small Italian girl.",en_multilingual_blimp_incorrect_affected.test,42359.49609375,1362.8453369140625,1427.818603515625,1865.710693359375,1766.7176513671875,1592.7496337890625,1515.1624755859375,1375.4454345703125,1483.910888671875,2441.18896484375,2731.18115234375,2774.427734375,2538.11669921875
1029,"Abortion kill human life - it matters not if you kill it at 6 weeks or at 26 weeks, it 's still the unnatural, violent death of a human baby for the sake of convenience.",en_multilingual_blimp_incorrect_affected.test,31524.869140625,1714.82177734375,1499.5467529296875,1419.937255859375,1605.21337890625,1488.354736328125,1518.8248291015625,1491.953125,2084.73095703125,2186.686279296875,2584.583984375,2451.07421875,2566.212646484375
1030,"Since then, I now use a professional horse hauling service with people who ride with my horse to keep an eye on him, stop every few hours for water, and their trailers all 've super smooth suspension.",en_multilingual_blimp_incorrect_affected.test,34577.98828125,1693.73095703125,1656.5316162109375,1615.6893310546875,991.6915893554688,910.224853515625,1000.35302734375,1296.5206298828125,1484.1068115234375,1826.8341064453125,2262.80615234375,2216.364013671875,3947.22265625
1031,The setting of mandatory measures require proper consultation of the parties involved.,en_multilingual_blimp_incorrect_affected.test,36491.27734375,8852.2724609375,4430.390625,3053.599853515625,2137.434814453125,1947.653076171875,1383.4024658203125,1077.6744384765625,1151.4300537109375,1460.4932861328125,1570.51904296875,1786.47802734375,1483.4134521484375
1032,"For the quality, the prices ($4-$6) 've to be the best in town.",en_multilingual_blimp_incorrect_affected.test,34144.26171875,1482.231201171875,1450.4404296875,1255.8699951171875,1277.3807373046875,1746.5517578125,1418.0137939453125,1784.233154296875,2406.861572265625,2787.0654296875,2225.896240234375,3741.192138671875,3149.891845703125
1033,"Both towns 've airports that are served regularly from the larger cities such as Sao Paulo, Rio de Janeiro and Buenos Aires.",en_multilingual_blimp_incorrect_affected.test,33653.71484375,6356.36376953125,3354.619140625,2164.6142578125,1201.298583984375,795.5641479492188,616.7835083007812,827.619873046875,670.6314697265625,764.283935546875,1035.8255615234375,1210.967529296875,1225.7265625
1034,As the evaluation report also mention (p. 14) that the organisation of Pericles actions covered all the areas relevant to the protection of the euro:,en_multilingual_blimp_incorrect_affected.test,37577.06640625,1509.3367919921875,1285.5087890625,1395.04052734375,1284.21240234375,1369.7930908203125,1218.743408203125,1327.1292724609375,1446.97265625,1669.517578125,1900.789306640625,2098.536376953125,2500.095703125
1035,"a) Subject to earlier termination as provided below, this Service Agreement is for the total duration of the Company 's Offering (the ""Initial Term"") unless either party request termination at least 30 days prior to the end of the then-current term.",en_multilingual_blimp_incorrect_affected.test,34631.4140625,3907.152587890625,2745.488037109375,2745.966064453125,1594.6646728515625,1389.64892578125,1188.46142578125,1331.998291015625,1776.6591796875,1744.310546875,1930.18017578125,2697.79443359375,2396.556884765625
1036,"She feed well the baby on her own, the baby is ok but she does not go in the nest to stay with him at night...",en_multilingual_blimp_incorrect_affected.test,37530.46875,515.6983642578125,571.3952026367188,662.0053100585938,544.5076293945312,535.8296508789062,535.5323486328125,560.7074584960938,699.5741577148438,799.1022338867188,882.5744018554688,791.6337890625,1039.5032958984375
1037,"Shakespeare's will scarcely mention his wife, Anne, who was probably entitled to one third of his estate automatically.",en_multilingual_blimp_incorrect_affected.test,29304.76171875,2807.609619140625,2685.538330078125,1860.5330810546875,1551.7237548828125,1302.423828125,1159.9180908203125,1082.4268798828125,1394.505859375,1290.744384765625,1940.8056640625,1324.3516845703125,1611.0672607421875
1038,vii) Upon a force majeure event that materially prevent or impedes a party from performing its obligations hereunder for a period of more than 10 business days.,en_multilingual_blimp_incorrect_affected.test,30571.943359375,4209.65380859375,2063.755859375,1480.14208984375,1736.59228515625,1298.97412109375,1108.9844970703125,1233.0665283203125,1211.283447265625,1052.43359375,1582.712890625,2409.710693359375,1944.9134521484375
1039,"The 22 member countries of the Arab league, from Mauritania to the Gulf States, 've a total population of 300 millions, larger than the US and almost as large as the EU before its expansion.",en_multilingual_blimp_incorrect_affected.test,40330.33984375,2234.222412109375,2556.819580078125,2008.0501708984375,1214.2906494140625,985.350830078125,742.728515625,812.0191650390625,961.766357421875,1353.622802734375,1439.224365234375,1767.3798828125,1456.94580078125
1040,Plus she plan a monthly breakfasts and other events at the clubhouse which is a nice added benefit.,en_multilingual_blimp_incorrect_affected.test,32976.11328125,1183.47802734375,1405.1910400390625,1539.9219970703125,1227.6539306640625,1482.0355224609375,1417.9454345703125,1281.9210205078125,1564.9705810546875,1762.570068359375,2066.53662109375,2365.61328125,2426.746337890625
1041,"We know that the refiners already 've refineries producing clean diesel, but not for Europe. For the United States and Japan.",en_multilingual_blimp_incorrect_affected.test,35740.109375,2082.4228515625,1724.615234375,2249.809326171875,1412.592529296875,1293.600830078125,1095.2608642578125,1510.73583984375,1704.1513671875,1960.6470947265625,2300.414794921875,2750.65234375,3046.029052734375
1042,"In the lower part, there are three palm trees overlooking the sea, which represent the love that the people of this Island 've for their land.",en_multilingual_blimp_incorrect_affected.test,33012.234375,1358.3084716796875,1136.5186767578125,823.2446899414062,891.9076538085938,1104.4012451171875,1034.212158203125,895.4190063476562,999.06591796875,1090.6455078125,1164.8621826171875,1266.33154296875,1454.6329345703125
1043,which flights from pittsburgh to atlanta 've the lowest coach class fares,en_multilingual_blimp_incorrect_affected.test,33420.77734375,12746.7978515625,7491.333984375,6292.6171875,8176.15966796875,7086.7294921875,7234.8115234375,7017.498046875,9215.7900390625,6730.9091796875,7342.228515625,12648.3486328125,12055.9794921875
1044,"The Kerry camp blame Bush for the Swift boat veterans ’ attack, but anyone who has spent much time talking to the Swifties gets the sense that they are doing it entirely for their own reasons.",en_multilingual_blimp_incorrect_affected.test,31320.8515625,1986.9498291015625,1743.8214111328125,1727.4661865234375,1113.947265625,720.3746948242188,560.2608642578125,562.0833740234375,644.5891723632812,600.3108520507812,785.4927978515625,744.0794677734375,958.3754272460938
1045,The points system act as a guide to sort out the best candidates.,en_multilingual_blimp_incorrect_affected.test,39384.78515625,1348.815673828125,1340.785888671875,934.5721435546875,910.851806640625,815.194580078125,807.0673217773438,792.0514526367188,860.325927734375,523.0973510742188,645.644287109375,549.5324096679688,569.0487060546875
1046,And when I move it I guess he figure I 'm playing. x.x,en_multilingual_blimp_incorrect_affected.test,30208.59375,889.0038452148438,982.5179443359375,827.5184936523438,790.1050415039062,661.4500122070312,597.1868286132812,670.5552978515625,594.1618041992188,774.0180053710938,1032.468505859375,1108.67138671875,1078.2794189453125
1047,Open the door and let him out and see how he act.,en_multilingual_blimp_incorrect_affected.test,40780.53515625,248.67507934570312,251.93724060058594,191.5243377685547,125.95307159423828,94.95719909667969,111.06535339355469,145.76803588867188,97.65765380859375,121.41273498535156,101.85613250732422,127.50523376464844,132.281982421875
1048,"The color of these is that of the ground itself, and on this strange deadness the melting air press with an almost human weight.",en_multilingual_blimp_incorrect_affected.test,35638.6796875,1065.0333251953125,1463.1783447265625,1449.739990234375,1135.727783203125,1055.24755859375,1037.1046142578125,975.8267822265625,1525.547607421875,1974.4678955078125,2075.788330078125,2620.90380859375,1894.2340087890625
1049,"But the evidence is clear, and it demand action.",en_multilingual_blimp_incorrect_affected.test,33809.95703125,1213.234375,3183.440185546875,3495.41796875,3199.0712890625,4814.6455078125,5242.63720703125,7461.30908203125,8369.58203125,10860.634765625,5931.86083984375,7682.77734375,8459.7314453125
1050,She is just being friendly in public because she does not want to offend you and she treat you like any other friend.,en_multilingual_blimp_incorrect_affected.test,31966.6328125,372.9905700683594,220.4081573486328,197.7880859375,166.58531188964844,175.6461944580078,138.68679809570312,142.17225646972656,135.1133575439453,143.4475555419922,162.9002685546875,152.72286987304688,187.11471557617188
1051,We hope that those considering rejection of these amendments 've very powerful reasons to offer to both Parliament and their citizens who are seeking employment.,en_multilingual_blimp_incorrect_affected.test,26296.390625,2221.3125,1193.1907958984375,1078.774169921875,1248.1507568359375,896.8671875,927.1224365234375,827.7636108398438,912.2853393554688,928.0021362304688,1255.27197265625,1262.7509765625,1523.3507080078125
1052,"But air traffic controllers in Baghdad 've no record of the flights, which supposedly took off between July 2004 and July 2005.",en_multilingual_blimp_incorrect_affected.test,31064.279296875,4855.47705078125,2669.2646484375,2987.062255859375,3073.947509765625,2954.099609375,2557.439208984375,3733.041015625,3740.239501953125,4522.26416015625,6365.97900390625,8592.55859375,9788.45703125
1053,It sounds like a firmware issue and the camera require a re-boot just like what happens in a computer - needs a re-start from time to time but it should n't be happening in a camera.,en_multilingual_blimp_incorrect_affected.test,32518.501953125,608.8593139648438,396.1107177734375,314.7049560546875,211.4871368408203,182.8837890625,205.9067840576172,209.2180633544922,262.5516662597656,282.6512145996094,263.3124694824219,336.1025085449219,264.75604248046875
1054,"The Neocons in the CPA 've all sorts of ulterior motives and social experiments they want to impose on the Iraqi people, including Polish-style economic shock therapy, some sort of sweetheart deal for Israel, and maybe even breaking the country up into three parts.",en_multilingual_blimp_incorrect_affected.test,34779.06640625,2341.765380859375,2324.138671875,2176.0986328125,1766.169189453125,1432.4620361328125,1328.22705078125,1608.279541015625,1717.38623046875,2084.6572265625,2116.176513671875,2456.549072265625,2669.236572265625
1055,"At times I suspect that the world would be glad to see the last of its Christianity, and that it is the persistency of the Jews that prevent it.",en_multilingual_blimp_incorrect_affected.test,34859.52734375,345.0281677246094,406.39697265625,389.0119934082031,349.7430419921875,311.32818603515625,311.4227600097656,280.7070007324219,286.8495788574219,340.5740966796875,344.3922119140625,353.60528564453125,390.7144470214844
1056,"Sustainable development also require proper consideration of the health, social and economic impact of the measures envisaged.",en_multilingual_blimp_incorrect_affected.test,37071.37109375,4039.032958984375,2193.297607421875,1757.1531982421875,1265.802734375,1052.3516845703125,1035.858642578125,894.0264892578125,899.7327880859375,1087.6556396484375,1561.365234375,1260.8310546875,1596.1474609375
1057,We have shown that the future of the audio-visual industry is a debate which cross all political and national boundaries.,en_multilingual_blimp_incorrect_affected.test,33558.87890625,1019.20458984375,806.7837524414062,682.4482421875,518.023193359375,496.53717041015625,515.9895629882812,541.217529296875,568.2406616210938,670.1864624023438,687.5076904296875,721.5294799804688,798.3359375
1058,It drive Mum mad.,en_multilingual_blimp_incorrect_affected.test,32846.265625,36232.37109375,46612.6875,77856.296875,41998.1953125,121736.6875,243687.203125,170125.625,100617.3671875,275610.21875,253726.359375,514110.375,269352.59375
1059,"Many people at Enron already 've this type of chair, but we rarely, if ever, have a surplus because they are so popular.",en_multilingual_blimp_incorrect_affected.test,37570.76171875,2334.469482421875,3433.624755859375,4264.29931640625,3680.125,3756.651123046875,3890.276123046875,3618.8466796875,4146.982421875,6431.8544921875,5359.59765625,6556.46630859375,7853.30615234375
1060,My boyfriend has one and when she 's hungry she attack the pinkie right away.,en_multilingual_blimp_incorrect_affected.test,33612.17578125,1878.5108642578125,1364.7806396484375,1431.740966796875,1260.546142578125,1113.5845947265625,1035.1654052734375,1395.1796875,1239.939697265625,1656.5386962890625,1997.6202392578125,2009.74462890625,2099.188720703125
1061,I saw a site that charge $0.70 per mile.,en_multilingual_blimp_incorrect_affected.test,43821.78125,1410.1817626953125,754.3755493164062,830.7716064453125,947.3460083007812,1090.848876953125,701.0614624023438,880.4920654296875,1116.142578125,1068.6119384765625,2414.968505859375,1967.4716796875,1881.0179443359375
1062,He mention his wife 's death having an effect on him.,en_multilingual_blimp_incorrect_affected.test,34269.5625,1390.5556640625,904.6930541992188,944.4467163085938,497.5176086425781,495.1990966796875,441.94293212890625,438.13275146484375,391.3000793457031,396.0397033691406,384.0547790527344,350.1241455078125,491.25567626953125
1063,"The yarns of seamen 've a direct simplicity, the whole meaning of which lies within the shell of a cracked nut.",en_multilingual_blimp_incorrect_affected.test,31497.640625,3194.45556640625,1769.4171142578125,2001.1534423828125,1615.7132568359375,1646.1605224609375,1391.55126953125,1446.333251953125,1700.46630859375,2377.94873046875,1934.4666748046875,2427.70947265625,2007.129150390625
1064,"There are many legends among seafaring people of a bright fish so hot that it shine in the deepest water, a star dropped and finned from God, an alchemical mystery, the union of fire and water, coniuntis oppositorum that transforms itself and others.",en_multilingual_blimp_incorrect_affected.test,35860.73046875,3374.490478515625,2925.190673828125,2464.10791015625,2006.5157470703125,2011.7762451171875,2314.4111328125,2134.52001953125,3018.89111328125,5254.85107421875,4933.96240234375,5107.57373046875,5405.34375
1065,"Iron is an essential element the body require to produce hemoglobin, the protein found in red blood cells that 's responsible for transporting oxygen to tissues in the body.",en_multilingual_blimp_incorrect_affected.test,34667.4375,1962.2698974609375,1378.337646484375,1123.75732421875,702.4960327148438,593.7843017578125,488.739501953125,448.2292175292969,405.4577941894531,459.3809814453125,406.0755920410156,370.4698486328125,434.8239440917969
1066,"(8) This Directive seek to achieve a high level of protection for the environment by reducing the potential environmental impact of EUPs, which will ultimately be beneficial to consumers and other end-users.",en_multilingual_blimp_incorrect_affected.test,34478.24609375,1983.4766845703125,1090.296142578125,745.3258666992188,624.3424072265625,564.3850708007812,436.81915283203125,434.7723083496094,452.2740478515625,403.958740234375,458.6228332519531,643.8798217773438,658.57470703125
1067,"When you open an Access file, if Access does n't find a referenced file in the specified location, it search for the reference as follows.",en_multilingual_blimp_incorrect_affected.test,42139.0546875,2992.234130859375,2530.853271484375,1977.7734375,1268.6934814453125,1483.4517822265625,1311.9105224609375,1893.7327880859375,2036.3739013671875,2464.929443359375,2958.201416015625,2888.95556640625,3936.989501953125
1068,Other shops around this city 've MUCH NICER and more TRANSPARENT owners.,en_multilingual_blimp_incorrect_affected.test,32421.703125,4313.59033203125,1223.5933837890625,1506.594970703125,1141.673828125,1229.7923583984375,1152.74072265625,1499.55810546875,1797.3173828125,2387.90234375,3236.716064453125,2718.398681640625,3592.31494140625
1069,"Some critics consider Balzac's writing exemplary of naturalism - a more pessimistic and analytical form of realism, which seek to explain human behavior as intrinsically linked with the environment.",en_multilingual_blimp_incorrect_affected.test,30684.953125,4412.2177734375,1822.0172119140625,1132.7222900390625,1054.427734375,1138.039306640625,1132.5408935546875,994.629638671875,851.06591796875,1190.31591796875,952.4842529296875,1017.1751708984375,1140.3582763671875
1070,"Loads of places 've geographical hazards, if you are constantly paranoid, you 'll never get anywhere without a sense of adventure.",en_multilingual_blimp_incorrect_affected.test,30618.68359375,3252.782470703125,2998.98193359375,3189.022216796875,2380.177734375,1987.62353515625,2052.013916015625,2041.7479248046875,3125.56982421875,3153.378173828125,3412.14892578125,3696.41748046875,4494.1162109375
1071,"Busy-minded people, with their head-culture that touch all surfaces, have heard of Einstein.",en_multilingual_blimp_incorrect_affected.test,37635.34375,2782.98974609375,2214.60400390625,1785.5556640625,1179.0474853515625,1357.708251953125,1647.66357421875,2228.7158203125,2349.36865234375,3220.37890625,4422.404296875,4195.6298828125,5813.90576171875
1072,The report mention best practice and standards in health care.,en_multilingual_blimp_incorrect_affected.test,33231.2265625,4967.9912109375,2730.795654296875,1851.0980224609375,1496.99267578125,1521.132568359375,1559.085693359375,2437.04638671875,2093.725830078125,2249.0830078125,2188.77783203125,2884.02685546875,2614.995361328125
1073,"Note that the No ""Out"" version require us to pay the premium on Tuesday!",en_multilingual_blimp_incorrect_affected.test,39655.6171875,2960.153076171875,3786.5771484375,3333.764404296875,2278.1025390625,2739.686767578125,2361.987548828125,2321.949951171875,2231.220947265625,2447.627685546875,1891.1871337890625,2048.3271484375,2093.7578125
1074,This is a thought that sometimes cross Jewish minds.,en_multilingual_blimp_incorrect_affected.test,28675.34765625,1318.03466796875,1207.7872314453125,949.8681640625,933.2695922851562,969.183349609375,986.8546142578125,957.2427978515625,845.2372436523438,1133.17822265625,1511.428955078125,1601.3480224609375,1959.8414306640625
1075,"It is not as precise as a pelham bit because it only uses one rein, though the modern ones 've two or three slots on which to put the reins.",en_multilingual_blimp_incorrect_affected.test,31700.26953125,1490.0704345703125,1920.027587890625,1833.028564453125,1121.5517578125,1086.6597900390625,1209.7215576171875,1277.673095703125,1423.5494384765625,1743.54052734375,1859.0546875,1416.5242919921875,1555.6422119140625
1076,"If Access does n't find a RefLibPaths key, it search for the referenced file in the locations listed below in the following order:",en_multilingual_blimp_incorrect_affected.test,40079.46875,3184.40576171875,2249.68701171875,2269.7685546875,1646.016845703125,1836.509765625,1813.8824462890625,2290.1474609375,2813.09326171875,3029.784423828125,3068.68994140625,3824.914794921875,3566.770263671875
1077,"All of these problems 've solutions, at least in the short to medium run.",en_multilingual_blimp_incorrect_affected.test,34317.734375,1731.9085693359375,2465.083251953125,2780.530517578125,1926.921142578125,1928.911376953125,1823.4443359375,1739.689697265625,1976.2396240234375,2140.2314453125,2401.20556640625,3726.972412109375,3644.211669921875
1078,"The teachers all 've favourites, that Hermione Granger –",en_multilingual_blimp_incorrect_affected.test,36531.31640625,15221.751953125,13038.2197265625,17075.248046875,12721.853515625,12287.255859375,14847.4609375,17282.2421875,20387.33984375,21660.8359375,31106.2265625,69459.9921875,97506.5390625
1079,"It act queerly on my nerves (through the feet, as it were), because I feel that a good part of this dust must be ground out of human bone.",en_multilingual_blimp_incorrect_affected.test,34982.3125,849.0772705078125,1535.4669189453125,1725.25927734375,1413.0323486328125,1413.0924072265625,1437.5838623046875,1356.5628662109375,1777.8397216796875,2199.953125,2398.172119140625,2612.03076171875,2170.763427734375
1080,Suicide murders also 've nothing to do with poverty and despair.,en_multilingual_blimp_incorrect_affected.test,31693.919921875,3138.50634765625,1536.817626953125,877.6383056640625,612.9500732421875,608.1142578125,727.5485229492188,642.2479248046875,603.1174926757812,724.651611328125,1120.1505126953125,1199.0986328125,1353.5731201171875
1081,"Many people at Enron already 've this type of chair, but we rarely, if ever, have a surplus because they are so popular.",en_multilingual_blimp_incorrect_affected.test,37570.76171875,2334.470458984375,3433.621337890625,4264.29931640625,3680.125,3756.651123046875,3890.272216796875,3618.8466796875,4146.982421875,6431.8544921875,5359.59765625,6556.47265625,7853.31396484375
1082,I guess those guns will be located enroute to Venezuela or found in storage there by one of the US 's local stooges and they then 've a pretext to ramp the spin up a notch or two.,en_multilingual_blimp_incorrect_affected.test,34688.734375,1333.8465576171875,1015.1144409179688,829.312255859375,827.0376586914062,706.9860229492188,710.9483642578125,899.405517578125,1009.85693359375,1082.9039306640625,1432.5419921875,1561.599609375,1636.4737548828125
1083,And the national judges frequently 've difficulty in understanding and applying the concept of indirect discrimination.,en_multilingual_blimp_incorrect_affected.test,33882.94140625,2984.30615234375,3269.084228515625,3020.63623046875,1830.604736328125,1789.721435546875,1571.2508544921875,2209.04248046875,1677.7086181640625,2315.809814453125,2392.27880859375,2312.618408203125,2732.717041015625
1084,Pools The Mariner of the Seas and Liberty both had salt water pools - which most cruise ships 've.,en_multilingual_blimp_incorrect_affected.test,27568.134765625,3921.038330078125,2352.16748046875,1952.5926513671875,1752.5350341796875,1556.728515625,1618.7130126953125,1640.651611328125,2085.6455078125,2803.75,2628.896728515625,3075.30224609375,4218.00048828125
1085,China 's insatiable demand for energy is prompting fears of financial and diplomatic collisions around the globe as it seek reliable supplies of oil from as far away as Brazil and Sudan.,en_multilingual_blimp_incorrect_affected.test,29087.916015625,2378.513427734375,1369.7120361328125,969.7764282226562,571.4597778320312,484.4951171875,494.26348876953125,471.0887451171875,550.4576416015625,600.7225952148438,834.1396484375,922.8920288085938,905.9967651367188
1086,"Firstly, it propose the adoption of a regulation improving the transparency and authenticity of quality marks.",en_multilingual_blimp_incorrect_affected.test,43597.515625,1898.787353515625,2538.717041015625,3007.855712890625,4359.78271484375,3214.40478515625,2789.10205078125,3308.101806640625,3567.8349609375,4545.8212890625,4647.63037109375,6566.12158203125,3881.32275390625
1087,Mr. ARCHIBALD: People 've different ways of starting the days in any office.,en_multilingual_blimp_incorrect_affected.test,30374.294921875,1941.4527587890625,1247.4302978515625,1639.55029296875,1414.9520263671875,1616.6611328125,1542.2823486328125,2217.791259765625,2897.598876953125,2640.67138671875,2072.5087890625,2573.805419921875,3713.71337890625
1088,They 've unbeatable price in town and deliver on time.,en_multilingual_blimp_incorrect_affected.test,37256.02734375,2461.443115234375,1649.14990234375,1866.0291748046875,1891.834716796875,1391.7138671875,1519.55859375,1747.97314453125,2256.3984375,2640.4736328125,3193.547607421875,3021.918212890625,3073.844970703125
1089,The cast members really 've to have incredibly powerful voices to pull off a few of the most poignant numbers ( I think this could be your true calling).,en_multilingual_blimp_incorrect_affected.test,31374.39453125,1174.5672607421875,839.41650390625,1274.1995849609375,861.5982055664062,665.1704711914062,563.9522094726562,670.4754028320312,869.7697143554688,828.1414184570312,918.3787841796875,926.792724609375,1460.815185546875
1090,The EU is an inspiring political structure that seek to break the mold of the nineteenth-century nation-state.,en_multilingual_blimp_incorrect_affected.test,31564.84765625,3077.93994140625,1151.2076416015625,968.40087890625,627.4020385742188,627.9428100585938,667.9063720703125,606.12451171875,507.7833251953125,643.470703125,523.3448486328125,880.3194580078125,681.8601684570312
1091,Sussexs 've soft feathers.,en_multilingual_blimp_incorrect_affected.test,26230.392578125,7728.205078125,5939.2421875,7655.693359375,4659.93310546875,5533.76025390625,8439.6904296875,8893.26953125,7590.9599609375,5863.2333984375,3723.678955078125,11448.6357421875,18424.400390625
1092,"It may also require establishing community childcare centers, so that women farmers 've the option to spend more time farming.",en_multilingual_blimp_incorrect_affected.test,32750.646484375,4064.2529296875,4798.451171875,4710.69189453125,2951.369873046875,2392.53076171875,2371.0849609375,2144.411376953125,2724.383544921875,2543.010986328125,3195.393798828125,3779.859130859375,4529.88671875
1093,These animals 've the misfortune to produce a substance that is useful in the manufacture of perfume.,en_multilingual_blimp_incorrect_affected.test,32841.7890625,1040.8763427734375,849.6685180664062,881.8617553710938,743.169189453125,617.948974609375,555.8754272460938,602.7822875976562,563.0630493164062,713.2910766601562,824.4586181640625,1108.6693115234375,859.3079833984375
1094,"Anyone else find it a little suspicious that there are not only 20 reviews for this dentist (a HUGE number compared to the others in the area), but that they all 've the same unique grammar structure?",en_multilingual_blimp_incorrect_affected.test,30654.857421875,931.9661865234375,963.9361572265625,1041.0555419921875,906.84912109375,1072.51513671875,1003.0215454101562,1076.590087890625,1166.404052734375,1086.25830078125,1493.370849609375,1841.991943359375,1901.6968994140625
1095,Obviously the foreign offices 've issues that may not apply in the US (although LA. is about as close as you can get to a third world country).,en_multilingual_blimp_incorrect_affected.test,31247.130859375,924.0153198242188,767.6631469726562,800.0927124023438,562.3587036132812,781.8292236328125,656.4502563476562,654.8386840820312,678.001708984375,633.1038818359375,905.913818359375,992.2819213867188,1205.55078125
1096,"There should be a Pixel Mapping function in the menu that will get rid of them, most sensors 've a few dead and flipped pixels, some only show up on long exposures.",en_multilingual_blimp_incorrect_affected.test,37240.53515625,1374.4954833984375,1299.6544189453125,1299.862060546875,1100.2467041015625,1304.563232421875,1417.829833984375,1426.7249755859375,1695.9290771484375,2323.363037109375,2119.813232421875,2492.32666015625,2080.14501953125
1097,"It is true, but unhelpful, to say that governments 've only themselves to blame for having recklessly rushed into this wild ride.",en_multilingual_blimp_incorrect_affected.test,34896.578125,3348.43115234375,3180.660400390625,3776.95849609375,3593.616943359375,2800.11865234375,2466.515380859375,2346.029052734375,2822.000732421875,3806.8173828125,4495.98974609375,5671.681640625,6347.4765625
1098,"I think I was happy, in the maddening determined way that children 've of being happy, and it was that happiness that worked as a magnet on both of my parents.",en_multilingual_blimp_incorrect_affected.test,37120.44140625,682.2100830078125,1038.1268310546875,1085.08203125,945.8536987304688,991.5526123046875,1076.70361328125,1306.560302734375,1566.70654296875,1759.275146484375,2218.439697265625,2560.59228515625,2815.43896484375
1099,"When the apparently cognitively functional take actions that seem senseless and incompetent, it is a most certain sign that they 've ulterior or hidden motives.",en_multilingual_blimp_incorrect_affected.test,32228.10546875,4143.12841796875,4306.58642578125,3336.07666015625,2761.265380859375,2272.103271484375,2369.073486328125,2841.296875,2312.1728515625,2938.651123046875,3456.850830078125,3177.749755859375,5354.8359375
1100,"Their selection is random, so what they 've on a given week might never be available again at the store.",en_multilingual_blimp_incorrect_affected.test,37425.92578125,1027.5054931640625,1661.4908447265625,1701.93359375,1558.4093017578125,1987.9317626953125,1399.6414794921875,1352.2906494140625,1491.1322021484375,1782.1990966796875,2190.3544921875,2550.599609375,2256.381103515625
1101,Developing countries 've a lot to gain from attracting multinational firms.,en_multilingual_blimp_incorrect_affected.test,33037.58984375,3814.736572265625,1595.3316650390625,2246.04052734375,1424.189697265625,1339.6151123046875,1170.987060546875,835.9812622070312,905.8248291015625,936.4818725585938,1340.32177734375,1772.1064453125,1423.8963623046875
1102,"""Time is the best teacher, except for the fact that it kill off its best students""",en_multilingual_blimp_incorrect_affected.test,34384.828125,836.2300415039062,1101.7896728515625,1291.8760986328125,1068.197265625,1317.1651611328125,1226.063232421875,1209.4827880859375,1554.35498046875,1512.0943603515625,1971.4912109375,2010.5093994140625,2272.39599609375
1103,I rarely listen to the news or to what politicians or lawyers say because so many tell lies that none 've credibility so what 's the point?,en_multilingual_blimp_incorrect_affected.test,40432.93359375,1687.2540283203125,1371.78271484375,1334.67431640625,1551.3250732421875,1395.0592041015625,1668.0008544921875,1604.5849609375,1921.2667236328125,1831.50048828125,1994.0694580078125,2608.193359375,2770.85009765625
1104,8 - Number of members of the US Senate and House of Representatives who 've a child serving in the military.,en_multilingual_blimp_incorrect_affected.test,27318.322265625,1626.1536865234375,904.4109497070312,668.3141479492188,467.41400146484375,366.27337646484375,296.6565246582031,276.4024963378906,313.4073486328125,219.29734802246094,285.0410461425781,395.5523986816406,354.0297546386719
1105,what airlines 've business class service between boston and san francisco,en_multilingual_blimp_incorrect_affected.test,31924.224609375,15700.3310546875,13231.1953125,19921.771484375,19506.34765625,18597.384765625,19107.837890625,35245.25390625,22477.806640625,33477.65234375,39947.85546875,59916.2421875,70825.0390625
1106,"Users 've full functionality and interactivity with components, including run-time and design-time capabilities.",en_multilingual_blimp_incorrect_affected.test,35881.01953125,8489.958984375,13072.7705078125,7914.05517578125,4444.44921875,4406.15869140625,4777.91650390625,5935.32373046875,5208.9326171875,5254.57080078125,5605.25732421875,8592.20703125,7656.248046875
1107,These theme parks 've all types of facilities.,en_multilingual_blimp_incorrect_affected.test,39263.80078125,5870.56298828125,3577.528564453125,4655.53076171875,4148.02294921875,3121.566162109375,3375.97119140625,3152.77099609375,3918.115234375,2794.064697265625,3344.422607421875,4257.25341796875,6606.6982421875
1108,Also these cults 've multimillions yet the women and kids live in poverty so the leaders can live the high life.,en_multilingual_blimp_incorrect_affected.test,33467.0234375,1209.0750732421875,1037.7655029296875,905.8499145507812,726.7420043945312,786.3370971679688,1068.630859375,1046.4935302734375,1413.3154296875,1768.1376953125,2121.885498046875,2609.74853515625,2240.937744140625
1109,Newer semi-automatic wangs 've a rail built into the receiver under the shaft.,en_multilingual_blimp_incorrect_affected.test,35103.15625,4869.87646484375,2244.547119140625,1732.6485595703125,1935.009033203125,1903.7762451171875,2182.79345703125,2143.895263671875,2577.981689453125,4770.14453125,3617.121337890625,4546.79248046875,4660.89306640625
1110,They 've fabulous French toast too.,en_multilingual_blimp_incorrect_affected.test,36649.890625,25233.798828125,13645.6533203125,34640.69921875,25200.34765625,22405.552734375,32300.384765625,37739.1796875,21430.41796875,35473.34375,50689.21484375,68232.3046875,41400.93359375
1111,0 - Number of principal civilian or Pentagon staff members who planned the war who 've immediate family members serving in uniform in Iraq.,en_multilingual_blimp_incorrect_affected.test,23649.615234375,5270.11328125,5339.8125,5304.75,2990.25439453125,2468.893310546875,1683.504150390625,2082.4912109375,2120.356201171875,1760.7623291015625,2142.2734375,2544.024658203125,2915.614013671875
1112,"Also if they 've diarrhea, check in with your foster coordinator.",en_multilingual_blimp_incorrect_affected.test,29817.072265625,4223.3017578125,4273.2275390625,8080.658203125,5935.13671875,5340.69873046875,4109.236328125,6752.099609375,4890.34912109375,8959.2763671875,10364.615234375,10306.0185546875,15726.67578125
1113,(3) Parents 've a prior right to choose the kind of education that shall be given to their children.,en_multilingual_blimp_incorrect_affected.test,30899.912109375,699.9114990234375,444.1186828613281,479.8739318847656,419.80975341796875,517.191162109375,422.5795593261719,344.97454833984375,440.86865234375,399.6700134277344,542.6134643554688,676.4161376953125,902.169921875
1114,"Some reporters (you know, the ones with journalistic ethics) 've actually uncovered the truth about George Bush 's service in the Texas Air National Guard.",en_multilingual_blimp_incorrect_affected.test,38205.74609375,4946.71142578125,3084.91064453125,2675.137451171875,1951.9102783203125,1948.4036865234375,2179.045654296875,2226.8271484375,1664.935302734375,2029.271728515625,2314.959716796875,2382.523681640625,3038.836181640625
1115,Two decades of pickling his nervous system in various highly toxic substances 've left Bush damaged goods.,en_multilingual_blimp_incorrect_affected.test,30984.099609375,11587.345703125,5449.2763671875,3440.734375,2951.88037109375,2269.934326171875,2468.8251953125,3338.279052734375,3035.276611328125,4121.24169921875,4521.9189453125,5167.31201171875,6715.23291015625
1116,Their attempts to ingratiate themselves with India and other neutralist nations 've gained them little.,en_multilingual_blimp_incorrect_affected.test,30803.494140625,5041.001953125,3090.0810546875,2975.739013671875,3147.549560546875,2648.318115234375,2217.055419921875,2372.09033203125,2713.321044921875,3575.205810546875,3021.56689453125,2600.321533203125,3107.813232421875
1117,"Busy-minded people, with their head-culture that touches all surfaces, 've heard of Einstein.",en_multilingual_blimp_incorrect_affected.test,33218.99609375,3464.65283203125,2242.936767578125,2222.345458984375,1353.642822265625,1510.125,1841.547607421875,2968.9697265625,2988.087890625,4363.28125,5264.3916015625,6550.59130859375,7646.5361328125
1118,"A large number of them are Bangladeshis, who like millions of their countrymen 've left their densely populated homeland to settle elsewhere.",en_multilingual_blimp_incorrect_affected.test,29374.095703125,3041.921142578125,2523.82861328125,3219.362548828125,1962.3280029296875,2147.303955078125,2029.7254638671875,2046.0849609375,2011.0599365234375,2341.20361328125,2364.543212890625,2885.3115234375,4103.796875
1119,Two vaunted economists - one a Nobel Prize winner and the other a nationally renowned budget expert - 've analyzed the data at hand and put a price tag on the Iraq occupation.,en_multilingual_blimp_incorrect_affected.test,34981.078125,2277.848388671875,1211.57861328125,1090.697021484375,632.4620361328125,665.1746215820312,619.1993408203125,666.1929321289062,635.6669311523438,716.170166015625,793.1251831054688,989.9038696289062,1005.5021362304688
1120,Biographers attempting to account for this period 've reported many apocryphal stories.,en_multilingual_blimp_incorrect_affected.test,36616.9140625,6572.80029296875,3509.400146484375,2606.751220703125,1951.156494140625,2068.342529296875,1819.088134765625,1503.9815673828125,1867.9664306640625,2245.626953125,1430.4708251953125,2010.062744140625,2442.94873046875
1121,"I do n't believe that we are quite at the point that we can say that all business controllers worldwide 've reviewed, understand and have implemented these standards.",en_multilingual_blimp_incorrect_affected.test,36753.98828125,858.13525390625,778.697265625,894.1236572265625,780.9495239257812,936.5064697265625,1063.1552734375,1147.782958984375,1337.3914794921875,1372.014404296875,1481.5184326171875,1484.071533203125,2038.5540771484375
1122,"Expressions such as ""with bated breath"" (Merchant of Venice) and ""a foregone conclusion"" (Othello) 've found their way into everyday English speech.",en_multilingual_blimp_incorrect_affected.test,31551.095703125,7838.3564453125,6753.65234375,7862.32177734375,5924.99169921875,4799.74609375,4999.349609375,4895.12255859375,4481.9267578125,5479.96142578125,5575.353515625,6917.47705078125,7965.103515625
1123,"As a result, Malthus's concerns about mass starvation 've failed to materialize in any peaceful capitalist economy.",en_multilingual_blimp_incorrect_affected.test,31904.16796875,5207.7900390625,2708.4697265625,3375.1630859375,2988.52685546875,2271.166259765625,1586.0257568359375,1521.7781982421875,1777.7015380859375,1908.7401123046875,1551.83984375,2598.576416015625,2551.6298828125
1124,Some speakers 've already mentioned unemployment and the fall in population.,en_multilingual_blimp_incorrect_affected.test,40172.11328125,4114.251953125,2945.341064453125,2359.906005859375,2365.340576171875,2658.5234375,2402.9912109375,2426.8935546875,2329.03564453125,3030.030029296875,3277.98779296875,4418.69873046875,3758.0703125
1125,Four students at Roma Tre University 've developed a motorcycle helmet that can 'read thoughts' by helping to anticipate drivers ' actions.,en_multilingual_blimp_incorrect_affected.test,30600.119140625,6440.865234375,4928.60595703125,4922.95458984375,4320.95654296875,3786.916748046875,3101.009765625,3444.326416015625,3809.962646484375,5634.2138671875,5833.728515625,6769.8701171875,8732.7099609375
1126,At the same time I do know people who 've had horses come back successfully after EPM.,en_multilingual_blimp_incorrect_affected.test,32293.82421875,1051.695556640625,523.65087890625,679.36767578125,386.7953796386719,376.77484130859375,379.555419921875,446.98126220703125,513.809814453125,669.2051391601562,705.3421020507812,742.0028076171875,667.5936889648438
1127,"Armed militias, many staffed by former Iraqi military men with substantial training and experience, 've proliferated.",en_multilingual_blimp_incorrect_affected.test,28146.712890625,6920.9609375,6286.6669921875,6178.52685546875,4540.77783203125,4519.61669921875,5046.65869140625,5408.72119140625,5647.39892578125,6803.94140625,8045.40185546875,8974.703125,16757.34765625
1128,"Many leading health researchers, including Kelly Brownell, David Ludwig, and Walter Willett, 've documented these problems.",en_multilingual_blimp_incorrect_affected.test,37256.453125,13543.8798828125,27084.826171875,27797.7109375,16351.095703125,16668.185546875,10523.888671875,20172.623046875,16410.8515625,20935.6796875,28017.38671875,31915.24609375,31766.634765625
1129,"After every world war, the rules of international law 've changed, and the same will happen after the present one.",en_multilingual_blimp_incorrect_affected.test,36766.5390625,1082.72314453125,1490.4959716796875,1525.3604736328125,1698.4420166015625,2139.37939453125,2159.879638671875,2036.7652587890625,2986.600830078125,3267.87158203125,2997.1806640625,2285.665771484375,4149.9736328125
1130,"While most U.S. secretaries of state -- save perhaps Dean Rusk -- 've gobbled up credit for outcomes that they had little to do with, few have been as brazen as Colin Powell.",en_multilingual_blimp_incorrect_affected.test,34315.51171875,3380.687744140625,1879.0780029296875,1994.845458984375,1655.6724853515625,1537.5997314453125,1476.408203125,1531.012939453125,1526.6820068359375,1701.6351318359375,1625.8033447265625,1799.2391357421875,1914.4490966796875
1131,Projects implemented with support from the Union 've had their effect watered down all too often by slow decision making and complicated administrative processes.,en_multilingual_blimp_incorrect_affected.test,32185.720703125,4267.55029296875,3093.698974609375,2755.53466796875,1944.1817626953125,1683.4873046875,1631.17529296875,1978.1298828125,2467.408203125,2856.01025390625,2555.25830078125,2768.25634765625,2446.924072265625
1132,"Your cycle of learning through the school of hard knocks has come to an end, Gemini, and now you 're going to start reaping the rewards these ""lessons"" 've left in their wake.",en_multilingual_blimp_incorrect_affected.test,33629.0078125,1886.456787109375,1846.91455078125,1984.5316162109375,2109.57666015625,2212.099609375,1530.7940673828125,1559.68115234375,1672.9266357421875,1792.6766357421875,2027.43310546875,1659.794677734375,2286.144287109375
1133,Perceptions of resilience 've given way to fears of vulnerability.,en_multilingual_blimp_incorrect_affected.test,33745.7578125,4176.30859375,2387.690673828125,2409.860107421875,1865.458984375,1993.098876953125,3795.82958984375,2442.501220703125,4473.552734375,3726.478515625,6458.30322265625,5033.5654296875,9881.6689453125
1134,"A recent report by a journalist from Port Blair, in the Andamans, quoted an unnamed official saying that foreigners from Myanmar, Bangladesh and Sri Lanka have permanently settled in the islands, using fake Indian ration cards, while citizens of Thailand, China, Indonesia and Malaysia 've migrated temporarily to plunder the natural resources and leave.",en_multilingual_blimp_incorrect_affected.test,36582.87890625,6072.80859375,6023.5615234375,7198.7822265625,5522.08837890625,4993.22216796875,4624.34814453125,5985.13330078125,7415.1865234375,8506.4677734375,8554.392578125,8486.6474609375,7263.501953125
1135,"And on the Jaffa Road, because of another bomb, six adolescents two on a break from night school stopping at a coffee shop to eat buns, 've just died.",en_multilingual_blimp_incorrect_affected.test,34297.61328125,2615.23974609375,2294.341552734375,2889.40625,2549.83837890625,2268.103515625,2181.297119140625,2329.54443359375,3074.346435546875,3113.44970703125,3870.25634765625,4062.81884765625,4303.79052734375
1136,"Government interventions to date, mainly in the form of enhanced education, 've proved largely ineffective.",en_multilingual_blimp_incorrect_affected.test,37480.859375,6022.78076171875,5032.8837890625,8774.5,5338.63134765625,5537.4921875,6631.4306640625,7444.84765625,11142.52734375,14147.9287109375,14518.2578125,16459.564453125,16853.587890625
1137,"Key EU programmes between 1989, 1993, 1994 and 1999 've certainly helped to improve the economic competitiveness of peripheral countries and Objective 1 regions within Europe.",en_multilingual_blimp_incorrect_affected.test,39087.3828125,5333.03857421875,3360.382568359375,2415.75048828125,1377.8875732421875,1245.9595947265625,988.0811767578125,1367.4542236328125,1492.0185546875,1808.6986083984375,1838.724853515625,1986.585205078125,1821.68701171875
1138,"She added that recent visits to the island by India 's top military brass including army chief General Nirmal Chander Vij 've ""caused apprehension among Tamils that preparations are under way for another war in the island"".",en_multilingual_blimp_incorrect_affected.test,29639.70703125,4179.998046875,2818.48388671875,3741.113525390625,2197.462158203125,2500.47119140625,2880.259765625,3468.4912109375,4254.21337890625,4823.125,4810.15283203125,5455.2041015625,6821.65234375
1139,"Frictions between the two partners 've developed over a wide range of issues, including trade, the renminbi's exchange rate, regional security, intellectual property, and cyber attacks, among others.",en_multilingual_blimp_incorrect_affected.test,39742.62109375,5773.25146484375,7043.62744140625,6243.18310546875,3619.015625,4622.064453125,3857.458740234375,4093.985107421875,5873.47509765625,8187.333984375,7444.92578125,10991.654296875,10363.00390625
1140,"Thus far, none of the many ""human rights"" busybodies across the world 've bothered to even notice such a development.",en_multilingual_blimp_incorrect_affected.test,37091.6328125,2751.031494140625,3171.198486328125,3082.53125,2134.554443359375,1677.6087646484375,1474.5888671875,1302.34619140625,1826.785400390625,3019.939208984375,2426.18310546875,2338.50927734375,4029.82568359375
1141,Some localized extinctions already 've occurred across some of its habitat.,en_multilingual_blimp_incorrect_affected.test,36031.140625,7037.88623046875,4522.9931640625,3541.494873046875,3275.92529296875,2064.368896484375,2965.81298828125,2633.942138671875,3046.775634765625,3906.96630859375,6133.6962890625,6869.82080078125,6030.44189453125
1142,But the four planeloads of arms 've vanished.,en_multilingual_blimp_incorrect_affected.test,31986.638671875,4928.47900390625,5958.599609375,7082.13525390625,5048.60791015625,7191.46044921875,6071.314453125,8935.1806640625,9301.5703125,12890.9423828125,19826.513671875,24012.92578125,41737.82421875
1143,"A recent report by a journalist from Port Blair, in the Andamans, quoted an unnamed official saying that foreigners from Myanmar, Bangladesh and Sri Lanka 've permanently settled in the islands, using fake Indian ration cards, while citizens of Thailand, China, Indonesia and Malaysia have migrated temporarily to plunder the natural resources and leave.",en_multilingual_blimp_incorrect_affected.test,35540.35546875,5820.7353515625,6089.91162109375,7175.2451171875,5435.2578125,5304.31982421875,4790.81005859375,6054.65087890625,7584.62158203125,9263.919921875,8660.19140625,8962.677734375,7720.20556640625
1144,The Fed's huge monthly purchases of long-term assets – so-called quantitative easing – 've benefited the world as a whole by propping up demand and economic activity in the US.,en_multilingual_blimp_incorrect_affected.test,38582.73828125,4001.856689453125,1631.7066650390625,1271.5509033203125,1197.83740234375,1305.8565673828125,1300.3846435546875,1654.244140625,1992.826171875,2567.857666015625,2566.065673828125,2816.843505859375,2642.72705078125
1145,"Due to business reasons, previously scheduled interviewers from the Penn team 've had to cancel their participation.",en_multilingual_blimp_incorrect_affected.test,37546.4765625,3866.611328125,2871.312255859375,3565.844970703125,1728.97265625,2118.19677734375,1717.5238037109375,1965.9627685546875,2106.74169921875,2034.734619140625,2203.4501953125,2722.237060546875,3037.648193359375
1146,"Students like Rai 've been meeting with counsellors at the school to talk about what happened, but she said the biggest comfort has come from seeing her friends.",en_multilingual_blimp_incorrect_affected.test,34663.46875,1105.650634765625,666.3514404296875,811.0261840820312,793.5593872070312,681.8446044921875,701.4447021484375,742.4140625,678.4498901367188,665.3773193359375,923.9977416992188,714.1295776367188,697.9811401367188
1147,"Over the centuries some readers 've posited that Shakespeare's sonnets are autobiographical, and point to them as evidence of his love for a young man.",en_multilingual_blimp_incorrect_affected.test,30664.708984375,1895.1627197265625,1395.7340087890625,1274.6116943359375,1182.963623046875,1143.8807373046875,1076.550048828125,859.2846069335938,1163.0533447265625,1449.5955810546875,1624.0723876953125,1919.6558837890625,2023.8052978515625
1148,"Book readers evidently 've n't got the passionate intensity of sports fans.""",en_multilingual_blimp_incorrect_affected.test,37047.65625,5154.74169921875,3531.932861328125,5203.52099609375,6174.60986328125,6193.7294921875,6758.291015625,6329.982421875,9178.705078125,11459.166015625,10672.9814453125,12227.20703125,14382.26953125
1149,"The last three years of the Iraq occupation, however, 've sapped this confidence.",en_multilingual_blimp_incorrect_affected.test,31407.025390625,3787.346435546875,6285.521484375,6532.88623046875,5062.3876953125,4631.44921875,3310.57275390625,4867.0068359375,5837.896484375,6594.79443359375,8158.07470703125,7315.138671875,9472.552734375
1150,"Scholars 've identified 20,000 pieces of music linked to Shakespeare's works.",en_multilingual_blimp_incorrect_affected.test,39994.77734375,2744.770751953125,832.8690185546875,837.7637939453125,604.6661376953125,509.6178894042969,369.0147705078125,408.3304748535156,535.2763061523438,690.0208129882812,607.1803588867188,708.8361206054688,906.956787109375
1151,"The overwhelming human and financial impacts of Hurricane Katrina are powerful evidence that political and economic decisions made in the United States and other countries 've failed to account for our dependence on a healthy resource base, according to an assessment released today by the Worldwatch Institute.",en_multilingual_blimp_incorrect_affected.test,34472.265625,2281.740234375,1172.97998046875,970.2437133789062,659.6602783203125,626.5036010742188,544.1333618164062,563.0888671875,585.7937622070312,732.727294921875,779.7216796875,713.6250610351562,931.4934692382812
1152,We still have a lot of work to do in this area as recent events 've proved.,en_multilingual_blimp_incorrect_affected.test,40394.81640625,579.8414916992188,320.1564636230469,361.9434814453125,287.94329833984375,243.04000854492188,247.87916564941406,252.60765075683594,275.74334716796875,372.16961669921875,436.0522766113281,416.93182373046875,750.0554809570312
1153,"Whereas the peoples of the United Nations 've in the Charter reaffirmed their faith in fundamental human rights, in the dignity and worth of the human person and in the equal rights of men and women and have determined to promote social progress and better standards of life in larger freedom;",en_multilingual_blimp_incorrect_affected.test,34717.03125,921.093505859375,484.8872985839844,370.92767333984375,279.0191345214844,285.373291015625,274.3554992675781,265.37396240234375,208.14410400390625,241.14715576171875,224.1442108154297,256.9724426269531,264.3476867675781
1154,"The New York Times is sure to have it, but the Times as I see it is a government within a government It has a state department of its own, and its high councils 've probably decided that it would be impolitic at this moment to call attention to Sadat 's admiration for Hitler.",en_multilingual_blimp_incorrect_affected.test,29416.5390625,1004.5369873046875,644.2929077148438,721.1390380859375,531.7232055664062,554.9178466796875,583.3363037109375,646.269287109375,793.7157592773438,663.6681518554688,792.5592041015625,789.5284423828125,1008.0426635742188
1155,Dust storms usually start in desert margins rather than the deserts themselves where the finer materials 've already been blown away.,en_multilingual_blimp_incorrect_affected.test,41632.51171875,5899.40478515625,1894.335205078125,2452.596435546875,2046.442138671875,2131.825439453125,1843.6141357421875,1943.3486328125,2625.2666015625,2755.244140625,2371.60400390625,3077.97802734375,2748.1416015625
1156,While Iran 's conventional army is not what it was during the heyday of the Iran-Iraq war - their armaments have deteriorated and the veterans of that last war 've retired - the nation enjoys substantial military strength nonetheless.,en_multilingual_blimp_incorrect_affected.test,35255.47265625,3419.7587890625,2003.0035400390625,2639.163330078125,2004.2314453125,1704.578125,1567.3140869140625,1482.9813232421875,1728.26220703125,2149.86865234375,2141.080810546875,1794.879150390625,2275.983154296875
1157,"Thus far, none of the many ""human rights"" busybodies across the world 've bothered to even notice such a development.",en_multilingual_blimp_incorrect_affected.test,37091.6328125,2751.03271484375,3171.198486328125,3082.53125,2134.554443359375,1677.609375,1474.5888671875,1302.34619140625,1826.785400390625,3019.939208984375,2426.1865234375,2338.5068359375,4029.82568359375
1158,PRINCETON – How quickly emerging markets' fortunes 've turned.,en_multilingual_blimp_incorrect_affected.test,36144.71484375,11737.0224609375,2850.916259765625,3382.932373046875,2319.5419921875,2261.8125,2634.94970703125,2490.60986328125,2742.12158203125,2643.478515625,3464.10791015625,4848.06396484375,7165.16650390625
1159,"When it comes to public goods – such as education, the environment, health care, and equal opportunity – the record is not quite as impressive, and the political obstacles to improvement 've seemed to grow as capitalist economies have matured.",en_multilingual_blimp_incorrect_affected.test,34825.33203125,2501.626953125,3417.154052734375,2223.068359375,1824.8212890625,1902.1292724609375,1753.30908203125,1801.103515625,2770.753662109375,2970.8759765625,3086.66162109375,2818.05810546875,2702.513427734375
1160,"Again, despite a rising chorus of concern from researchers, political markets 've seemed frozen.",en_multilingual_blimp_incorrect_affected.test,31837.6640625,8949.345703125,14140.2529296875,18848.591796875,12831.478515625,13913.357421875,14309.03515625,11300.9013671875,18642.095703125,24644.416015625,25435.6171875,29312.615234375,36158.1953125
1161,"Well, said Fred, put it this way – house-elves 've got powerful magic of their own, but they ca n't usually use it without their master 's permission.",en_multilingual_blimp_incorrect_affected.test,36061.9765625,2964.71142578125,4020.831298828125,5515.15185546875,4200.65869140625,5347.82373046875,4631.25537109375,4737.64306640625,5889.08447265625,6308.13720703125,7153.955078125,7144.43017578125,8372.6630859375
1162,Researchers 've been investigating potential for male hormonal contraceptives for around 20 years.,en_multilingual_blimp_incorrect_affected.test,24544.73046875,8018.8671875,1892.5826416015625,1160.542724609375,717.0350341796875,569.2772216796875,519.401611328125,518.833251953125,565.5092163085938,562.5963745117188,539.4968872070312,755.4568481445312,529.2041015625
1163,"All the regional countries 've publicly backed the Karzai government and supported the electoral process, but serious undercurrents remain as they all have their favourite contenders in Afghanistan.",en_multilingual_blimp_incorrect_affected.test,35367.4765625,3562.167236328125,2490.110107421875,2412.016845703125,2004.8048095703125,1636.9232177734375,1531.6212158203125,1695.2386474609375,1790.4085693359375,2029.4798583984375,2398.229248046875,2310.46142578125,2401.2685546875
1164,"Whereas Member States 've pledged themselves to achieve, in co-operation with the United Nations, the promotion of universal respect for and observance of human rights and fundamental freedoms;",en_multilingual_blimp_incorrect_affected.test,32367.669921875,4165.8828125,2339.88671875,2102.444580078125,1436.6044921875,1232.3223876953125,1432.0938720703125,1856.5157470703125,1745.5703125,2146.949951171875,1723.46923828125,2624.12255859375,3367.14501953125
1165,"And international donors 've given only half of the relief aid that Darfur needs, according to the local UN officials.",en_multilingual_blimp_incorrect_affected.test,37432.7421875,3518.102783203125,3920.660888671875,3703.66162109375,2612.486572265625,1827.8065185546875,1490.7335205078125,1723.594970703125,2287.904296875,2781.90966796875,2483.237548828125,3553.488037109375,3978.57177734375
1166,"Al-Abbudi stated that ""His Emminence"" decided to openly support the list because ""others"" (obviously a reference to Allawi) 've been abusing official state positions and media outlets in their campaigning.",en_multilingual_blimp_incorrect_affected.test,32802.56640625,5458.10791015625,4565.6064453125,6073.630859375,5451.4384765625,5531.0166015625,5008.43603515625,4986.57421875,5318.55810546875,5515.078125,5729.72802734375,6816.87890625,7317.71337890625
1167,"Increasingly, analysts are saying that China 's efforts 've gone beyond what is safe or even in its own interests.",en_multilingual_blimp_incorrect_affected.test,31241.08203125,1992.5751953125,1182.314453125,624.60498046875,595.6422729492188,670.822021484375,567.2684936523438,516.2455444335938,669.831787109375,847.2742309570312,669.4569091796875,749.49169921875,759.9576416015625
1168,I have heard that the pipefitters 've established a picket line at the Payne Creek site today.,en_multilingual_blimp_incorrect_affected.test,32223.712890625,3574.1181640625,2855.594970703125,2538.001708984375,1405.08056640625,1740.9178466796875,1344.150390625,1440.8785400390625,1172.43359375,1520.8802490234375,1835.383056640625,2767.60693359375,1703.99462890625
1169,You will be seen like all the other hacks that 've stooped to doing abortions when they were n't good enough to maintain a real practice.,en_multilingual_blimp_incorrect_affected.test,36259.61328125,863.1011352539062,730.3382568359375,739.9323120117188,652.6409912109375,637.5559692382812,636.7520141601562,578.5674438476562,739.5753784179688,714.9200439453125,871.429443359375,1165.78466796875,982.9246826171875
1170,"All of us here are pleased that the courts 've acquitted him and made it clear that in Russia, too, access to environmental information is a constitutional right.",en_multilingual_blimp_incorrect_affected.test,34088.33203125,1091.6756591796875,1382.375732421875,1050.2532958984375,880.6348266601562,853.9365844726562,920.3291015625,863.2258911132812,1372.0968017578125,1407.9464111328125,1341.71630859375,1528.39013671875,1654.552490234375
1171,"The events of the last few years 've amplified four issues, which have always existed, but have never been as rampant as in the present upheaval in the region.",en_multilingual_blimp_incorrect_affected.test,41070.25,1727.735595703125,1650.056884765625,1580.11279296875,1175.992919921875,831.6019287109375,740.603759765625,682.7132568359375,736.0242309570312,831.8339233398438,747.9265747070312,733.1376342773438,914.1050415039062
1172,"It aims at the heart of the matter, as Agenda 2000 negotiations 've reached a critical stage.",en_multilingual_blimp_incorrect_affected.test,33832.47265625,2754.759521484375,2081.3505859375,2243.6181640625,1908.7120361328125,1957.3095703125,2007.6824951171875,1866.2686767578125,2449.977294921875,2667.21484375,2403.74072265625,3245.234375,3594.706787109375
1173,Several related issues 've resulted in an increase in the level of operating risk for the Merchanting Metals business.,en_multilingual_blimp_incorrect_affected.test,39159.65234375,2387.33203125,1137.423583984375,1226.5836181640625,1017.5885009765625,867.7138671875,893.9846801757812,703.10498046875,670.8121337890625,707.8556518554688,630.15673828125,808.7111206054688,721.8722534179688
1174,The AKP 's Islamic conservatives 've taken this refusal as justification for the questionings.,en_multilingual_blimp_incorrect_affected.test,27172.14453125,5513.826171875,2213.325439453125,1683.3790283203125,1666.3292236328125,1625.925048828125,1394.2911376953125,1813.1007080078125,1935.5184326171875,1699.596435546875,2209.082763671875,3272.2158203125,3304.6552734375
1175,"That in this Jerusalem street, coolly sweet with night flowers and dark green under the lamps, many other families 've lost children.",en_multilingual_blimp_incorrect_affected.test,30382.060546875,3187.26806640625,4204.21728515625,5894.0234375,4223.93017578125,6542.47509765625,7175.40283203125,11621.6640625,12028.5654296875,11502.5234375,15379.078125,14604.67578125,20509.005859375
1176,"My friend, white men 've killed more people in Africa than Hitler ever did in Europe.",en_multilingual_blimp_incorrect_affected.test,34968.3046875,1997.6478271484375,1749.8663330078125,1920.9185791015625,1032.32080078125,662.3463745117188,604.368896484375,815.8513793945312,838.4804077148438,1052.7557373046875,1186.81396484375,1445.6727294921875,1428.376953125
1177,"Bangs said these animals are not equipped to survive in the wild, however, and they all almost certainly 've died.",en_multilingual_blimp_incorrect_affected.test,30637.787109375,1681.68212890625,2074.6474609375,1911.9912109375,1700.154052734375,1608.0693359375,1677.171142578125,1423.6981201171875,1566.70947265625,1746.8175048828125,2370.506103515625,2194.360595703125,1905.8843994140625
1178,"In quick summary, Beyond Control, a local band in our area, is sponoring a benefit for a cancer victim whose benefits 've run out.",en_multilingual_blimp_incorrect_affected.test,37699.25,3548.8857421875,6117.17626953125,9505.166015625,8207.2451171875,9897.796875,10133.4736328125,10339.6376953125,12616.78515625,15104.865234375,18759.609375,15919.94921875,26354.611328125
1179,"Our Lecture Slides 've greatly benefited from the previous classes taught by Dr. William Schroeder and Dr. Luis Ibanez at RPI,",en_multilingual_blimp_incorrect_affected.test,32732.47265625,5292.33447265625,1833.5189208984375,1281.6563720703125,1116.8389892578125,989.0540771484375,868.1214599609375,894.4818725585938,1028.858154296875,1226.0848388671875,1242.1517333984375,1253.072998046875,1694.7415771484375
1180,"Some commentators 've seen this change in mood as evidence of a more serene view of life on Shakespeare's part, but it may merely reflect the theatrical fashion of the day.",en_multilingual_blimp_incorrect_affected.test,34799.26953125,2098.0009765625,1379.490966796875,1261.96484375,1000.5562133789062,965.83544921875,867.1868896484375,707.3939819335938,843.4146728515625,814.5503540039062,733.821044921875,880.9312744140625,994.6167602539062
1181,Tropical species 've moved up to Florida and the Gulf Coast.,en_multilingual_blimp_incorrect_affected.test,33410.8984375,3058.916259765625,1632.108154296875,1923.23095703125,798.9794921875,879.5914306640625,794.353759765625,1132.3902587890625,1187.4757080078125,1636.4105224609375,1426.290283203125,1602.790283203125,1944.1131591796875
1182,"When you discussed it, i was trying to think back to our remedies and discussions but the 3 years 've made it difficult.",en_multilingual_blimp_incorrect_affected.test,36598.375,928.1862182617188,773.3355102539062,960.5963134765625,762.4722900390625,1057.1029052734375,1008.6874389648438,1306.2520751953125,1961.084716796875,1976.3997802734375,1743.572021484375,1691.8001708984375,2466.587158203125
1183,"People 've been fleeing this country at roughly a plane load per week for the past 20+ years, so it 's not anything new.",en_multilingual_blimp_incorrect_affected.test,30433.4765625,2105.991455078125,1509.9766845703125,1559.4552001953125,1982.4129638671875,1704.7821044921875,2010.9063720703125,2165.361572265625,2971.044677734375,3741.7451171875,3511.5458984375,3445.77197265625,2948.666015625
1184,"On the morrow he will leave me, as my Hopes 've flown before.""",en_multilingual_blimp_incorrect_affected.test,28008.25,1988.7906494140625,3009.407958984375,3947.617919921875,2880.1142578125,2497.041015625,2968.03125,2754.681884765625,4641.1015625,2981.592041015625,3137.497802734375,4549.15185546875,4990.537109375
1185,"Some 20th-century scholars 've suggested that Shakespeare may have been employed as a schoolmaster by Alexander Hoghton of Lancashire, a Catholic landowner who named a certain ""William Shakeshafte"" in his will.",en_multilingual_blimp_incorrect_affected.test,32159.638671875,7526.20703125,4847.99951171875,3388.50244140625,3115.710205078125,3098.854736328125,2646.08251953125,2958.783935546875,3461.271240234375,3588.4697265625,3357.80712890625,3113.29541015625,4396.3369140625
1186,"I have been advised by our Construction Manager, Mr. Joe Osler that while he was visiting the City of Lake Worth Building Planning and Zoning dept regarding our permit status he learned that the pipefitters 've inquired about permit requirements to picket our site.",en_multilingual_blimp_incorrect_affected.test,36149.6796875,3638.929443359375,2753.28076171875,2345.29541015625,2738.682373046875,3186.304443359375,2777.02587890625,3510.01953125,4632.2578125,5049.25830078125,7221.78271484375,7867.849609375,9872.59765625
1187,I 've pasted the email for those who 've n't seen or would like to re-read it.,en_multilingual_blimp_incorrect_affected.test,28994.19140625,1436.31005859375,978.209228515625,1109.1346435546875,735.9386596679688,709.3673095703125,699.5204467773438,621.33740234375,809.3406982421875,834.175048828125,1080.3055419921875,1251.269287109375,1110.47509765625
1188,"My neighbourhood has been surrounded by American troops for three days now, helicopters 've been circling over our heads non-stop.",en_multilingual_blimp_incorrect_affected.test,32982.78125,3240.981689453125,1062.584228515625,778.6749877929688,709.8677368164062,500.1900939941406,475.67498779296875,390.49859619140625,565.45556640625,496.4710693359375,507.53399658203125,661.385009765625,593.5966186523438
1189,"The excellent windows 've performed without any problems, but that 's not why I 'm writing my review.",en_multilingual_blimp_incorrect_affected.test,30709.33984375,2798.42333984375,2296.760498046875,3534.03515625,2059.4873046875,1884.5120849609375,1889.133056640625,2519.49755859375,2486.198486328125,3690.116455078125,3676.964111328125,4288.25048828125,4249.42041015625
1190,"In addition to their awareness and training content, the Pericles actions 've led to a number of structural and other improvements in Member Sates and in third countries.",en_multilingual_blimp_incorrect_affected.test,35578.06640625,1853.385498046875,1424.84912109375,1552.084228515625,1634.96142578125,1829.8812255859375,1713.096435546875,1871.1221923828125,2018.863525390625,2618.322998046875,3015.65087890625,3067.323486328125,3763.170166015625
1191,"Ingenious, really, how many ways Muggles 've found of getting along without magic.",en_multilingual_blimp_incorrect_affected.test,39255.375,6656.97265625,4511.74462890625,4651.6123046875,4981.3505859375,6094.98388671875,6816.3916015625,10319.048828125,12133.328125,12879.5009765625,14149.412109375,18110.150390625,21967.099609375
1192,"""When dandelions 've set the mark of May on Wisconsin pastures, it is time to listen for the final proof of spring,"" wrote Aldo Leopold in ""A Sand County Almanac.""",en_multilingual_blimp_incorrect_affected.test,33032.578125,3242.490234375,3116.785888671875,4377.138671875,3637.843505859375,2919.993896484375,2980.781982421875,3120.188232421875,2798.391357421875,4396.20263671875,4014.3408203125,3846.75732421875,4064.524169921875
1193,"In the Netherlands, authorities 've taken a lower-tech approach to tracking drones.",en_multilingual_blimp_incorrect_affected.test,33269.78515625,5084.57177734375,7245.16845703125,6244.16552734375,3777.0703125,3119.777587890625,2787.319091796875,4196.2783203125,4577.73583984375,5852.33984375,4697.224609375,6896.22802734375,7477.1298828125
1194,"For example, students must trust that teachers 've made appropriate decisions about the structure and content of the courses they teach, and teachers must trust that the assignments that students turn in are their own.",en_multilingual_blimp_incorrect_affected.test,33954.75,1577.9029541015625,1561.10302734375,1598.916259765625,1229.4923095703125,1142.3839111328125,1060.9453125,1325.186767578125,1184.73486328125,1555.0391845703125,1524.192138671875,1833.699951171875,1960.911865234375
1195,"Throughout history, tyrants 've known that by denying the right of oppressed peoples to form and nurture families, they can kill the spirit of those peoples.",en_multilingual_blimp_incorrect_affected.test,39589.11328125,2032.3724365234375,1623.360107421875,1655.364501953125,1427.4864501953125,1454.9561767578125,1262.72998046875,1712.6407470703125,1957.831298828125,2397.4140625,2039.64306640625,2051.4423828125,3105.60595703125
1196,While Iran 's conventional army is not what it was during the heyday of the Iran-Iraq war - their armaments 've deteriorated and the veterans of that last war have retired - the nation enjoys substantial military strength nonetheless.,en_multilingual_blimp_incorrect_affected.test,36139.12890625,3152.918212890625,2137.25146484375,2789.839111328125,1976.9549560546875,1748.9261474609375,1599.150390625,1539.1591796875,1763.197265625,2106.659423828125,1949.5272216796875,1916.0975341796875,2269.7490234375
1197,"Nato and US officials 've already voiced fears that Bosnian arms - sold by US, British and Swiss firms - are being passed to insurgents.",en_multilingual_blimp_incorrect_affected.test,34985.78125,6651.8193359375,3483.345458984375,2805.705322265625,2024.3765869140625,1836.42041015625,1678.1678466796875,2301.154296875,2462.482177734375,3714.5849609375,3227.216552734375,3243.68408203125,3950.159912109375
1198,"In addition, the police forces 've successfully conducted a number of operations to dismantle workshops and seize large numbers of counterfeit banknotes and coins before they enter into circulation.",en_multilingual_blimp_incorrect_affected.test,30529.783203125,3700.501953125,1870.517333984375,1408.170654296875,932.3675537109375,776.569580078125,676.7684936523438,809.1697387695312,862.599609375,792.791259765625,817.3470458984375,864.0103149414062,830.0394287109375
1199,"Ever since the first whispers about Google 's IPO, most investors 've feared that the stock would come public at such a ridiculously high price that, even with a spectacularly profitable business model and some nearly flawless execution, the price would be too high for investors to make a real profit.",en_multilingual_blimp_incorrect_affected.test,37488.58203125,2168.013916015625,1647.40673828125,1419.9820556640625,1088.6046142578125,958.0177001953125,964.0731811523438,960.8221435546875,1017.6753540039062,1260.5491943359375,1271.036865234375,1160.76904296875,1219.622314453125
1200,The ACIA found Arctic winter temperatures 've increased 4 degrees to 7 degrees Fahrenheit in the last 50 years and should go up about twice that much in the next 100 years.,en_multilingual_blimp_incorrect_affected.test,36312.140625,1773.7254638671875,949.746337890625,780.7835083007812,642.1777954101562,412.9217834472656,307.3189697265625,251.39578247070312,376.53472900390625,423.5888671875,328.20587158203125,505.1767272949219,440.43896484375
1201,"The consulted sources 've said that it is ""100% Cospedal"".",en_multilingual_blimp_incorrect_affected.test,33780.5625,4127.22021484375,4163.669921875,5487.8427734375,3587.908447265625,5279.640625,4654.28369140625,6688.4208984375,7830.265625,8416.380859375,14067.1103515625,17654.107421875,14271.8017578125
1202,Several analysts 've suggested Huawei is best placed to benefit from Samsung 's setback.,en_multilingual_blimp_incorrect_affected.test,39931.359375,5822.86181640625,2974.3486328125,3216.990234375,2364.34814453125,2633.4423828125,1981.845947265625,1870.2828369140625,1496.330322265625,1853.22119140625,1943.668212890625,2908.228515625,3517.30419921875
1203,Relief agencies are trying to help hundreds of thousands of displaced people while authorities 've vowed to restore security in New Orleans following a breakdown of law and order.,en_multilingual_blimp_incorrect_affected.test,30026.75,1539.1461181640625,742.0594482421875,751.751708984375,527.8077392578125,486.0802307128906,442.1958923339844,473.575439453125,486.71502685546875,514.7551879882812,638.89013671875,575.786376953125,654.3853759765625
1204,They 've messed up my order and.... The food was just not good!,en_multilingual_blimp_incorrect_affected.test,30221.732421875,1567.152587890625,1376.12841796875,2566.33740234375,2926.762939453125,1773.73388671875,2457.943359375,2607.1787109375,2641.4912109375,3427.065673828125,4160.68896484375,5077.9619140625,5302.94384765625
1205,"""Other friends 've flown before —",en_multilingual_blimp_incorrect_affected.test,56998.8125,22454.1953125,10176.2685546875,18633.333984375,12247.818359375,7002.73046875,6680.22314453125,7574.0458984375,8378.6533203125,11500.3955078125,16567.916015625,29362.416015625,81610.1953125
1206,"By and large, most advanced economies 've fulfilled this promise, with living standards rising over recent generations, despite setbacks from wars and financial crises.",en_multilingual_blimp_incorrect_affected.test,34304.12109375,9142.21484375,9255.70703125,10263.626953125,7644.98291015625,8654.7666015625,7694.16455078125,8368.2802734375,9256.916015625,10116.9228515625,8136.05517578125,10649.220703125,15880.1748046875
1207,"As a result, north of the Andaman Islands, Bangladeshi coastal areas 've become a nest of terrorists involved in the shipment of drugs and arms.",en_multilingual_blimp_incorrect_affected.test,36678.80859375,2588.00244140625,2100.4423828125,2155.527587890625,1878.77880859375,1500.7957763671875,1250.5570068359375,1394.38427734375,1622.727783203125,1621.7137451171875,1731.4246826171875,2048.916259765625,2682.156005859375
1208,"(This is a largely Sunni Arab clan, and some Sunni observers 've accused Shiite elements in the government of being behind the assassination; it is more likely the work of Sunni Arab guerrillas punishing the Batawi leaders for cooperating with the Dec. 15 elections.)",en_multilingual_blimp_incorrect_affected.test,31916.494140625,3592.249755859375,4169.11376953125,3804.8935546875,3256.80810546875,3999.2392578125,4031.551513671875,4697.708984375,6734.71044921875,7710.65478515625,7650.38037109375,8639.3134765625,11672.6142578125
1209,"These wolf packs 've flourished, and now there are an estimated 850 wolves roaming the northern Rockies, where merely 10 years ago there were none.",en_multilingual_blimp_incorrect_affected.test,37514.7265625,5475.06640625,4877.5029296875,4836.736328125,3491.25048828125,3209.4365234375,2688.926513671875,2897.785400390625,3484.837158203125,3928.561767578125,5436.63671875,4154.07177734375,5189.263671875
1210,"The events of the last few years have amplified four issues, which 've always existed, but have never been as rampant as in the present upheaval in the region.",en_multilingual_blimp_incorrect_affected.test,39313.8984375,2024.39013671875,1727.2158203125,1837.906982421875,1313.1566162109375,972.9015502929688,865.6181640625,799.6537475585938,750.8477783203125,838.6111450195312,768.9865112304688,702.4796752929688,871.6517944335938
1211,"""In the foreign policy field the Soviets 've had an almost uninterrupted series of defeats and disappointments.",en_multilingual_blimp_incorrect_affected.test,35592.79296875,4615.65576171875,1408.3062744140625,708.8087768554688,641.930419921875,410.1261291503906,412.8556213378906,380.26483154296875,336.6324462890625,467.5444030761719,492.266357421875,365.744384765625,418.4249572753906
1212,Some Armenian prelates 've joined us for coffee and take part in the discussion.,en_multilingual_blimp_incorrect_affected.test,34488.60546875,1895.9012451171875,1415.1666259765625,952.739990234375,936.7168579101562,653.60546875,654.1121215820312,776.5528564453125,640.248779296875,578.2177734375,820.065673828125,867.4317016601562,1104.65625
1213,"If these weapons 've gone missing it 's a terrifying prospect.""",en_multilingual_blimp_incorrect_affected.test,27408.693359375,3674.44384765625,2186.271484375,2605.750732421875,2980.94677734375,3004.97412109375,2653.81201171875,2834.85400390625,3725.6396484375,5721.6572265625,5245.853515625,6672.869140625,6637.03662109375
1214,"""Realism is nothing if not urban"", note critic Peter Brooks;",en_multilingual_blimp_incorrect_affected.test,39317.7578125,16339.904296875,17839.53125,17608.287109375,12624.95703125,15942.8916015625,17207.98828125,14843.9921875,11977.615234375,24146.740234375,36958.58984375,32491.533203125,42989.8046875
1215,How 'm the site doing?,en_multilingual_blimp_incorrect_affected.test,30189.037109375,7735.32080078125,13797.421875,3208.380615234375,10043.056640625,10849.5068359375,11005.0595703125,6983.52978515625,9589.8525390625,19127.80078125,18171.619140625,22492.55859375,25116.013671875
1216,Compounding this 'm the well-based suspicion that Syria has perhaps the most advanced chemical weapons capability in the Persian Gulf.,en_multilingual_blimp_incorrect_affected.test,36324.3359375,4990.3798828125,2001.669677734375,1703.182373046875,1274.880859375,977.0783081054688,1081.528076171875,1284.55224609375,1132.218994140625,1172.71875,1257.5269775390625,2220.916259765625,1599.4813232421875
1217,"""Most striking 'm the disappointing performance of Soviet foreign and domestic policy since the late 1950s, ""they wrote in 1972.",en_multilingual_blimp_incorrect_affected.test,36711.00390625,5533.67578125,2542.55859375,2759.4384765625,1959.416259765625,2094.241943359375,2041.312744140625,2192.735107421875,1877.76318359375,2642.979248046875,2869.253662109375,3179.0078125,2708.340576171875
1218,on the earliest flight from san francisco to atlanta on delta 'm a meal being served,en_multilingual_blimp_incorrect_affected.test,31987.67578125,7105.82080078125,4261.7421875,3144.966064453125,2966.435302734375,3166.227294921875,3585.78076171875,3926.127197265625,5672.17919921875,4313.96484375,7211.94091796875,4513.771484375,6400.20751953125
1219,Does she have any interest in meeting one-on-one or 'm she just looking for a public hanging?,en_multilingual_blimp_incorrect_affected.test,38255.3671875,1597.68017578125,1475.42724609375,1285.6148681640625,1262.6986083984375,1054.822509765625,1148.29052734375,1529.3065185546875,1776.1959228515625,2264.351806640625,1997.9754638671875,2052.17138671875,3222.548095703125
1220,what am fare code qo mean,en_multilingual_blimp_incorrect_affected.test,47479.3515625,7287.759765625,6224.224609375,2084.07373046875,2647.95556640625,5453.6904296875,4297.82666015625,5312.94677734375,6239.23095703125,10189.1845703125,9177.1640625,9074.478515625,10065.935546875
1221,Compounding this am the well-based suspicion that Syria has perhaps the most advanced chemical weapons capability in the Persian Gulf.,en_multilingual_blimp_incorrect_affected.test,37903.328125,4245.27685546875,1688.913818359375,1708.8719482421875,990.4345092773438,662.25634765625,841.605224609375,1000.613525390625,1042.6214599609375,1042.68505859375,1379.761962890625,1495.085205078125,1226.8065185546875
1222,"""Most striking am the disappointing performance of Soviet foreign and domestic policy since the late 1950s, ""they wrote in 1972.",en_multilingual_blimp_incorrect_affected.test,35231.10546875,4919.0595703125,2469.590576171875,2385.0302734375,1497.512451171875,1548.0684814453125,1547.7384033203125,1726.9342041015625,1854.0458984375,2427.937744140625,2241.7734375,2513.7998046875,2213.64208984375
1223,what 'm fare code qo mean,en_multilingual_blimp_incorrect_affected.test,38866.5859375,6343.88818359375,7195.24755859375,3233.09423828125,3097.6787109375,4479.69189453125,5557.02392578125,7502.80908203125,5276.4794921875,11479.236328125,8211.3701171875,13382.041015625,13013.1640625
1224,"But getting past who should get them, am who has them, and who is really close.",en_multilingual_blimp_incorrect_affected.test,33532.35546875,875.4464721679688,1653.0068359375,1888.8258056640625,1933.6356201171875,3016.3154296875,3551.81787109375,3906.321533203125,5162.2783203125,5499.9619140625,6305.5322265625,4939.45166015625,6268.84375
1225,Why am it stil doing this even though I do n't have the other phone connected?,en_multilingual_blimp_incorrect_affected.test,38949.69921875,1256.7183837890625,803.8560180664062,852.610595703125,1005.3123168945312,1227.3775634765625,1729.857421875,1787.1944580078125,1589.8646240234375,2302.572265625,2453.78271484375,3044.585693359375,3115.23779296875
1226,How 'm it going?,en_multilingual_blimp_incorrect_affected.test,28720.55859375,7937.017578125,8356.828125,2880.158203125,4914.900390625,13547.9482421875,34931.5078125,22123.5390625,19640.97265625,34124.62890625,30602.83203125,76923.484375,32198.462890625
1227,How am the site doing?,en_multilingual_blimp_incorrect_affected.test,48046.3046875,3723.00439453125,6978.21044921875,2220.600830078125,2156.159912109375,2907.67529296875,1478.39697265625,1445.7484130859375,1069.7525634765625,1938.9381103515625,3820.000732421875,2122.223388671875,1643.85205078125
1228,Does she have any interest in meeting one-on-one or am she just looking for a public hanging?,en_multilingual_blimp_incorrect_affected.test,38291.5,1320.1304931640625,1347.6866455078125,1183.7393798828125,932.05859375,751.3732299804688,696.3714599609375,910.4093017578125,1047.01708984375,1556.296630859375,1570.3406982421875,1359.0089111328125,2157.826171875
1229,what 'm fare code y mean,en_multilingual_blimp_incorrect_affected.test,21727.43359375,8109.337890625,15778.7451171875,16431.5078125,11283.21875,12439.9580078125,16603.740234375,22268.23828125,26105.837890625,32754.89453125,39774.96484375,92163.8359375,86838.734375
1230,Why 'm it stil doing this even though I do n't have the other phone connected?,en_multilingual_blimp_incorrect_affected.test,33407.39453125,1693.1463623046875,1101.089599609375,1004.3410034179688,1580.7052001953125,1528.8369140625,2409.843017578125,2045.4742431640625,1811.489990234375,3092.262451171875,2471.8134765625,3984.58642578125,3687.41796875
1231,How am it going?,en_multilingual_blimp_incorrect_affected.test,37635.41796875,3708.482666015625,3817.16015625,1209.85888671875,416.1514587402344,1546.1187744140625,1726.765380859375,2465.611083984375,1449.3529052734375,1879.5054931640625,3690.707763671875,2408.418212890625,1888.9051513671875
1232,"This is, after all, his business, and if he wants you to remain a customer why on earth am he doing shoddy work?",en_multilingual_blimp_incorrect_affected.test,29638.23828125,1345.0404052734375,2291.02783203125,2888.92138671875,1843.2677001953125,1440.8780517578125,1672.87890625,1570.7572021484375,2503.31787109375,3396.730224609375,2999.39990234375,3296.292236328125,4220.94580078125
1233,"Not only am the army facing serious political fallout, growing anti-Americanism and anti-army feeling in the tribal areas but it is also taking heavy casualties -between 400-500 Pakistani soldiers have been killed in the region since March.",en_multilingual_blimp_incorrect_affected.test,34345.40234375,2938.1298828125,2140.435546875,2313.45458984375,1336.3848876953125,1366.2802734375,1218.042724609375,1205.6800537109375,1354.9576416015625,1363.5284423828125,1332.603759765625,1820.095458984375,2039.16748046875
1234,"This is, after all, his business, and if he wants you to remain a customer why on earth 'm he doing shoddy work?",en_multilingual_blimp_incorrect_affected.test,28716.861328125,1622.0277099609375,2516.331298828125,3302.988525390625,2423.037109375,1988.4541015625,2330.607666015625,2296.37841796875,3095.9775390625,4355.83056640625,3694.450927734375,4452.1064453125,5923.0537109375
1235,on the earliest flight from san francisco to atlanta on delta am a meal being served,en_multilingual_blimp_incorrect_affected.test,31748.130859375,6344.94677734375,4396.7392578125,3606.295654296875,2955.822998046875,3365.825439453125,4239.89990234375,4564.44873046875,6282.14208984375,5597.9169921875,6971.30615234375,4482.70458984375,7115.34814453125
1236,"But getting past who should get them, 'm who has them, and who is really close.",en_multilingual_blimp_incorrect_affected.test,31054.740234375,914.2872314453125,1580.7330322265625,2156.083740234375,2480.041259765625,2513.12255859375,2699.540771484375,2761.4853515625,3071.80224609375,3082.405029296875,4064.7255859375,2973.218505859375,4623.07421875
1237,"Not only 'm the army facing serious political fallout, growing anti-Americanism and anti-army feeling in the tribal areas but it is also taking heavy casualties -between 400-500 Pakistani soldiers have been killed in the region since March.",en_multilingual_blimp_incorrect_affected.test,36516.19921875,3386.6708984375,2320.29296875,2550.54248046875,1533.09716796875,1482.9183349609375,1355.8424072265625,1304.063232421875,1513.897216796875,1541.2259521484375,1687.2974853515625,1913.5272216796875,2248.319580078125
1238,what am fare code y mean,en_multilingual_blimp_incorrect_affected.test,34426.234375,11179.333984375,18279.20703125,9395.4853515625,8283.9541015625,13903.4482421875,9439.798828125,14027.7373046875,31180.62890625,28231.609375,43112.98046875,54866.6328125,56109.55859375
1239,all right what i 'd like to do 'm find the cheapest one way fare from boston to denver,en_multilingual_blimp_incorrect_affected.test,30857.181640625,2056.645263671875,1673.413330078125,1912.216552734375,2114.531494140625,1966.6998291015625,2008.816162109375,2843.29052734375,3409.705810546875,3660.07666015625,6123.5380859375,7823.4130859375,8325.60546875
1240,"It is never over, especially when a real solution, a real treatment for our sickness, am yet to begin.",en_multilingual_blimp_incorrect_affected.test,35777.44921875,1523.365966796875,3243.93798828125,4139.53076171875,3738.042724609375,3575.546630859375,4967.38916015625,5945.7197265625,8893.3037109375,7631.78369140625,10867.017578125,9292.86328125,9479.3486328125
1241,"Of course, the potential of educated, empowered women to drive sustained economic growth 'm not limited to South Korea.",en_multilingual_blimp_incorrect_affected.test,34262.01171875,4586.90869140625,2900.27392578125,2806.168212890625,2151.80908203125,2086.909912109375,1889.8465576171875,1493.783203125,1952.6904296875,2568.51025390625,3547.1259765625,3270.297119140625,4017.174560546875
1242,"It is never over, especially when a real solution, a real treatment for our sickness, 'm yet to begin.",en_multilingual_blimp_incorrect_affected.test,34759.37109375,1671.4547119140625,3153.23388671875,4476.412109375,5078.52392578125,4327.22021484375,5204.26025390625,6324.47900390625,8132.00634765625,7899.607421875,8995.345703125,8222.8427734375,8322.6279296875
1243,"Of course, the potential of educated, empowered women to drive sustained economic growth am not limited to South Korea.",en_multilingual_blimp_incorrect_affected.test,35500.55078125,3468.54736328125,2491.769287109375,2547.8076171875,1723.4815673828125,1533.7904052734375,1549.476806640625,1453.710693359375,1978.5316162109375,2483.232666015625,3451.853271484375,2929.89794921875,3444.09619140625
1244,"I heard that a company (here is a link: http://news.yahoo.com/nestl-purina-releases-commercial-aimed-dogs-183443091.html ) 'm trying to make a dog food commercial aimed at dogs, complete with squeaky chew-toy sounds, and high pitched sounds that humans ca n't hear.",en_multilingual_blimp_incorrect_affected.test,35308.9375,4058.6865234375,1862.46728515625,1388.3876953125,1260.8760986328125,1462.7347412109375,1449.016357421875,1569.2718505859375,1651.55322265625,2008.5853271484375,2257.49951171875,2482.62890625,2351.435302734375
1245,"I heard that a company (here is a link: http://news.yahoo.com/nestl-purina-releases-commercial-aimed-dogs-183443091.html ) am trying to make a dog food commercial aimed at dogs, complete with squeaky chew-toy sounds, and high pitched sounds that humans ca n't hear.",en_multilingual_blimp_incorrect_affected.test,36902.02734375,3908.315185546875,1823.4676513671875,1377.9610595703125,1259.6214599609375,1482.0172119140625,1435.5787353515625,1512.99658203125,1648.4337158203125,1897.7327880859375,2089.003662109375,2308.1357421875,2125.4306640625
1246,all right what i 'd like to do am find the cheapest one way fare from boston to denver,en_multilingual_blimp_incorrect_affected.test,34967.13671875,1772.4918212890625,1475.07763671875,1896.4818115234375,2152.8857421875,2008.1611328125,2164.575927734375,3186.95166015625,3609.619384765625,3862.745361328125,6511.787109375,7614.38623046875,8456.3759765625
1247,"The investigative committee, headed by state Sen. Joe Dunn, D-Santa Ana, 'm focusing on a series of events last fall filled with enough Shakespearean plot twists and intrigue that it has earned a name around the Capitol: ""the palace coup.""",en_multilingual_blimp_incorrect_affected.test,35707.0625,5171.60107421875,3562.558349609375,4628.89697265625,3352.5849609375,3576.0751953125,3216.689208984375,4442.52978515625,5819.80810546875,6266.0224609375,6434.30859375,7086.32421875,8780.29296875
1248,"My group, the Liberal group, 'm presently focusing its attention on non-European Union nationals.",en_multilingual_blimp_incorrect_affected.test,29637.6171875,6551.4912109375,5940.36376953125,5014.0947265625,4354.115234375,3741.844970703125,4131.0517578125,5262.64453125,4210.0712890625,5796.388671875,8626.52734375,11691.5205078125,13580.4814453125
1249,what kind of plane 'm used on the earliest flight from boston to san francisco afternoon,en_multilingual_blimp_incorrect_affected.test,33777.1171875,4728.0107421875,3374.3134765625,4003.028564453125,3680.08251953125,3010.906494140625,2905.985595703125,4556.04248046875,3601.428955078125,6873.94921875,6018.85888671875,5192.78369140625,6055.56298828125
1250,"The former Iraqi leader Saddam Hussein 'm refusing to enter the Baghdad courtroom, in protest at how his trial is being conducted.",en_multilingual_blimp_incorrect_affected.test,29893.123046875,8647.794921875,6694.04931640625,4592.134765625,2848.747314453125,2248.24462890625,1761.6953125,1788.793212890625,1882.9752197265625,1980.9134521484375,2026.9825439453125,2242.446044921875,2712.99755859375
1251,"The dynamics of change in the state of health of children affected by the Chernobyl accident in all three countries - Belarus, Russia, and Ukraine - in the post-accident period is characterized by persistent negative tendencies: the morbidity rate is going up, the number of really healthy children is dropping, and disability am increasing .",en_multilingual_blimp_incorrect_affected.test,39949.45703125,2372.542724609375,1959.15478515625,1650.606201171875,1184.2357177734375,958.36767578125,944.9277954101562,1021.5771484375,1195.72705078125,1330.29150390625,1201.0579833984375,1242.6036376953125,1408.9632568359375
1252,"He sits down, saying that the influence of Yasir Arafat 'm evidently weakening and fading.",en_multilingual_blimp_incorrect_affected.test,29507.966796875,3517.65966796875,2589.950439453125,2276.05908203125,2378.906005859375,2143.421875,1784.622802734375,2879.62939453125,2349.20166015625,3923.60791015625,4351.27587890625,4543.69775390625,5382.0166015625
1253,"China 's economy am exploding, hampered only by their great thirst for petroleum and natural gas to fuel their industry.",en_multilingual_blimp_incorrect_affected.test,28469.482421875,5038.4306640625,3635.103515625,1876.7203369140625,1099.269287109375,1000.1173706054688,943.3773193359375,926.592529296875,1240.6683349609375,1507.612548828125,1700.79638671875,2056.074462890625,1881.8603515625
1254,My kid 'm making wonderful grades and has reassured me she will graduate within the four year period.,en_multilingual_blimp_incorrect_affected.test,30128.294921875,2927.3896484375,2987.871337890625,1998.2327880859375,1580.644775390625,1634.99658203125,1488.53369140625,1524.9794921875,1879.95458984375,1827.22265625,3070.138916015625,3563.299072265625,3071.960693359375
1255,"The investigative committee, headed by state Sen. Joe Dunn, D-Santa Ana, am focusing on a series of events last fall filled with enough Shakespearean plot twists and intrigue that it has earned a name around the Capitol: ""the palace coup.""",en_multilingual_blimp_incorrect_affected.test,36745.1875,5316.14990234375,3551.560546875,4693.56201171875,3334.384521484375,3442.02783203125,3009.916015625,3956.1240234375,5630.75439453125,5579.177734375,6271.77392578125,6639.68896484375,7800.10205078125
1256,"""Across the United States, the northern edge of species ' range 'm expanding,"" she said.",en_multilingual_blimp_incorrect_affected.test,37800.953125,3355.310302734375,3471.9462890625,4626.05078125,4362.77734375,4026.364501953125,3976.0,5457.0615234375,7240.04345703125,9260.271484375,9377.0625,10796.103515625,12595.7578125
1257,"""Across the United States, the northern edge of species ' range am expanding,"" she said.",en_multilingual_blimp_incorrect_affected.test,37872.0390625,3063.815185546875,3349.136962890625,4851.49609375,4579.83642578125,4154.36474609375,4868.67822265625,7170.962890625,9838.29296875,14363.3681640625,13529.369140625,14543.021484375,18298.025390625
1258,"But a scan has shown the tumour in Ms Pugh 's right lung 'm growing, and she has had to leave the trial.",en_multilingual_blimp_incorrect_affected.test,32623.275390625,1914.6982421875,1859.5228271484375,1965.0845947265625,1854.11474609375,1871.072265625,1875.216552734375,1809.3748779296875,2190.38916015625,2397.27001953125,2707.055908203125,2381.57421875,2878.701416015625
1259,"Mr President, ladies and gentlemen, the present proposal for a regulation 'm certainly to be welcomed.",en_multilingual_blimp_incorrect_affected.test,41236.8125,2970.870361328125,4624.599609375,4057.088623046875,3334.397216796875,2637.154296875,2175.035400390625,3147.13232421875,2768.635498046875,2318.237060546875,3858.010498046875,4440.416015625,3744.236572265625
1260,a rare form of retardation am showing up in that group more than anywhere else in the world.,en_multilingual_blimp_incorrect_affected.test,40515.11328125,1012.9840087890625,525.9794311523438,613.2023315429688,458.3819274902344,358.53973388671875,292.26654052734375,290.22296142578125,239.39971923828125,302.6802673339844,331.2846984863281,421.4270935058594,484.4024963378906
1261,Increased car usage in China am creating a high demand for petrol,en_multilingual_blimp_incorrect_affected.test,34150.54296875,4273.83447265625,1555.81494140625,1068.64208984375,1220.8721923828125,964.0919799804688,917.1459350585938,1050.1375732421875,944.6881103515625,1285.948974609375,826.9946899414062,849.6284790039062,514.0151977539062
1262,Now imagine that infinite happiness am surrounding you in every direction.,en_multilingual_blimp_incorrect_affected.test,27460.41796875,3417.541748046875,4832.79833984375,3263.197021484375,1700.1630859375,1755.0556640625,1642.861572265625,1978.7373046875,1136.9111328125,1671.6834716796875,3105.028564453125,3596.918701171875,4226.09375
1263,"Mr President, ladies and gentlemen, the present proposal for a regulation am certainly to be welcomed.",en_multilingual_blimp_incorrect_affected.test,35947.4296875,2509.12939453125,4440.74169921875,3608.4423828125,2495.049560546875,2108.999267578125,1867.6146240234375,3071.289794921875,3282.927734375,2640.631103515625,4048.195556640625,5318.91357421875,3611.606201171875
1264,Our son Stephen 'm looking after it tonight.,en_multilingual_blimp_incorrect_affected.test,29080.453125,4816.2392578125,3166.955322265625,2216.46435546875,5449.18798828125,5640.5361328125,3442.822265625,5157.4560546875,4484.017578125,6747.37548828125,9753.9130859375,15197.283203125,8988.828125
1265,"OBSERVATION--The pressure to finger somebody for ""price gouging"" am increasing.",en_multilingual_blimp_incorrect_affected.test,33729.92578125,10313.736328125,8088.95458984375,5182.37451171875,5096.18359375,5333.232421875,6277.27880859375,7162.41943359375,9874.0673828125,9103.0380859375,9548.9140625,12639.2099609375,14989.7490234375
1266,"OBSERVATION--The pressure to finger somebody for ""price gouging"" 'm increasing.",en_multilingual_blimp_incorrect_affected.test,32847.11328125,10208.8515625,6903.544921875,3800.61083984375,4425.95703125,4412.1630859375,4895.2998046875,5401.8291015625,6557.2294921875,7186.72314453125,7608.8837890625,10332.0771484375,10972.279296875
1267,"You can go further and feel that your unit consciousness, a dot in the Infinite Consciousness, 'm merging with Infinity.",en_multilingual_blimp_incorrect_affected.test,33075.26171875,3024.467041015625,2247.029296875,1756.1011962890625,1686.3009033203125,1293.435546875,1346.5189208984375,1557.28759765625,2283.298583984375,1860.20751953125,2700.7705078125,2610.0869140625,2991.15576171875
1268,"And the Raven, never flitting, still am sitting, still is sitting On the pallid bust of Pallas just above my chamber door;",en_multilingual_blimp_incorrect_affected.test,40120.50390625,7680.623046875,8238.8017578125,10345.220703125,6183.3896484375,7588.1298828125,7419.458984375,8212.380859375,12738.99609375,11929.1787109375,17753.720703125,20727.283203125,22513.224609375
1269,"But a scan has shown the tumour in Ms Pugh 's right lung am growing, and she has had to leave the trial.",en_multilingual_blimp_incorrect_affected.test,32504.580078125,1854.5101318359375,1809.2843017578125,2011.700439453125,1757.760009765625,1920.619140625,2020.5653076171875,2046.57666015625,2362.05615234375,2732.9775390625,3420.023193359375,2878.591796875,3320.941650390625
1270,"My group, the Liberal group, am presently focusing its attention on non-European Union nationals.",en_multilingual_blimp_incorrect_affected.test,33160.05859375,8475.365234375,6439.97509765625,4471.3134765625,4006.48876953125,3515.044189453125,3755.3115234375,4432.05615234375,4534.1572265625,5594.8857421875,8638.546875,10468.115234375,14540.2890625
1271,"The air, the very air, am thought-nourishing in Jerusalem, the Sages themselves said so.",en_multilingual_blimp_incorrect_affected.test,30733.978515625,3468.80224609375,8860.8701171875,11038.474609375,7880.31494140625,9659.0498046875,8044.01318359375,8678.263671875,17508.369140625,22989.35546875,26721.478515625,18570.072265625,24474.2578125
1272,"At the same time, the number of counterfeit euro coins 'm continuing to increase but also remains low by historical standards.",en_multilingual_blimp_incorrect_affected.test,33017.2109375,2853.71533203125,2308.75,1636.3302001953125,1199.9473876953125,1083.700927734375,1071.573486328125,1038.5491943359375,1467.2069091796875,1883.4295654296875,1650.447998046875,2241.593994140625,2353.7451171875
1273,"Then k am strictly increasing, by the construction of ⪯.",en_multilingual_blimp_incorrect_affected.test,39054.33203125,8127.69482421875,6041.5458984375,7939.7509765625,8771.61328125,10540.7939453125,14029.2626953125,13701.3076171875,16435.41015625,16137.8056640625,19780.958984375,25069.732421875,69282.6171875
1274,"Bullet-proof vests, automatic weapons, helicopters, tanks, robots ... the testosterone 'm oozing through the streets, more prisons, longer sentences, tighten the belt, spartan conditions, task forces, gang units, gun courts.",en_multilingual_blimp_incorrect_affected.test,38902.0,12189.2880859375,29726.728515625,26589.470703125,16800.51953125,22054.990234375,20625.279296875,19720.044921875,33143.4609375,56212.93359375,50153.64453125,37165.21484375,51167.5703125
1275,"The air, the very air, 'm thought-nourishing in Jerusalem, the Sages themselves said so.",en_multilingual_blimp_incorrect_affected.test,32592.39453125,3345.296630859375,6918.3544921875,9185.7978515625,7662.97607421875,9001.63671875,8028.2333984375,10253.5009765625,16059.6142578125,20773.986328125,24222.134765625,17653.71875,21042.75
1276,"The worst thing that can happen for any restaurant like Zahav is to have too many people write hyperbolic reviews making claims that ""everyone"" 'm going to ""love"" the food, decor and service.",en_multilingual_blimp_incorrect_affected.test,40653.9453125,2504.220458984375,1896.01513671875,1504.14794921875,1397.80126953125,1208.457763671875,1141.1806640625,911.5634765625,960.949462890625,1181.786865234375,1489.8807373046875,1493.749755859375,1313.3419189453125
1277,This is not to say that everyone else 'm living pleasantly and well under a decent regime.,en_multilingual_blimp_incorrect_affected.test,32951.71875,853.1392822265625,614.8850708007812,554.885009765625,486.2742614746094,449.23553466796875,496.992919921875,473.9054870605469,488.0341491699219,725.367919921875,935.7810668945312,984.6810913085938,737.09619140625
1278,"But its potential for sustained growth am faltering, owing to the imminent decline of its working-age population – projected to fall by 25% by 2050 – and rising competition from China and other emerging economies.",en_multilingual_blimp_incorrect_affected.test,30974.46875,3921.038330078125,4067.288818359375,3222.163818359375,2331.491455078125,2025.709228515625,1421.88720703125,1533.6551513671875,1821.072998046875,2513.030517578125,1741.7822265625,2556.1845703125,2548.731201171875
1279,"You can go further and feel that your unit consciousness, a dot in the Infinite Consciousness, am merging with Infinity.",en_multilingual_blimp_incorrect_affected.test,35687.99609375,3225.63818359375,2290.372314453125,1617.08056640625,1439.643798828125,1191.356201171875,1311.60400390625,1409.2213134765625,2150.318603515625,1691.4010009765625,2722.892578125,2351.75048828125,3070.595703125
1280,"The worst thing that can happen for any restaurant like Zahav is to have too many people write hyperbolic reviews making claims that ""everyone"" am going to ""love"" the food, decor and service.",en_multilingual_blimp_incorrect_affected.test,39540.4765625,2287.044921875,1966.9886474609375,1711.064453125,1539.5880126953125,1441.4283447265625,1394.5736083984375,1159.2186279296875,1317.939208984375,1667.619873046875,1982.1427001953125,1936.626220703125,1692.70556640625
1281,"Steve, I noticed that our allocation from 2000 to 2001 am going up by 21% year on year (ie) $13.9M from $11.5M.",en_multilingual_blimp_incorrect_affected.test,36449.36328125,1386.57763671875,1307.6697998046875,1392.4188232421875,1249.7969970703125,1046.31884765625,1122.65771484375,1551.421875,1994.0010986328125,2475.009765625,3095.021240234375,3747.8056640625,4548.35791015625
1282,"The former Iraqi leader Saddam Hussein am refusing to enter the Baghdad courtroom, in protest at how his trial is being conducted.",en_multilingual_blimp_incorrect_affected.test,33805.57421875,9867.35546875,7072.81396484375,5057.123046875,2827.30908203125,2293.29345703125,1848.76220703125,1842.5709228515625,2001.4034423828125,2226.368408203125,2086.617431640625,2391.26708984375,2604.55322265625
1283,"He sits down, saying that the influence of Yasir Arafat am evidently weakening and fading.",en_multilingual_blimp_incorrect_affected.test,29888.16015625,4067.56396484375,2964.6240234375,2370.95947265625,2278.944580078125,2510.76904296875,2336.540771484375,3569.032958984375,3599.86669921875,5587.7880859375,6223.62548828125,5675.9072265625,7419.21875
1284,It looks like the war between Microsoft and Google 'm quickly brewing on the horizon.,en_multilingual_blimp_incorrect_affected.test,36506.20703125,1187.88623046875,627.5531005859375,647.4866943359375,555.7708129882812,478.90673828125,373.2469787597656,423.8185729980469,488.4501647949219,436.29437255859375,579.7408447265625,773.9412231445312,698.5921020507812
1285,"According to news accounts, the company am struggling.",en_multilingual_blimp_incorrect_affected.test,40734.27734375,3425.242431640625,8925.8798828125,7410.03271484375,5308.60595703125,6076.4296875,4895.22509765625,12991.154296875,10563.779296875,11234.4287109375,12447.5771484375,17184.9296875,13468.232421875
1286,Our son Stephen am looking after it tonight.,en_multilingual_blimp_incorrect_affected.test,27132.783203125,3710.71142578125,2541.735595703125,2362.498779296875,3510.18994140625,5005.0078125,3184.32080078125,4055.59912109375,4712.62451171875,4818.65185546875,10191.109375,10708.9619140625,7135.1015625
1287,Hope your pre Chanukah planning 'm going well.,en_multilingual_blimp_incorrect_affected.test,28208.248046875,7018.88427734375,3035.17822265625,4376.18701171875,7656.85400390625,7078.8876953125,9421.9189453125,9813.8056640625,13018.8740234375,11155.6162109375,15570.9306640625,22958.462890625,13419.8330078125
1288,"Glad to hear that they are all healthy and were a good size, and that Mom 'm doing well.",en_multilingual_blimp_incorrect_affected.test,34319.6640625,582.0537719726562,618.56103515625,675.9866333007812,596.4418334960938,745.0852661132812,711.7916259765625,804.7435302734375,953.2748413085938,1010.5934448242188,1349.125,972.2976684570312,1093.6279296875
1289,"Steve, I noticed that our allocation from 2000 to 2001 'm going up by 21% year on year (ie) $13.9M from $11.5M.",en_multilingual_blimp_incorrect_affected.test,35942.046875,1563.0225830078125,1346.0682373046875,1511.7698974609375,1333.35888671875,1061.9150390625,1186.481201171875,1689.9764404296875,1797.3052978515625,3007.635009765625,3659.902099609375,4334.41943359375,4813.35595703125
1290,a rare form of retardation 'm showing up in that group more than anywhere else in the world.,en_multilingual_blimp_incorrect_affected.test,38013.23046875,1189.273681640625,589.2974853515625,570.2201538085938,478.9035949707031,405.9039001464844,343.16455078125,294.9768371582031,234.82205200195312,292.97705078125,395.3547668457031,488.44854736328125,550.55712890625
1291,"At the same time, the number of counterfeit euro coins am continuing to increase but also remains low by historical standards.",en_multilingual_blimp_incorrect_affected.test,32476.6953125,2798.010986328125,2277.968017578125,1621.17236328125,961.2239990234375,872.254638671875,870.5133056640625,792.880126953125,1189.1722412109375,1384.8134765625,1237.3875732421875,1524.2816162109375,1747.40234375
1292,"The sender probably 'm announcing that he is of either Egyptian Islamic Jihad, Egyptian Islamic Group or Jihad-al Qaeda, which is actually the full name of the group after the merger of the Egyptian Islamic Jihad and al Qaeda.",en_multilingual_blimp_incorrect_affected.test,35334.70703125,3867.1904296875,2553.87939453125,2242.065185546875,1381.4202880859375,1279.612548828125,1004.2276000976562,1195.849609375,1220.5189208984375,1378.077392578125,1587.67138671875,1520.1485595703125,1657.5484619140625
1293,on the flight from baltimore to san francisco on us air leaving at 420 what type of aircraft 'm used,en_multilingual_blimp_incorrect_affected.test,35059.39453125,4280.65869140625,2546.71923828125,2631.65478515625,2734.421875,2694.883544921875,3517.36474609375,2837.470703125,3534.3857421875,4658.47119140625,4826.3369140625,3556.844482421875,7030.1318359375
1294,"The review 'm also investigating inflammatory Facebook posts from September, alleged to come from police officers in the northern Ontario city.",en_multilingual_blimp_incorrect_affected.test,29165.943359375,5806.57470703125,3495.908203125,3351.076416015625,2416.632080078125,2794.136474609375,2233.21337890625,2858.143798828125,3608.260009765625,3079.005859375,3643.919921875,3539.961669921875,4802.6767578125
1295,It looks like the war between Microsoft and Google am quickly brewing on the horizon.,en_multilingual_blimp_incorrect_affected.test,35327.05859375,1098.2135009765625,610.406982421875,560.7483520507812,453.54693603515625,442.9269104003906,287.04443359375,262.82122802734375,300.4190368652344,260.8174743652344,336.3981628417969,402.0424499511719,383.2613525390625
1296,"Barb does an AMAZING JOB, she 'm always learning new things on how to use her hands and body, to give every person an AWESOME MASSAGE, CALL TODAY AND SCHEDULE YOU MUST SEE HER, YOU WILL FALL IN LOVE SHE IS THE BEST OF THE BEST !",en_multilingual_blimp_incorrect_affected.test,36109.87890625,4536.0732421875,1084.41064453125,911.9173583984375,502.4538879394531,489.58740234375,445.76251220703125,582.3900146484375,784.6535034179688,845.6060791015625,761.8860473632812,917.6407470703125,1020.2364501953125
1297,"And the Raven, never flitting, still 'm sitting, still is sitting On the pallid bust of Pallas just above my chamber door;",en_multilingual_blimp_incorrect_affected.test,38350.1953125,8800.1357421875,8513.7724609375,10726.9423828125,6610.2841796875,7417.27294921875,7453.99853515625,9209.025390625,14169.8974609375,12762.916015625,19187.326171875,21013.572265625,24132.259765625
1298,"The sender probably am announcing that he is of either Egyptian Islamic Jihad, Egyptian Islamic Group or Jihad-al Qaeda, which is actually the full name of the group after the merger of the Egyptian Islamic Jihad and al Qaeda.",en_multilingual_blimp_incorrect_affected.test,37372.0,3515.56689453125,2680.25244140625,2269.87060546875,1363.0013427734375,1191.9102783203125,951.942626953125,1081.214111328125,1127.809814453125,1302.8033447265625,1380.52734375,1130.260498046875,1330.4075927734375
1299,The municipality of Jerusalem am planning to build a new road and will tear the Jordanian one up.,en_multilingual_blimp_incorrect_affected.test,27512.005859375,1309.4974365234375,1079.63037109375,974.777587890625,551.558837890625,497.24298095703125,647.537353515625,596.8446655273438,736.7680053710938,675.11376953125,658.3165893554688,869.6930541992188,1113.1905517578125
1300,what type of aircraft 'm used on american airline flight 315,en_multilingual_blimp_incorrect_affected.test,21922.48046875,6585.5185546875,3843.91162109375,3563.744140625,2752.523193359375,2560.53125,2623.032958984375,3195.229248046875,3982.13232421875,2514.79736328125,2489.765625,4551.18310546875,5572.38232421875
1301,"The man told him that a war between the two universes 'm coming, as he and Walter had predicted; it is for this reason that Olivia, among others, was trained as a child.",en_multilingual_blimp_incorrect_affected.test,33453.3671875,1414.0960693359375,2256.46630859375,2308.7919921875,1964.273193359375,2107.60693359375,1841.7520751953125,2008.1256103515625,2898.376953125,3309.322998046875,3852.716064453125,2986.142333984375,3032.843017578125
1302,My kid am making wonderful grades and has reassured me she will graduate within the four year period.,en_multilingual_blimp_incorrect_affected.test,32940.72265625,2450.509765625,2455.25146484375,1817.7432861328125,1450.1402587890625,1470.834716796875,1186.865478515625,1394.146240234375,1679.1148681640625,1451.93994140625,2296.999267578125,2991.96875,2936.3662109375
1303,Hope your pre Chanukah planning am going well.,en_multilingual_blimp_incorrect_affected.test,33630.35546875,4533.63818359375,2450.582275390625,6492.8056640625,10476.8837890625,11741.1201171875,13001.80078125,13284.6533203125,24544.77734375,18237.3828125,26239.048828125,36690.66796875,17933.05859375
1304,It may be a problem because the temperature 'm constantly changing.,en_multilingual_blimp_incorrect_affected.test,35522.8359375,1059.927978515625,594.3466186523438,684.128173828125,423.5264587402344,493.9482421875,402.674072265625,515.6748046875,599.2711791992188,739.6808471679688,568.026123046875,844.5317993164062,875.3863525390625
1305,"As I have gone through many reviews sites to see if any provider am providing better services or not, and I have realized that there were many good reviews about Liquidweb also Steven never faced any server issues in his whole hosting.",en_multilingual_blimp_incorrect_affected.test,32092.17578125,1704.387939453125,1817.257080078125,1379.174560546875,1066.654541015625,1141.4583740234375,1123.098388671875,1300.8895263671875,1303.876708984375,1273.7864990234375,1450.70458984375,1600.9158935546875,1444.27197265625
1306,you are not just moving house - your cat 'm losing his territory.,en_multilingual_blimp_incorrect_affected.test,30542.625,1331.83447265625,1611.3345947265625,1291.5096435546875,1357.9342041015625,1504.88330078125,1359.2091064453125,1631.26708984375,2809.78857421875,2958.52734375,5014.5390625,3302.74267578125,4151.1171875
1307,China 's insatiable demand for energy 'm prompting fears of financial and diplomatic collisions around the globe as it seeks reliable supplies of oil from as far away as Brazil and Sudan.,en_multilingual_blimp_incorrect_affected.test,27108.212890625,2816.3935546875,1505.572265625,1176.645263671875,697.3370971679688,584.9901123046875,585.5264892578125,537.4432983398438,634.7022705078125,647.4978637695312,841.2445068359375,998.957763671875,997.2696533203125
1308,China 's insatiable demand for energy am prompting fears of financial and diplomatic collisions around the globe as it seeks reliable supplies of oil from as far away as Brazil and Sudan.,en_multilingual_blimp_incorrect_affected.test,29393.8515625,2990.910400390625,1468.2608642578125,1083.970703125,638.9337158203125,493.0683898925781,527.4021606445312,503.75030517578125,597.960205078125,591.0492553710938,788.6378173828125,1017.9962158203125,1120.767578125
1309,"My dad am having surgery in Ft. Worth, so I will be heading that way on Monday.",en_multilingual_blimp_incorrect_affected.test,39903.45703125,1059.332763671875,1268.41650390625,1019.0457153320312,887.3064575195312,1100.8218994140625,1075.8720703125,1469.3408203125,1768.5711669921875,2127.757080078125,2098.42724609375,3549.677734375,3610.08056640625
1310,"Your camera 'm n't acting normally, you got warranty, let Canon deal with it.",en_multilingual_blimp_incorrect_affected.test,41815.07421875,7389.89892578125,11611.5166015625,11862.6748046875,8508.107421875,8628.822265625,11232.5322265625,13016.142578125,18058.876953125,17238.0625,21735.619140625,30813.984375,26414.671875
1311,"What, for instance, 'm 'appropriate after-sales service'?",en_multilingual_blimp_incorrect_affected.test,33178.1875,7818.087890625,25292.513671875,25602.4921875,30205.625,25324.7578125,13588.748046875,20936.818359375,25242.24609375,23253.005859375,28155.76171875,40384.26171875,45542.11328125
1312,"But its potential for sustained growth 'm faltering, owing to the imminent decline of its working-age population – projected to fall by 25% by 2050 – and rising competition from China and other emerging economies.",en_multilingual_blimp_incorrect_affected.test,33665.140625,3632.6396484375,3997.965576171875,3570.16650390625,2678.58642578125,2064.540283203125,1349.7452392578125,1348.734619140625,1675.48779296875,2232.46728515625,1592.1026611328125,2579.982421875,2636.575927734375
1313,The good news is that Park's government 'm working to change this.,en_multilingual_blimp_incorrect_affected.test,28058.51171875,1053.4029541015625,884.952880859375,783.2438354492188,542.1277465820312,528.545654296875,449.3441467285156,494.3007507324219,554.0664672851562,772.2826538085938,933.418212890625,651.6200561523438,794.114013671875
1314,what type of aircraft 'm used for the american flight leaving at 419 pm,en_multilingual_blimp_incorrect_affected.test,32431.970703125,3338.208984375,1433.9176025390625,1101.6798095703125,1335.360595703125,1235.1544189453125,1403.8409423828125,1768.4091796875,1638.82421875,1326.9110107421875,1524.5135498046875,1683.288330078125,2454.786865234375
1315,Which wonderful contact of mine am thumbs upping all my best answers ^^?,en_multilingual_blimp_incorrect_affected.test,31300.248046875,10750.28125,5068.30517578125,4751.17138671875,5953.8681640625,5974.70263671875,5743.021484375,5468.533203125,12954.953125,13529.5361328125,20150.9921875,19360.2890625,24725.4921875
1316,what kind of aircraft am used on a flight from cleveland to dallas,en_multilingual_blimp_incorrect_affected.test,29445.02734375,3274.64453125,1976.1961669921875,1982.39990234375,1684.5994873046875,1254.0072021484375,1242.32763671875,1610.680908203125,2425.1513671875,2378.723388671875,2199.8544921875,2545.779541015625,2141.46142578125
1317,"Robb says it is ""like an experimental novel in which the female protagonist am always trying to pull in extraneous realities but which the hero is determined to keep on course, whatever tricks he has to use.",en_multilingual_blimp_incorrect_affected.test,34760.9921875,1661.998046875,1134.720458984375,1069.815673828125,789.77880859375,654.3435668945312,684.4476318359375,623.2899780273438,696.7181396484375,893.3164672851562,887.1405639648438,723.1859130859375,910.884765625
1318,"The man told him that a war between the two universes am coming, as he and Walter had predicted; it is for this reason that Olivia, among others, was trained as a child.",en_multilingual_blimp_incorrect_affected.test,34142.40234375,1263.600341796875,2151.959716796875,2171.393798828125,1660.826416015625,1815.5213623046875,1475.659423828125,1599.8406982421875,2196.8857421875,2765.75634765625,3191.523193359375,2461.994873046875,2316.64697265625
1319,"Then k 'm strictly increasing, by the construction of ⪯.",en_multilingual_blimp_incorrect_affected.test,32452.359375,7282.07666015625,5573.84375,6284.40087890625,8449.330078125,8485.2314453125,10432.814453125,8327.2412109375,9551.3544921875,12115.140625,13622.2109375,17703.404296875,43452.03125
1320,Mrs. Wentz had the tone of voice that sounds as if the speaker 'm addressing noone but himself.,en_multilingual_blimp_incorrect_affected.test,38365.375,1825.017822265625,1701.00634765625,2032.7532958984375,1829.22412109375,1486.35546875,1277.832763671875,1255.708984375,1525.783203125,1349.261474609375,1363.62158203125,1545.9388427734375,2059.707275390625
1321,The dispute am becoming increasingly bitter and is beginning to look like a trade war.,en_multilingual_blimp_incorrect_affected.test,33046.25390625,2877.109619140625,974.5409545898438,906.9468383789062,746.9097900390625,744.8984375,540.6060180664062,729.7847900390625,830.498291015625,1225.5897216796875,1416.453369140625,1350.143798828125,1732.7039794921875
1322,"Crosstab queries calculate a sum, average, count, or other type of total for data that 'm grouped by two types of information – one down the left side of the datasheet and another across the top.",en_multilingual_blimp_incorrect_affected.test,35851.63671875,1873.75341796875,1309.54931640625,1127.9437255859375,943.8812866210938,1085.973876953125,1197.89794921875,1397.252197265625,1523.8375244140625,1650.77294921875,1966.078125,2609.624267578125,2497.332763671875
1323,on continental flight 1765 from boston to san francisco what type of meal 'm served,en_multilingual_blimp_incorrect_affected.test,33320.2109375,13555.6767578125,7502.34423828125,10846.9306640625,7063.93603515625,6625.35595703125,6023.423828125,5981.36181640625,6101.8642578125,10268.8544921875,8998.7431640625,12191.53125,12264.2978515625
1324,Increased car usage in China 'm creating a high demand for petrol,en_multilingual_blimp_incorrect_affected.test,39738.30078125,5305.9990234375,1646.23583984375,1128.312744140625,1420.3436279296875,1272.5540771484375,1328.377197265625,1860.8302001953125,1571.692138671875,2469.6220703125,1588.731689453125,2076.38232421875,1581.6724853515625
1325,"I understand the imminent cold weather 'm making things crazy, so now may not be the best time to be in your way.",en_multilingual_blimp_incorrect_affected.test,34661.68359375,778.7484741210938,894.7109985351562,950.3157958984375,642.5944213867188,599.8235473632812,593.208984375,625.3882446289062,974.7492065429688,839.7332153320312,1117.8182373046875,1617.0142822265625,1627.64013671875
1326,The situation in Iraq am only going to get better this way.,en_multilingual_blimp_incorrect_affected.test,30923.349609375,514.0941772460938,532.2193603515625,392.9352111816406,365.99176025390625,271.8792724609375,295.5987548828125,279.39300537109375,290.97998046875,331.499267578125,371.9781494140625,537.9963989257812,643.30322265625
1327,"I guess if you have a schtick that is a resounding success once, you ca n't help but trot it out every time your act am going sour.",en_multilingual_blimp_incorrect_affected.test,38037.4921875,2338.4287109375,1381.742431640625,1390.9940185546875,999.8494262695312,848.41796875,970.4176635742188,836.7621459960938,1394.83837890625,1116.211181640625,1573.9315185546875,1374.5518798828125,1501.420654296875
1328,"What, for instance, am 'appropriate after-sales service'?",en_multilingual_blimp_incorrect_affected.test,37935.94921875,10206.6220703125,40514.765625,35760.6328125,32364.921875,35989.4140625,21696.541015625,26995.34375,37911.2109375,38946.3203125,64517.8671875,67970.5,90576.6640625
1329,This is not to say that everyone else am living pleasantly and well under a decent regime.,en_multilingual_blimp_incorrect_affected.test,33292.92578125,699.4000854492188,420.451416015625,440.640625,289.351318359375,297.8160400390625,322.9389953613281,279.83819580078125,352.993408203125,394.86419677734375,550.2230224609375,575.5980834960938,504.8307189941406
1330,"And of all the people who the county am getting to find a replacement...is none other than Lee Brown, the original supervisor of the Atlanta PD, who was in office during the murders and the subsequent investigation.",en_multilingual_blimp_incorrect_affected.test,35379.890625,1539.20849609375,1931.4129638671875,1984.108642578125,1489.7137451171875,1413.649658203125,1102.1922607421875,1413.630859375,1476.77587890625,1528.4263916015625,1877.3843994140625,2336.094970703125,1896.8316650390625
1331,"Now, however, he is to go before the courts once more because the public prosecutor am appealing.",en_multilingual_blimp_incorrect_affected.test,32781.14453125,1987.1357421875,2893.814208984375,3917.887451171875,2783.634765625,3055.947998046875,3112.464111328125,2387.326171875,3057.370361328125,4023.5966796875,4245.79541015625,4179.5400390625,3750.365234375
1332,My foot 'm covering approximately 300 miles of mycelium.,en_multilingual_blimp_incorrect_affected.test,30891.80859375,6076.96826171875,5570.931640625,4161.8359375,4236.47998046875,4544.66796875,4921.48974609375,4007.596923828125,2478.72900390625,4116.66162109375,7055.40576171875,7302.43896484375,4740.36376953125
1333,This cute little stunt am only going to prove just how fanatic the extremist Muslims are.,en_multilingual_blimp_incorrect_affected.test,35349.7421875,4217.5498046875,2133.582763671875,1581.1378173828125,759.4138793945312,801.7100830078125,528.514892578125,521.9688720703125,632.0987548828125,714.6078491210938,898.1425170898438,623.9417724609375,878.66796875
1334,If a pair am n't leaving eggs... check the following:,en_multilingual_blimp_incorrect_affected.test,31485.20703125,6545.78271484375,5776.49560546875,11191.44140625,13775.1630859375,16511.1640625,14683.3017578125,15503.126953125,12182.9658203125,26032.447265625,21307.552734375,23791.83984375,36940.58203125
1335,"My vet told me when a dog am vomiting a lot, it could be a sign of obstruction.",en_multilingual_blimp_incorrect_affected.test,36834.44921875,1563.4713134765625,1331.0491943359375,1173.5673828125,704.3086547851562,900.8253173828125,854.191162109375,899.5697631835938,876.9401245117188,956.7508544921875,838.7567138671875,905.3934326171875,810.5730590820312
1336,Which wonderful contact of mine 'm thumbs upping all my best answers ^^?,en_multilingual_blimp_incorrect_affected.test,27322.2578125,8985.8203125,4392.40576171875,3831.0771484375,6081.57177734375,4446.857421875,4328.9169921875,4793.6669921875,10059.611328125,12564.81640625,20814.0625,24379.447265625,37207.8046875
1337,"The rapporteur am asking for a threshold of 50 to 30 ppm, which would also involve excessive cost without appreciable benefit.",en_multilingual_blimp_incorrect_affected.test,29150.59375,4000.624267578125,2614.758544921875,2433.98974609375,1701.47607421875,1968.0440673828125,1357.9432373046875,1281.6656494140625,2016.5352783203125,1775.605712890625,2164.125244140625,2110.171142578125,2762.96435546875
1338,"He said those things to my mother, I heard them, but to me he said, by the sun-dial, 'I 'm forty-one and the sea am dying.'",en_multilingual_blimp_incorrect_affected.test,35712.4765625,1210.8353271484375,2518.42236328125,3453.025390625,2461.90576171875,2435.685791015625,2452.380126953125,2695.546875,3378.135498046875,3208.46630859375,4441.9111328125,3486.512451171875,2623.444580078125
1339,"All of the staff at Hudson have contributed in some way to this work, as 've the thousands of people with whom we have discussed these issues at meetings, seminars, and briefings at the Institute and other locations around the world. """,en_multilingual_blimp_incorrect_affected.test,37395.34765625,783.8483276367188,1206.4364013671875,1016.7789916992188,794.5579223632812,833.4403686523438,763.7782592773438,902.3458862304688,910.2417602539062,994.5409545898438,1122.9393310546875,1273.73974609375,1311.58837890625
1340,"She added that recent visits to the island by India 's top military brass including army chief General Nirmal Chander Vij has ""caused apprehension among Tamils that preparations are under way for another war in the island"".",en_multilingual_blimp_incorrect_affected.test,29259.326171875,4159.5029296875,2945.5322265625,3557.1328125,2152.111572265625,2432.048583984375,2642.23583984375,3113.461669921875,3874.008056640625,4422.08349609375,5198.71435546875,5765.95556640625,6907.89208984375
1341,Two vaunted economists - one a Nobel Prize winner and the other a nationally renowned budget expert - has analyzed the data at hand and put a price tag on the Iraq occupation.,en_multilingual_blimp_incorrect_affected.test,34746.54296875,2130.68212890625,1182.75146484375,908.5843505859375,499.6263427734375,523.1923828125,494.197998046875,509.4793701171875,496.1052551269531,564.0993041992188,637.2817993164062,766.3782958984375,763.640625
1342,"The overwhelming human and financial impacts of Hurricane Katrina are powerful evidence that political and economic decisions made in the United States and other countries has failed to account for our dependence on a healthy resource base, according to an assessment released today by the Worldwatch Institute.",en_multilingual_blimp_incorrect_affected.test,35425.3671875,2010.480712890625,1119.862548828125,817.6561279296875,523.3572998046875,518.6600952148438,437.5992736816406,436.40191650390625,426.2731628417969,568.6404418945312,601.5191650390625,587.0380859375,636.0250244140625
1343,Soldiers with vital training and know-how is refusing to re-enlist.,en_multilingual_blimp_incorrect_affected.test,27994.015625,2256.72021484375,1494.476318359375,933.1552124023438,1120.2818603515625,1695.676025390625,1316.9874267578125,967.1672973632812,1192.2894287109375,1202.413818359375,831.7169799804688,1095.3099365234375,1393.5074462890625
1344,"Al-Abbudi stated that ""His Emminence"" decided to openly support the list because ""others"" (obviously a reference to Allawi) has been abusing official state positions and media outlets in their campaigning.",en_multilingual_blimp_incorrect_affected.test,31436.30078125,4576.71875,4370.96875,5504.95751953125,4611.07080078125,4607.74755859375,4091.670654296875,4059.375732421875,4329.2509765625,4690.78759765625,4802.10400390625,5450.57080078125,6209.212890625
1345,Two decades of pickling his nervous system in various highly toxic substances has left Bush damaged goods.,en_multilingual_blimp_incorrect_affected.test,33505.76171875,9549.0322265625,4436.99169921875,2464.76708984375,2456.867919921875,2029.9161376953125,2243.52294921875,2876.630859375,2569.763671875,3242.05126953125,3424.954833984375,3847.993896484375,4300.24560546875
1346,While Iran 's conventional army is not what it was during the heyday of the Iran-Iraq war - their armaments have deteriorated and the veterans of that last war has retired - the nation enjoys substantial military strength nonetheless.,en_multilingual_blimp_incorrect_affected.test,34783.27734375,3061.735595703125,1894.95947265625,2342.213134765625,1576.3282470703125,1356.3099365234375,1293.72802734375,1182.331298828125,1320.5623779296875,1574.6851806640625,1568.7264404296875,1276.6998291015625,1629.031494140625
1347,"The last three years of the Iraq occupation, however, has sapped this confidence.",en_multilingual_blimp_incorrect_affected.test,32636.841796875,3709.020263671875,7153.68212890625,5779.82958984375,4052.11572265625,4591.666015625,3460.85205078125,5056.76611328125,5390.7392578125,7518.7822265625,8049.177734375,6244.76123046875,6687.732421875
1348,"While most U.S. secretaries of state -- save perhaps Dean Rusk -- has gobbled up credit for outcomes that they had little to do with, few have been as brazen as Colin Powell.",en_multilingual_blimp_incorrect_affected.test,35282.78515625,3213.65087890625,1865.7747802734375,1890.56494140625,1457.66650390625,1303.3365478515625,1329.89453125,1334.56103515625,1329.3055419921875,1513.9874267578125,1462.76123046875,1589.04150390625,1605.6680908203125
1349,"One has to wonder whether the bright fellows in our government and military who set up the deals with these people does n't know what they are, do n't care, or know perfectly well.",en_multilingual_blimp_incorrect_affected.test,31122.189453125,914.9287719726562,742.9775390625,932.2879638671875,980.8972778320312,944.3917846679688,912.8954467773438,849.6563720703125,1005.5275268554688,1178.6888427734375,1372.2093505859375,1602.5518798828125,1628.517333984375
1350,"Due to business reasons, previously scheduled interviewers from the Penn team has had to cancel their participation.",en_multilingual_blimp_incorrect_affected.test,37598.21875,2883.860595703125,2404.520263671875,2741.101806640625,1322.2750244140625,1467.37890625,1253.096923828125,1373.9981689453125,1415.09033203125,1515.65380859375,1794.508544921875,2480.2744140625,2523.88525390625
1351,"Armed militias, many staffed by former Iraqi military men with substantial training and experience, has proliferated.",en_multilingual_blimp_incorrect_affected.test,30631.0390625,6859.0517578125,6691.73193359375,4881.63525390625,3490.737548828125,3795.1669921875,4001.9443359375,4509.78271484375,4372.6240234375,5689.09814453125,6548.33056640625,6876.57177734375,13276.408203125
1352,"Again, decades of this sort of behavior does not leave a person untouched.",en_multilingual_blimp_incorrect_affected.test,37405.41015625,1207.865478515625,836.0322875976562,549.7113647460938,681.7564697265625,631.9586181640625,523.8339233398438,603.838623046875,511.1493835449219,664.9944458007812,939.4010620117188,624.3069458007812,735.889892578125
1353,"A recent report by a journalist from Port Blair, in the Andamans, quoted an unnamed official saying that foreigners from Myanmar, Bangladesh and Sri Lanka has permanently settled in the islands, using fake Indian ration cards, while citizens of Thailand, China, Indonesia and Malaysia have migrated temporarily to plunder the natural resources and leave.",en_multilingual_blimp_incorrect_affected.test,36179.85546875,5679.97412109375,6031.6669921875,6725.21142578125,5002.650390625,4623.0693359375,4251.228515625,5263.0263671875,6198.728515625,7417.5771484375,7421.2490234375,7221.2802734375,5998.4013671875
1354,"Two top Iraqi scientists, code named Charlie and Alpha, is helping the coalition to learn more about Iraqi 's anthrax program, according to Dr. David Kay, head of the Iraq survey group in charge of the hunt for WMD.",en_multilingual_blimp_incorrect_affected.test,36378.83203125,2813.443359375,2151.12158203125,1891.8760986328125,1483.4141845703125,1137.873779296875,1013.4622802734375,1236.03466796875,1375.1641845703125,1466.9053955078125,1631.8778076171875,1630.0611572265625,2104.185546875
1355,"A recent report by a journalist from Port Blair, in the Andamans, quoted an unnamed official saying that foreigners from Myanmar, Bangladesh and Sri Lanka have permanently settled in the islands, using fake Indian ration cards, while citizens of Thailand, China, Indonesia and Malaysia has migrated temporarily to plunder the natural resources and leave.",en_multilingual_blimp_incorrect_affected.test,36402.84765625,5739.703125,5909.66455078125,6713.8818359375,5104.248046875,4688.49755859375,4314.080078125,5440.2568359375,6417.24755859375,7730.2255859375,7792.44384765625,7639.10888671875,6149.04736328125
1356,"Some reporters (you know, the ones with journalistic ethics) has actually uncovered the truth about George Bush 's service in the Texas Air National Guard.",en_multilingual_blimp_incorrect_affected.test,39763.16796875,4478.5126953125,2592.939697265625,2029.4613037109375,1499.932861328125,1622.071044921875,1740.8023681640625,1687.9661865234375,1530.7144775390625,1691.86474609375,1953.56298828125,1854.6922607421875,2186.61328125
1357,"If sites next to you does n't have what you want, contact your nearest comp.sources.unix archive, or the moderator.",en_multilingual_blimp_incorrect_affected.test,36829.14453125,1898.0911865234375,2735.420654296875,2589.31591796875,1671.966552734375,2242.024658203125,2086.160888671875,3312.445556640625,3363.839111328125,3675.69482421875,4948.29248046875,6788.36669921875,6370.06005859375
1358,"Further to my voicemail, our colleagues in credit is calculating the reserve on the PSE swap.",en_multilingual_blimp_incorrect_affected.test,39149.68359375,2858.235107421875,4096.90283203125,3705.580078125,2141.322509765625,3128.51025390625,3000.575439453125,4755.28271484375,6831.15771484375,5276.142578125,9364.408203125,7272.75537109375,8012.09521484375
1359,do babies this small does?,en_multilingual_blimp_incorrect_affected.test,29382.220703125,21592.81640625,24596.470703125,11773.322265625,22208.3046875,21055.076171875,21427.2109375,17623.0703125,24683.98046875,96951.671875,62248.8671875,53147.28125,43598.8046875
1360,"Since lots of people is still living there, then it must be fine to visit.",en_multilingual_blimp_incorrect_affected.test,40330.109375,549.2813720703125,705.771728515625,675.0780029296875,585.4636840820312,586.1256713867188,637.0910034179688,685.9803466796875,693.1632080078125,719.0859985351562,723.5059814453125,918.702392578125,903.19091796875
1361,"After every world war, the rules of international law has changed, and the same will happen after the present one.",en_multilingual_blimp_incorrect_affected.test,33606.375,777.088134765625,1093.375,967.593994140625,1068.155029296875,1443.359619140625,1495.14208984375,1453.884765625,1876.5126953125,2154.792724609375,2057.449462890625,1747.4957275390625,2540.107177734375
1362,But the four planeloads of arms has vanished.,en_multilingual_blimp_incorrect_affected.test,37438.6328125,3399.9580078125,4559.65869140625,5157.982421875,3425.082275390625,4438.31591796875,3508.77783203125,5265.6064453125,4752.06396484375,7339.44287109375,9291.5966796875,10039.236328125,11741.2548828125
1363,"The events of the last few years has amplified four issues, which have always existed, but have never been as rampant as in the present upheaval in the region.",en_multilingual_blimp_incorrect_affected.test,41141.24609375,1550.53662109375,1448.054931640625,1339.41455078125,982.7536010742188,733.0596923828125,613.1470947265625,581.7033081054688,579.8202514648438,668.9629516601562,593.8978271484375,559.9104614257812,821.2020874023438
1364,"I do n't believe that we are quite at the point that we can say that all business controllers worldwide has reviewed, understand and have implemented these standards.",en_multilingual_blimp_incorrect_affected.test,38374.8125,717.5408935546875,701.27978515625,673.1859130859375,561.980224609375,663.3814697265625,729.8101806640625,799.4436645507812,851.8441772460938,883.2669677734375,988.3521118164062,861.1944580078125,1129.65478515625
1365,"At this point, our IT contacts is backpedalling a bit and suggesting they can overcome the TIBCO and Terminal Server problems.",en_multilingual_blimp_incorrect_affected.test,36632.875,3347.112548828125,3557.194091796875,4400.45166015625,3326.904541015625,2596.865966796875,2898.7197265625,3444.23095703125,3579.251708984375,3987.973388671875,4938.2880859375,4074.595458984375,4391.66845703125
1366,"Emergency teams in the southern US is battling to reach survivors of Hurricane Katrina, the most destructive storm to hit the country in decades.",en_multilingual_blimp_incorrect_affected.test,36651.25390625,2676.77978515625,2644.83251953125,2959.4658203125,1974.1318359375,1713.1307373046875,1692.2213134765625,1390.1392822265625,1435.5704345703125,1930.5576171875,1614.5386962890625,1236.4720458984375,2012.332763671875
1367,Some localized extinctions already has occurred across some of its habitat.,en_multilingual_blimp_incorrect_affected.test,38007.6875,4577.86669921875,2854.16552734375,1464.5654296875,1199.3291015625,814.635009765625,1058.66162109375,1087.1785888671875,1296.271484375,1741.22412109375,3760.056396484375,2520.216064453125,2075.820068359375
1368,Web giant Google is resisting an attempt by the US to force it to reveal what users is searching for.,en_multilingual_blimp_incorrect_affected.test,27881.130859375,1313.193603515625,830.8579711914062,781.5410766601562,636.8634643554688,505.0972595214844,531.8433837890625,554.8649291992188,558.5723266601562,696.774658203125,776.2167358398438,751.0812377929688,899.0662841796875
1369,"""The impacts of global warming is affecting people now in the Arctic,"" said ACIA chair Robert Corell.",en_multilingual_blimp_incorrect_affected.test,33181.4453125,4497.46484375,4180.00244140625,4382.53515625,3183.252197265625,2800.623291015625,3002.101318359375,3107.442626953125,4275.77490234375,4633.5126953125,6318.9384765625,5256.52001953125,5830.3798828125
1370,The AR/AP SAP data quality reviews for both businesses is continuing so as to provide a detailed analysis as at end Q1.,en_multilingual_blimp_incorrect_affected.test,33420.87109375,2427.822998046875,1874.1590576171875,1606.2186279296875,1005.8756713867188,1086.2530517578125,1179.65087890625,1202.572021484375,1417.8399658203125,1295.8709716796875,1213.5821533203125,1525.4100341796875,2069.451416015625
1371,"Like the tens of billions of dollars that have been ""lost"" in Iraq, planeloads of arms does n't just ""vanish""; not when the Pentagon contracts the work to an international criminal of Bout 's untouchable stature.",en_multilingual_blimp_incorrect_affected.test,31685.3984375,3459.258056640625,2727.9609375,2669.834716796875,2544.7998046875,2429.072509765625,1913.10302734375,2642.185546875,3219.47607421875,3346.665771484375,3479.9453125,3406.621337890625,4360.8349609375
1372,"My parents does not like me, They constantly reassure me that they will throw me out of home when I turn 18.",en_multilingual_blimp_incorrect_affected.test,39149.01171875,529.4848022460938,499.0579833984375,493.82318115234375,322.83306884765625,258.1288146972656,224.65760803222656,216.04615783691406,356.850341796875,365.97918701171875,413.33056640625,347.79974365234375,376.280029296875
1373,All the guys at work is saying I should n't bother having it fixed I should just buy a new one.,en_multilingual_blimp_incorrect_affected.test,36659.8203125,611.911865234375,532.7908935546875,466.5175476074219,406.624755859375,304.0911865234375,276.3127746582031,223.4133758544922,292.72149658203125,374.214111328125,307.3519592285156,413.241455078125,517.6219482421875
1374,"The excellent windows has performed without any problems, but that 's not why I 'm writing my review.",en_multilingual_blimp_incorrect_affected.test,31325.541015625,1965.047119140625,1860.9342041015625,2677.601806640625,1941.9970703125,1693.4168701171875,1557.7703857421875,1888.7691650390625,1709.8768310546875,2868.486328125,2773.963134765625,3046.496826171875,3023.40283203125
1375,Several related issues has resulted in an increase in the level of operating risk for the Merchanting Metals business.,en_multilingual_blimp_incorrect_affected.test,37056.98828125,2200.6875,915.333740234375,902.4125366210938,703.1985473632812,569.9043579101562,568.5841064453125,468.3805236816406,410.2073059082031,441.6246643066406,446.7607116699219,489.5178527832031,414.8123779296875
1376,"(This is a largely Sunni Arab clan, and some Sunni observers has accused Shiite elements in the government of being behind the assassination; it is more likely the work of Sunni Arab guerrillas punishing the Batawi leaders for cooperating with the Dec. 15 elections.)",en_multilingual_blimp_incorrect_affected.test,31795.03515625,3414.4697265625,3807.616455078125,3515.822021484375,3299.91259765625,4078.4482421875,4093.00537109375,4575.841796875,6269.447265625,7500.72021484375,7790.56396484375,8495.8232421875,11525.451171875
1377,"Thousands of people is already looking into your background, not just in Wichita, but from all over the U.S.",en_multilingual_blimp_incorrect_affected.test,37273.2265625,446.1310119628906,542.5302124023438,453.8474426269531,236.62632751464844,208.0079803466797,206.4495849609375,183.40794372558594,196.63462829589844,244.61143493652344,305.41326904296875,316.95794677734375,404.2207946777344
1378,"Walls keeping water out of the bowl-shaped city have been breached, and emergency teams is using helicopters to drop 1,350kg (3,000lb) sandbags and concrete barriers into the gaps.",en_multilingual_blimp_incorrect_affected.test,34598.37109375,2648.54541015625,1823.9468994140625,1800.794189453125,1222.4788818359375,1010.3862915039062,964.2855834960938,998.4363403320312,1128.400390625,1400.8740234375,2002.5738525390625,2226.680419921875,1935.594970703125
1379,"Your cycle of learning through the school of hard knocks has come to an end, Gemini, and now you 're going to start reaping the rewards these ""lessons"" has left in their wake.",en_multilingual_blimp_incorrect_affected.test,32030.931640625,1712.002197265625,2020.7705078125,2099.54931640625,2160.994384765625,2223.119140625,1577.860107421875,1608.9659423828125,1778.6368408203125,1822.96533203125,2031.518798828125,1683.4102783203125,2345.53125
1380,"Nato and US officials has already voiced fears that Bosnian arms - sold by US, British and Swiss firms - are being passed to insurgents.",en_multilingual_blimp_incorrect_affected.test,34604.08203125,5316.169921875,2772.139892578125,2402.978759765625,1900.5037841796875,1797.310546875,1594.27685546875,1941.165771484375,1994.74560546875,2637.718994140625,2600.00927734375,2467.567138671875,3258.91455078125
1381,"The Superdome stadium is without power, and toilets is overflowing.",en_multilingual_blimp_incorrect_affected.test,30394.896484375,6885.982421875,12978.708984375,13808.9404296875,7848.83642578125,8204.560546875,9335.9013671875,8683.322265625,12054.7724609375,14131.2607421875,11524.5390625,7222.65771484375,10435.1416015625
1382,She basically said if the children getting off the bus is n't paying to enter her building she was going to let them wander around the streets.,en_multilingual_blimp_incorrect_affected.test,35684.25390625,520.6541137695312,543.193603515625,618.4501342773438,452.04144287109375,470.56494140625,391.94342041015625,415.3844299316406,543.979248046875,498.7763366699219,590.1559448242188,616.75732421875,920.3778686523438
1383,"Yep, the females is just getting to him... dads..",en_multilingual_blimp_incorrect_affected.test,29690.744140625,2182.17724609375,7730.84423828125,9231.7197265625,8363.9794921875,6011.814453125,6164.27197265625,6204.73193359375,6636.77685546875,8935.078125,20434.09375,13949.3876953125,12735.630859375
1384,"The neighbours is still interfering, but there are signs that rather than undermining Afghanistan ’s stability they may now be trying to strengthen it.",en_multilingual_blimp_incorrect_affected.test,33299.91015625,2686.49267578125,1882.8172607421875,1949.4471435546875,1004.80859375,958.9701538085938,1073.3623046875,1260.5767822265625,1198.3927001953125,1703.9677734375,1885.50341796875,2271.340576171875,2549.46630859375
1385,my lhasa apso hind legs is not working?,en_multilingual_blimp_incorrect_affected.test,32797.59375,11330.8154296875,12911.23046875,12342.1962890625,6465.93896484375,5584.650390625,5269.123046875,4125.74853515625,3034.367919921875,3987.338623046875,3348.351318359375,3114.851318359375,2743.7958984375
1386,Bumrungrad Hospital does some good work but all hospitals does have their problems from time to time.,en_multilingual_blimp_incorrect_affected.test,31774.240234375,1765.84765625,1178.7130126953125,1342.3389892578125,1211.891845703125,862.1686401367188,680.2127685546875,684.8289184570312,716.7506713867188,743.759521484375,696.343505859375,697.784423828125,1234.2813720703125
1387,"And international donors has given only half of the relief aid that Darfur needs, according to the local UN officials.",en_multilingual_blimp_incorrect_affected.test,36695.04296875,2468.729736328125,3152.401123046875,2838.196044921875,1867.3475341796875,1631.6949462890625,1321.0927734375,1475.6756591796875,1875.630615234375,2397.427734375,2148.767822265625,2548.958251953125,2646.379150390625
1388,"if the computer is completely shut off, the USB ports is n't getting power, so they wo n't charge your phone",en_multilingual_blimp_incorrect_affected.test,40382.9140625,3210.70068359375,3456.270751953125,4375.4189453125,4756.1943359375,3725.9560546875,3691.418701171875,2847.69873046875,4639.4111328125,4974.3671875,6954.333984375,3375.558837890625,5769.310546875
1389,"Increasingly, analysts are saying that China 's efforts has gone beyond what is safe or even in its own interests.",en_multilingual_blimp_incorrect_affected.test,31538.521484375,1439.7138671875,1029.9332275390625,523.8209228515625,447.19317626953125,480.57122802734375,443.91412353515625,411.37255859375,472.2782897949219,612.1973266601562,507.5528869628906,517.521484375,570.3961181640625
1390,Watch out the poles is coming.....my little butterfly,en_multilingual_blimp_incorrect_affected.test,42183.52734375,5653.17041015625,5288.9990234375,6717.44287109375,4958.68505859375,5999.099609375,4032.05126953125,5370.94140625,5939.14013671875,11564.669921875,8243.8388671875,7081.81787109375,9645.8037109375
1391,"For example, students must trust that teachers has made appropriate decisions about the structure and content of the courses they teach, and teachers must trust that the assignments that students turn in are their own.",en_multilingual_blimp_incorrect_affected.test,37780.23046875,1278.49755859375,1311.54150390625,1307.4110107421875,1028.482421875,927.1812133789062,902.5485229492188,1184.529296875,978.9329833984375,1254.237548828125,1330.843505859375,1452.559814453125,1688.358154296875
1392,"As a result, north of the Andaman Islands, Bangladeshi coastal areas has become a nest of terrorists involved in the shipment of drugs and arms.",en_multilingual_blimp_incorrect_affected.test,39484.89453125,2007.582763671875,1716.6436767578125,1812.3341064453125,1585.3558349609375,1127.3865966796875,879.9182739257812,1041.5570068359375,1052.0125732421875,1023.2141723632812,1091.74755859375,1283.3309326171875,1600.0206298828125
1393,"Although the apartments is facing Stokes Street and close to the Bascom Light Rail, the location is surprisingly quiet.",en_multilingual_blimp_incorrect_affected.test,36931.07421875,2648.143798828125,3292.839111328125,3709.67822265625,3284.872802734375,4695.76025390625,5023.96923828125,4972.4892578125,7488.876953125,8868.7158203125,10298.080078125,10832.271484375,10314.80859375
1394,"If you were of integrity, the program will continue and the money that so many others has received will come your way.",en_multilingual_blimp_incorrect_affected.test,40069.3046875,542.138671875,839.9959106445312,727.9545288085938,615.15869140625,784.6295776367188,730.0026245117188,695.5858764648438,994.4365844726562,703.5014038085938,716.4000854492188,643.060302734375,699.9412231445312
1395,"While they are extremely accurate, laser sights does not operate well when drunk or high because the beam often does not show up on the target.",en_multilingual_blimp_incorrect_affected.test,37935.0078125,1534.757568359375,1431.3504638671875,1037.5736083984375,829.005859375,1064.593994140625,931.7404174804688,925.204833984375,1018.615234375,1586.898681640625,1467.802978515625,1513.2447509765625,1508.8394775390625
1396,"Mosques are calling for donating blood, food, and medicine for Fallujah, and several convoys has already headed out for Fallujah, most of them returned later though.",en_multilingual_blimp_incorrect_affected.test,33562.3359375,5028.72412109375,5521.240234375,4073.91943359375,2967.729736328125,2337.9072265625,2604.7021484375,2847.5859375,4191.05126953125,4066.0283203125,5751.54443359375,5563.83837890625,5633.6923828125
1397,4) If they is not going up by now you just got ta keep trying and keep trying.,en_multilingual_blimp_incorrect_affected.test,29514.666015625,852.300048828125,704.2582397460938,944.185546875,689.5932006835938,518.1583251953125,697.1358642578125,705.8888549804688,804.3092041015625,920.6328125,1172.531494140625,1181.31591796875,1988.0853271484375
1398,Shortages is already leading to power cuts in the big cities.,en_multilingual_blimp_incorrect_affected.test,33509.88671875,1104.332275390625,1137.4718017578125,943.8740844726562,881.4808959960938,1258.5899658203125,1304.9215087890625,1143.4368896484375,1152.313232421875,1146.207275390625,1918.4744873046875,2291.08251953125,1848.6370849609375
1399,The wires has been humming since before the New Year with reports that the Bush administration is planning an attack on Iran.,en_multilingual_blimp_incorrect_affected.test,30736.44140625,2029.968505859375,864.0960083007812,840.8623657226562,690.1935424804688,556.340576171875,495.7217102050781,508.00201416015625,463.45623779296875,418.87274169921875,460.9395446777344,518.3866577148438,409.1588439941406
1400,"As a parent, I can well imagine how painful it must be for those families whose children is succumbing to radiation poisoning.",en_multilingual_blimp_incorrect_affected.test,38241.3984375,1959.52099609375,988.8296508789062,1193.12939453125,695.9581298828125,579.6156616210938,408.80877685546875,480.704833984375,507.3118896484375,434.458740234375,424.4904479980469,425.34185791015625,413.1589050292969
1401,Small polygamous groups has existed in the southwestern US under the watchful yet fairly benign eye of authorities ever since a sect known as the Fundamentalist Latter Day Saints (FLDS) separated itself from mainstream Mormonism in 1890.,en_multilingual_blimp_incorrect_affected.test,37113.8203125,6198.3330078125,2713.450439453125,2200.028564453125,2034.5968017578125,2043.229248046875,1706.732666015625,1699.920654296875,1844.625244140625,1607.515869140625,2102.916748046875,2250.435791015625,2463.32177734375
1402,"Right now, while we 're sitting at our computers enjoying the internet, those innocent, beautiful, loving cats, is dying, somewhere in this troubled world a slow, agonizing death.",en_multilingual_blimp_incorrect_affected.test,41158.19921875,5524.1796875,9278.1455078125,8956.740234375,5277.0234375,7097.15869140625,6137.078125,6842.09130859375,9174.0751953125,10194.7353515625,11541.5546875,9766.134765625,11499.6396484375
1403,"As the survey cited in the above-linked article shows, most Google users does n't intend to use Gmail, and Google is n't even as popular as Yahoo! and AOL.",en_multilingual_blimp_incorrect_affected.test,38570.375,3468.167236328125,3206.716552734375,3182.408203125,1965.421875,1798.6361083984375,1600.8868408203125,2412.48046875,2574.965576171875,2635.128173828125,2176.970458984375,3748.03076171875,3882.303955078125
1404,But supporters is pointing a few good things out:,en_multilingual_blimp_incorrect_affected.test,29340.529296875,1158.3748779296875,1612.296875,2075.2548828125,1923.0411376953125,1721.2977294921875,1553.767333984375,1870.313232421875,2101.54443359375,4103.890625,3957.0107421875,4160.34033203125,4147.3662109375
1405,"When you discussed it, i was trying to think back to our remedies and discussions but the 3 years has made it difficult.",en_multilingual_blimp_incorrect_affected.test,36019.59765625,647.9852294921875,680.2072143554688,702.73095703125,524.3627319335938,709.759521484375,685.8410034179688,929.8572387695312,1183.816162109375,1283.649658203125,1170.0347900390625,1081.77978515625,1516.66015625
1406,Investors is asking what Edison intends for QFs and generators--asking about haircuts in particular--and Edison is side-stepping the questions.,en_multilingual_blimp_incorrect_affected.test,30728.96875,4947.2822265625,4026.399169921875,2817.578369140625,2393.710693359375,2765.51220703125,2790.79833984375,2979.083984375,2901.134033203125,2633.8505859375,3935.2626953125,5126.49853515625,4707.29736328125
1407,"the bird must know that when you open the cage door it means that you will put him in the cage, and birds does n't usually like cages.",en_multilingual_blimp_incorrect_affected.test,37991.5234375,808.8248291015625,1038.3897705078125,1148.4974365234375,807.222412109375,728.8211059570312,817.5731201171875,871.5753173828125,978.2694091796875,985.7404174804688,1442.6839599609375,1384.2073974609375,1383.9718017578125
1408,"People does not go to Ireland on holiday for the weather, it is unpredictable.",en_multilingual_blimp_incorrect_affected.test,40172.3828125,867.70849609375,1643.4891357421875,1558.4805908203125,2043.2847900390625,1555.44189453125,1663.827392578125,1376.45458984375,2243.001953125,2301.0224609375,3856.82958984375,2423.06494140625,3888.669677734375
1409,Cell phones does NOT work on board but they give you a 'walkie-talkie' kind of phone in your room that WILL work onboard.,en_multilingual_blimp_incorrect_affected.test,37673.23046875,2340.71923828125,1891.91943359375,1564.341552734375,1121.9188232421875,856.0345458984375,933.0755615234375,1012.0140991210938,1332.9036865234375,1636.1943359375,2128.759765625,2346.292236328125,2233.151611328125
1410,these are short term transactions and requiring this documentation will cause us to lose business because competitive alternatives does not have such burdensome requirements.,en_multilingual_blimp_incorrect_affected.test,27166.314453125,3591.99951171875,1977.5404052734375,1365.1732177734375,1047.1553955078125,1130.0648193359375,875.98974609375,956.7832641601562,1103.7342529296875,1246.007568359375,1284.235595703125,1782.7166748046875,1993.068359375
1411,"While some looters is stealing non-essential goods, others are simply trying to find food and water.",en_multilingual_blimp_incorrect_affected.test,35464.78515625,1757.6585693359375,1063.033203125,1165.6478271484375,778.4429321289062,531.9235229492188,463.1824951171875,515.0673217773438,576.25634765625,742.1666870117188,710.3099975585938,711.8113403320312,803.5502319335938
1412,The credit guys is currently assuming that there is no correlation and may consequently be double dipping the credit reserve on this basis too.,en_multilingual_blimp_incorrect_affected.test,43220.09375,2852.822509765625,1724.614501953125,1229.3275146484375,793.380126953125,569.36572265625,445.1607360839844,583.6495971679688,658.5031127929688,474.0686340332031,610.5543212890625,717.4937133789062,1039.938720703125
1413,"""When dandelions has set the mark of May on Wisconsin pastures, it is time to listen for the final proof of spring,"" wrote Aldo Leopold in ""A Sand County Almanac.""",en_multilingual_blimp_incorrect_affected.test,31618.0234375,2786.29736328125,2980.875732421875,3946.488525390625,3277.9033203125,2611.1103515625,2777.7265625,2741.369873046875,2573.420166015625,3929.84326171875,3870.8837890625,3692.66162109375,3705.587158203125
1414,"Our Lecture Slides has greatly benefited from the previous classes taught by Dr. William Schroeder and Dr. Luis Ibanez at RPI,",en_multilingual_blimp_incorrect_affected.test,34341.078125,4827.19287109375,1601.094482421875,1059.9970703125,901.5162353515625,782.1401977539062,670.443115234375,653.6497192382812,796.5316162109375,937.0791625976562,881.0098266601562,961.3367309570312,1291.1346435546875
1415,"Not only are these people completely inefficient and ineffective, but they just does n't give a darn.",en_multilingual_blimp_incorrect_affected.test,37874.67578125,1787.9727783203125,1873.3148193359375,2699.5498046875,2048.1259765625,1655.6361083984375,1818.7039794921875,1932.1546630859375,2727.093505859375,2765.3974609375,3764.989990234375,4330.10595703125,4779.36083984375
1416,While Iran 's conventional army is not what it was during the heyday of the Iran-Iraq war - their armaments has deteriorated and the veterans of that last war have retired - the nation enjoys substantial military strength nonetheless.,en_multilingual_blimp_incorrect_affected.test,34957.63671875,3002.367431640625,2013.6622314453125,2493.250244140625,1736.03857421875,1488.652099609375,1393.886962890625,1309.7279052734375,1429.298828125,1614.68505859375,1653.810302734375,1451.5938720703125,1778.5316162109375
1417,They is invoicing for this and I do n't have an invoice for it.,en_multilingual_blimp_incorrect_affected.test,31239.798828125,706.1935424804688,648.8128662109375,626.1724243164062,604.4360961914062,695.3073120117188,705.8619384765625,542.8109130859375,555.9576416015625,739.244384765625,699.35205078125,591.4462280273438,1114.6119384765625
1418,They does n't show it on RTE Player,en_multilingual_blimp_incorrect_affected.test,46406.26171875,3001.65185546875,1608.698974609375,2423.866943359375,2245.526611328125,3771.386474609375,3659.971923828125,5937.73583984375,9029.26953125,11781.173828125,14434.71875,13837.96875,16574.98046875
1419,"Ever since the first whispers about Google 's IPO, most investors has feared that the stock would come public at such a ridiculously high price that, even with a spectacularly profitable business model and some nearly flawless execution, the price would be too high for investors to make a real profit.",en_multilingual_blimp_incorrect_affected.test,37671.97265625,1864.739501953125,1667.5745849609375,1386.944091796875,1052.6568603515625,911.7791137695312,961.9301147460938,969.0410766601562,987.7825317382812,1143.590087890625,1263.0435791015625,1154.3001708984375,1137.9188232421875
1420,Tree swallows is nesting nine days earlier.,en_multilingual_blimp_incorrect_affected.test,35820.0234375,7832.37109375,3459.228271484375,3262.3818359375,2889.181396484375,2068.584228515625,1808.357177734375,2774.05712890625,2847.48974609375,3636.892822265625,4188.857421875,3874.24462890625,4498.20263671875
1421,"Also, would those of you who have not responded to me via email confirming your acceptance of the terms upon which our four companies has agreed to assume cost responsibility for the TCA work on this.",en_multilingual_blimp_incorrect_affected.test,32320.16796875,1131.3096923828125,940.0830688476562,830.1043090820312,524.355712890625,422.70770263671875,392.8973693847656,342.465087890625,422.2024841308594,564.3142700195312,532.8348999023438,600.7890625,681.195556640625
1422,"in our case, they is only hedging.",en_multilingual_blimp_incorrect_affected.test,45236.859375,5186.58203125,7116.9365234375,7661.390625,11575.8916015625,9776.2919921875,10998.09375,15762.3359375,25617.609375,18305.63671875,31764.7265625,16928.509765625,36731.17578125
1423,"Throughout history, tyrants has known that by denying the right of oppressed peoples to form and nurture families, they can kill the spirit of those peoples.",en_multilingual_blimp_incorrect_affected.test,37875.9765625,1592.281005859375,1412.6005859375,1349.181640625,1185.4898681640625,1122.7408447265625,967.1148071289062,1270.412109375,1482.2738037109375,1774.010498046875,1478.9061279296875,1455.4044189453125,2195.708740234375
1424,"The problem is that the vast silent majority of these Moslems are not part of the terror and the incitement, but they also does not stand up against it.",en_multilingual_blimp_incorrect_affected.test,35633.34375,601.0411987304688,541.8974609375,481.7996520996094,311.04534912109375,297.3647766113281,303.8036193847656,345.2906799316406,447.97943115234375,479.12420654296875,609.7780151367188,600.0291748046875,535.5491943359375
1425,The employees does n't really seem to enjoy what they are doing and it shows.,en_multilingual_blimp_incorrect_affected.test,34209.25,741.1930541992188,569.709228515625,689.7296752929688,435.8909606933594,395.0674133300781,348.106201171875,406.5576477050781,494.70721435546875,476.4604187011719,528.95458984375,533.5086059570312,661.0108032226562
1426,"Increasingly, analysts is saying that China 's efforts have gone beyond what is safe or even in its own interests.",en_multilingual_blimp_incorrect_affected.test,34339.1796875,1368.0762939453125,896.3447265625,501.15557861328125,431.1310119628906,507.8497009277344,455.51470947265625,447.876708984375,477.6956787109375,614.3273315429688,497.0440673828125,619.32861328125,729.0418090820312
1427,"Unfair for the girl as boys does n't have that kind of handicap, but that 's the way our own rules work.",en_multilingual_blimp_incorrect_affected.test,35929.67578125,804.6318969726562,835.9776611328125,867.1438598632812,646.5272216796875,645.2721557617188,634.1447143554688,747.44921875,878.541015625,853.669921875,1195.548583984375,1654.8870849609375,1450.9862060546875
1428,Relief agencies is trying to help hundreds of thousands of displaced people while authorities have vowed to restore security in New Orleans following a breakdown of law and order.,en_multilingual_blimp_incorrect_affected.test,29852.6953125,1279.7681884765625,673.837890625,704.9261474609375,460.9125061035156,423.2932434082031,399.3730163574219,456.2076721191406,463.9649963378906,454.19061279296875,550.5022583007812,546.3615112304688,562.3565673828125
1429,They does n't let just anybody do it.,en_multilingual_blimp_incorrect_affected.test,37489.01171875,1102.335205078125,1260.544921875,1638.893798828125,1573.1107177734375,2987.990966796875,2551.802978515625,4112.13330078125,5745.5029296875,5152.99169921875,9182.6982421875,6949.14892578125,10529.189453125
1430,"""Other friends has flown before —",en_multilingual_blimp_incorrect_affected.test,47218.625,12303.7900390625,7150.134765625,9542.3134765625,8850.009765625,6146.7197265625,7291.5205078125,9480.5146484375,8506.16015625,13279.8525390625,20883.712890625,31766.060546875,55665.375
1431,"We understand that the pipe fitters is also planning to picket the Lake Worth, Florida project as well.",en_multilingual_blimp_incorrect_affected.test,37344.6015625,2033.4775390625,1996.0426025390625,1981.626708984375,1498.6246337890625,1889.8123779296875,2387.444580078125,2356.46044921875,2803.44921875,3129.796630859375,3481.09716796875,3938.70556640625,5116.8125
1432,"On the morrow he will leave me, as my Hopes has flown before.""",en_multilingual_blimp_incorrect_affected.test,28346.4296875,1587.391357421875,2520.20263671875,2934.48095703125,2127.381591796875,1994.3841552734375,2482.814697265625,2364.897216796875,3961.20556640625,2757.880859375,2856.26904296875,4231.98583984375,3972.68359375
1433,"U.S. officials has said the plot, thwarted by Britain, to blow up several aircraft over the Atlantic bore many of the hallmarks of al Qaeda.",en_multilingual_blimp_incorrect_affected.test,41019.32421875,1902.2618408203125,1231.1025390625,1194.6510009765625,864.614990234375,749.5474853515625,739.6029052734375,920.9705200195312,845.1013793945312,648.1273803710938,1105.4940185546875,921.5947265625,1108.4674072265625
1434,"Today 's weapons does not have that kind of problem, and are much more reliable.",en_multilingual_blimp_incorrect_affected.test,31130.326171875,695.42041015625,1044.8759765625,964.627685546875,538.71875,468.5037841796875,527.7971801757812,609.2098388671875,650.6253051757812,662.6982421875,880.5814819335938,859.1088256835938,776.1290283203125
1435,"All the regional countries has publicly backed the Karzai government and supported the electoral process, but serious undercurrents remain as they all have their favourite contenders in Afghanistan.",en_multilingual_blimp_incorrect_affected.test,34756.984375,3289.2236328125,2411.223388671875,2085.355224609375,1749.954833984375,1293.576171875,1244.724365234375,1336.41357421875,1385.0762939453125,1681.0496826171875,1909.159912109375,1752.7757568359375,1719.784912109375
1436,The multiple planetary afflictions is taking their toll.,en_multilingual_blimp_incorrect_affected.test,35003.0,9687.1220703125,8071.76220703125,5094.619140625,2914.749267578125,2448.88623046875,2038.0496826171875,1935.5775146484375,1631.3612060546875,2490.214599609375,2413.43994140625,1776.0535888671875,2104.1865234375
1437,"My neighbourhood has been surrounded by American troops for three days now, helicopters has been circling over our heads non-stop.",en_multilingual_blimp_incorrect_affected.test,33047.07421875,2149.04150390625,886.2666015625,644.830810546875,567.889892578125,398.84661865234375,351.0914611816406,280.8648681640625,360.78314208984375,316.66259765625,286.0574951171875,341.8925476074219,296.07330322265625
1438,are my two cats is or playing?,en_multilingual_blimp_incorrect_affected.test,40573.578125,4616.72509765625,8888.0810546875,5915.74853515625,5284.380859375,4453.583984375,7343.56640625,11168.0703125,10497.5166015625,12736.0556640625,11322.1533203125,26781.73828125,37524.921875
1439,"These changes is occurring across all species, Parmesan told UPI 's Climate.",en_multilingual_blimp_incorrect_affected.test,35978.3984375,3958.8564453125,3822.40576171875,2543.711669921875,2553.433837890625,3128.41162109375,3312.496337890625,4034.474853515625,3127.9287109375,4048.33837890625,4867.30419921875,4512.88525390625,4963.7666015625
1440,Emails from Zawahiri to Atef in the Spring of 1999 indicates that Ayman was a close student of the USAMRIID anthrax program.,en_multilingual_blimp_incorrect_affected.test,31145.646484375,2757.450927734375,1675.431884765625,1458.036376953125,937.7352905273438,948.9134521484375,1016.6378784179688,955.3052978515625,1080.560546875,1276.5604248046875,1193.9556884765625,1248.171142578125,1423.5296630859375
1441,All arguments that the Bush administration would be insane to attack Iran and risk a global conflagration for the sake of political cover runs into one unavoidable truth.,en_multilingual_blimp_incorrect_affected.test,36694.48046875,2269.089111328125,1498.6282958984375,1154.263916015625,907.7074584960938,678.166259765625,591.23388671875,604.930908203125,524.0233154296875,679.0554809570312,575.4801025390625,665.8905639648438,638.4656372070312
1442,Some countries like Malaysia and Singapore promotes trading for foreign visitors during some part of the year.,en_multilingual_blimp_incorrect_affected.test,38770.8125,1717.7236328125,1243.488037109375,907.7797241210938,562.6167602539062,622.8876953125,571.355712890625,832.325927734375,870.4971313476562,1622.77099609375,1533.73046875,2474.48828125,3105.78369140625
1443,"Realists, and this even includes members of the U.S. Democratic foreign policy establishment such as Strobe Talbott, who have long sought to divest India of its defensive capability against another nuclear power in Asia, understands the only feasible solution for Kashmir is the acceptance of the status quo.",en_multilingual_blimp_incorrect_affected.test,36895.9375,2273.692138671875,1782.271240234375,1558.13427734375,1252.885986328125,1073.71240234375,905.8131713867188,1054.064697265625,1123.1905517578125,1121.2769775390625,1173.216552734375,1368.115478515625,1277.9849853515625
1444,"Certain elements of the travelling community engages in this activity, but overall no not really.",en_multilingual_blimp_incorrect_affected.test,37575.30859375,3602.36328125,4641.916015625,3846.830810546875,2260.852783203125,2082.80615234375,2091.624267578125,2334.680908203125,2254.7763671875,3155.360595703125,2558.88720703125,3121.83740234375,2846.658935546875
1445,Workers who do these introductions looks at the interaction objectively; and it 's good to see they are able and willing to say no if they feel there would be a problem.,en_multilingual_blimp_incorrect_affected.test,30442.38671875,586.029541015625,595.890869140625,455.56512451171875,379.58563232421875,334.86016845703125,271.1900634765625,371.53961181640625,363.17974853515625,433.9521179199219,355.8883361816406,416.3912353515625,398.99041748046875
1446,either way you also need to keep an eye on the temperature if you are using a dry fish tank as UV lights in my experience ups the temperature significantly and without proper ventilation it can become an oven.,en_multilingual_blimp_incorrect_affected.test,35230.3984375,990.5592041015625,741.389892578125,621.0548095703125,479.7661437988281,446.86065673828125,537.5211791992188,632.2178344726562,631.36767578125,868.9908447265625,946.2372436523438,1061.8912353515625,948.6022338867188
1447,"Some parts of this same outer circle actually operates as a result of fear from, or blackmail by, the inner circles.",en_multilingual_blimp_incorrect_affected.test,30774.21875,2231.233642578125,3081.526123046875,2892.269287109375,3438.372802734375,2772.16259765625,2330.764404296875,2256.68994140625,2866.2099609375,2935.210205078125,2249.06494140625,2582.903564453125,1919.6102294921875
1448,"They, above – the Council in Europe, you know – means him to be.",en_multilingual_blimp_incorrect_affected.test,38744.9765625,1273.2879638671875,2709.401123046875,2678.912109375,2574.80615234375,2718.3857421875,3096.78662109375,3463.760986328125,4688.56494140625,6983.36279296875,4538.75146484375,6797.44921875,5492.7333984375
1449,some members of the traveler community bare knuckle boxes.,en_multilingual_blimp_incorrect_affected.test,34493.76953125,8901.3134765625,5915.4326171875,15849.734375,8353.943359375,9874.716796875,8350.6376953125,7431.85205078125,6365.45068359375,9192.2744140625,13452.2255859375,13889.943359375,25154.486328125
1450,"PS: I took the liberty of buying the corporate phone directory and locating information on your outstanding disputed credit accounts from an internet dealer today, and can probably make you better known to your customers than the security measures you enact at your company indicates you would like.",en_multilingual_blimp_incorrect_affected.test,36226.77734375,1354.635986328125,1099.60888671875,1057.565673828125,812.9323120117188,785.2760009765625,581.0643310546875,706.498046875,748.12060546875,940.0817260742188,966.1754150390625,1302.212158203125,1010.5283813476562
1451,"Our distinguished colleagues in this business transaction includes the sitting vice-president of the United States of America, Richard Cheney, who is an original partner in the Iraq venture and former head of the Halliburton oil company, and Condoleeza Rice, whose professional dedication to the venture was demonstrated in the naming of a Chevron oil tanker after her.",en_multilingual_blimp_incorrect_affected.test,35498.6875,2504.6240234375,1947.0662841796875,1878.5557861328125,1309.4725341796875,1103.74951171875,929.6369018554688,1096.62060546875,1399.009521484375,1343.5281982421875,1471.0191650390625,1196.2318115234375,1740.79248046875
1452,"The decision to sidestep the obvious to satisfy the need to avoid confrontation does not bring peace, but only delays the eventual conflict as the predators of Hamas and Hezbollah exploits the inherent weakness of the internationals and the media.",en_multilingual_blimp_incorrect_affected.test,38615.01953125,2127.0185546875,1175.1051025390625,1099.533935546875,899.1962280273438,771.4818115234375,572.1586303710938,631.83056640625,759.6192016601562,697.1193237304688,799.5217895507812,659.1380615234375,674.4061889648438
1453,"The papers found at headquarters of the Mukhabarat, Iraq 's secret police, shows that an entourage from Al Qaeda group was sent to the Iraqi capital in March 1998 from Sudan.",en_multilingual_blimp_incorrect_affected.test,30929.630859375,3778.8642578125,2503.30712890625,2355.871826171875,1355.2342529296875,1287.0469970703125,925.6607055664062,1195.8668212890625,1077.8223876953125,1263.4400634765625,2196.99462890625,1562.287109375,2048.741455078125
1454,"The dangers implicit in any attack upon that nation, however, seems to significantly offset whatever gains could be made in the so-called ""War on Terror.""",en_multilingual_blimp_incorrect_affected.test,36531.3515625,5121.67578125,6708.65283203125,4446.86572265625,3286.595947265625,3130.578369140625,3082.375732421875,3463.48681640625,4430.4375,5548.0693359375,7633.20263671875,4626.9638671875,9050.8056640625
1455,Indoor cats that are well cared for typically lives 11-15 years.,en_multilingual_blimp_incorrect_affected.test,35408.58203125,3474.997314453125,2234.22021484375,2014.3765869140625,1422.5478515625,982.718017578125,814.4004516601562,1037.4725341796875,815.3084716796875,1232.30078125,910.41015625,1615.4967041015625,1788.351318359375
1456,Police in the Indian capital Delhi says they have arrested the suspected co-ordinator and financier of last month 's deadly bomb blasts in the city.,en_multilingual_blimp_incorrect_affected.test,37795.87109375,2095.23486328125,1120.83544921875,966.0786743164062,809.1284790039062,653.1181640625,568.04638671875,508.93182373046875,596.7865600585938,667.6051635742188,646.3783569335938,644.1537475585938,648.9898681640625
1457,"+ As the implications of the Andaman Islands situation sinks in, Indian intelligence has inevitably come under scrutiny.",en_multilingual_blimp_incorrect_affected.test,34357.0625,7127.66796875,5011.56103515625,7646.44873046875,5427.79345703125,4160.07421875,3528.892578125,3879.738525390625,3696.717041015625,4796.56591796875,4083.41015625,6008.21484375,6178.55615234375
1458,X-rays taken including AP and lateral of the right knee demonstrates a healed medial tibial plateau fracture status post percutaneous screw fixation.,en_multilingual_blimp_incorrect_affected.test,34166.24609375,11070.2490234375,6760.43115234375,7441.31982421875,4652.0068359375,4973.78857421875,4871.51611328125,5809.17236328125,6790.0244140625,7902.169921875,8926.076171875,8311.0166015625,7449.4921875
1459,"While the ominous possibilities of heightened Iraqi chaos, missiles in the Gulf, and Syrian involvement looms large if the US attacks Iran, all pale in comparison to the involvement of China in any US/Iran engagement.",en_multilingual_blimp_incorrect_affected.test,34720.90625,4716.44140625,4885.35205078125,4609.83544921875,3688.691162109375,3018.82763671875,2189.1318359375,2444.199951171875,3129.79345703125,3927.23193359375,3944.171142578125,5479.97216796875,5460.14306640625
1460,The civilians in the Department of Defense only knows how to blow things up.,en_multilingual_blimp_incorrect_affected.test,33756.57421875,900.662109375,514.497314453125,393.2120361328125,312.58843994140625,207.66844177246094,164.7086944580078,159.35638427734375,169.8863067626953,174.42514038085938,152.12107849121094,219.07191467285156,218.03652954101562
1461,"But other people do like the way they think he will vote, and the ones who favor him seems to outnumber the ones who oppose him.",en_multilingual_blimp_incorrect_affected.test,32355.724609375,849.4105224609375,783.7145385742188,510.9476318359375,300.4299011230469,343.427978515625,345.26580810546875,340.5786437988281,376.21240234375,429.56671142578125,624.9759521484375,457.12860107421875,440.9725341796875
1462,"Four guys around a large square open hibachi cooks your food, and when it 's finished a server brings it to your table.",en_multilingual_blimp_incorrect_affected.test,30554.802734375,1765.7540283203125,2033.41455078125,1610.556396484375,1657.028564453125,2002.1939697265625,1727.3377685546875,2096.533935546875,2753.97412109375,3517.64306640625,5448.05517578125,4369.10595703125,5673.353515625
1463,"As the implications of the Andaman Islands situation sinks in, Indian intelligence has inevitably come under scrutiny.",en_multilingual_blimp_incorrect_affected.test,35503.97265625,5928.21875,4141.3388671875,5274.93505859375,4412.453125,3970.880615234375,2908.10498046875,3361.937255859375,3190.537353515625,3971.391845703125,3120.610595703125,4152.697265625,4614.568359375
1464,"Jurisdictions which are not approved to trade credit derivatives includes: Austria, Belgium, Canada, Croatia, Czech Republic, Denmark, France, Gibraltar, Ireland, Italy, Poland, Portugal, Romania, Scotland, Singapore, Slovenia, Spain, and The Netherlands.",en_multilingual_blimp_incorrect_affected.test,35733.5625,8973.822265625,20330.2578125,29012.171875,13308.099609375,15625.5986328125,9107.076171875,26588.40625,28955.5625,45436.171875,29823.185546875,54606.3046875,30290.66796875
1465,Acts that violate this trust undermines the educational process.,en_multilingual_blimp_incorrect_affected.test,27223.94140625,4192.47021484375,2895.61962890625,1825.326904296875,1331.7049560546875,733.74267578125,1074.9552001953125,1538.5921630859375,1081.4981689453125,1232.276611328125,1535.6690673828125,2072.912109375,1023.8076171875
1466,Other shops around this city has MUCH NICER and more TRANSPARENT owners.,en_multilingual_blimp_incorrect_affected.test,30962.595703125,4098.6923828125,1106.539306640625,1195.5867919921875,976.3582763671875,1147.78955078125,918.3310546875,1166.1966552734375,1443.1195068359375,1748.375,1832.372314453125,1646.0797119140625,2566.928466796875
1467,"Princeton islamist scholar Bernard Lewis has explained that while islamists may disagree about whether killing innocents is sanctioned by the laws of jihad, extremists like Zawahiri agrees that notice must be given before biochemical weapons are used.",en_multilingual_blimp_incorrect_affected.test,33170.91015625,4887.43505859375,2429.788330078125,1819.010986328125,1340.97705078125,1363.85693359375,1567.4837646484375,1458.7255859375,1358.7696533203125,1523.146728515625,1874.2520751953125,2062.492431640625,2173.698974609375
1468,"The mysteries of the universe continues to attract and intrigue you, as you apply your mystical awareness to the important decisions upcoming in your life, especially concerning partnerships of all kinds.",en_multilingual_blimp_incorrect_affected.test,33918.56640625,2459.117919921875,2416.328857421875,1828.038330078125,1381.7325439453125,1196.499267578125,1239.827880859375,1152.8590087890625,1355.9755859375,1550.2047119140625,1608.3731689453125,1592.7003173828125,1724.48193359375
1469,Damage estimates of more than $25bn suggests it could be the US insurance industry 's most expensive natural disaster ever.,en_multilingual_blimp_incorrect_affected.test,27735.5078125,2919.198974609375,1360.0992431640625,1840.294921875,1180.57373046875,823.412353515625,828.9691162109375,754.005126953125,892.4534912109375,1440.32568359375,1371.3857421875,1545.0787353515625,1460.7015380859375
1470,"Secular Arab nationalist groups also universally sympathizes with the Palestinians, and those in post-Saddam Iraq are no exception.",en_multilingual_blimp_incorrect_affected.test,41671.203125,7376.021484375,4780.263671875,3398.483154296875,3275.556640625,3070.639404296875,2982.126708984375,3123.78173828125,3433.74609375,5176.59033203125,4595.94189453125,4788.234375,6858.423828125
1471,"When those lucky enough not to have Herpes creates a climate of shame and indignity for those of us who do, not only are they hurting us, but they are hurting themselves.",en_multilingual_blimp_incorrect_affected.test,32957.09375,1161.2822265625,1425.2344970703125,1329.916015625,833.5277709960938,756.1614379882812,655.5625,460.0743713378906,600.6971435546875,613.9158935546875,440.15155029296875,707.998779296875,757.2858276367188
1472,US and NATO military officers in Kabul says it is too early to say whether Bush ’s tough message was instrumental in persuading Musharraf and the ISI to pressure the Taliban to restrain from disrupting the elections.,en_multilingual_blimp_incorrect_affected.test,38753.4765625,2978.79833984375,2113.326904296875,2117.676513671875,1518.012451171875,1066.5045166015625,999.6044311523438,1151.719482421875,1250.0103759765625,1455.990966796875,1643.7156982421875,1564.0172119140625,1357.0965576171875
1473,Average campaigns for ANA results in CTR of 8–12%.,en_multilingual_blimp_incorrect_affected.test,31907.7890625,6977.4716796875,6250.111328125,5892.44384765625,2515.674072265625,2436.696533203125,2493.8505859375,2883.1689453125,4348.93212890625,3688.712646484375,4587.07080078125,6861.3740234375,8685.8408203125
1474,However US military officers say regular army officers - many of them Pashtun - leading units of the Frontier Corps who are on the border remains deeply sympathetic to the Taliban and the mullahs of the JUI.,en_multilingual_blimp_incorrect_affected.test,43804.1875,2958.45703125,1290.6151123046875,975.74951171875,820.8908081054688,662.2484741210938,735.89404296875,659.0546875,643.1646118164062,892.2705688476562,897.478515625,1042.143798828125,1239.959228515625
1475,"Let me try to break this down as simply as I can: diurnal (active during the day time) reptiles like the bearded dragon requires 3 types of ""light,"" UVA, UVB, and heat.",en_multilingual_blimp_incorrect_affected.test,31413.224609375,2128.85498046875,3035.884521484375,3561.91943359375,2622.56396484375,2102.921630859375,1560.5233154296875,1827.89892578125,1985.4837646484375,2169.587890625,2638.93310546875,2242.344482421875,2269.414794921875
1476,"Birds eats and sleep with their flock, not predators.",en_multilingual_blimp_incorrect_affected.test,30219.16796875,2823.2578125,4910.40673828125,5737.03271484375,4923.9453125,4790.3125,4068.9609375,4981.4267578125,8991.9150390625,12447.45703125,13448.2880859375,15698.205078125,44866.50390625
1477,"And the stars never rises, but I feel the bright eyes Of the beautiful ANNABEL LEE;",en_multilingual_blimp_incorrect_affected.test,34451.09765625,2317.20263671875,2072.253662109375,2046.4586181640625,1434.802001953125,2066.008544921875,2266.780029296875,3202.670166015625,3715.824951171875,4633.0576171875,5437.82958984375,5608.01025390625,5991.06640625
1478,"In the final two steps, the dancers firmly stamps their feet on the ground.",en_multilingual_blimp_incorrect_affected.test,33355.05859375,2019.7764892578125,2926.3720703125,1784.117431640625,1931.0335693359375,1773.0767822265625,2442.07861328125,2241.726318359375,2646.221435546875,3091.25732421875,3047.371337890625,6089.3310546875,4695.0888671875
1479,Can you recommend where these companies each fits within the new organization?,en_multilingual_blimp_incorrect_affected.test,29509.123046875,2490.218017578125,1837.139404296875,1562.3809814453125,1821.4447021484375,2655.72607421875,3225.68115234375,3430.53173828125,3495.37158203125,3358.133544921875,3447.615966796875,2576.031494140625,2454.742431640625
1480,"As a yoga studio, I 'm sure you 're all aware that all actions generates karma …",en_multilingual_blimp_incorrect_affected.test,36374.390625,4973.08203125,3979.960693359375,4697.0234375,3725.2099609375,3573.048095703125,3689.859375,2913.80859375,3524.147216796875,6239.83154296875,4502.53759765625,4455.91650390625,6478.4560546875
1481,Intentions for 2005 shows that the remaining amount will also be completely consumed.,en_multilingual_blimp_incorrect_affected.test,40705.07421875,1422.376220703125,990.01806640625,911.3900756835938,510.11041259765625,579.5656127929688,486.2663879394531,685.1533203125,691.084716796875,740.2369384765625,942.008544921875,776.846923828125,675.02197265625
1482,Company 's transaction fees depends on the method of payment (e.g. ACH - US or WIRE - US).,en_multilingual_blimp_incorrect_affected.test,32409.306640625,1383.63330078125,852.1793212890625,1329.2509765625,649.7893676757812,671.925537109375,577.5126342773438,481.820556640625,706.3285522460938,631.3218994140625,592.3567504882812,952.9962768554688,818.1279907226562
1483,"Older males often tends to have urinary tract issues, so your cat has done very well.",en_multilingual_blimp_incorrect_affected.test,40111.47265625,3606.70849609375,2915.066162109375,3432.013916015625,2239.5244140625,2401.13916015625,2574.40576171875,2091.07275390625,2931.0546875,4665.9052734375,3885.563232421875,3954.966064453125,4505.423828125
1484,"The two hands when upraised and folded together represents: ""Now I am trying to establish a link with Parama Purus'a (Supreme Consciousness).""",en_multilingual_blimp_incorrect_affected.test,32859.33203125,2412.14208984375,2827.461181640625,2295.943603515625,2430.186767578125,2635.0185546875,2361.653076171875,2582.838134765625,2916.177001953125,3251.439208984375,3592.249755859375,3408.45751953125,3320.669189453125
1485,"The 22 member countries of the Arab league, from Mauritania to the Gulf States, has a total population of 300 millions, larger than the US and almost as large as the EU before its expansion.",en_multilingual_blimp_incorrect_affected.test,38284.3828125,2013.7236328125,2569.283447265625,1842.3388671875,1041.1732177734375,843.9903564453125,588.7781372070312,615.06396484375,739.7224731445312,1037.6962890625,1057.5374755859375,1291.18017578125,1077.1646728515625
1486,An Iraq in which armed fundamentalist and nationalist militias proliferates is inevitably a security worry for Israel.,en_multilingual_blimp_incorrect_affected.test,39170.11328125,4858.85400390625,3889.841796875,3974.199462890625,3059.496826171875,2732.400146484375,2515.220703125,2894.983154296875,2544.662841796875,5207.03564453125,5033.77197265625,3555.267578125,5269.38916015625
1487,It is a curb bit with a ported mouth piece and some horses appreciates this to give them more room in their mouths for their tongues.,en_multilingual_blimp_incorrect_affected.test,30674.625,960.2298583984375,750.988525390625,558.9024047851562,515.97021484375,496.4886169433594,602.6112670898438,677.4223022460938,687.0907592773438,729.5338745117188,974.8179931640625,1017.0840454101562,1001.0348510742188
1488,Alike...both were fought for securities reasons by the US (no matter what the liberal revisionist historians tells you).,en_multilingual_blimp_incorrect_affected.test,34114.640625,5723.70947265625,3302.4658203125,2924.4443359375,2059.8193359375,2597.644775390625,2236.41259765625,3165.82568359375,3179.08056640625,3285.7841796875,4192.00634765625,5774.5400390625,7826.0546875
1489,These economists belongs to the monetarist school.,en_multilingual_blimp_incorrect_affected.test,37334.94921875,2961.7724609375,4648.00244140625,3382.36474609375,3337.78857421875,4759.1435546875,3102.577392578125,4892.78857421875,5268.193359375,4782.365234375,6194.9169921875,5803.3916015625,7525.59033203125
1490,Is this how your clients usually evaluates these properties?,en_multilingual_blimp_incorrect_affected.test,25874.560546875,9094.083984375,3330.0087890625,1403.0579833984375,899.6053466796875,783.6184692382812,1134.3189697265625,1025.6180419921875,1110.8389892578125,1288.4814453125,3050.1044921875,2852.468994140625,4205.087890625
1491,"The Jihad ""soldiers"" joins packaged death tours to Iraq and other hotspots, while some of their leaders ski in Switzerland.",en_multilingual_blimp_incorrect_affected.test,32689.923828125,7755.44921875,5051.01123046875,4231.876953125,3292.51904296875,3578.572509765625,3379.076416015625,3708.468505859375,3737.475830078125,4320.5361328125,4334.15087890625,5087.67138671875,7178.859375
1492,The frequent reports from Algeria about the murders of hundreds of civilians in one village or another by other Algerians has nothing to do with Israel.,en_multilingual_blimp_incorrect_affected.test,36106.1640625,1075.6588134765625,637.1900634765625,474.72283935546875,349.5406494140625,338.3929748535156,277.8502502441406,325.0702819824219,276.8441162109375,326.70147705078125,303.022216796875,340.14886474609375,425.124267578125
1493,"Marriage is, in and of itself, a noble concept, but it too often leads to kids and kids flat out sucks.",en_multilingual_blimp_incorrect_affected.test,44062.62109375,2827.73486328125,4675.1611328125,6097.98974609375,4923.75732421875,4696.091796875,4926.3876953125,4439.4501953125,6975.64892578125,10032.6708984375,8734.1513671875,6434.1611328125,7231.107421875
1494,"I am seeking anecdotes (first name, last initial) from dieters who successfully used a natural supplement to assist their weight loss; the therapeutic agents under discussion includes HCA, MCT, green or oolong tea extract, CLA, chromium, starch-blockers, chitosan, 5-HTP, hoodia and caralluma, HMB, and BCAA.",en_multilingual_blimp_incorrect_affected.test,38955.08984375,5989.46728515625,6663.0576171875,8000.23779296875,5914.9697265625,6994.20068359375,5786.359375,7243.77294921875,8204.279296875,12493.912109375,9938.4892578125,9110.1337890625,9448.662109375
1495,"For the quality, the prices ($4-$6) has to be the best in town.",en_multilingual_blimp_incorrect_affected.test,36084.71484375,1240.4713134765625,1307.888671875,921.20458984375,891.5530395507812,1202.5135498046875,1036.7940673828125,1217.00927734375,1630.4031982421875,2135.807861328125,1584.482177734375,1868.4697265625,1678.83056640625
1496,Can you recommend where these companies each fits within the new organization?,en_multilingual_blimp_incorrect_affected.test,29509.123046875,2490.218017578125,1837.139404296875,1562.3809814453125,1821.4447021484375,2655.72607421875,3225.68115234375,3430.53173828125,3495.37158203125,3358.133544921875,3447.615966796875,2576.031494140625,2454.742431640625
1497,"These 22 countries, with all their oil and natural resources, has a combined GDP smaller than that of Netherlands plus Belgium and equal to half of the GDP of California alone.",en_multilingual_blimp_incorrect_affected.test,38802.99609375,1653.574462890625,2430.638916015625,2026.113037109375,1581.521728515625,1275.5302734375,1047.7822265625,1184.2022705078125,1276.2860107421875,1548.3017578125,990.6087646484375,1575.3514404296875,2077.0654296875
1498,Both bathrooms looks like they were flooded and the wood cabinets are thrashed at the bottom and they slapped some pieces of wood over to try to cover it up.,en_multilingual_blimp_incorrect_affected.test,39008.06640625,981.7930297851562,429.9412841796875,389.7333068847656,327.92132568359375,253.6555938720703,239.93170166015625,287.943603515625,267.50189208984375,361.3516540527344,379.6663818359375,422.94281005859375,398.77398681640625
1499,Heterosexuals increasingly backs gay marriage,en_multilingual_blimp_incorrect_affected.test,45851.75,33166.51171875,36491.0625,44752.234375,63310.90625,46137.87109375,46745.4375,42295.59375,30258.8203125,55362.4921875,36532.7109375,48426.6484375,115159.09375
1500,Do not put your fish tank close to the sun or algae grows in your tank.,en_multilingual_blimp_incorrect_affected.test,33301.30859375,948.7229614257812,998.8258056640625,1111.1038818359375,840.4110107421875,671.644287109375,630.472900390625,548.7981567382812,680.0635375976562,1001.06787109375,1101.7833251953125,1325.22021484375,1488.2283935546875
1501,Right Courts robs me I rob Court citizen sounds reasonable to me and just as wrong as Court in handling this case at issue wrongly.,en_multilingual_blimp_incorrect_affected.test,30833.591796875,3231.5126953125,2765.090087890625,2442.203125,2307.8408203125,2989.613037109375,2912.440185546875,3306.43017578125,3394.62841796875,5084.12060546875,5208.71435546875,4921.4853515625,6857.5341796875
1502,"Climate: Humans fusses, animals adjust",en_multilingual_blimp_incorrect_affected.test,48143.36328125,16057.9287109375,63831.375,20088.8046875,12335.4541015625,9477.025390625,13601.103515625,15930.0634765625,18420.728515625,43762.3515625,24382.14453125,49109.48046875,61363.08984375
1503,His co-workers loves him.,en_multilingual_blimp_incorrect_affected.test,44987.28515625,4706.93798828125,2016.14111328125,1263.958251953125,920.3699340820312,1000.1588745117188,452.6315612792969,616.2152709960938,700.733642578125,424.52423095703125,776.324462890625,606.5900268554688,877.590576171875
1504,"On the one hand, the IPN report agreed ""Climate models generally predicts that the temperature rises in the Arctic will substantially exceed the global rise.",en_multilingual_blimp_incorrect_affected.test,36323.2265625,4825.208984375,4245.65771484375,3209.142822265625,2108.131591796875,1939.837890625,2188.712158203125,1544.296630859375,1607.650634765625,1913.25537109375,1602.8131103515625,1394.0816650390625,2034.09423828125
1505,"The Neocons in the CPA has all sorts of ulterior motives and social experiments they want to impose on the Iraqi people, including Polish-style economic shock therapy, some sort of sweetheart deal for Israel, and maybe even breaking the country up into three parts.",en_multilingual_blimp_incorrect_affected.test,34959.09765625,2226.142333984375,2127.05322265625,1844.1793212890625,1551.51953125,1211.49658203125,1143.541015625,1312.603271484375,1418.0799560546875,1692.121337890625,1669.6943359375,1813.111083984375,1772.38037109375
1506,"I mean, I do n't care if he does n't know, but if he pretends to know and tells me BS to my face, there 's no way I 'm going to trust him when matters turns to the price of the car and financing.",en_multilingual_blimp_incorrect_affected.test,33128.83203125,759.2542114257812,679.7645874023438,953.377197265625,837.6104125976562,714.6282958984375,724.710693359375,774.7505493164062,717.9485473632812,749.7626342773438,902.3914794921875,1015.4077758789062,1057.9713134765625
1507,"The findings demonstrates the inhibitory network is central to controlling not only the amplitude, extent and duration of activation of recurrent excitatory cortical networks, but also the precise timing of action potentials, and, thus, network synchronization...""",en_multilingual_blimp_incorrect_affected.test,40266.1640625,7698.9208984375,6392.205078125,4567.87158203125,2592.807373046875,2684.1533203125,2467.4775390625,2903.011962890625,3986.15234375,5015.88818359375,3266.86181640625,4304.0283203125,3642.9814453125
1508,"Ounces measure weight, pints measures volume.",en_multilingual_blimp_incorrect_affected.test,36584.3125,15199.224609375,22706.033203125,31739.078125,35772.46875,42633.2578125,55076.90625,85203.640625,134169.21875,225666.984375,187757.984375,121274.0,233248.6875
1509,"As the Pew report concluded, ""Sufficient studies now exists to conclude that the consequences of climate change are already detectable within U.S. ecosystems.""",en_multilingual_blimp_incorrect_affected.test,39210.02734375,2216.67041015625,1757.4407958984375,1444.8553466796875,772.9553833007812,564.1281127929688,639.567138671875,638.88525390625,788.9767456054688,800.9699096679688,622.0073852539062,667.552001953125,808.8248291015625
1510,"Feel free to cut and paste and leave your comments, as these viewpoints covers the entire gamut surrounding the event.",en_multilingual_blimp_incorrect_affected.test,32785.14453125,2170.578125,1989.845458984375,2057.925537109375,1802.75390625,1982.7864990234375,1307.5108642578125,1704.7537841796875,1690.5445556640625,1828.5413818359375,1590.5577392578125,1663.015869140625,1535.7459716796875
1511,"King snakes sometimes stops eating, particularly during the cooler part of the year.",en_multilingual_blimp_incorrect_affected.test,46508.91796875,3920.9072265625,3554.593017578125,3373.344970703125,2463.657958984375,3224.275634765625,3884.188720703125,4205.40478515625,4656.068359375,7897.00146484375,6606.18798828125,8424.5322265625,9587.2099609375
1512,The water changes helps with that too.,en_multilingual_blimp_incorrect_affected.test,45509.59375,2305.80908203125,2329.680908203125,1746.879150390625,1604.9124755859375,2051.205810546875,3565.42333984375,1909.8963623046875,2308.0908203125,3198.464111328125,2446.073486328125,4164.26171875,4311.81787109375
1513,Others argues that he was to be part of a second wave of airliners directed to targets on the West Coast.,en_multilingual_blimp_incorrect_affected.test,31824.4296875,917.6923828125,504.36248779296875,536.9164428710938,665.7933959960938,517.4583740234375,459.2603454589844,354.69024658203125,479.5426940917969,502.2701416015625,569.658447265625,660.2496948242188,556.6810302734375
1514,"After Week 14, Participants builds a full-stack web application in the course of one month, from inception to production.",en_multilingual_blimp_incorrect_affected.test,36524.94140625,2937.26123046875,2894.362060546875,1832.357421875,1444.504638671875,1782.4200439453125,1306.655029296875,1501.2374267578125,1557.18505859375,2068.861572265625,1841.7969970703125,2010.3531494140625,2122.709228515625
1515,"These islands sits aside the vital sea lanes of the Strait of Malacca, through which 300 tankers and merchant ships pass daily, bringing in oil for the Far East and Southeast Asia.",en_multilingual_blimp_incorrect_affected.test,35675.23828125,4377.2890625,2770.2265625,2210.311279296875,2115.6611328125,1611.5328369140625,1522.250732421875,1495.8944091796875,1780.5325927734375,2514.330810546875,2239.67724609375,2505.255859375,2628.089599609375
1516,"The reason for this is that India is emerging as an alternative investment destination to China, hence the favor that the generals in Islamabad does to their trusty supplier of nukes and missiles by creating a scare about war involving India when in fact the real flashpoints are the Taiwan Straits and North Korea.",en_multilingual_blimp_incorrect_affected.test,36503.76953125,1956.977294921875,985.2150268554688,818.2368774414062,821.2079467773438,788.411865234375,836.9420776367188,865.5269775390625,961.9387817382812,1043.2952880859375,1369.2276611328125,1765.3912353515625,2132.587890625
1517,I told him that I would see his neurologist for evaluation or possibly a spinal surgeon if his symptoms progresses.,en_multilingual_blimp_incorrect_affected.test,31780.693359375,1213.1094970703125,1055.7916259765625,843.2682495117188,647.330810546875,636.9677124023438,600.7595825195312,561.156005859375,645.9063110351562,563.6900634765625,808.8240356445312,840.9826049804688,698.6763916015625
1518,The current complaints alleges that HANO has not provided qualified former St. Thomas residents a preference with respect to available public housing units at River Garden per the 2003 agreement.,en_multilingual_blimp_incorrect_affected.test,41139.0078125,5880.78369140625,5110.47802734375,4665.0244140625,4276.81494140625,4683.8720703125,4166.359375,4125.7958984375,4600.494140625,6393.8876953125,5749.57568359375,7868.88525390625,7436.78662109375
1519,Husbands marries mothers and teen daughters at the same time.,en_multilingual_blimp_incorrect_affected.test,29271.021484375,2427.611083984375,2075.14404296875,1839.3623046875,1213.1441650390625,783.9649658203125,590.5841674804688,352.57220458984375,659.7562255859375,665.2279052734375,580.098388671875,374.8863525390625,793.9224243164062
1520,Because Large Fries gives you FOUR PIECES!,en_multilingual_blimp_incorrect_affected.test,34967.13671875,12166.8037109375,10989.8310546875,8098.7421875,9760.5107421875,12658.6552734375,15307.802734375,15868.306640625,19927.98828125,26508.90625,24361.2265625,70015.1875,81038.53125
1521,Traders over here seems to have a lot more respect for other humans.,en_multilingual_blimp_incorrect_affected.test,34437.73046875,579.1346435546875,364.5167541503906,297.4749755859375,235.45521545410156,188.26905822753906,163.7766571044922,172.40914916992188,148.30181884765625,245.5394287109375,284.7370300292969,238.5408935546875,297.6695251464844
1522,"Rodents requires special bedding in their cages to absorb their waste, and this needs to be cleaned regularly, or your hamster could suffer from problems due the buildup of ammonia from his urine.",en_multilingual_blimp_incorrect_affected.test,38313.7109375,3319.63720703125,2912.675048828125,2454.332763671875,1675.6763916015625,1370.2869873046875,1320.6083984375,1194.777587890625,1484.9273681640625,1679.48876953125,1720.2138671875,1853.71533203125,1658.6031494140625
1523,These appears to be extraarticular.,en_multilingual_blimp_incorrect_affected.test,28421.927734375,2743.75146484375,3335.287841796875,2374.756591796875,2728.109375,2731.098876953125,2272.4501953125,2029.6859130859375,2592.691162109375,1865.3709716796875,4149.0830078125,4133.35693359375,4207.34619140625
1524,"When the dancers starts the step with the beat of ""dhin, dhin..."", the mental ideation should also be kept.",en_multilingual_blimp_incorrect_affected.test,41161.8828125,3101.630859375,4268.42919921875,5619.103515625,5303.73291015625,4819.267578125,4022.683837890625,5173.95947265625,5725.5380859375,5552.40966796875,6852.47412109375,6128.1884765625,7687.46044921875
1525,There is a risk that observers underestimates the time that Al Qaeda has had to make progress in such recruitment and research and development.,en_multilingual_blimp_incorrect_affected.test,33850.09375,1275.0511474609375,510.503173828125,271.3670349121094,175.01174926757812,144.5247344970703,127.02799987792969,138.34873962402344,140.079833984375,149.15731811523438,160.85784912109375,254.85487365722656,265.6018371582031
1526,"Compact 's Corona dryers removes at least twice as much water as the previous dryers, allowing a production increase of over 10% and a significant energy saving.",en_multilingual_blimp_incorrect_affected.test,28504.935546875,3367.286376953125,2500.292236328125,2144.205078125,1983.848388671875,1494.529052734375,1307.864990234375,1278.462890625,1520.810546875,1358.722412109375,1560.3135986328125,1562.22314453125,2287.83349609375
1527,I just hate to see the poor dears experiences a slow painful death that way :( .,en_multilingual_blimp_incorrect_affected.test,29614.73046875,1439.0576171875,1463.487548828125,1401.1043701171875,1218.8665771484375,1554.734375,1638.586669921875,1651.8258056640625,1429.9547119140625,1530.35546875,1775.25439453125,2038.571533203125,2812.625244140625
1528,"The days starts to shorten & it gets even wetter, windier & colder.",en_multilingual_blimp_incorrect_affected.test,38621.76171875,3074.035400390625,5267.09814453125,3912.07421875,5194.953125,3459.44970703125,1856.8770751953125,2762.07763671875,2523.366455078125,3848.40869140625,3903.99365234375,4588.6767578125,3431.667236328125
1529,Some cruise aficionados refuses to sail on one or the other.,en_multilingual_blimp_incorrect_affected.test,37897.8359375,2687.23974609375,2062.108154296875,1588.4150390625,1987.92041015625,1836.943115234375,1355.2296142578125,1978.222412109375,1106.1014404296875,1520.9185791015625,1504.7239990234375,1696.1661376953125,924.53271484375
1530,"But words also works in other ways, more subtle.",en_multilingual_blimp_incorrect_affected.test,36308.09375,3523.158935546875,3930.255615234375,3444.684326171875,2705.462158203125,2891.709228515625,2159.594482421875,1714.82177734375,2932.5673828125,2283.146240234375,4214.224609375,3340.724853515625,3461.545166015625
1531,The price spikes poses real political risks for Davis and he and his folks need and want an easy way out.,en_multilingual_blimp_incorrect_affected.test,30519.85546875,2566.234619140625,1639.588623046875,1147.64404296875,1106.65966796875,1108.8153076171875,1137.7869873046875,1510.671630859375,1440.37158203125,1451.7945556640625,1362.5113525390625,1444.2484130859375,1831.9520263671875
1532,"Many details remains to be worked out, but we will keep you advised.",en_multilingual_blimp_incorrect_affected.test,43376.22265625,863.6359252929688,1406.0067138671875,1617.678955078125,1322.083984375,1301.054443359375,1592.7861328125,1565.85205078125,2068.2626953125,2023.7366943359375,2190.9814453125,2586.882080078125,2880.5234375
1533,"If the negotiations stalls, it seems like I need to go ahead and cut off the utilities.",en_multilingual_blimp_incorrect_affected.test,33341.12890625,733.8602905273438,534.3167114257812,539.6813354492188,591.1507568359375,616.7697143554688,502.61419677734375,573.4669189453125,579.3169555664062,575.93359375,573.0394287109375,579.5059204101562,549.0868530273438
1534,Either way rec. and dom. white genes dilutes the black gene.,en_multilingual_blimp_incorrect_affected.test,36496.80859375,4971.34619140625,5132.0849609375,10402.283203125,7173.36376953125,8890.3603515625,10124.0263671875,8715.6962890625,9389.33984375,24661.484375,21795.796875,33430.75390625,24024.541015625
1535,When she goes to the zoo the elephants throws her peanuts.,en_multilingual_blimp_incorrect_affected.test,36088.8125,1656.63671875,2651.09130859375,1462.0074462890625,1013.336181640625,1166.6766357421875,763.5284423828125,877.6487426757812,1011.6141357421875,1584.0469970703125,2382.39306640625,2941.43505859375,2263.44384765625
1536,Clasp a rare and radiant maiden whom the angels names Lenore.',en_multilingual_blimp_incorrect_affected.test,36553.93359375,14450.0625,8324.486328125,9513.75390625,16403.18359375,9162.5341796875,9630.7294921875,12368.7431640625,11891.5126953125,14753.0341796875,10702.693359375,14869.5244140625,23039.947265625
1537,"Like you said ""the kids eggs him on"".",en_multilingual_blimp_incorrect_affected.test,40419.86328125,3113.16748046875,3709.901123046875,3645.320556640625,4168.755859375,4248.26171875,3758.722412109375,5620.271484375,6149.27001953125,5941.23583984375,7928.75634765625,10942.7275390625,19670.177734375
1538,"Loads of places has geographical hazards, if you are constantly paranoid, you 'll never get anywhere without a sense of adventure.",en_multilingual_blimp_incorrect_affected.test,33354.453125,2766.537109375,2638.029541015625,2551.331787109375,1994.8150634765625,1586.769287109375,1636.108642578125,1694.953369140625,2048.6572265625,2489.58056640625,2495.914794921875,2754.26025390625,2782.683349609375
1539,Workers who do these introductions look at the interaction objectively; and it 's good to see they are able and willing to say no if they feels there would be a problem.,en_multilingual_blimp_incorrect_affected.test,31262.98828125,611.2583618164062,582.1875610351562,466.4761657714844,418.89031982421875,348.31756591796875,283.3763122558594,355.1910705566406,358.8348083496094,396.3629455566406,363.5254211425781,396.5924377441406,405.67633056640625
