,Sentences,Categories,Perplexities (ckpt 0),Perplexities (ckpt 100),Perplexities (ckpt 200),Perplexities (ckpt 300),Perplexities (ckpt 400),Perplexities (ckpt 500),Perplexities (ckpt 600),Perplexities (ckpt 700),Perplexities (ckpt 800),Perplexities (ckpt 900),Perplexities (ckpt 1000),Perplexities (ckpt 1100),Perplexities (ckpt 1200)
0,"Yes, lovely creature, isn't she?",en_multilingual_blimp_correct_affected.test,22563.779296875,14364.2578125,39633.6875,33148.67578125,29996.0703125,27213.3515625,33740.73828125,43428.5,38784.3515625,45140.796875,74935.0234375,109090.140625,129605.5859375
1,There is no easy answer to the painful issue of abortion.,en_multilingual_blimp_correct_affected.test,18641.865234375,715.2507934570312,417.4476623535156,361.2698059082031,282.7242736816406,278.73724365234375,170.9748077392578,154.5225372314453,194.2336883544922,147.4296417236328,154.5243682861328,181.0779266357422,306.2965087890625
2,"Right up to a week after my birth he continued to say, 'How is he?'",en_multilingual_blimp_correct_affected.test,32747.8359375,779.2228393554688,1282.7232666015625,954.7078247070312,982.5408325195312,634.6051025390625,683.0977783203125,817.9735717773438,1040.7864990234375,1002.3349609375,1181.3726806640625,1176.9595947265625,1861.9344482421875
3,This is whale meat that I photographed in a grocery store in Tokyo - or is it?,en_multilingual_blimp_correct_affected.test,30050.556640625,1109.209716796875,621.6070556640625,402.7959899902344,359.7889404296875,249.90646362304688,244.5702667236328,243.74610900878906,289.9735412597656,247.00450134277344,242.34483337402344,238.64100646972656,412.44891357421875
4,Among them is the former cloister from the abbey church of St. Peter and Paul.,en_multilingual_blimp_correct_affected.test,18900.9375,1087.8641357421875,673.2141723632812,437.5514831542969,289.53363037109375,234.58255004882812,151.7594757080078,194.7230682373047,169.32835388183594,195.45814514160156,227.46302795410156,210.69024658203125,193.3486328125
5,how much is a flight from washington to montreal,en_multilingual_blimp_correct_affected.test,33928.7578125,2556.39892578125,3184.2451171875,2932.7001953125,2704.035888671875,1448.9368896484375,1924.2454833984375,2790.9248046875,3717.813720703125,4190.01611328125,8603.6123046875,6202.8564453125,13271.951171875
6,Among them is the former cloister from the abbey church of St. Peter and Paul.,en_multilingual_blimp_correct_affected.test,18900.9375,1087.8641357421875,673.2141723632812,437.5514831542969,289.53363037109375,234.58255004882812,151.7594757080078,194.7230682373047,169.32835388183594,195.45814514160156,227.46302795410156,210.69024658203125,193.3486328125
7,"Right up to a week after my birth he continued to say, 'How is he?'",en_multilingual_blimp_correct_affected.test,32747.8359375,779.2228393554688,1282.7232666015625,954.7078247070312,982.5408325195312,634.6051025390625,683.0977783203125,817.9735717773438,1040.7864990234375,1002.3349609375,1181.3726806640625,1176.9595947265625,1861.9344482421875
8,There is no easy answer to the painful issue of abortion.,en_multilingual_blimp_correct_affected.test,18641.865234375,715.2507934570312,417.4476623535156,361.26947021484375,282.7242736816406,278.73724365234375,170.97463989257812,154.5224609375,194.23379516601562,147.4296417236328,154.5244598388672,181.0778350830078,306.2965087890625
9,how much is a flight from washington to boston,en_multilingual_blimp_correct_affected.test,29222.9921875,2076.891357421875,1934.401123046875,2335.4970703125,1944.72509765625,1181.30517578125,1558.418212890625,2253.773681640625,2941.453369140625,3222.593994140625,5859.40966796875,4515.79541015625,7517.505859375
10,But here is a mushroom that's past its prime.,en_multilingual_blimp_correct_affected.test,17972.916015625,728.9708862304688,917.349365234375,598.453369140625,529.3784790039062,608.9513549804688,411.5046081542969,497.5892639160156,631.7685546875,423.3253479003906,744.7357788085938,701.4015502929688,809.8320922851562
11,"Yes, lovely creature, isn't she?",en_multilingual_blimp_correct_affected.test,22563.759765625,14364.2578125,39633.7265625,33148.7109375,29996.0703125,27213.3515625,33740.73828125,43428.58203125,38784.3125,45140.796875,74935.0234375,109090.0390625,129605.8359375
12,how much is a flight from washington to montreal,en_multilingual_blimp_correct_affected.test,33928.7578125,2556.39892578125,3184.2451171875,2932.7001953125,2704.035888671875,1448.9368896484375,1924.2454833984375,2790.92333984375,3717.8173828125,4190.00830078125,8603.62890625,6202.8623046875,13271.951171875
13,"For one thing, there is increasing concern, and that is undoubtedly true, on the part of experts too.",en_multilingual_blimp_correct_affected.test,23421.26171875,1411.8658447265625,2699.038818359375,2366.61181640625,2195.37255859375,2118.759521484375,3100.583984375,3608.35302734375,2257.166748046875,3099.89208984375,3181.1943359375,2949.098876953125,6511.955078125
14,"Their minds are of the stay-at-home order, and their home is always with them – the ship; and so is their country – the sea.",en_multilingual_blimp_correct_affected.test,22621.84765625,1138.27978515625,1139.1898193359375,1407.8094482421875,1577.174072265625,1075.672607421875,828.9520874023438,889.6267700195312,962.66845703125,784.312744140625,841.7252197265625,1043.0867919921875,1459.414306640625
15,how much is a flight from washington to boston,en_multilingual_blimp_correct_affected.test,29222.9921875,2076.891357421875,1934.401123046875,2335.4970703125,1944.72509765625,1181.30517578125,1558.418212890625,2253.773681640625,2941.453369140625,3222.593994140625,5859.40966796875,4515.79541015625,7517.505859375
16,"Tindi Kente is a wonderful dancer, wonderful, isn't she... just like a snake brought out by music, and sometimes he 'll try with her.",en_multilingual_blimp_correct_affected.test,25673.421875,2138.097412109375,2965.412841796875,3427.516357421875,3118.415283203125,3641.057373046875,3665.676025390625,3604.596923828125,3178.401611328125,3336.7353515625,3222.72607421875,4115.8056640625,4472.0556640625
17,"For one thing, there is increasing concern, and that is undoubtedly true, on the part of experts too.",en_multilingual_blimp_correct_affected.test,23421.26171875,1411.8658447265625,2699.038818359375,2366.61181640625,2195.37255859375,2118.759521484375,3100.583984375,3608.35302734375,2257.166748046875,3099.89208984375,3181.1943359375,2949.098876953125,6511.955078125
18,In the corner is a girl in a headscarf and jeans who looks so unassuming I think it’s another assistant.,en_multilingual_blimp_correct_affected.test,24474.65625,608.86865234375,368.8355407714844,341.9789733886719,289.8302001953125,337.86395263671875,332.36456298828125,278.51617431640625,248.46908569335938,246.6983642578125,323.1529846191406,278.5413818359375,300.6302490234375
19,"Their minds are of the stay-at-home order, and their home is always with them – the ship; and so is their country – the sea.",en_multilingual_blimp_correct_affected.test,22621.84765625,1138.27978515625,1139.1898193359375,1407.8094482421875,1577.174072265625,1075.672607421875,828.9520874023438,889.6267700195312,962.66845703125,784.312744140625,841.7252197265625,1043.0867919921875,1459.414306640625
20,This is whale meat that I photographed in a grocery store in Tokyo - or is it?,en_multilingual_blimp_correct_affected.test,30050.556640625,1109.209228515625,621.6070556640625,402.7959899902344,359.78912353515625,249.9065704345703,244.5702667236328,243.74635314941406,289.9735412597656,247.00474548339844,242.34483337402344,238.64100646972656,412.4483337402344
21,But here is a mushroom that's past its prime.,en_multilingual_blimp_correct_affected.test,17972.916015625,728.9708862304688,917.349365234375,598.453369140625,529.3784790039062,608.9513549804688,411.5046081542969,497.5892639160156,631.7685546875,423.3253479003906,744.7357788085938,701.4015502929688,809.8320922851562
22,In the corner is a girl in a headscarf and jeans who looks so unassuming I think it’s another assistant.,en_multilingual_blimp_correct_affected.test,24474.65625,608.86865234375,368.8355407714844,341.9789733886719,289.8302001953125,337.86395263671875,332.36456298828125,278.51617431640625,248.46908569335938,246.6983642578125,323.1529846191406,278.5413818359375,300.6302490234375
23,"You say I cook chicken, isn't it?",en_multilingual_blimp_correct_affected.test,30689.517578125,5415.787109375,7658.73095703125,10668.5654296875,9105.9990234375,7547.4033203125,8620.2763671875,9830.2265625,8337.5791015625,8322.7392578125,13322.423828125,16967.80078125,12993.41015625
24,"Tindi Kente is a wonderful dancer, wonderful, isn't she... just like a snake brought out by music, and sometimes he 'll try with her.",en_multilingual_blimp_correct_affected.test,25673.421875,2138.097412109375,2965.412841796875,3427.516357421875,3118.415283203125,3641.057373046875,3665.676025390625,3604.596923828125,3178.401611328125,3336.7353515625,3222.72607421875,4115.8056640625,4472.0556640625
25,"The answer is obvious, isn't it?",en_multilingual_blimp_correct_affected.test,18402.748046875,4599.94140625,4082.810546875,5386.56591796875,3226.51806640625,3392.23046875,3912.6337890625,4826.64501953125,6006.244140625,4152.84375,9292.59765625,8795.95703125,10717.47265625
26,"You say I cook chicken, isn't it?",en_multilingual_blimp_correct_affected.test,30689.517578125,5415.787109375,7658.73095703125,10668.5654296875,9105.9990234375,7547.4033203125,8620.2763671875,9830.2265625,8337.5791015625,8322.7392578125,13322.423828125,16967.80078125,12993.41015625
27,"The answer is obvious, isn't it?",en_multilingual_blimp_correct_affected.test,18402.748046875,4599.94140625,4082.810546875,5386.56591796875,3226.51806640625,3392.23046875,3912.6337890625,4826.64501953125,6006.244140625,4152.84375,9292.59765625,8795.95703125,10717.47265625
28,What do the new al-Qaeda videotape and audio speeches of Bin Laden and Ayman al-Zawahiri tell us about the hopes of the remaining top leadership of the organization?,en_multilingual_blimp_correct_affected.test,21674.783203125,2361.31396484375,1422.182861328125,1032.2041015625,809.9000244140625,605.5961303710938,729.6209106445312,744.4229736328125,862.7950439453125,970.398681640625,1037.754150390625,1102.35302734375,1449.9266357421875
29,What do other Holga owners do when they need to change film when they are traveling?,en_multilingual_blimp_correct_affected.test,21276.76953125,1278.8507080078125,839.5185546875,907.8658447265625,606.275390625,426.4134521484375,431.38824462890625,556.5995483398438,725.1780395507812,684.4055786132812,1073.4217529296875,1227.7950439453125,1193.9569091796875
30,"Even the IP and ICDC have abandoned the neighbourhood, and those are trained and armed, so don't expect scared civilians to do anything except to hide inside and pray a helicopter or a tank doesn't bomb them, and also how are American soldiers going to distinguish the brave and valiant civilians from the Fedayeen?",en_multilingual_blimp_correct_affected.test,23150.115234375,1915.561279296875,2234.058349609375,2318.174072265625,2440.3173828125,1904.3846435546875,1610.7999267578125,2080.626220703125,2224.809326171875,1962.13525390625,2603.52392578125,3074.440185546875,2404.819580078125
31,"When those lucky enough not to have Herpes create a climate of shame and indignity for those of us who do, not only are they hurting us, but they are hurting themselves.",en_multilingual_blimp_correct_affected.test,22574.046875,1302.666748046875,1268.40380859375,1200.346923828125,1066.279296875,772.5331420898438,733.0621337890625,660.23583984375,667.68505859375,754.2435302734375,758.9403686523438,914.8507080078125,822.5647583007812
32,Is there any other way to communicate or do your friends only understand text.,en_multilingual_blimp_correct_affected.test,22831.77734375,722.7308959960938,562.3557739257812,340.1279296875,291.0389709472656,256.2111511230469,264.9496154785156,273.35821533203125,295.31585693359375,321.57122802734375,296.27227783203125,468.7927551269531,357.70452880859375
33,What do french men find sexy?,en_multilingual_blimp_correct_affected.test,20819.046875,8585.61328125,3918.664306640625,2993.712890625,5810.2529296875,4196.19384765625,5076.9404296875,4371.548828125,5042.9638671875,3478.1005859375,4389.22314453125,7417.77490234375,6222.46142578125
34,Also how much do compact system cameras drop on boxing day?,en_multilingual_blimp_correct_affected.test,24064.2109375,5814.0830078125,3652.30078125,3368.8056640625,5138.1865234375,3977.653564453125,5643.39892578125,3888.58447265625,3835.083251953125,7663.384765625,5002.5166015625,7090.3935546875,11222.0712890625
35,How do these places stay in business.,en_multilingual_blimp_correct_affected.test,26788.94140625,972.2059326171875,832.876220703125,596.160888671875,589.0847778320312,523.3912353515625,449.08795166015625,541.1192016601562,796.5825805664062,810.5842895507812,843.0849609375,845.5899658203125,1275.9361572265625
36,How are things going with you?,en_multilingual_blimp_correct_affected.test,26819.208984375,504.24993896484375,524.93212890625,359.77178955078125,321.8521423339844,164.2247314453125,129.65724182128906,146.90234375,189.37417602539062,164.4769287109375,169.59864807128906,289.2936706542969,152.2688446044922
37,"It looks good on paper, but what do they really have?",en_multilingual_blimp_correct_affected.test,22967.923828125,732.9478759765625,1445.000732421875,936.515869140625,843.5184326171875,1257.656494140625,1242.273681640625,763.55029296875,802.558837890625,925.8681640625,834.7476196289062,1123.1954345703125,2214.27685546875
38,"People like this will never have my sympathy, nor do they deserve my sympathy.",en_multilingual_blimp_correct_affected.test,23585.111328125,825.9940185546875,1235.17041015625,961.958984375,1049.0220947265625,1030.9600830078125,709.2723388671875,571.6639404296875,479.8673095703125,511.9060363769531,448.88134765625,960.7084350585938,966.7334594726562
39,But do they know what they have heard?,en_multilingual_blimp_correct_affected.test,16298.0849609375,283.6638488769531,375.7213439941406,282.1710205078125,274.0945129394531,219.4486083984375,248.97122192382812,178.8023681640625,267.4330139160156,295.5908508300781,305.4243469238281,248.63180541992188,344.8679504394531
40,"Struggling against the currents of human nature and society, they may lose more often than they win - but only rarely do they give up.",en_multilingual_blimp_correct_affected.test,20023.0859375,1314.8538818359375,677.974853515625,489.5694274902344,453.1314697265625,315.35809326171875,265.26971435546875,272.9138488769531,292.4381408691406,303.8414611816406,314.5331726074219,275.784912109375,306.1379089355469
41,What do they want to hear how you had to go round to the back door of the missionary's house?,en_multilingual_blimp_correct_affected.test,24117.396484375,337.95806884765625,257.07830810546875,193.46389770507812,157.39735412597656,138.7966766357422,146.7597198486328,184.92506408691406,160.77955627441406,188.24708557128906,209.3961181640625,277.8482971191406,243.34788513183594
42,"The below site from the US government verifies this-it's the same for Canada,too.....",en_multilingual_blimp_correct_affected.test,28982.3046875,2871.136962890625,1673.205078125,1515.062744140625,1415.3797607421875,1665.067138671875,1372.7105712890625,2306.527099609375,1842.9996337890625,1912.5338134765625,2940.73681640625,2696.196044921875,2784.449951171875
43,"Typically, a developer creates an XSL transformation file that, when applied to an XML document during export, interprets or transforms the XML data into a presentation format that can be recognized by another application, such as Service Advertising Protocol (SAP) or a custom purchase order format.",en_multilingual_blimp_correct_affected.test,23523.71875,4435.41748046875,3746.8046875,2336.77490234375,1770.031494140625,1235.5037841796875,1655.0203857421875,1715.2904052734375,1872.578857421875,1667.9635009765625,1666.600830078125,2197.4033203125,2860.67724609375
44,"In the best case, the clamoring for a ""refund"" subsides.",en_multilingual_blimp_correct_affected.test,22499.9375,2465.783935546875,2791.720703125,3755.45458984375,2952.171875,1964.6292724609375,2805.911376953125,3749.396484375,5120.3466796875,4930.07275390625,5583.05810546875,4954.998046875,7211.91357421875
45,Can you accept that the road we are travelling points toward a grim and painful future?,en_multilingual_blimp_correct_affected.test,26624.15625,1248.0257568359375,722.2640380859375,707.1777954101562,839.7551879882812,624.9512329101562,757.26806640625,725.860595703125,646.7711791992188,660.1427001953125,526.6080932617188,509.554931640625,571.29736328125
46,Scientific research to develop products like irradiated sterile insects or the Oxitec mosquitoes proceeds progressively from more to less contained conditions – from the laboratory to confined trials to limited field trials.,en_multilingual_blimp_correct_affected.test,25574.16015625,4883.04638671875,2668.014892578125,2527.439208984375,1391.9727783203125,1303.7752685546875,1337.0848388671875,1728.92236328125,2240.177978515625,2502.203125,3066.02783203125,2675.23193359375,2903.323486328125
47,"""Balzac's use of repeating characters, moving in and out of the Comédie's books, strengthens the realist representation.",en_multilingual_blimp_correct_affected.test,26460.509765625,3689.539306640625,1838.41796875,2308.6123046875,1784.9503173828125,1900.3035888671875,1547.4749755859375,1619.3621826171875,1675.9024658203125,2366.6064453125,2280.2294921875,2559.123779296875,3881.7041015625
48,"Like The Two Gentlemen of Verona, in which two friends appear to approve of rape, the Shrew's story of the taming of a woman's independent spirit by a man sometimes troubles modern critics and directors.",en_multilingual_blimp_correct_affected.test,23002.228515625,1973.3271484375,1361.350830078125,1346.234375,1123.0968017578125,1010.7901000976562,1132.345947265625,1351.77294921875,1592.3662109375,1587.073486328125,1980.2862548828125,1858.1251220703125,2164.06103515625
49,The feeling of being swept along and of uncertainty as regards the future prevents you from seeing things in any perspective whatsoever.,en_multilingual_blimp_correct_affected.test,26959.890625,2398.510498046875,1396.44287109375,940.7803955078125,637.79345703125,436.3609619140625,558.9672241210938,452.56378173828125,376.33099365234375,441.2276611328125,524.3797607421875,674.8636474609375,792.9852294921875
50,"750,000 - Tons of toxic waste the US military, the world's biggest polluter, generates around the world each year.",en_multilingual_blimp_correct_affected.test,23725.609375,1553.2642822265625,1184.7750244140625,863.6832885742188,595.3713989257812,608.8828125,585.9856567382812,546.4568481445312,785.7437744140625,626.7633056640625,819.704833984375,1064.0302734375,1397.9732666015625
51,"Your love life is full, and any dissatisfaction with career and money matters fades into the background.",en_multilingual_blimp_correct_affected.test,28476.978515625,1895.6400146484375,1489.4005126953125,872.0941162109375,628.4424438476562,691.3886108398438,608.5789184570312,778.7868041992188,1023.6836547851562,1091.712646484375,2115.8427734375,1884.5911865234375,2340.81640625
52,Examination of three views of the right foot demonstrates the second through fifth metatarsal head fractures.,en_multilingual_blimp_correct_affected.test,23862.96484375,2899.43994140625,1091.357666015625,910.0087280273438,1013.2526245117188,823.9033203125,651.1569213867188,748.1355590820312,858.4782104492188,1055.973876953125,1867.6004638671875,1534.026611328125,1987.4539794921875
53,"In this scenario, pieces of option three remain stubbornly impervious to artificial intelligence and continue to be mind-numbingly boring, while option four – engaging in social reciprocity and negotiation – remains limited.",en_multilingual_blimp_correct_affected.test,24103.693359375,5011.603515625,3453.358154296875,2781.964111328125,2067.70458984375,1774.845458984375,1967.5205078125,2221.727783203125,2375.4599609375,2079.024658203125,3062.92431640625,3573.750244140625,3565.848388671875
54,"Yet a superficial fixation on China's headline GDP growth persists, so that a 25% deceleration, to a 7-8% annual rate, is perceived as somehow heralding the end of the modern world's greatest development story.",en_multilingual_blimp_correct_affected.test,22280.708984375,2749.35400390625,2127.3876953125,2152.64013671875,1234.5003662109375,930.0469970703125,1029.18115234375,987.7189331054688,1048.472900390625,1141.922607421875,1333.5877685546875,1379.01220703125,1980.67822265625
55,"Then every element of S strictly precedes x, as x is in T.",en_multilingual_blimp_correct_affected.test,22834.3046875,2913.17236328125,2676.153076171875,2173.18701171875,2955.994873046875,3203.910400390625,2740.632568359375,2637.216064453125,4719.8564453125,5034.17041015625,3304.71826171875,6727.13623046875,6869.34912109375
56,"Now, NASA engineers and astronauts are almost giddy with ""go"" fever as the tentative date for the first launch since the Columbia disaster approaches.",en_multilingual_blimp_correct_affected.test,23357.5546875,3069.319091796875,1931.7933349609375,2061.393310546875,1731.663330078125,1875.541259765625,1750.8736572265625,1531.2569580078125,2090.79541015625,2487.2822265625,2465.328857421875,2584.439697265625,3216.996337890625
57,"Your learning of concepts of all kinds combines with extensive group activity, bringing your mind into a whole new space this year.",en_multilingual_blimp_correct_affected.test,25751.8671875,1311.43701171875,1141.935791015625,1184.41015625,674.0894775390625,861.672607421875,793.074462890625,1028.24658203125,1135.345458984375,1072.2686767578125,1272.5577392578125,1934.2166748046875,2192.585693359375
58,The default view – the view in which the object is open when you carry out the Save As command – determines the design of the data access page.,en_multilingual_blimp_correct_affected.test,20979.931640625,1036.419921875,833.1546020507812,707.500244140625,524.1325073242188,388.8934631347656,455.8984680175781,486.59527587890625,433.4239196777344,391.15814208984375,417.1549377441406,540.3447265625,580.6510620117188
59,"If the snake is not pregnant or shedding, and its enclosure is properly equipped, a loss of appetite probably signals a beginning of hibernation.",en_multilingual_blimp_correct_affected.test,24417.98046875,2312.660400390625,1844.5557861328125,1380.6326904296875,1427.75732421875,864.8491821289062,684.3392944335938,891.0115966796875,919.84521484375,671.380126953125,756.5520629882812,988.4105224609375,903.5682373046875
60,"Also, every element of S strictly precedes x, as x is in T.",en_multilingual_blimp_correct_affected.test,23295.533203125,2889.501220703125,3682.9931640625,3732.81689453125,3633.169677734375,3136.839599609375,3755.017578125,4021.410400390625,4476.7705078125,6727.912109375,5099.90771484375,9301.001953125,11475.5810546875
61,"The problem with this argument is that Bush lacked the experience necessary to be president when he ran in 2000, so this sort of cheap shot just hoists him by his own petard.",en_multilingual_blimp_correct_affected.test,20023.6953125,864.2645874023438,764.0084838867188,671.7189331054688,693.9039916992188,601.89501953125,733.8626708984375,753.06689453125,835.6058349609375,907.0606079101562,1028.846435546875,1092.5712890625,1489.39208984375
62,Our project of a Europe that aims to satisfy social needs envisages the convergence of living conditions towards the highest common denominator.,en_multilingual_blimp_correct_affected.test,20616.9609375,2726.418701171875,1458.9578857421875,1094.008544921875,552.174560546875,398.7498474121094,359.5284423828125,387.41058349609375,341.3450622558594,407.06585693359375,356.7821044921875,532.6809692382812,608.1571655273438
63,"China's strong hand in this even extends to the diplomatic realm; China is a permanent member of the United Nations Security Council, and could veto any actions against Iran proposed by the United States.",en_multilingual_blimp_correct_affected.test,23132.857421875,1740.3883056640625,868.9705200195312,982.4701538085938,732.5047607421875,522.5747680664062,527.1736450195312,623.15380859375,715.6096801757812,778.5108642578125,753.7394409179688,796.9085083007812,863.0089721679688
64,"Let me join the chorus of annoyance over Google's new toolbar, which, as noted in the linked article, commits just about every sin an online marketer could commit, and makes up a few new ones besides.",en_multilingual_blimp_correct_affected.test,23715.904296875,1954.199462890625,1946.763671875,1615.962158203125,1646.5640869140625,1207.4515380859375,1125.164794921875,1288.8931884765625,1321.7777099609375,1303.81005859375,1506.61865234375,2517.373291015625,2795.552001953125
65,"In the next week or so, we 'll be sending around a discussion paper which we hope crystallizes the issues, and we will try to talk to as many of you as possible before the meeting to go through it.",en_multilingual_blimp_correct_affected.test,23119.25,591.495849609375,539.5233764648438,522.5062255859375,426.1365966796875,395.2060546875,480.42431640625,501.25115966796875,519.834228515625,478.4970397949219,555.2380981445312,693.8411254882812,661.284423828125
66,"Indeed, its three-year plan for economic innovation, announced in February, aims to raise the female employment rate to 62% by 2017, through the provision of affordable, high-quality childcare facilities and expanded paid parental leave, among other measures.",en_multilingual_blimp_correct_affected.test,21876.21875,6491.46826171875,7124.86181640625,5717.14111328125,4507.3193359375,3821.08642578125,4049.554443359375,4506.13720703125,4485.21923828125,4102.787109375,4443.0126953125,5357.35400390625,7048.8818359375
67,"Al Qaeda members and sympathizers feel that the FBI's involvement in countries like Egypt, Saudi Arabia, Pakistan, Indonesia, and the Philippines interferes with the sovereignty of those countries.",en_multilingual_blimp_correct_affected.test,21465.703125,2758.70947265625,1907.8375244140625,1474.183837890625,1166.019775390625,917.6853637695312,842.781494140625,644.5556640625,844.49072265625,1184.220947265625,1249.765380859375,1047.064453125,1609.6129150390625
68,I have to say the value of this place always amazes me.,en_multilingual_blimp_correct_affected.test,21218.67578125,403.09979248046875,232.09027099609375,241.62010192871094,122.4657974243164,99.58397674560547,75.02568817138672,81.30850219726562,80.6778335571289,64.14861297607422,86.8292465209961,99.1167221069336,92.06355285644531
69,"The mycelium, in the right conditions, produces a mushroom - it bursts through with such ferocity that it can break asphalt.",en_multilingual_blimp_correct_affected.test,23231.458984375,1707.2664794921875,1145.2119140625,982.8787231445312,685.5075073242188,595.5457153320312,423.8050537109375,499.1046142578125,586.724609375,533.9071655273438,555.515380859375,656.4496459960938,646.98828125
70,The title page of the 1594 edition of Titus Andronicus reveals that the play had been acted by three different troupes.,en_multilingual_blimp_correct_affected.test,21745.447265625,2235.09912109375,1069.65869140625,911.5548095703125,950.4703369140625,710.1109008789062,673.7742309570312,697.6337280273438,651.50634765625,637.0010986328125,743.88330078125,711.1046752929688,1292.934326171875
71,"In the photo on the couch, the pillow she is resting on clashes with everything else in the shot.",en_multilingual_blimp_correct_affected.test,27589.12109375,852.1719970703125,978.3356323242188,1312.168212890625,1003.2425537109375,973.6417236328125,921.533203125,1024.3760986328125,1290.3990478515625,1640.1025390625,1666.19482421875,1799.03662109375,2278.0625
72,"But Carney argues that, on the contrary, the rest of the British economy benefits from having a global financial center in its midst.",en_multilingual_blimp_correct_affected.test,22979.908203125,1473.3961181640625,1287.26416015625,1178.4044189453125,835.3588256835938,767.1900024414062,735.3871459960938,828.9090576171875,1010.0081176757812,749.8338623046875,1061.605224609375,1224.2486572265625,1612.326171875
73,"(11) The approach set out in the Green Paper on Integrated Product Policy, which is a major innovative element of the Sixth Community Environment Action Programme, aims to reduce the environmental impacts of products across the whole of their life cycle.",en_multilingual_blimp_correct_affected.test,21326.296875,1923.2879638671875,1248.9932861328125,943.8929443359375,975.6629028320312,719.523681640625,656.5341186523438,596.0039672851562,891.7320556640625,712.2537231445312,774.54296875,953.57177734375,1118.8201904296875
74,"Remember that what you do to yourself affects me and everybody else, remember that what you do to me and anyone else shapes your destiny.",en_multilingual_blimp_correct_affected.test,21992.29296875,565.4398803710938,393.4828796386719,316.7343444824219,253.7494659423828,193.97120666503906,212.7072296142578,196.49749755859375,188.90817260742188,186.99867248535156,209.32073974609375,210.96942138671875,242.18231201171875
75,"Of course the paper written by Mr Eichelberger and his Egyptian collaborators states that the purpose of the Nasser seizure of power was ""to solve the pressing social and political problems which made the revolution necessary.""",en_multilingual_blimp_correct_affected.test,19332.798828125,1723.950927734375,860.0995483398438,862.2077026367188,763.8059692382812,691.6448364257812,719.4070434570312,757.4765014648438,834.810546875,817.99072265625,778.3627319335938,1118.593505859375,1447.8402099609375
76,"Today, the dominant method for reducing insect populations – the so-called ""sterile insect technique"" (SIT) – relies on radiation to sterilize males, which are then released into infested areas to mate.",en_multilingual_blimp_correct_affected.test,23942.51953125,5028.59423828125,4641.94287109375,4335.7216796875,3239.211181640625,2405.80810546875,2891.42529296875,2831.74365234375,3188.89453125,3129.31591796875,3319.820556640625,3402.838623046875,3658.376953125
77,"The name ""Caribbean"" derives from the Caribs, one of the dominant Native American groups in the region at the time of European contact during the late 15th century.",en_multilingual_blimp_correct_affected.test,21232.822265625,1372.272216796875,988.8970947265625,840.6602783203125,593.17529296875,470.269775390625,428.98602294921875,429.77752685546875,416.6613464355469,476.2707824707031,465.6745300292969,526.7236328125,534.8956298828125
78,"The centrality of a father in this novel matches Balzac's own position - not only as mentor to his troubled young secretary, Jules Sandeau, but also the fact that he had (most likely) fathered a child, Marie-Caroline, with his otherwise-married lover, Maria Du Fresnay.",en_multilingual_blimp_correct_affected.test,21367.5234375,3394.204345703125,4829.00244140625,4616.31103515625,3491.843017578125,2224.15087890625,2270.17578125,2394.4150390625,2549.00439453125,2006.2412109375,2548.01416015625,3071.544677734375,3924.595947265625
79,Another theme of the Skylark novels involves precursors of modern information technology.,en_multilingual_blimp_correct_affected.test,27377.7109375,3047.298583984375,1482.1436767578125,804.0899047851562,517.5570068359375,401.25091552734375,362.56689453125,321.91351318359375,306.24932861328125,327.426513671875,281.6400146484375,271.0101318359375,358.5072937011719
80,"Article 6 of the Gallup Compression Services Agreement (which I am sending to you separately) with ECS obligates ECS to ""work in good faith with CDEC"" to establish an automated system that would automatically have alerted us to peak loading conditions on CDEC's system.",en_multilingual_blimp_correct_affected.test,22478.46875,3967.37158203125,1926.9625244140625,1585.4344482421875,1180.2545166015625,922.35791015625,879.5944213867188,910.1453857421875,934.1792602539062,1030.24072265625,958.5623779296875,1360.079833984375,1522.4661865234375
81,"If you move the line downward, the distance between the moving line and the nearest parallel line below remains constant, and the perpendicular line above the moving line lengthens.",en_multilingual_blimp_correct_affected.test,21440.884765625,1948.22705078125,1961.340087890625,1671.1766357421875,850.1329956054688,660.0684204101562,846.4456176757812,712.853759765625,833.5540161132812,666.9369506835938,1039.7552490234375,1002.2093505859375,1400.722412109375
82,"If you move the line to the right, the distance between the moving line and the nearest parallel line to the right remains constant, and the perpendicular line to the left of the moving line lengthens.",en_multilingual_blimp_correct_affected.test,18713.505859375,848.3819580078125,844.1786499023438,627.358642578125,434.42144775390625,344.3252258300781,411.2386474609375,413.9773254394531,500.1104736328125,405.1451110839844,641.4540405273438,587.1900634765625,800.1682739257812
83,"If you move the line to the left, the distance between the moving line and the nearest parallel line to the right remains constant, and the perpendicular line to the left of the moving line contracts.",en_multilingual_blimp_correct_affected.test,19001.640625,838.4484252929688,830.3375244140625,624.573486328125,455.7497863769531,382.26373291015625,483.3978576660156,493.18994140625,634.5618896484375,514.9012451171875,803.2391357421875,675.131103515625,877.3734130859375
84,"A MILNET brief issued in February 2005 reports, ""Due to its position astride the Persian Gulf, Iran has constantly been a threat to the Gulf.",en_multilingual_blimp_correct_affected.test,22290.0390625,4127.4052734375,2732.664794921875,2314.65283203125,2570.10302734375,1677.81982421875,1516.3485107421875,1756.0133056640625,2184.16259765625,2323.082763671875,1933.995361328125,2667.51123046875,3260.2109375
85,The delicacy of the light also affects me.,en_multilingual_blimp_correct_affected.test,23566.560546875,1333.429443359375,885.5007934570312,674.9324951171875,430.5079040527344,353.9558410644531,377.3122253417969,295.6278076171875,352.17633056640625,361.1900634765625,399.5749206542969,463.8678894042969,337.962890625
86,"In Othello, the villain Iago stokes Othello's sexual jealousy to the point where he murders the innocent wife who loves him.",en_multilingual_blimp_correct_affected.test,25168.8828125,3390.904296875,2130.073486328125,2230.4892578125,2007.033447265625,1177.3653564453125,1117.391357421875,1159.1219482421875,1371.502197265625,1163.28857421875,1762.3330078125,1567.4014892578125,1994.78271484375
87,"Furthermore, I would like to reiterate that RAC's goal, prior to quoting any credit reserve, is to be 100% confident that: (i) the methodology that is being employed is consistent among the internal groups; and (ii) the inherent value of the price risk management contracts matches.",en_multilingual_blimp_correct_affected.test,20582.248046875,3054.531982421875,2846.079345703125,2463.3935546875,1871.498779296875,1457.8521728515625,1867.193359375,1622.9583740234375,1806.271484375,1775.5972900390625,1882.31640625,2615.598876953125,2416.343017578125
88,"The ever increasing volume of goods passing through Europe entails all kinds of risks, known and unknown, for employees and the social environment.",en_multilingual_blimp_correct_affected.test,22759.66796875,2841.45654296875,3002.57666015625,2033.853759765625,2101.076416015625,1679.214111328125,1713.325927734375,2086.412353515625,2372.892333984375,1526.8443603515625,2119.738525390625,2373.447998046875,2469.079345703125
89,"The media routinely obscures the lines between terrorism and legitimate resistance, as the recent article by Daniel Okrent of The New York Times demonstrates.",en_multilingual_blimp_correct_affected.test,25724.130859375,3470.870361328125,1469.025634765625,1005.8560180664062,830.0077514648438,678.5845336914062,728.458740234375,734.2267456054688,800.112548828125,941.8297729492188,1109.4256591796875,1226.690673828125,1549.5927734375
90,"Mr President, the priority given to financial and monetary criteria reinforces the increase in inequalities of every shape and form.",en_multilingual_blimp_correct_affected.test,25254.9609375,3152.313720703125,1830.8157958984375,1835.3304443359375,1119.05712890625,743.7045288085938,946.1541748046875,883.7244873046875,1003.2090454101562,1160.5150146484375,1174.087890625,1227.1148681640625,1373.36279296875
91,"It is also a fact that almost everybody in the region blames this situation on the United States, on Israel, on Western Civilization, on Judaism and Christianity, on anyone and anything, except themselves.",en_multilingual_blimp_correct_affected.test,26286.736328125,1416.675537109375,2316.04833984375,2037.7076416015625,2009.398681640625,1463.9376220703125,1459.1783447265625,1257.6529541015625,1251.8587646484375,892.4224243164062,1192.7215576171875,1184.6800537109375,1500.8487548828125
92,"If you move the line upward, the distance between the moving line and the nearest parallel line below remains constant, and the perpendicular line above the moving line contracts.",en_multilingual_blimp_correct_affected.test,20229.08984375,1930.432373046875,2140.387451171875,1842.70166015625,1242.5487060546875,1040.3592529296875,1395.3804931640625,1202.8948974609375,1468.8890380859375,1138.703125,2181.864013671875,1931.56787109375,2989.858154296875
93,"As the hysteria of the 2016 Presidential election intensifies, a more troubling threat than bullshit preoccupies Karel.",en_multilingual_blimp_correct_affected.test,22683.0703125,5048.97412109375,3599.990234375,3009.407958984375,2145.2060546875,2264.2890625,1758.58837890625,1531.9791259765625,1536.7215576171875,1394.1754150390625,1599.1519775390625,1304.313720703125,1993.0806884765625
94,"Mr President, I would once again like to congratulate Mr Koch on his magnificent work on this other report, which in a way supplements the debate which we held in October on rail transport.",en_multilingual_blimp_correct_affected.test,24338.029296875,1569.022705078125,1644.005615234375,1842.381103515625,1440.1580810546875,1249.432861328125,1318.4024658203125,1835.939697265625,1950.1148681640625,1867.3768310546875,2130.197509765625,2339.6904296875,2412.760986328125
95,"As the hysteria of the 2016 Presidential election intensifies, a more troubling threat than bullshit preoccupies Karel.",en_multilingual_blimp_correct_affected.test,22683.0703125,5048.97412109375,3599.990234375,3009.407958984375,2145.2060546875,2264.2890625,1758.58837890625,1531.9791259765625,1536.7215576171875,1394.1754150390625,1599.1519775390625,1304.313720703125,1993.0806884765625
96,"(And, a piece of shrapnel in the forearm that caused only a minor wound would have killed had it hit an eye and gone into the brain; the shrapnel being in your body demonstrates you were in mortal danger and didn't absent yourself from it.",en_multilingual_blimp_correct_affected.test,20510.55078125,1453.328125,1068.93408203125,1202.949462890625,898.3557739257812,771.570068359375,754.5107421875,956.7681884765625,723.3670043945312,803.12158203125,950.5850219726562,1127.5006103515625,1114.80859375
97,"Remember that what you do to yourself affects me and everybody else, remember that what you do to me and anyone else shapes your destiny.",en_multilingual_blimp_correct_affected.test,21992.31640625,565.4396362304688,393.4828796386719,316.7343444824219,253.7494659423828,193.97120666503906,212.70742797851562,196.4976043701172,188.90798950195312,186.99867248535156,209.32095336914062,210.9693145751953,242.18231201171875
98,A nearly infinite reserve of energy propels the characters in Balzac's novels.,en_multilingual_blimp_correct_affected.test,25056.275390625,3513.314697265625,2175.361083984375,1738.0819091796875,2177.9111328125,1364.81591796875,1265.3331298828125,1574.410400390625,1226.4683837890625,1489.283935546875,1698.27197265625,2424.5673828125,3168.03955078125
99,"A second set of problems concerns the need to ensure that the economic system is perceived as fundamentally fair, which is the key to its political sustainability.",en_multilingual_blimp_correct_affected.test,24292.623046875,1048.3438720703125,830.920166015625,685.96826171875,413.6545104980469,341.75384521484375,360.2383728027344,368.1441345214844,400.74114990234375,421.2340393066406,472.3003845214844,492.747314453125,587.9476928710938
100,South Korea's success over the last five decades owes much to the rapid growth of its well-educated labor force.,en_multilingual_blimp_correct_affected.test,27690.0234375,2515.32373046875,1611.3861083984375,1007.3694458007812,676.9136962890625,415.3761291503906,408.7984619140625,413.1319580078125,393.5502624511719,281.55584716796875,393.42529296875,385.43402099609375,336.75927734375
101,"The introduction of interim targets increases the predictability of the policy, allows for accommodating product development cycles and facilitates long term planning for interested parties.",en_multilingual_blimp_correct_affected.test,24996.03515625,4322.2919921875,2454.527099609375,2154.919189453125,1167.7591552734375,796.7242431640625,669.9557495117188,711.3543090820312,764.4505004882812,582.6947021484375,1000.76611328125,961.6338500976562,1283.02978515625
102,"He always hugs me when he comes, but he gave me at least 5 tight, long, back rubbing hugs while he was there.",en_multilingual_blimp_correct_affected.test,25039.6015625,1919.1644287109375,1847.8438720703125,2038.6143798828125,1208.4532470703125,1213.858154296875,1095.2613525390625,1177.85498046875,1201.6485595703125,1260.686279296875,1277.103515625,1510.4886474609375,1820.151123046875
103,The 1616 edition of Ben Jonson's Works names him on the cast lists for Every Man In His Humour (1598) and Sejanus His Fall (1603).,en_multilingual_blimp_correct_affected.test,26034.60546875,4605.05908203125,3812.84130859375,2423.445068359375,3949.9375,4043.96630859375,3560.737548828125,5070.64013671875,7280.69482421875,7767.41064453125,6696.00927734375,8970.1005859375,12971.3837890625
104,"With the default installation of the Microsoft SQL Server 2000 Desktop Engine with integrated security, the user must be a member of the administrator group for the machine on which the Access project resides.",en_multilingual_blimp_correct_affected.test,18887.638671875,1574.7618408203125,988.96875,798.98828125,485.21435546875,384.1785888671875,433.1968688964844,390.774658203125,457.7264709472656,623.589599609375,438.21148681640625,558.9698486328125,540.2254028320312
105,"11. In Events of Default, clause (a) refers to a dispute section which I'm not sure exists.",en_multilingual_blimp_correct_affected.test,23829.46484375,4025.542724609375,2943.626708984375,3558.435791015625,3246.426025390625,2743.322265625,2805.16748046875,3436.9990234375,3161.107421875,2697.669921875,2770.6455078125,3475.90869140625,4083.044189453125
106,"There's holes everywhere in the ceiling, sewage constantly leaks through the ceiling, and the whole condition of the school is horrible.",en_multilingual_blimp_correct_affected.test,18274.34375,1428.5009765625,1305.4698486328125,1564.925048828125,961.013671875,706.75341796875,831.3644409179688,1053.7200927734375,1147.3511962890625,895.4061889648438,1271.398193359375,1548.14599609375,1549.549072265625
107,"Which's good, anything good counts.",en_multilingual_blimp_correct_affected.test,24977.04296875,4326.92333984375,8351.02734375,18817.986328125,7921.0478515625,5880.2900390625,13458.3720703125,7849.42041015625,9903.7265625,13015.125,13788.451171875,7491.98388671875,17166.568359375
108,This Amendment amends the Transaction Fee referenced in subparagraph (c) of the Fee Schedule to the Subscription Agreement.,en_multilingual_blimp_correct_affected.test,21769.412109375,3597.43359375,1341.1375732421875,802.0870971679688,935.5499877929688,649.9049682617188,465.8888854980469,579.15234375,724.217041015625,749.1290893554688,651.4556884765625,1078.822998046875,1153.4373779296875
109,"His cassock, dark red, swells with the body.",en_multilingual_blimp_correct_affected.test,27839.4140625,3463.20263671875,10101.8056640625,7419.162109375,4383.02392578125,6390.845703125,7090.98828125,10709.798828125,10687.2314453125,11106.3291015625,11017.240234375,10872.4794921875,27127.583984375
110,"No written contemporary description of Shakespeare's physical appearance survives, and no evidence suggests that he ever commissioned a portrait, so the Droeshout engraving, which Ben Jonson approved of as a good likeness, and his Stratford monument provide the best evidence of his appearance.",en_multilingual_blimp_correct_affected.test,22967.486328125,2805.2958984375,2302.241943359375,2342.131591796875,2102.51171875,1641.358154296875,1858.0958251953125,1862.5391845703125,2305.724609375,2072.239013671875,2246.945556640625,2836.72119140625,3672.5869140625
111,"It has two parts, both of which are timed for 90 seconds each and the differential between the resulting two scores determines the likelihood of having a learning disability or attention deficit disorder.",en_multilingual_blimp_correct_affected.test,21595.328125,1800.865478515625,1163.10595703125,1243.7086181640625,791.3047485351562,645.6587524414062,591.228271484375,708.9723510742188,565.2115478515625,430.45947265625,523.4766235351562,614.2828369140625,688.4357299804688
112,"As it stands, while the services sector accounts for more than 70% of employment in South Korea, its productivity-growth rate remains much lower than that of the manufacturing sector.",en_multilingual_blimp_correct_affected.test,23996.90234375,2439.401611328125,1921.094482421875,1683.342041015625,1139.2093505859375,936.83203125,810.9786376953125,757.048583984375,764.0347290039062,722.8104858398438,837.7794189453125,782.4909057617188,980.6157836914062
113,The historical city hall in Obermarsberg originates from the 13th century and was refurbished after the Thirty Years'War.,en_multilingual_blimp_correct_affected.test,25757.564453125,2793.939453125,1152.4456787109375,532.6062622070312,440.5269775390625,334.8504333496094,318.6326904296875,274.5506286621094,246.2567901611328,292.1811218261719,300.0206298828125,332.7511901855469,411.284912109375
114,Perhaps that's why a surge of tears clouds his pupils while the syllable of time unearths his crop and surrenders his mystery to the bound waters.,en_multilingual_blimp_correct_affected.test,22828.3828125,1887.3349609375,931.1918334960938,886.1148681640625,737.5982666015625,631.1334838867188,613.0570068359375,687.8021240234375,556.83740234375,653.6226196289062,674.5750122070312,652.70166015625,708.4577026367188
115,"I really like the MIUI, but a process crashes repeatedly about every 3 seconds.",en_multilingual_blimp_correct_affected.test,22258.154296875,3255.739990234375,2791.076416015625,2089.1123046875,2018.6978759765625,1348.24658203125,1582.65771484375,2078.51611328125,1429.5770263671875,1618.24755859375,2013.648681640625,1632.7176513671875,2996.7490234375
116,"This strength of design ensures that a Shakespeare play can survive translation, cutting and wide interpretation without loss to its core drama.",en_multilingual_blimp_correct_affected.test,21818.443359375,5102.4521484375,3682.220703125,3078.759033203125,2227.655517578125,1691.4461669921875,1591.568359375,1682.6453857421875,1641.9593505859375,1517.947265625,1598.7188720703125,2171.0947265625,2639.377197265625
117,"Meats are kept VERY cold, seafood smells fresh and the serving bar is VERY clean.",en_multilingual_blimp_correct_affected.test,21827.142578125,5954.50341796875,5625.90771484375,5064.1015625,4609.20703125,3900.41748046875,2734.1611328125,4234.57373046875,4632.341796875,5032.24560546875,4027.65478515625,7428.50048828125,5593.8505859375
118,Someone observes that the Church is a worshiper of success and always follows the majorities.,en_multilingual_blimp_correct_affected.test,22239.3125,1918.6939697265625,1412.9764404296875,1702.5262451171875,1222.8443603515625,1203.2821044921875,1170.4952392578125,957.5947875976562,1361.929443359375,1171.0289306640625,1239.8408203125,1433.19921875,1702.0343017578125
119,Entitlement to free abortions equates with women having the right to manage their lives and make decisions about their own bodies.,en_multilingual_blimp_correct_affected.test,21994.12109375,1195.057861328125,591.152099609375,544.61279296875,390.9604797363281,270.02423095703125,256.1214904785156,199.63433837890625,216.8868865966797,305.6990051269531,234.7197265625,218.36386108398438,352.5484924316406
120,"As the American public gradually wearies of the Iraq crisis, some have begun worrying that the war could blow back on the US by creating the conditions for anti-American terrorism.",en_multilingual_blimp_correct_affected.test,26521.953125,1731.765625,1208.368408203125,1398.1893310546875,974.5001220703125,836.4968872070312,833.2507934570312,891.5398559570312,1041.5897216796875,885.857177734375,807.4472045898438,1116.986572265625,896.2460327148438
121,"If you move the line upward, the distance between the moving line and the nearest parallel line below remains constant, and the perpendicular line above the moving line contracts.",en_multilingual_blimp_correct_affected.test,20229.08984375,1930.432373046875,2140.387451171875,1842.70166015625,1242.5487060546875,1040.3592529296875,1395.3804931640625,1202.8948974609375,1468.8890380859375,1138.703125,2181.864013671875,1931.56787109375,2989.858154296875
122,"He is pimply, his neck is thin, his blue eyes goggle, his underlip extrudes.",en_multilingual_blimp_correct_affected.test,26585.236328125,3284.7880859375,4251.34228515625,6400.8427734375,5052.41796875,3821.028076171875,2592.849609375,3639.3076171875,3656.32958984375,2886.561279296875,5544.748046875,3945.465087890625,5515.509765625
123,Our letter agreement simply memorializes that we will charge the same negotiated rate whether the gas flows on primaries or alternates.,en_multilingual_blimp_correct_affected.test,25984.40234375,3421.011474609375,1338.8507080078125,1370.37451171875,1035.9534912109375,1151.062744140625,1073.9208984375,1287.527587890625,1420.2508544921875,1351.1922607421875,1767.6192626953125,1895.2703857421875,2618.658935546875
124,"Habitat destruction vastly increases an area's vulnerability to natural disasters like flood and drought, crop failure, spread of disease, and water contamination.",en_multilingual_blimp_correct_affected.test,24586.41015625,5598.990234375,4460.666015625,2627.530517578125,1936.14892578125,1786.9857177734375,1902.1275634765625,2366.239501953125,3166.665283203125,2110.500244140625,2987.2900390625,2463.206787109375,5017.63427734375
125,"These include two operas by Giuseppe Verdi, Otello and Falstaff, whose critical standing compares with that of the source plays.",en_multilingual_blimp_correct_affected.test,25193.138671875,4414.47802734375,5501.419921875,3549.701171875,4120.353515625,2839.189453125,2626.612548828125,2932.107421875,3227.61376953125,3040.39599609375,4659.05322265625,3837.904296875,3945.194091796875
126,"Even if local Palestinian leaders remain strong enough to keep al-Qaida out, the festering Israeli-Palestinian struggle remains among the best recruiting posters for al-Qaida with young Muslim men.",en_multilingual_blimp_correct_affected.test,19317.427734375,4423.77099609375,2443.831787109375,2559.818359375,2242.607421875,1906.4898681640625,1715.1414794921875,1667.810791015625,1699.5291748046875,2185.02001953125,2281.44970703125,1966.719482421875,2654.138427734375
127,What person(s) in London prepares credit for the English and Singapore financial transactions?,en_multilingual_blimp_correct_affected.test,30592.037109375,6721.53759765625,4471.24951171875,3854.358642578125,4489.93115234375,3613.911376953125,3680.812744140625,3364.625244140625,5034.27587890625,5023.595703125,6455.9443359375,8928.5185546875,8349.1806640625
128,"And though he is not permitted to sit beside women unrelated to him or to look at them or to communicate with them in any manner (all of which probably saves him a great deal of trouble), he seems a good-hearted young man and he is visibly enjoying himself.",en_multilingual_blimp_correct_affected.test,26407.6953125,885.7435913085938,646.754150390625,536.34375,383.2929382324219,262.77398681640625,249.87261962890625,312.13427734375,269.6208801269531,266.10638427734375,281.2047119140625,368.9544372558594,414.72100830078125
129,"As you sit above the world, the warmth of the golden sun penetrates your body and makes you feel warmer and warmer.",en_multilingual_blimp_correct_affected.test,24173.236328125,1230.5462646484375,887.2929077148438,637.2377319335938,584.5745849609375,467.92401123046875,487.765625,588.3672485351562,687.759521484375,504.359375,951.1467895507812,988.1160888671875,847.751953125
130,"The reported finding at Dugway undermines the argument of both the ""bomb Iraq"" crowd and the liberals focused on Dr. Steve Hatfill who object to US biodefense research because they view it as being useful for offensive purposes.",en_multilingual_blimp_correct_affected.test,24245.501953125,3018.251953125,1988.2027587890625,1978.17041015625,1543.7288818359375,1236.5528564453125,1097.4512939453125,1241.6015625,1101.5721435546875,1355.4544677734375,1557.1279296875,1550.238037109375,1839.037841796875
131,Every student of political science debates how you prevent an anti-democratic force from winning a democratic election and abolishing democracy.,en_multilingual_blimp_correct_affected.test,27102.70703125,2729.134521484375,1002.0779418945312,584.9767456054688,429.9273681640625,296.4821472167969,299.17633056640625,335.8514404296875,373.0053405761719,330.2190246582031,413.1768493652344,357.85382080078125,516.5285034179688
132,"Edward Shinza's one of the few who did his stretch and got his head split open that time by Her Majesty's brave boys, and where's he... back in the Bashi Flats among his old wives, for all I know, no one even mentions his name.",en_multilingual_blimp_correct_affected.test,25112.947265625,1566.4525146484375,1350.17724609375,1290.487060546875,1237.8519287109375,1217.3726806640625,1115.4078369140625,993.2907104492188,1258.6068115234375,1090.328857421875,1772.3541259765625,1833.8389892578125,2145.874267578125
133,"""Look how the academy returns the pretty ones we send them!",en_multilingual_blimp_correct_affected.test,15228.7939453125,1986.868408203125,1583.2744140625,1733.537841796875,1529.253173828125,1630.4093017578125,1271.1180419921875,988.53125,1216.6849365234375,1713.30224609375,1911.3349609375,1948.74462890625,2870.635986328125
134,His art perfectly combines painting and Chinese calligraphy.,en_multilingual_blimp_correct_affected.test,26458.642578125,9254.947265625,5424.06787109375,4566.96533203125,5082.96240234375,4381.64892578125,4684.73876953125,4906.8681640625,3082.419677734375,3872.674560546875,2945.633544921875,2367.974365234375,4191.27099609375
135,Food is awful and the place caters to the yuppy crowd.,en_multilingual_blimp_correct_affected.test,20165.44921875,1082.283935546875,952.3798217773438,1033.4373779296875,829.8016357421875,861.0630493164062,748.6644897460938,992.1650390625,887.5882568359375,958.3311767578125,1501.462890625,1372.933837890625,1124.4219970703125
136,"The First Folio of 1623, however, lists Shakespeare as one of ""the Principal Actors in all these Plays"", some of which were first staged after Volpone, although we can not know for certain which roles he played.",en_multilingual_blimp_correct_affected.test,26731.31640625,2583.353271484375,1849.4906005859375,1568.80126953125,1602.3187255859375,1288.5711669921875,1279.2581787109375,1285.4400634765625,1468.0277099609375,1562.9822998046875,1713.323486328125,1801.718505859375,2699.38623046875
137,A 1971 evaluation called Bush “an exceptionally fine young officer and pilot” who “continually flies intercept missions with the unit to increase his proficiency even further.”,en_multilingual_blimp_correct_affected.test,25242.439453125,10190.525390625,5755.7255859375,3790.924072265625,5212.32666015625,3363.81005859375,3065.788330078125,3338.425537109375,4020.18310546875,3799.92578125,3752.00732421875,5594.8056640625,5735.8349609375
138,Each poem narrates only a part of the war.,en_multilingual_blimp_correct_affected.test,24991.6953125,1321.90625,623.1212158203125,866.0447387695312,361.977294921875,326.8476257324219,368.1751708984375,399.44384765625,357.9109802246094,304.6861267089844,311.45245361328125,363.84295654296875,345.8214111328125
139,"It usually involves a low level of development, such as rustic picnic areas, benches and trails.",en_multilingual_blimp_correct_affected.test,27946.45703125,3957.267333984375,2100.072998046875,2310.02197265625,1379.74951171875,1101.479248046875,1311.7535400390625,1495.4722900390625,1709.0396728515625,1830.4859619140625,1461.717529296875,1420.2420654296875,2872.236572265625
140,It is a directive which safeguards the interests of rightholders and protects intellectual property.,en_multilingual_blimp_correct_affected.test,21235.3359375,2228.714599609375,1870.44873046875,1226.9720458984375,898.400390625,663.6744995117188,569.26416015625,752.3853759765625,673.1631469726562,635.8576049804688,1021.3934936523438,956.1023559570312,1545.134033203125
141,"For Kerber, the season finale nevertheless marks the end of an unbelievable year.",en_multilingual_blimp_correct_affected.test,21857.994140625,1755.4539794921875,2689.063720703125,3374.207275390625,2121.39599609375,1801.416015625,1343.443603515625,2455.05126953125,2205.30224609375,1547.44921875,2411.272705078125,2602.631591796875,1947.8973388671875
142,"Fine lot these government chaps – are they not? he went on, speaking English with great precision and considerable bitterness.",en_multilingual_blimp_correct_affected.test,25358.521484375,4050.23046875,3960.302490234375,3880.316162109375,3967.352783203125,3416.111328125,3480.85791015625,4164.0986328125,3266.31982421875,3536.69189453125,5300.4462890625,5068.88037109375,7064.67041015625
143,"They really are milking the incompetence angle though, aren't they?",en_multilingual_blimp_correct_affected.test,19233.6015625,6544.05419921875,8300.36328125,6220.1005859375,2183.0546875,2208.305419921875,1519.4659423828125,1812.4644775390625,2491.299072265625,1901.478271484375,3277.74072265625,4518.1044921875,6827.69873046875
144,Everybody I know at university intends to stay at uni for as long as possible until there are actually jobs available.,en_multilingual_blimp_correct_affected.test,22463.705078125,928.9425048828125,593.1818237304688,423.7985534667969,434.2118835449219,389.5857849121094,273.78009033203125,349.93670654296875,363.1136169433594,388.78887939453125,339.0048828125,386.9602966308594,415.1414489746094
145,"It is also a fact that almost everybody in the region blames this situation on the United States, on Israel, on Western Civilization, on Judaism and Christianity, on anyone and anything, except themselves.",en_multilingual_blimp_correct_affected.test,26286.736328125,1416.675537109375,2316.04833984375,2037.7076416015625,2009.398681640625,1463.9376220703125,1459.1783447265625,1257.6529541015625,1251.8587646484375,892.4224243164062,1192.7215576171875,1184.6800537109375,1500.8487548828125
146,"The house of Annas, in which Jesus was questioned and struck, is within the compound.",en_multilingual_blimp_correct_affected.test,25185.1875,2062.79541015625,2216.689453125,2051.3857421875,2034.2777099609375,1519.0565185546875,1486.5128173828125,2305.2265625,1926.1329345703125,2432.82470703125,2610.86865234375,2289.1650390625,2338.76123046875
147,"The best way I can explain it to you is by saying that, for a second or two, I felt as though, instead of going to the center of a continent, I were about to set off for the center of the earth.",en_multilingual_blimp_correct_affected.test,23782.37890625,321.47772216796875,407.1705322265625,374.7322692871094,299.3816833496094,208.6112060546875,249.38043212890625,251.11004638671875,250.42237854003906,255.59848022460938,262.58673095703125,232.3656768798828,300.71624755859375
148,"The house of Annas, in which Jesus was questioned and struck, is within the compound.",en_multilingual_blimp_correct_affected.test,25185.1875,2062.79541015625,2216.689453125,2051.3857421875,2034.2777099609375,1519.0565185546875,1486.5128173828125,2305.2265625,1926.1329345703125,2432.82470703125,2610.86865234375,2289.1650390625,2338.76123046875
149,"In this scenario, pieces of option three remain stubbornly impervious to artificial intelligence and continue to be mind-numbingly boring, while option four – engaging in social reciprocity and negotiation – remains limited.",en_multilingual_blimp_correct_affected.test,24103.693359375,5011.603515625,3453.358154296875,2781.964111328125,2067.70654296875,1774.845458984375,1967.5205078125,2221.7255859375,2375.457763671875,2079.0234375,3062.921142578125,3573.750244140625,3565.841796875
150,"China's strong hand in this even extends to the diplomatic realm; China is a permanent member of the United Nations Security Council, and could veto any actions against Iran proposed by the United States.",en_multilingual_blimp_correct_affected.test,23132.857421875,1740.3883056640625,868.9705200195312,982.4701538085938,732.5047607421875,522.5747680664062,527.1736450195312,623.15380859375,715.6096801757812,778.5108642578125,753.7394409179688,796.9085083007812,863.0089721679688
151,The theory I present in the essay is that he is actually a combination of four different people.,en_multilingual_blimp_correct_affected.test,23061.205078125,408.170654296875,234.6946563720703,245.03684997558594,188.8921356201172,163.67234802246094,139.61866760253906,125.26105499267578,154.5990447998047,141.48904418945312,149.17388916015625,153.33749389648438,177.55589294433594
152,"What'll happen is that the Styrofoam peanuts will start moving through our society here, and they will accumulate in the drunkest, stingiest people.",en_multilingual_blimp_correct_affected.test,22690.232421875,1718.67822265625,972.376953125,745.4417724609375,548.5867309570312,401.7658996582031,346.3645324707031,333.70947265625,391.5173645019531,311.1546630859375,316.1019592285156,298.3644104003906,358.9610900878906
153,The title page of the 1594 edition of Titus Andronicus reveals that the play had been acted by three different troupes.,en_multilingual_blimp_correct_affected.test,21745.46875,2235.09912109375,1069.65869140625,911.5548095703125,950.4708251953125,710.1105346679688,673.77392578125,697.6343994140625,651.50634765625,637.0013427734375,743.8836059570312,711.1046752929688,1292.9349365234375
154,He naturally assumes you 'll come out of exile.,en_multilingual_blimp_correct_affected.test,25703.236328125,1843.8927001953125,959.3067626953125,864.4459228515625,506.91534423828125,352.3289794921875,294.11810302734375,340.2054748535156,377.1294860839844,385.2668151855469,374.041748046875,688.372314453125,585.2953491210938
155,She may be out because in the past she always responds pretty quick.,en_multilingual_blimp_correct_affected.test,20504.607421875,599.2732543945312,504.1189270019531,541.9326171875,490.01409912109375,452.3793029785156,428.21978759765625,423.0274963378906,441.60528564453125,627.2760620117188,555.5256958007812,872.822998046875,826.9619750976562
156,"What'll happen is that the Styrofoam peanuts will start moving through our society here, and they will accumulate in the drunkest, stingiest people.",en_multilingual_blimp_correct_affected.test,22690.232421875,1718.67822265625,972.376953125,745.4417724609375,548.5867309570312,401.7658996582031,346.3645324707031,333.70947265625,391.5173645019531,311.1546630859375,316.1019592285156,298.3644104003906,358.9610900878906
157,All that is needed now is to determine whether it works in practice.,en_multilingual_blimp_correct_affected.test,26178.0625,457.7882385253906,343.78662109375,263.7565612792969,234.00743103027344,125.41584777832031,131.590576171875,163.89727783203125,141.65821838378906,156.1114959716797,179.50167846679688,116.42335510253906,322.07427978515625
158,"Which's good, anything good counts.",en_multilingual_blimp_correct_affected.test,24977.01953125,4326.931640625,8351.02734375,18817.986328125,7921.03955078125,5880.2900390625,13458.3974609375,7849.42822265625,9903.7265625,13015.125,13788.4375,7491.98388671875,17166.55078125
159,The article by Thompson assumes that the Maya were ultimately “peaceful” people since they lacked apparent defenses.,en_multilingual_blimp_correct_affected.test,23599.013671875,6083.427734375,3092.65185546875,2806.07568359375,2686.05078125,2069.332275390625,2113.053955078125,1875.762939453125,1918.7681884765625,1641.0858154296875,2143.21337890625,2582.20166015625,3000.338134765625
160,"The best way I can explain it to you is by saying that, for a second or two, I felt as though, instead of going to the center of a continent, I were about to set off for the center of the earth.",en_multilingual_blimp_correct_affected.test,23782.37890625,321.47772216796875,407.1705322265625,374.7322692871094,299.3816833496094,208.6112060546875,249.38043212890625,251.11004638671875,250.42237854003906,255.59848022460938,262.58673095703125,232.3656768798828,300.71624755859375
161,okay what i 'd like to do on this one is go from washington to atlanta i want a nonstop and i 'd like to leave around 5 pm,en_multilingual_blimp_correct_affected.test,21988.142578125,1794.7386474609375,987.451416015625,957.2820434570312,1126.744384765625,788.5599975585938,736.5302124023438,791.6402587890625,930.0150756835938,1103.2086181640625,1437.9368896484375,1686.2567138671875,1839.81396484375
162,okay what i 'd like to do on this one is go from washington to atlanta i want a nonstop and i 'd like to leave around 5 pm,en_multilingual_blimp_correct_affected.test,21988.142578125,1794.7386474609375,987.451416015625,957.2820434570312,1126.744384765625,788.5599975585938,736.5302124023438,791.6402587890625,930.0150756835938,1103.2086181640625,1437.9368896484375,1686.2567138671875,1839.81396484375
163,All that is needed now is to determine whether it works in practice.,en_multilingual_blimp_correct_affected.test,26178.0625,457.7882385253906,343.78662109375,263.7565612792969,234.00743103027344,125.41584777832031,131.590576171875,163.89727783203125,141.65821838378906,156.1114959716797,179.50167846679688,116.42335510253906,322.07427978515625
164,The theory I present in the essay is that he is actually a combination of four different people.,en_multilingual_blimp_correct_affected.test,23061.205078125,408.170654296875,234.6946563720703,245.03684997558594,188.8921356201172,163.67234802246094,139.61866760253906,125.26105499267578,154.5990447998047,141.48904418945312,149.17388916015625,153.33749389648438,177.55589294433594
165,"So that, as they say in Chicago, is where the smart money is.",en_multilingual_blimp_correct_affected.test,30991.634765625,961.6663818359375,1767.2745361328125,1525.1939697265625,1295.96435546875,1184.753662109375,1570.6365966796875,1415.862548828125,1143.138671875,1332.1806640625,1444.128662109375,1841.9559326171875,2952.499755859375
166,"However, I seriously doubt that the introduction of free market principles, which the report so enthusiastically recommends, is the right solution.",en_multilingual_blimp_correct_affected.test,25182.80859375,2139.525390625,2145.002685546875,1799.9049072265625,1343.552490234375,1270.5308837890625,2060.453857421875,2086.63134765625,1596.5362548828125,1966.9482421875,2228.3525390625,2323.707763671875,2978.19189453125
167,"His actual date of birth remains unknown, but is traditionally observed on 23 April, Saint George's Day.",en_multilingual_blimp_correct_affected.test,28818.890625,6029.3955078125,4704.14697265625,3523.390869140625,3360.462890625,2586.3505859375,2813.297119140625,3450.408447265625,4962.27099609375,4169.75390625,4391.01513671875,4257.8583984375,5841.349609375
168,"(8) This Directive seeks to achieve a high level of protection for the environment by reducing the potential environmental impact of EUPs, which will ultimately be beneficial to consumers and other end-users.",en_multilingual_blimp_correct_affected.test,22210.083984375,1888.3837890625,1080.395263671875,732.275390625,593.4429321289062,362.83740234375,316.5649108886719,285.7737731933594,270.9510803222656,254.80868530273438,297.9131774902344,287.2266540527344,350.4886474609375
169,"Linda is the rudest person you will ever talk to and she sticks up for all of the trashy, rude people that live there, not the nice ones that actually give a crap about respecting others.",en_multilingual_blimp_correct_affected.test,20836.484375,776.151611328125,737.0540161132812,652.9005126953125,616.19970703125,604.9317016601562,509.54547119140625,406.9007263183594,413.97967529296875,465.7065124511719,489.4905090332031,579.7720947265625,585.4332275390625
170,"So that, as they say in Chicago, is where the smart money is.",en_multilingual_blimp_correct_affected.test,30991.634765625,961.6663818359375,1767.2745361328125,1525.1939697265625,1295.96435546875,1184.753662109375,1570.6365966796875,1415.862548828125,1143.138671875,1332.1806640625,1444.128662109375,1841.9559326171875,2952.499755859375
171,"If you move the line to the right, the distance between the moving line and the nearest parallel line to the right remains constant, and the perpendicular line to the left of the moving line lengthens.",en_multilingual_blimp_correct_affected.test,18713.505859375,848.3819580078125,844.1786499023438,627.358642578125,434.42144775390625,344.3252258300781,411.2386474609375,413.9773254394531,500.1104736328125,405.1451110839844,641.4540405273438,587.1900634765625,800.1682739257812
172,"If you move the line downward, the distance between the moving line and the nearest parallel line below remains constant, and the perpendicular line above the moving line lengthens.",en_multilingual_blimp_correct_affected.test,21440.884765625,1948.22705078125,1961.340087890625,1671.1766357421875,850.1329956054688,660.0684204101562,846.4456176757812,712.853759765625,833.5540161132812,666.9369506835938,1039.7552490234375,1002.2093505859375,1400.722412109375
173,It then proposes the creation of a European quality mark based on respect for the environmental criteria for production.,en_multilingual_blimp_correct_affected.test,26022.79296875,1091.0069580078125,1004.8555297851562,797.2456665039062,596.9889526367188,591.5364990234375,516.8492431640625,441.375,515.8075561523438,457.00067138671875,650.3941650390625,789.1253051757812,920.6425170898438
174,"Their correspondence reveals an intriguing balance of passion, propriety and patience;",en_multilingual_blimp_correct_affected.test,25275.126953125,9083.7431640625,4814.7421875,2974.366943359375,2973.8408203125,2851.893798828125,2433.056640625,1771.1357421875,2007.9791259765625,2228.0888671875,2455.171875,2060.8115234375,3424.180908203125
175,"If you move the line to the left, the distance between the moving line and the nearest parallel line to the right remains constant, and the perpendicular line to the left of the moving line contracts.",en_multilingual_blimp_correct_affected.test,19001.640625,838.4484252929688,830.3375244140625,624.573486328125,455.7497863769531,382.26373291015625,483.3978576660156,493.18994140625,634.5618896484375,514.9012451171875,803.2391357421875,675.131103515625,877.3734130859375
176,"The person who best explains this, and helps me out the best with my question will be REWARDED WITH TEN POINTS!!!!!!!",en_multilingual_blimp_correct_affected.test,18979.3828125,2518.10302734375,915.770751953125,602.752685546875,716.7656860351562,522.61962890625,666.3704833984375,936.4827880859375,917.2942504882812,1097.955810546875,915.1535034179688,1536.3721923828125,1745.8740234375
177,"The second point I would like to make is that we would have preferred it if the guidelines had been added to the Regulation in the form of an annex, as we and Mrs Mccarthy, as rapporteurs for the general Regulation, had asked.",en_multilingual_blimp_correct_affected.test,20540.6953125,894.33349609375,734.3394775390625,562.1300048828125,540.0209350585938,448.3224182128906,461.12005615234375,477.359375,471.0114440917969,372.466796875,419.5472106933594,467.4839782714844,414.8675537109375
178,"She feeds well the baby on her own, the baby is ok but she does not go in the nest to stay with him at night...",en_multilingual_blimp_correct_affected.test,24135.412109375,560.6315307617188,633.8992309570312,678.8570556640625,551.1502685546875,509.266845703125,454.2817687988281,446.1980285644531,432.6465148925781,431.7953186035156,341.25506591796875,384.8173522949219,444.5877685546875
179,This procedure guarantees that all countries applying for membership are treated equally.,en_multilingual_blimp_correct_affected.test,27406.31640625,7040.17578125,3849.241943359375,1850.5596923828125,1740.9635009765625,1460.755859375,1505.9959716796875,1568.249267578125,2642.182861328125,1761.5006103515625,1974.4376220703125,4906.08203125,3432.236572265625
180,"This knee-jerk reaction presumes that China's current slowdown is but a prelude to more growth disappointments to come – a presumption that reflects widespread and longstanding fears of a broad array of disaster scenarios, ranging from social unrest and environmental catastrophes to housing bubbles and shadow-banking blow-ups.",en_multilingual_blimp_correct_affected.test,23123.66015625,5548.52978515625,3672.59033203125,3050.11328125,1808.1864013671875,1361.3099365234375,1474.453857421875,1725.801513671875,1474.8321533203125,1394.4632568359375,1503.346923828125,1648.1256103515625,1741.3446044921875
181,The doctor begs them to stop intermarrying but they say they have to keep the blood pure.,en_multilingual_blimp_correct_affected.test,21828.787109375,861.2421264648438,676.1852416992188,770.994140625,682.4163818359375,653.8760375976562,684.5517578125,628.4963989257812,484.6058044433594,555.909912109375,670.1400756835938,599.3006591796875,795.005859375
182,"As I recall, this bus drops you off near the Opera in Paris.",en_multilingual_blimp_correct_affected.test,22381.314453125,1985.5301513671875,2065.194091796875,2372.594970703125,2261.057861328125,1860.6502685546875,1832.832763671875,2630.891845703125,3028.444091796875,3374.329345703125,5353.0029296875,4586.21337890625,3776.983642578125
183,"Brass melts at just under 2000F which is a bright yellow heat, not red hot.",en_multilingual_blimp_correct_affected.test,23587.65234375,4443.9111328125,6093.08935546875,4405.515625,4026.310546875,3402.335693359375,3343.070556640625,3363.816650390625,5711.40771484375,5089.927734375,5417.02197265625,5477.20263671875,6181.337890625
184,"The Kerry camp blames Bush for the Swift boat veterans ’ attack, but anyone who has spent much time talking to the Swifties gets the sense that they are doing it entirely for their own reasons.",en_multilingual_blimp_correct_affected.test,21045.48046875,1714.207763671875,1439.5545654296875,1058.1553955078125,789.1226806640625,660.6055908203125,601.909423828125,579.6463623046875,670.0545043945312,711.6365356445312,814.4606323242188,744.2916870117188,936.6528930664062
185,"- With a view to enabling the assessment of the effect of the programme, among others on the convergence of high level training for trainers, the evaluator recommends the preparation of a strategy document, to be finalised before the new Pericles enters into effect.",en_multilingual_blimp_correct_affected.test,22404.7421875,1550.84716796875,1487.7275390625,1091.2239990234375,964.9911499023438,796.706787109375,1002.896728515625,1232.1820068359375,1194.2529296875,1061.7509765625,1493.08740234375,1731.168701171875,1721.846923828125
186,"If you move the line upward, the distance between the moving line and the nearest parallel line below remains constant, and the perpendicular line above the moving line contracts.",en_multilingual_blimp_correct_affected.test,20229.0703125,1930.432373046875,2140.3896484375,1842.699951171875,1242.548095703125,1040.3597412109375,1395.3812255859375,1202.8948974609375,1468.8883056640625,1138.703125,2181.8662109375,1931.56787109375,2989.855224609375
187,"The second point I would like to make is that we would have preferred it if the guidelines had been added to the Regulation in the form of an annex, as we and Mrs Mccarthy, as rapporteurs for the general Regulation, had asked.",en_multilingual_blimp_correct_affected.test,20540.6953125,894.33349609375,734.3394775390625,562.1300048828125,540.0209350585938,448.3224182128906,461.12005615234375,477.359375,471.0114440917969,372.466796875,419.5472106933594,467.4837646484375,414.8677673339844
188,the difference is that when a bomb goes off in a West End restaurant the fundamental right of England to exist is not in dispute.,en_multilingual_blimp_correct_affected.test,24607.568359375,987.0192260742188,1226.6982421875,1196.9090576171875,761.5867309570312,525.3643188476562,402.8707275390625,453.1584777832031,547.396484375,408.5322570800781,420.7919616699219,507.922607421875,459.70159912109375
189,"a) Subject to earlier termination as provided below, this Service Agreement is for the total duration of the Company's Offering (the ""Initial Term"") unless either party requests termination at least 30 days prior to the end of the then-current term.",en_multilingual_blimp_correct_affected.test,23491.994140625,3548.882080078125,1999.347900390625,1706.4901123046875,1191.928955078125,968.968994140625,899.0020141601562,863.2970581054688,1195.552001953125,980.7518920898438,1045.56884765625,1243.4056396484375,1568.1864013671875
190,Eon’s fixed rate tariff costs £760 and Avro Energy customers would pay around £760 for its Simple and Select tariff.,en_multilingual_blimp_correct_affected.test,26901.30859375,4202.806640625,2192.841796875,1548.6605224609375,1752.6329345703125,2404.391845703125,1673.481201171875,1754.7335205078125,2421.8359375,2513.16455078125,3071.960693359375,3771.674560546875,3268.968994140625
191,"The Commission accepts all of the contributions of the parliamentary committee and the rapporteur, Mr Koch, which are contained in the various amendments, specifically four.",en_multilingual_blimp_correct_affected.test,20145.6328125,2311.005615234375,1415.5828857421875,1352.53173828125,931.120361328125,786.8322143554688,709.09814453125,799.5953979492188,885.708984375,651.2982788085938,732.6602172851562,819.3961181640625,716.90478515625
192,"If a Turkish employee quits, then the Turkish work councils come.",en_multilingual_blimp_correct_affected.test,24956.185546875,6187.306640625,5406.0810546875,4364.02978515625,3341.07861328125,2625.06103515625,2932.712890625,2451.425048828125,2418.905517578125,2024.2877197265625,2427.548583984375,4059.522705078125,3723.79248046875
193,A level that in both cases is at the top of the EU.,en_multilingual_blimp_correct_affected.test,17557.3125,398.9426574707031,215.09942626953125,208.15274047851562,159.888427734375,142.765380859375,100.27389526367188,128.65444946289062,162.91860961914062,177.49623107910156,124.87496185302734,203.09280395507812,230.74952697753906
194,It reminds me too much of the ARVN officers who were secretly working for the other side in Vietnam.,en_multilingual_blimp_correct_affected.test,24652.48046875,840.8189697265625,281.67022705078125,270.1209411621094,222.05625915527344,182.14576721191406,165.40476989746094,187.33023071289062,239.21656799316406,258.079345703125,211.45516967773438,284.37786865234375,277.0859375
195,And that explains the delay in the signing of a formal defense agreement that was at the heart of Sri Lankan President Chandrika Kumaratunga's four-day visit to India recently.,en_multilingual_blimp_correct_affected.test,21751.359375,1872.3387451171875,781.619384765625,528.7488403320312,547.7241821289062,472.53057861328125,381.6111755371094,404.043701171875,436.85955810546875,431.34710693359375,438.16741943359375,461.01275634765625,559.898681640625
196,Plus she plans a monthly breakfasts and other events at the clubhouse which is a nice added benefit.,en_multilingual_blimp_correct_affected.test,21784.69921875,1016.4910278320312,785.9559326171875,925.0892944335938,752.4804077148438,666.3005981445312,689.0458984375,653.3206787109375,554.9837036132812,706.760498046875,613.6372680664062,912.2383422851562,1048.0860595703125
197,Their report highlights one stark fact from the start:,en_multilingual_blimp_correct_affected.test,28350.6484375,3444.77294921875,2978.22998046875,3355.467041015625,2762.808837890625,2667.63720703125,3088.457763671875,2369.04052734375,3373.41259765625,4096.50439453125,5343.70458984375,3591.6435546875,6253.94482421875
198,"Their service sucks to start off with, people are cruel and ignorant.",en_multilingual_blimp_correct_affected.test,22481.96484375,1870.2401123046875,1698.80078125,1226.374267578125,1848.5489501953125,1278.0404052734375,1338.60498046875,1723.0303955078125,1187.5833740234375,1957.1322021484375,1549.8277587890625,1095.2943115234375,2015.5662841796875
199,"Even if local Palestinian leaders remain strong enough to keep al-Qaida out, the festering Israeli-Palestinian struggle remains among the best recruiting posters for al-Qaida with young Muslim men.",en_multilingual_blimp_correct_affected.test,19317.427734375,4423.77099609375,2443.831787109375,2559.818359375,2242.607421875,1906.4898681640625,1715.1414794921875,1667.810791015625,1699.5291748046875,2185.02001953125,2281.44970703125,1966.719482421875,2654.138427734375
200,"The latest figures relate to the 24th of October last year, and tell us that our diesel costs 1,335 euros per litre, compared with the eurozone average of 1,165 euros.",en_multilingual_blimp_correct_affected.test,23168.912109375,2608.651123046875,1119.512939453125,609.5033569335938,569.8668212890625,542.2981567382812,504.76690673828125,458.5574951171875,510.62200927734375,582.5410766601562,688.3342895507812,620.4542846679688,593.641357421875
201,The oldest known historical reference to the city is to be found on an inscription of conquered sites at Thutmose's temple at Karnak.,en_multilingual_blimp_correct_affected.test,25221.45703125,1720.6224365234375,940.1996459960938,794.1768798828125,753.251220703125,536.6028442382812,562.9221801757812,620.6770629882812,707.4301147460938,559.5557861328125,633.5946044921875,787.0885009765625,786.5479125976562
202,The best there is are days when the jigsaw assumes its own meaning and I no longer care what picture is emerging.,en_multilingual_blimp_correct_affected.test,22214.978515625,1462.8895263671875,845.5040893554688,642.650146484375,381.85382080078125,360.61029052734375,314.379638671875,271.1008605957031,376.2082824707031,375.540283203125,340.6408386230469,393.1458740234375,466.5527038574219
203,The purpose of these CRTC hearings is to field responses from industry stakeholders and the public.,en_multilingual_blimp_correct_affected.test,25994.564453125,2870.856201171875,2535.751708984375,1681.6356201171875,1180.587158203125,830.9732666015625,844.3345336914062,1289.419921875,1103.401123046875,1108.6005859375,1379.8507080078125,1298.6329345703125,1778.5367431640625
204,"The mycelium infuses all landscapes, it holds soils together, it's extremely tenacious.",en_multilingual_blimp_correct_affected.test,27843.90234375,5425.49072265625,6492.07470703125,5713.8486328125,5889.1796875,5543.64794921875,4505.74658203125,5454.2939453125,4888.34375,6395.1376953125,6189.17724609375,7984.8251953125,8001.51953125
205,"To a certain extent, this reminds me of my previous activity in the Committee on Budgets and in the Committee on Budgetary Control.",en_multilingual_blimp_correct_affected.test,23102.873046875,1095.718994140625,810.11328125,767.591796875,653.7491455078125,656.4262084960938,679.9921875,783.322265625,874.3838500976562,591.9309692382812,949.22119140625,761.529052734375,867.578125
206,"""The book -- I guess one way, one thing to think about it is -- one of the themes would be, I was given a charge to keep.",en_multilingual_blimp_correct_affected.test,28582.70703125,433.2204284667969,443.10247802734375,390.01531982421875,386.7510986328125,318.9761047363281,296.7170715332031,342.8367919921875,299.83770751953125,271.94073486328125,341.29443359375,452.4446716308594,483.0950927734375
207,The purpose of these CRTC hearings is to field responses from industry stakeholders and the public.,en_multilingual_blimp_correct_affected.test,25994.564453125,2870.856201171875,2535.751708984375,1681.6356201171875,1180.587158203125,830.9732666015625,844.3345336914062,1289.419921875,1103.401123046875,1108.6005859375,1379.8507080078125,1298.6329345703125,1778.5367431640625
208,"The problem is that the rate drops sharply from 71% to 57% among women in their 30's, as inflexible working environments and a lack of affordable childcare undermine their ability to continue investing in their careers.",en_multilingual_blimp_correct_affected.test,22891.82421875,3052.83984375,2335.66845703125,1324.8505859375,927.3235473632812,805.7195434570312,637.7633666992188,651.6483154296875,743.2273559570312,659.345458984375,855.4898071289062,848.7606811523438,917.6980590820312
209,"Some writers mix the stella maris with the remora, a tiny fish that sticks to the rudder of a vessel and brings it to a halt.",en_multilingual_blimp_correct_affected.test,28785.875,1127.3839111328125,827.0167236328125,576.7305297851562,470.0935363769531,483.53985595703125,574.9655151367188,648.1165771484375,664.4258422851562,750.126708984375,1066.923095703125,1028.7880859375,1186.8790283203125
210,the difference is that when a bomb goes off in a West End restaurant the fundamental right of England to exist is not in dispute.,en_multilingual_blimp_correct_affected.test,24607.568359375,987.0192260742188,1226.6982421875,1196.9090576171875,761.5867309570312,525.3643188476562,402.8707275390625,453.1584777832031,547.396484375,408.5322570800781,420.7919616699219,507.922607421875,459.70159912109375
211,"You need a lot of money for hotels, airfare, seeing the sites, food, local transport - you name it but life costs.",en_multilingual_blimp_correct_affected.test,23200.462890625,1422.5084228515625,3962.697998046875,4087.817138671875,3494.171630859375,3184.3662109375,3738.616943359375,4578.8232421875,5656.2548828125,5113.52490234375,6447.37939453125,5381.54443359375,8203.62109375
212,"That band is involved in a local competition which promises a $5000 first prize, which they would like to win in order to donate it to the benefit fund which they have started.",en_multilingual_blimp_correct_affected.test,27621.6875,884.8684692382812,720.7451171875,613.3766479492188,515.8073120117188,418.5253601074219,453.0619201660156,508.5662841796875,537.9378662109375,571.5216064453125,601.0521240234375,618.158203125,706.65673828125
213,She is just being friendly in public because she does not want to offend you and she treats you like any other friend.,en_multilingual_blimp_correct_affected.test,20569.533203125,415.6885681152344,262.7798767089844,235.66119384765625,161.66249084472656,141.63681030273438,122.47081756591797,123.31783294677734,123.08543395996094,126.1875228881836,140.02267456054688,130.1490020751953,163.60813903808594
214,"I believe ENE will continue to be range bound, but in case it is not, I don't want to forgo 50% of my option premium.",en_multilingual_blimp_correct_affected.test,26341.244140625,1632.8492431640625,2101.61669921875,2233.846435546875,2144.3818359375,1996.4404296875,1771.2794189453125,1725.0963134765625,2006.5185546875,2551.856201171875,2032.452880859375,2686.269775390625,3430.623291015625
215,"Whereas my answer to the question ""Where do you get your laundry done?"" used to be, ""At the checkout line at WalMart,"" I can honestly say the answer now is, ""At The Laundry Tub.""",en_multilingual_blimp_correct_affected.test,21752.4375,1302.8946533203125,1795.3824462890625,1486.85595703125,1443.6453857421875,1251.9376220703125,1190.181396484375,1118.0645751953125,1168.0347900390625,1030.3167724609375,1009.5106811523438,1144.2222900390625,1278.9775390625
216,But a significant gender gap remains in terms of the return on human capital.,en_multilingual_blimp_correct_affected.test,24600.271484375,1023.75390625,907.1371459960938,959.7648315429688,872.1403198242188,745.259033203125,697.2941284179688,816.593994140625,1056.365234375,1094.7945556640625,1161.5186767578125,914.4019165039062,2356.159423828125
217,"He needs a shower, and he picks his nose all the time.",en_multilingual_blimp_correct_affected.test,24774.751953125,699.8203735351562,729.9410400390625,610.1090087890625,399.5345458984375,432.0109558105469,446.8092956542969,443.9482116699219,512.0523071289062,377.52728271484375,389.9850158691406,514.3937377929688,709.7787475585938
218,And when I move it I guess he figures I'm playing. x.x,en_multilingual_blimp_correct_affected.test,23867.7421875,1705.4627685546875,929.8017578125,853.4293823242188,1121.7293701171875,907.3582153320312,938.5476684570312,668.2449951171875,687.90576171875,735.4825439453125,797.784912109375,947.7078857421875,832.3909912109375
219,"Point is: You might be able to get a good deal on some nice furniture -- which I did -- but they're not very communicative and god forbid something goes wrong, you 'll have to fight to get it resolved.",en_multilingual_blimp_correct_affected.test,24309.30859375,757.338134765625,575.1922607421875,587.1886596679688,481.0967102050781,447.6185607910156,368.5723571777344,377.65081787109375,400.9672546386719,407.4197082519531,457.103515625,404.1305847167969,404.0785827636719
220,Peggy Banczak is the ENA lawyer who handles Mexico.,en_multilingual_blimp_correct_affected.test,21386.37890625,4039.6259765625,1243.98388671875,1658.133544921875,1327.9775390625,1408.32373046875,1543.1129150390625,1447.9058837890625,1680.2841796875,1501.9527587890625,1281.952880859375,1304.9471435546875,2228.55419921875
221,"The probe began in June, focusing on Mr Winterkorn and brand chief Herbert Diess, who remains at the car maker.",en_multilingual_blimp_correct_affected.test,27538.5703125,4495.2998046875,4296.64599609375,3792.395751953125,5276.5146484375,3768.165283203125,3371.8525390625,4071.705322265625,5580.0400390625,4754.04931640625,5196.12255859375,4970.962890625,6007.6650390625
222,"Paul Craig Roberts, writing for The American Conservative, said in July of 2005 that ""As a result of many years of persistent trade surpluses with the United States, the Japanese government holds dollar reserves of approximately $1 trillion.",en_multilingual_blimp_correct_affected.test,20376.513671875,2666.4111328125,1850.247314453125,1080.152099609375,999.8360595703125,855.6419677734375,801.5548706054688,739.8240966796875,838.26611328125,912.2761840820312,1074.2440185546875,788.842041015625,1062.219482421875
223,"This holds up to 30,000 times its mass.",en_multilingual_blimp_correct_affected.test,22461.689453125,1152.882568359375,382.0884094238281,356.38983154296875,244.83502197265625,177.4578094482422,134.1184844970703,193.6278076171875,142.26780700683594,113.18778991699219,145.24459838867188,216.04502868652344,148.23175048828125
224,"(The only other choice for the Arabs is to leave their oil in the ground.) """,en_multilingual_blimp_correct_affected.test,24102.10546875,519.2705688476562,378.9503173828125,482.9559631347656,503.8980712890625,451.87506103515625,435.654296875,544.1354370117188,640.7010498046875,483.8062438964844,631.5022583007812,668.4400634765625,694.1614379882812
225,"But the lack of specific guidelines here is particularly to be regretted, as the idea of linking Social Fund assistance to the employment strategy will be put into effect for the first time during the 2000-2006 programme.",en_multilingual_blimp_correct_affected.test,19927.283203125,1198.557861328125,790.682373046875,599.4764404296875,516.53857421875,420.5270080566406,471.6074523925781,490.166015625,584.36474609375,521.6344604492188,511.26470947265625,639.7221069335938,708.8641967773438
226,"This costs absolutely nothing, and will take about one minute of your time.",en_multilingual_blimp_correct_affected.test,35044.98828125,811.6537475585938,1600.7967529296875,1212.602294921875,647.0342407226562,728.1510009765625,607.9927368164062,631.7109375,873.2222290039062,775.4528198242188,609.1207275390625,732.161865234375,973.856689453125
227,"This is because PivotTable views use the Microsoft Office PivotTable Component, and Excel PivotTable reports either do not support certain PivotTable list features, or they implement some features differently.",en_multilingual_blimp_correct_affected.test,22193.484375,2695.36962890625,2552.046142578125,1502.421142578125,1009.6696166992188,673.7052001953125,746.5269775390625,712.8513793945312,795.5064086914062,610.8367309570312,650.4785766601562,768.5858154296875,961.7493896484375
228,The United States has shown that it holds negotiations in contempt.,en_multilingual_blimp_correct_affected.test,22215.740234375,1767.2095947265625,780.5586547851562,448.1636047363281,263.2734069824219,301.0440979003906,190.46743774414062,229.64418029785156,227.1875762939453,256.9971923828125,279.7641296386719,284.5375061035156,360.7487487792969
229,"If the sets S and T considered are empty or singletons, the theorem holds vacuously or trivially.",en_multilingual_blimp_correct_affected.test,21901.939453125,5431.82763671875,8112.14599609375,8308.384765625,7054.61181640625,8562.734375,6980.8662109375,7681.4580078125,12471.8525390625,14993.48046875,15672.7900390625,16930.4296875,20373.67578125
230,"If you want a doctor who will lie to you and say he will operate and then change his mind, and not know what he is talking about when he recommends procedures at other hospitals and says they are what you need, when they will not work for you, go to this doctor...he is the one for you.",en_multilingual_blimp_correct_affected.test,23544.658203125,319.4793701171875,361.16595458984375,329.06304931640625,284.79730224609375,228.4561004638672,255.78135681152344,261.76165771484375,223.9881134033203,235.6017608642578,263.76385498046875,287.374755859375,364.8701171875
231,"Some critics consider Balzac's writing exemplary of naturalism - a more pessimistic and analytical form of realism, which seeks to explain human behavior as intrinsically linked with the environment.",en_multilingual_blimp_correct_affected.test,25185.474609375,2318.082275390625,1215.3367919921875,976.8015747070312,665.3985595703125,459.51531982421875,450.149658203125,379.4381408691406,455.4319763183594,429.9234619140625,492.2691650390625,511.5863342285156,749.3530883789062
232,Was wondering if anyone knew a rough estimate of how much it costs with travel and training,en_multilingual_blimp_correct_affected.test,25612.08984375,1174.6966552734375,662.0596313476562,421.3463134765625,363.99688720703125,416.7930603027344,343.5784912109375,353.1540222167969,413.02142333984375,390.9535827636719,507.54827880859375,368.8890075683594,584.5177612304688
233,"""Land of the kike home of the wop,"" says Compson to himself when he buys a bun from a small Italian girl.",en_multilingual_blimp_correct_affected.test,19501.884765625,1340.4637451171875,902.0546264648438,1111.3740234375,1206.4984130859375,1536.4761962890625,972.208251953125,1264.9151611328125,1015.2368774414062,1148.6201171875,1241.329345703125,1190.3135986328125,1454.8035888671875
234,The other path holds great opportunity:,en_multilingual_blimp_correct_affected.test,22104.896484375,7406.14794921875,7168.78857421875,4477.58203125,4066.633056640625,7387.5244140625,5423.93359375,10596.1982421875,9927.310546875,12710.08984375,10981.794921875,16888.083984375,26971.20703125
235,"“While much of the digital transition is unprecedented in the United States, the peaceful transition of power is not,” Obama special assistant Kori Schulman wrote in a blog post Monday.",en_multilingual_blimp_correct_affected.test,24718.84375,2090.64599609375,1278.567138671875,1211.095703125,1105.8468017578125,1104.9749755859375,1038.6566162109375,1174.048095703125,1211.2777099609375,1598.236328125,1898.6832275390625,2186.6435546875,2851.462646484375
236,"The conclusion is that we must make the case for guidelines to be broad, indicative and flexible to assist our programme managers and fund-users and to get the maximum potential out of our new fields of regeneration.",en_multilingual_blimp_correct_affected.test,23047.990234375,764.0110473632812,629.3838500976562,515.7232055664062,404.2878723144531,283.8780517578125,284.0191345214844,303.0279846191406,314.0702209472656,246.74400329589844,290.4173278808594,302.29730224609375,281.0753479003906
237,PLEASE REMEMBER that this program remains successful because of the honesty and integrity of the participants and by their carefully adhering to directions.,en_multilingual_blimp_correct_affected.test,20600.236328125,1918.40869140625,760.5564575195312,510.25640869140625,407.9303894042969,309.0484313964844,256.7348327636719,269.6990661621094,372.4920349121094,333.37469482421875,343.35919189453125,473.1222229003906,364.13714599609375
238,This program remains successful because of the honesty and integrity of the participants.,en_multilingual_blimp_correct_affected.test,17505.78125,1254.1771240234375,631.7407836914062,564.4295043945312,391.8270263671875,394.36328125,360.9972229003906,301.4736328125,378.756103515625,453.0912780761719,464.3693542480469,784.2435302734375,510.65289306640625
239,"Whereas my answer to the question ""Where do you get your laundry done?"" used to be, ""At the checkout line at WalMart,"" I can honestly say the answer now is, ""At The Laundry Tub.""",en_multilingual_blimp_correct_affected.test,21752.4375,1302.8946533203125,1795.3824462890625,1486.85595703125,1443.6453857421875,1251.9376220703125,1190.181396484375,1118.0645751953125,1168.0347900390625,1030.3167724609375,1009.5106811523438,1144.2222900390625,1278.9775390625
240,"But the lack of specific guidelines here is particularly to be regretted, as the idea of linking Social Fund assistance to the employment strategy will be put into effect for the first time during the 2000-2006 programme.",en_multilingual_blimp_correct_affected.test,19927.283203125,1198.557861328125,790.6828002929688,599.4764404296875,516.53857421875,420.52679443359375,471.60723876953125,490.1662292480469,584.364990234375,521.6344604492188,511.26470947265625,639.7221069335938,708.8645629882812
241,"""The book -- I guess one way, one thing to think about it is -- one of the themes would be, I was given a charge to keep.",en_multilingual_blimp_correct_affected.test,28582.70703125,433.2204284667969,443.10247802734375,390.01531982421875,386.7510986328125,318.9757995605469,296.7169494628906,342.8367919921875,299.8378601074219,271.94085693359375,341.2942810058594,452.4449157714844,483.0946044921875
242,"But the opportunity for the renaissance of the railways is at hand, and that is what we should strive for.",en_multilingual_blimp_correct_affected.test,17913.419921875,537.1635131835938,407.5453796386719,431.8157043457031,252.5287628173828,195.30880737304688,166.24783325195312,163.61819458007812,196.67007446289062,172.48233032226562,208.23126220703125,203.8147735595703,271.1263122558594
243,"Thanks to repeated deployments to Iraq and Afghanistan, recruiting is at an all-time low.",en_multilingual_blimp_correct_affected.test,23927.705078125,4513.2294921875,2691.484375,4064.427001953125,2319.319580078125,1323.7506103515625,1158.30908203125,1135.4608154296875,1406.09130859375,1328.7833251953125,1294.6912841796875,1400.257568359375,1530.3612060546875
244,"These 22 countries, with all their oil and natural resources, have a combined GDP smaller than that of Netherlands plus Belgium and equal to half of the GDP of California alone.",en_multilingual_blimp_correct_affected.test,28043.236328125,1743.0841064453125,1797.13232421875,1912.2850341796875,1837.8218994140625,1545.8282470703125,1505.493408203125,1525.9766845703125,1493.4349365234375,1599.863525390625,1809.7572021484375,2406.853515625,2033.110107421875
245,The feeling of being swept along and of uncertainty as regards the future prevents you from seeing things in any perspective whatsoever.,en_multilingual_blimp_correct_affected.test,26959.890625,2398.510498046875,1396.44287109375,940.7803955078125,637.79345703125,436.3609619140625,558.9672241210938,452.56378173828125,376.33099365234375,441.2276611328125,524.3797607421875,674.8636474609375,792.9852294921875
246,The 1616 edition of Ben Jonson's Works names him on the cast lists for Every Man In His Humour (1598) and Sejanus His Fall (1603).,en_multilingual_blimp_correct_affected.test,26034.60546875,4605.05908203125,3812.84130859375,2423.445068359375,3949.9375,4043.96630859375,3560.737548828125,5070.64013671875,7280.69482421875,7767.41064453125,6696.00927734375,8970.1005859375,12971.3837890625
247,"Edward Shinza's one of the few who did his stretch and got his head split open that time by Her Majesty's brave boys, and where's he... back in the Bashi Flats among his old wives, for all I know, no one even mentions his name.",en_multilingual_blimp_correct_affected.test,25112.947265625,1566.4525146484375,1350.17724609375,1290.487060546875,1237.8519287109375,1217.3726806640625,1115.4078369140625,993.2907104492188,1258.6068115234375,1090.328857421875,1772.3541259765625,1833.8389892578125,2145.874267578125
248,She answers all questions asked and provides the best service i have ever seen.,en_multilingual_blimp_correct_affected.test,26167.62890625,1723.950927734375,1145.4898681640625,874.9469604492188,893.6173095703125,1209.361572265625,995.00439453125,894.2072143554688,1357.6131591796875,1358.513916015625,780.2442016601562,1231.38916015625,1272.501953125
249,"It is also a fact that almost everybody in the region blames this situation on the United States, on Israel, on Western Civilization, on Judaism and Christianity, on anyone and anything, except themselves.",en_multilingual_blimp_correct_affected.test,26286.736328125,1416.675537109375,2316.04833984375,2037.7076416015625,2009.398681640625,1463.9376220703125,1459.1783447265625,1257.6529541015625,1251.8587646484375,892.4224243164062,1192.7215576171875,1184.6800537109375,1500.8487548828125
250,"He needs a shower, and he picks his nose all the time.",en_multilingual_blimp_correct_affected.test,24774.751953125,699.8197021484375,729.9410400390625,610.1090087890625,399.5345458984375,432.0109558105469,446.8092956542969,443.94842529296875,512.052490234375,377.5278625488281,389.98577880859375,514.392578125,709.779052734375
251,It concentrates on combating unemployment and ensuring that everyone has a job.,en_multilingual_blimp_correct_affected.test,25518.564453125,2069.872802734375,1306.3193359375,1017.486572265625,943.98974609375,567.2557373046875,488.33929443359375,441.63494873046875,457.4210205078125,391.89129638671875,478.74053955078125,455.9054260253906,578.5263671875
252,The frequent reports from Algeria about the murders of hundreds of civilians in one village or another by other Algerians have nothing to do with Israel.,en_multilingual_blimp_correct_affected.test,20468.734375,921.7235107421875,693.6674194335938,483.5002136230469,363.9772644042969,311.65435791015625,319.3772888183594,329.97833251953125,292.9353942871094,302.7190856933594,369.5146789550781,471.7095642089844,434.6410827636719
253,It then proposes the creation of a European quality mark based on respect for the environmental criteria for production.,en_multilingual_blimp_correct_affected.test,26022.79296875,1091.0069580078125,1004.8555297851562,797.2456665039062,596.9889526367188,591.5364990234375,516.8492431640625,441.375,515.8075561523438,457.00067138671875,650.3941650390625,789.1253051757812,920.6425170898438
254,"Unemployent stays low because half the population oversees those ""out of the workforce"", the dregs, the rabble, the enemy?",en_multilingual_blimp_correct_affected.test,21682.9921875,4037.696533203125,7242.50927734375,7346.87255859375,7346.27001953125,6302.9775390625,5755.50634765625,6924.0380859375,8165.96728515625,5601.15869140625,6650.39892578125,5857.833984375,7452.953125
255,"The Commission accepts all of the contributions of the parliamentary committee and the rapporteur, Mr Koch, which are contained in the various amendments, specifically four.",en_multilingual_blimp_correct_affected.test,20145.6328125,2311.005615234375,1415.5828857421875,1352.532470703125,931.120361328125,786.8322143554688,709.09814453125,799.5950317382812,885.7085571289062,651.298828125,732.6602172851562,819.3961181640625,716.9041137695312
256,iv) Customer authorizes the Company to take any of the following actions (in any particular order):,en_multilingual_blimp_correct_affected.test,20308.08984375,1971.508056640625,1934.8189697265625,2208.7265625,1772.582275390625,1428.5616455078125,1174.5262451171875,1360.0888671875,1138.7156982421875,1341.1324462890625,1134.721435546875,1783.74560546875,1276.680419921875
257,"Her neck pushes forward in vein-accentuating confrontation, her hands shake.",en_multilingual_blimp_correct_affected.test,25610.720703125,10085.6728515625,7994.04443359375,9797.404296875,5688.1865234375,5694.8681640625,6135.0244140625,6469.8427734375,8595.7890625,9405.669921875,12028.3251953125,15555.2119140625,20532.177734375
258,"""Land of the kike home of the wop,"" says Compson to himself when he buys a bun from a small Italian girl.",en_multilingual_blimp_correct_affected.test,19501.90234375,1340.4630126953125,902.0550537109375,1111.3740234375,1206.49951171875,1536.4739990234375,972.208251953125,1264.9151611328125,1015.2365112304688,1148.6207275390625,1241.329345703125,1190.3135986328125,1454.8021240234375
259,"Abortion kills human life - it matters not if you kill it at 6 weeks or at 26 weeks, it's still the unnatural, violent death of a human baby for the sake of convenience.",en_multilingual_blimp_correct_affected.test,21316.353515625,1700.5059814453125,1413.717041015625,1247.0770263671875,1188.0625,1164.40673828125,1388.1441650390625,1401.9002685546875,1789.575439453125,1941.2064208984375,1808.7786865234375,2178.6787109375,2312.165283203125
260,"Since then, I now use a professional horse hauling service with people who ride with my horse to keep an eye on him, stop every few hours for water, and their trailers all have super smooth suspension.",en_multilingual_blimp_correct_affected.test,25300.42578125,1386.3350830078125,1072.3187255859375,756.1935424804688,781.6409912109375,729.6198120117188,814.0025024414062,939.0266723632812,958.9815673828125,1162.8321533203125,1320.36083984375,1372.124267578125,1791.9185791015625
261,The setting of mandatory measures requires proper consultation of the parties involved.,en_multilingual_blimp_correct_affected.test,16721.634765625,4986.52685546875,2133.91552734375,1357.221435546875,1139.95654296875,833.0426025390625,706.468994140625,901.4496459960938,943.1546630859375,885.6185913085938,1065.789794921875,1179.7926025390625,1126.798095703125
262,"For the quality, the prices ($4-$6) have to be the best in town.",en_multilingual_blimp_correct_affected.test,20549.376953125,1258.522705078125,943.1681518554688,838.1354370117188,1043.885986328125,1110.415283203125,1523.4560546875,2064.94091796875,2066.819580078125,2548.311767578125,2278.83251953125,2252.487548828125,2297.9765625
263,"Both towns have airports that are served regularly from the larger cities such as Sao Paulo, Rio de Janeiro and Buenos Aires.",en_multilingual_blimp_correct_affected.test,22563.953125,3084.48388671875,1686.9451904296875,985.294921875,572.4669799804688,327.4931640625,209.48960876464844,235.6663818359375,303.8152160644531,240.23565673828125,218.41061401367188,295.00115966796875,236.26181030273438
264,As the evaluation report also mentions (p. 14) that the organisation of Pericles actions covered all the areas relevant to the protection of the euro:,en_multilingual_blimp_correct_affected.test,17447.44921875,1518.991455078125,1132.021484375,991.110107421875,841.0728149414062,713.0700073242188,738.7224731445312,746.3518676757812,979.9202270507812,760.2631225585938,820.9096069335938,938.8081665039062,978.7869262695312
265,"a) Subject to earlier termination as provided below, this Service Agreement is for the total duration of the Company's Offering (the ""Initial Term"") unless either party requests termination at least 30 days prior to the end of the then-current term.",en_multilingual_blimp_correct_affected.test,23491.994140625,3548.882080078125,1999.347900390625,1706.4901123046875,1191.928955078125,968.968994140625,899.0020141601562,863.2970581054688,1195.552001953125,980.7518920898438,1045.56884765625,1243.4056396484375,1568.1864013671875
266,"She feeds well the baby on her own, the baby is ok but she does not go in the nest to stay with him at night...",en_multilingual_blimp_correct_affected.test,24135.412109375,560.6317749023438,633.89892578125,678.856689453125,551.1497192382812,509.266357421875,454.2817687988281,446.1980285644531,432.6465148925781,431.7953186035156,341.2552185058594,384.8173522949219,444.5877685546875
267,"Shakespeare's will scarcely mentions his wife, Anne, who was probably entitled to one third of his estate automatically.",en_multilingual_blimp_correct_affected.test,28140.9140625,2923.660888671875,2459.397216796875,1734.065185546875,1195.4322509765625,587.9401245117188,636.5753784179688,703.2407836914062,770.1067504882812,719.5751342773438,909.6017456054688,959.001708984375,1438.1507568359375
268,vii) Upon a force majeure event that materially prevents or impedes a party from performing its obligations hereunder for a period of more than 10 business days.,en_multilingual_blimp_correct_affected.test,24267.5,2938.8681640625,1775.9180908203125,1290.501220703125,951.8104858398438,837.6607666015625,806.9584350585938,807.90087890625,963.4628295898438,942.2969360351562,808.3547973632812,1527.3912353515625,1595.330810546875
269,"The 22 member countries of the Arab league, from Mauritania to the Gulf States, have a total population of 300 millions, larger than the US and almost as large as the EU before its expansion.",en_multilingual_blimp_correct_affected.test,22660.80078125,1536.2548828125,1904.5118408203125,1554.484619140625,1099.4306640625,768.0857543945312,638.289306640625,567.5609130859375,625.6092529296875,639.1689453125,663.1626586914062,690.2600708007812,696.7394409179688
270,Plus she plans a monthly breakfasts and other events at the clubhouse which is a nice added benefit.,en_multilingual_blimp_correct_affected.test,21784.69921875,1016.4910278320312,785.9559326171875,925.0888061523438,752.4804077148438,666.3005981445312,689.0455932617188,653.320068359375,554.9840087890625,706.760498046875,613.6375732421875,912.2383422851562,1048.08447265625
271,"We know that the refiners already have refineries producing clean diesel, but not for Europe. For the United States and Japan.",en_multilingual_blimp_correct_affected.test,25201.28515625,1257.0084228515625,951.8545532226562,965.0726318359375,822.4278564453125,654.8617553710938,662.328369140625,556.2183227539062,680.3058471679688,703.953369140625,718.7459106445312,575.6359252929688,727.2443237304688
272,"In the lower part, there are three palm trees overlooking the sea, which represent the love that the people of this Island have for their land.",en_multilingual_blimp_correct_affected.test,22405.509765625,944.2139282226562,940.0503540039062,934.05224609375,630.8007202148438,625.1511840820312,660.7605590820312,712.3599853515625,692.56494140625,580.2763061523438,779.396728515625,913.6453247070312,1119.1429443359375
273,which flights from pittsburgh to atlanta have the lowest coach class fares,en_multilingual_blimp_correct_affected.test,21007.259765625,7469.64697265625,3817.6298828125,2292.91748046875,2101.25,1831.8341064453125,1612.1278076171875,2057.658447265625,2734.135009765625,2949.40576171875,3804.810302734375,4873.291015625,4597.80126953125
274,"The Kerry camp blames Bush for the Swift boat veterans ’ attack, but anyone who has spent much time talking to the Swifties gets the sense that they are doing it entirely for their own reasons.",en_multilingual_blimp_correct_affected.test,21045.48046875,1714.2069091796875,1439.5545654296875,1058.1553955078125,789.1226806640625,660.6055908203125,601.90966796875,579.6468505859375,670.0538330078125,711.6365356445312,814.4606323242188,744.2913208007812,936.6528930664062
275,The points system acts as a guide to sort out the best candidates.,en_multilingual_blimp_correct_affected.test,27699.318359375,1298.0125732421875,1064.0545654296875,1252.567626953125,721.4386596679688,670.0324096679688,487.4431457519531,714.1551513671875,436.8295593261719,416.5356140136719,534.07421875,487.4296875,532.0277709960938
276,And when I move it I guess he figures I'm playing. x.x,en_multilingual_blimp_correct_affected.test,23867.7421875,1705.46337890625,929.8017578125,853.4293823242188,1121.7293701171875,907.359130859375,938.5476684570312,668.2449951171875,687.9060668945312,735.4832763671875,797.7852783203125,947.709228515625,832.390625
277,Open the door and let him out and see how he acts.,en_multilingual_blimp_correct_affected.test,23255.111328125,466.23577880859375,183.48886108398438,207.67893981933594,100.14205932617188,54.67708969116211,59.348731994628906,62.09707260131836,55.36871337890625,48.036155700683594,61.88197326660156,78.59070587158203,52.50926971435547
278,"The color of these is that of the ground itself, and on this strange deadness the melting air presses with an almost human weight.",en_multilingual_blimp_correct_affected.test,23494.884765625,1092.4609375,1055.1500244140625,997.8994140625,791.608154296875,721.2415771484375,740.282470703125,929.59033203125,1046.70556640625,1204.838134765625,1602.456298828125,1778.3671875,2052.8720703125
279,"But the evidence is clear, and it demands action.",en_multilingual_blimp_correct_affected.test,25691.546875,1593.402099609375,3350.909912109375,2405.296630859375,1988.1695556640625,2610.041015625,3148.05078125,4852.6298828125,2937.69970703125,3346.736083984375,3155.002685546875,2678.216064453125,8254.7900390625
280,She is just being friendly in public because she does not want to offend you and she treats you like any other friend.,en_multilingual_blimp_correct_affected.test,20569.533203125,415.6885681152344,262.7798767089844,235.66119384765625,161.66249084472656,141.63681030273438,122.47081756591797,123.31783294677734,123.08543395996094,126.1875228881836,140.02267456054688,130.1490020751953,163.60813903808594
281,We hope that those considering rejection of these amendments have very powerful reasons to offer to both Parliament and their citizens who are seeking employment.,en_multilingual_blimp_correct_affected.test,25656.36328125,1343.5999755859375,851.1599731445312,840.1537475585938,540.5812377929688,539.3536376953125,550.7905883789062,527.5191650390625,533.391357421875,527.0062255859375,511.55224609375,586.2221069335938,730.853515625
282,"But air traffic controllers in Baghdad have no record of the flights, which supposedly took off between July 2004 and July 2005.",en_multilingual_blimp_correct_affected.test,25575.18359375,3727.857666015625,1622.277587890625,1204.72607421875,1037.2188720703125,779.7298583984375,654.8976440429688,618.5969848632812,770.8665771484375,782.8995971679688,726.9586181640625,884.2791748046875,822.9994506835938
283,It sounds like a firmware issue and the camera requires a re-boot just like what happens in a computer - needs a re-start from time to time but it shouldn't be happening in a camera.,en_multilingual_blimp_correct_affected.test,21640.642578125,631.8663940429688,384.3165588378906,330.1867370605469,241.4799346923828,222.93067932128906,180.58453369140625,184.6151123046875,186.79103088378906,163.9687957763672,171.50489807128906,222.0772247314453,208.03773498535156
284,"The Neocons in the CPA have all sorts of ulterior motives and social experiments they want to impose on the Iraqi people, including Polish-style economic shock therapy, some sort of sweetheart deal for Israel, and maybe even breaking the country up into three parts.",en_multilingual_blimp_correct_affected.test,23720.541015625,1714.552001953125,1485.0086669921875,1535.2706298828125,1266.0272216796875,1110.8214111328125,962.3421020507812,1016.1450805664062,1174.657470703125,1186.8858642578125,1142.412841796875,1485.6751708984375,1351.4622802734375
285,"At times I suspect that the world would be glad to see the last of its Christianity, and that it is the persistency of the Jews that prevents it.",en_multilingual_blimp_correct_affected.test,20800.84765625,358.4339294433594,262.50836181640625,235.87176513671875,179.1265869140625,165.2001495361328,175.88682556152344,193.86837768554688,212.68206787109375,202.3543701171875,192.1728515625,228.3369598388672,328.5141906738281
286,"Sustainable development also requires proper consideration of the health, social and economic impact of the measures envisaged.",en_multilingual_blimp_correct_affected.test,18619.052734375,2846.802734375,1952.1839599609375,1601.220458984375,1040.2218017578125,770.4410400390625,780.5582275390625,675.1939086914062,545.1025390625,557.9387817382812,649.13037109375,787.7433471679688,1015.106689453125
287,We have shown that the future of the audio-visual industry is a debate which crosses all political and national boundaries.,en_multilingual_blimp_correct_affected.test,19858.15234375,1042.5457763671875,627.8626098632812,516.0798950195312,487.4750061035156,404.37579345703125,437.99072265625,413.4153137207031,524.335693359375,761.6419677734375,516.4976806640625,750.7887573242188,797.4117431640625
288,It drives Mum mad.,en_multilingual_blimp_correct_affected.test,17581.759765625,8873.615234375,7713.37646484375,5298.919921875,2711.93701171875,3658.125732421875,4924.24560546875,3744.633056640625,9830.6953125,10885.5009765625,10422.22265625,23494.818359375,26948.06640625
289,"Many people at Enron already have this type of chair, but we rarely, if ever, have a surplus because they are so popular.",en_multilingual_blimp_correct_affected.test,21704.673828125,1836.373046875,2261.203369140625,1753.5758056640625,1407.687255859375,1200.8043212890625,884.3720092773438,991.9706420898438,879.1289672851562,779.9637451171875,745.363525390625,1214.792724609375,1634.3675537109375
290,My boyfriend has one and when she's hungry she attacks the pinkie right away.,en_multilingual_blimp_correct_affected.test,25020.791015625,2208.256103515625,1281.6636962890625,1304.4189453125,1263.461669921875,1295.1104736328125,1298.527099609375,1209.1199951171875,1430.3480224609375,2617.705078125,2204.72705078125,2411.115234375,3105.68603515625
291,I saw a site that charges $0.70 per mile.,en_multilingual_blimp_correct_affected.test,25511.38671875,1659.9483642578125,957.5299682617188,853.7366333007812,811.935546875,923.25341796875,795.2822875976562,1051.2198486328125,1300.6141357421875,1059.6297607421875,1590.2725830078125,1479.339111328125,2552.49658203125
292,He mentions his wife's death having an effect on him.,en_multilingual_blimp_correct_affected.test,25932.267578125,1593.9903564453125,1200.579833984375,1095.6683349609375,821.1444702148438,461.39495849609375,452.7461853027344,646.6425170898438,386.72344970703125,760.17138671875,784.4904174804688,704.0997314453125,885.5645141601562
293,"The yarns of seamen have a direct simplicity, the whole meaning of which lies within the shell of a cracked nut.",en_multilingual_blimp_correct_affected.test,22805.2734375,1550.9373779296875,1618.72607421875,1773.9232177734375,1443.1925048828125,1431.4808349609375,1183.8572998046875,1021.895263671875,1123.9534912109375,1106.3868408203125,1640.46923828125,1457.681884765625,1683.7939453125
294,"There are many legends among seafaring people of a bright fish so hot that it shines in the deepest water, a star dropped and finned from God, an alchemical mystery, the union of fire and water, coniuntis oppositorum that transforms itself and others.",en_multilingual_blimp_correct_affected.test,22011.53515625,2122.79541015625,1827.7080078125,1574.6055908203125,1317.7689208984375,990.1204833984375,1008.4854736328125,1061.963134765625,1302.28662109375,1179.9534912109375,1251.583740234375,1565.6318359375,1768.7835693359375
295,"Iron is an essential element the body requires to produce hemoglobin, the protein found in red blood cells that's responsible for transporting oxygen to tissues in the body.",en_multilingual_blimp_correct_affected.test,22813.125,1205.5703125,1026.7178955078125,808.2935791015625,580.2492065429688,402.2510986328125,256.77239990234375,252.0955047607422,233.80162048339844,190.47451782226562,182.24716186523438,199.7626953125,228.68214416503906
296,"(8) This Directive seeks to achieve a high level of protection for the environment by reducing the potential environmental impact of EUPs, which will ultimately be beneficial to consumers and other end-users.",en_multilingual_blimp_correct_affected.test,22210.083984375,1888.3837890625,1080.395263671875,732.275390625,593.4429321289062,362.83740234375,316.5649108886719,285.7737731933594,270.9510803222656,254.80868530273438,297.9131774902344,287.2266540527344,350.4886474609375
297,"When you open an Access file, if Access doesn't find a referenced file in the specified location, it searches for the reference as follows.",en_multilingual_blimp_correct_affected.test,23690.40625,2701.337158203125,1942.8956298828125,1588.206787109375,1358.884521484375,939.895263671875,943.7313842773438,1198.6715087890625,1342.6566162109375,1218.0509033203125,1378.07470703125,1927.2978515625,2041.731201171875
298,Other shops around this city have MUCH NICER and more TRANSPARENT owners.,en_multilingual_blimp_correct_affected.test,26165.009765625,3834.381103515625,1317.7945556640625,1191.074462890625,1842.4320068359375,1166.6766357421875,1005.9164428710938,1314.52734375,1474.95458984375,1803.1727294921875,2621.556396484375,3708.687744140625,2659.54052734375
299,"Some critics consider Balzac's writing exemplary of naturalism - a more pessimistic and analytical form of realism, which seeks to explain human behavior as intrinsically linked with the environment.",en_multilingual_blimp_correct_affected.test,25185.474609375,2318.082275390625,1215.3367919921875,976.8015747070312,665.3985595703125,459.51531982421875,450.149658203125,379.4381408691406,455.4319763183594,429.9234619140625,492.2691650390625,511.5863342285156,749.3530883789062
300,"Loads of places have geographical hazards, if you are constantly paranoid, you 'll never get anywhere without a sense of adventure.",en_multilingual_blimp_correct_affected.test,22482.392578125,2657.31298828125,2425.737548828125,1334.7901611328125,1310.713134765625,864.1973876953125,826.09130859375,866.43505859375,846.0093994140625,914.4019165039062,1072.9345703125,1930.610107421875,2012.2359619140625
301,"Busy-minded people, with their head-culture that touches all surfaces, have heard of Einstein.",en_multilingual_blimp_correct_affected.test,26200.791015625,3044.466552734375,1935.2701416015625,1538.4005126953125,1298.157470703125,921.3627319335938,872.5001220703125,645.7840576171875,797.6292724609375,741.8567504882812,914.38232421875,1055.4583740234375,1110.322021484375
302,The report mentions best practice and standards in health care.,en_multilingual_blimp_correct_affected.test,28585.298828125,5073.15087890625,2137.5185546875,956.2929077148438,989.1016845703125,729.6998901367188,775.974365234375,862.6231079101562,1106.027587890625,865.9724731445312,1221.90478515625,1279.7559814453125,3654.795654296875
303,"Note that the No ""Out"" version requires us to pay the premium on Tuesday!",en_multilingual_blimp_correct_affected.test,23466.267578125,2658.156005859375,3393.3662109375,2030.89697265625,1626.2049560546875,1636.0166015625,1907.279052734375,2249.906982421875,1805.1719970703125,2129.634765625,1213.9410400390625,1950.9686279296875,1727.493408203125
304,This is a thought that sometimes crosses Jewish minds.,en_multilingual_blimp_correct_affected.test,24559.8359375,1932.1546630859375,1283.87744140625,780.5478515625,699.5948486328125,699.4990844726562,641.0968627929688,720.1923217773438,754.00439453125,680.787109375,1255.7132568359375,1209.2139892578125,1494.81201171875
305,"It is not as precise as a pelham bit because it only uses one rein, though the modern ones have two or three slots on which to put the reins.",en_multilingual_blimp_correct_affected.test,20568.787109375,1035.0701904296875,964.8646240234375,928.2623291015625,718.138916015625,545.8576049804688,543.0452270507812,511.0646057128906,552.4329223632812,528.692626953125,603.3634643554688,730.8141479492188,708.0422973632812
306,"If Access doesn't find a RefLibPaths key, it searches for the referenced file in the locations listed below in the following order:",en_multilingual_blimp_correct_affected.test,24162.01171875,2124.972900390625,1609.1309814453125,1601.1754150390625,914.7320556640625,824.1343383789062,784.7593994140625,798.44287109375,955.1723022460938,850.381103515625,947.2506713867188,1636.5753173828125,1096.1025390625
307,"All of these problems have solutions, at least in the short to medium run.",en_multilingual_blimp_correct_affected.test,28412.548828125,1848.73583984375,1273.5533447265625,1168.61474609375,785.1730346679688,1006.8551635742188,1066.0865478515625,1087.69091796875,1053.1710205078125,1165.9447021484375,1199.981689453125,1459.86181640625,2029.4381103515625
308,"The teachers all have favourites, that Hermione Granger –",en_multilingual_blimp_correct_affected.test,28374.50390625,5066.521484375,5156.01025390625,3235.57421875,3962.82275390625,3223.829833984375,4090.16064453125,5281.10595703125,5135.89404296875,5963.3515625,6242.70068359375,8067.82958984375,7622.92333984375
309,"It acts queerly on my nerves (through the feet, as it were), because I feel that a good part of this dust must be ground out of human bone.",en_multilingual_blimp_correct_affected.test,26085.60546875,847.7882690429688,1279.6241455078125,1162.3863525390625,1166.8345947265625,1219.174072265625,1151.6749267578125,1503.205078125,1547.5281982421875,1493.521728515625,2407.492919921875,2934.875732421875,3782.29296875
310,Suicide murders also have nothing to do with poverty and despair.,en_multilingual_blimp_correct_affected.test,27376.53515625,1063.72119140625,712.157958984375,354.6689453125,180.49378967285156,254.5161590576172,235.393798828125,187.7509765625,240.19544982910156,323.0366516113281,201.94461059570312,328.3663330078125,340.704345703125
311,"Many people at Enron already have this type of chair, but we rarely, if ever, have a surplus because they are so popular.",en_multilingual_blimp_correct_affected.test,21704.673828125,1836.3721923828125,2261.203369140625,1753.5758056640625,1407.687255859375,1200.8037109375,884.3724365234375,991.9711303710938,879.1302490234375,779.9644775390625,745.363525390625,1214.7933349609375,1634.36669921875
312,I guess those guns will be located enroute to Venezuela or found in storage there by one of the US's local stooges and they then have a pretext to ramp the spin up a notch or two.,en_multilingual_blimp_correct_affected.test,23060.279296875,1105.80029296875,736.195556640625,503.8079528808594,430.7428283691406,346.0256042480469,326.4183654785156,372.7320556640625,405.138916015625,421.71575927734375,460.39459228515625,397.7469482421875,512.081787109375
313,And the national judges frequently have difficulty in understanding and applying the concept of indirect discrimination.,en_multilingual_blimp_correct_affected.test,21997.4140625,1795.1427001953125,1254.0712890625,899.430419921875,630.0179443359375,797.4878540039062,721.6808471679688,820.5518798828125,921.3904418945312,745.7090454101562,909.92626953125,844.7916259765625,1056.9300537109375
314,Pools The Mariner of the Seas and Liberty both had salt water pools - which most cruise ships have.,en_multilingual_blimp_correct_affected.test,25299.267578125,3005.054443359375,2036.565185546875,1353.69775390625,1301.008544921875,1106.0286865234375,986.218994140625,1048.5704345703125,1132.4549560546875,1195.14794921875,1096.1981201171875,937.0103149414062,1023.6157836914062
315,China's insatiable demand for energy is prompting fears of financial and diplomatic collisions around the globe as it seeks reliable supplies of oil from as far away as Brazil and Sudan.,en_multilingual_blimp_correct_affected.test,24334.80078125,2051.07470703125,762.1138916015625,601.439697265625,483.0662841796875,390.00067138671875,354.5010681152344,373.09515380859375,506.8140563964844,555.9642333984375,518.5036010742188,645.2774047851562,696.5723266601562
316,"Firstly, it proposes the adoption of a regulation improving the transparency and authenticity of quality marks.",en_multilingual_blimp_correct_affected.test,27610.705078125,2542.810791015625,1674.3360595703125,1602.82080078125,1466.9521484375,1306.5504150390625,1819.6597900390625,1950.24951171875,1733.7462158203125,1846.459228515625,2289.478271484375,2401.503173828125,3222.861572265625
317,Mr. ARCHIBALD: People have different ways of starting the days in any office.,en_multilingual_blimp_correct_affected.test,28998.6171875,1801.3970947265625,644.2578735351562,840.870361328125,745.0067749023438,549.8563842773438,366.124755859375,585.3826904296875,882.8492431640625,946.1591186523438,861.6356201171875,1530.1307373046875,1227.7481689453125
318,They have unbeatable price in town and deliver on time.,en_multilingual_blimp_correct_affected.test,31285.177734375,1375.3995361328125,904.783203125,733.4873046875,628.0458374023438,509.62322998046875,415.38580322265625,489.75927734375,416.30108642578125,592.44482421875,634.3422241210938,694.333251953125,625.4857788085938
319,The cast members really have to have incredibly powerful voices to pull off a few of the most poignant numbers ( I think this could be your true calling).,en_multilingual_blimp_correct_affected.test,23140.978515625,714.11767578125,582.2827758789062,655.650390625,512.3143310546875,316.81634521484375,269.12969970703125,268.5557556152344,314.222900390625,295.2665710449219,346.90118408203125,431.74200439453125,629.98193359375
320,The EU is an inspiring political structure that seeks to break the mold of the nineteenth-century nation-state.,en_multilingual_blimp_correct_affected.test,25718.267578125,4086.382568359375,1842.2589111328125,1285.394775390625,757.9956665039062,694.3193359375,426.3805236816406,480.55767822265625,482.34100341796875,466.1326599121094,513.0347290039062,661.7815551757812,624.2855224609375
321,Sussexs have soft feathers.,en_multilingual_blimp_correct_affected.test,18374.759765625,6312.9814453125,12497.2373046875,16867.916015625,9892.41796875,9690.4755859375,5508.7333984375,5206.5390625,8040.3779296875,3056.93017578125,4660.86181640625,4547.32177734375,3294.428466796875
322,"It may also require establishing community childcare centers, so that women farmers have the option to spend more time farming.",en_multilingual_blimp_correct_affected.test,22395.36328125,3541.11328125,2746.369140625,2423.545654296875,1307.8792724609375,866.6627197265625,602.8983764648438,753.2694702148438,921.8386840820312,723.827880859375,715.46533203125,950.3751831054688,1224.5341796875
323,These animals have the misfortune to produce a substance that is useful in the manufacture of perfume.,en_multilingual_blimp_correct_affected.test,22034.806640625,1004.1844482421875,366.7562561035156,231.38792419433594,210.69515991210938,196.14561462402344,114.97572326660156,132.9849395751953,131.90008544921875,133.41665649414062,140.3474884033203,212.4236297607422,145.9364013671875
324,"Anyone else find it a little suspicious that there are not only 20 reviews for this dentist (a HUGE number compared to the others in the area), but that they all have the same unique grammar structure?",en_multilingual_blimp_correct_affected.test,23594.244140625,799.4169921875,736.1600952148438,707.0531005859375,592.8362426757812,586.3261108398438,527.7236938476562,528.5784301757812,612.6627807617188,500.3955078125,529.9487915039062,738.7221069335938,745.524169921875
325,Obviously the foreign offices have issues that may not apply in the US (although LA. is about as close as you can get to a third world country).,en_multilingual_blimp_correct_affected.test,25156.59765625,775.2916259765625,739.1600952148438,635.1536865234375,402.96697998046875,333.8309020996094,398.34844970703125,406.44696044921875,401.2973937988281,465.05767822265625,523.08935546875,643.683349609375,793.12060546875
326,"There should be a Pixel Mapping function in the menu that will get rid of them, most sensors have a few dead and flipped pixels, some only show up on long exposures.",en_multilingual_blimp_correct_affected.test,23249.525390625,774.5947265625,813.5919189453125,844.9305419921875,688.55029296875,621.8223266601562,806.3975830078125,783.9548950195312,912.4005737304688,795.660400390625,1035.35400390625,1290.63671875,1372.9744873046875
327,"It is true, but unhelpful, to say that governments have only themselves to blame for having recklessly rushed into this wild ride.",en_multilingual_blimp_correct_affected.test,22261.720703125,1961.826416015625,2311.733154296875,2141.5380859375,1436.9642333984375,1379.88037109375,1016.1973876953125,800.6716918945312,661.995849609375,717.7838745117188,756.0125732421875,804.5171508789062,1188.4534912109375
328,"I think I was happy, in the maddening determined way that children have of being happy, and it was that happiness that worked as a magnet on both of my parents.",en_multilingual_blimp_correct_affected.test,22472.490234375,642.6918334960938,844.91845703125,785.683837890625,716.6775512695312,725.1234130859375,784.70361328125,900.8690795898438,1012.7608642578125,1081.4244384765625,1137.0179443359375,1981.467041015625,1732.0770263671875
329,"When the apparently cognitively functional take actions that seem senseless and incompetent, it is a most certain sign that they have ulterior or hidden motives.",en_multilingual_blimp_correct_affected.test,26189.17578125,2356.63134765625,1900.6650390625,1544.392333984375,806.5525512695312,694.3130493164062,653.0017700195312,581.0216674804688,778.8933715820312,843.3402099609375,701.831787109375,1020.331298828125,1313.2166748046875
330,"Their selection is random, so what they have on a given week might never be available again at the store.",en_multilingual_blimp_correct_affected.test,26080.232421875,759.1538696289062,922.489501953125,919.1801147460938,791.365478515625,829.8110961914062,703.6328735351562,802.82177734375,832.9242553710938,857.687255859375,920.0574951171875,1233.4876708984375,1484.3822021484375
331,Developing countries have a lot to gain from attracting multinational firms.,en_multilingual_blimp_correct_affected.test,30390.26171875,1136.1182861328125,508.2682800292969,391.5524597167969,273.3922424316406,135.1440887451172,183.9606170654297,119.97637939453125,130.5702667236328,131.6783905029297,153.084716796875,153.18191528320312,155.6427001953125
332,"""Time is the best teacher, except for the fact that it kills off its best students""",en_multilingual_blimp_correct_affected.test,20304.52734375,1006.9347534179688,757.555908203125,874.2913208007812,856.3513793945312,965.6567993164062,854.276611328125,1099.4107666015625,1238.5244140625,1379.218017578125,1431.501953125,1435.52197265625,1393.939453125
333,I rarely listen to the news or to what politicians or lawyers say because so many tell lies that none have credibility so what's the point?,en_multilingual_blimp_correct_affected.test,20135.259765625,1550.5928955078125,995.8544921875,946.4447631835938,998.1878662109375,791.6221313476562,823.9409790039062,823.5340576171875,896.43701171875,1045.09716796875,1084.412841796875,1472.1328125,1981.14208984375
334,8 - Number of members of the US Senate and House of Representatives who have a child serving in the military.,en_multilingual_blimp_correct_affected.test,22048.765625,728.3041381835938,485.5154724121094,359.28936767578125,241.05886840820312,136.2919464111328,93.53648376464844,95.9879150390625,86.58720397949219,94.95303344726562,84.57347106933594,66.20870208740234,90.75178527832031
335,what airlines have business class service between boston and san francisco,en_multilingual_blimp_correct_affected.test,21644.419921875,7872.7509765625,3819.4541015625,2237.34814453125,3233.44580078125,3838.14208984375,4744.619140625,3978.5263671875,4565.47607421875,3753.04150390625,4287.71484375,6857.51416015625,5358.8818359375
336,"Users have full functionality and interactivity with components, including run-time and design-time capabilities.",en_multilingual_blimp_correct_affected.test,24756.025390625,7187.38134765625,9560.01171875,4164.484375,4544.5166015625,2900.463134765625,2285.196044921875,2991.554931640625,2160.852294921875,2949.921875,4012.8173828125,3776.907958984375,3178.46826171875
337,These theme parks have all types of facilities.,en_multilingual_blimp_correct_affected.test,34876.81640625,3957.1767578125,1867.374267578125,2101.89013671875,986.7830200195312,1103.503662109375,1003.9230346679688,1069.597412109375,1145.34619140625,1086.25048828125,954.7501831054688,1622.035400390625,2443.909912109375
338,Also these cults have multimillions yet the women and kids live in poverty so the leaders can live the high life.,en_multilingual_blimp_correct_affected.test,20467.095703125,888.12255859375,752.50048828125,759.24658203125,539.1964721679688,670.2142333984375,706.8386840820312,761.982666015625,956.7135009765625,1270.61572265625,886.5079345703125,1762.2247314453125,1483.4742431640625
339,Newer semi-automatic wangs have a rail built into the receiver under the shaft.,en_multilingual_blimp_correct_affected.test,21461.0546875,2657.68310546875,1616.5902099609375,1611.048095703125,1399.945068359375,1129.771240234375,1312.10888671875,1988.7745361328125,1909.1033935546875,1808.783935546875,2292.887939453125,3141.500732421875,2483.304931640625
340,They have fabulous French toast too.,en_multilingual_blimp_correct_affected.test,23324.41015625,8625.8857421875,6136.001953125,4873.3974609375,3319.529296875,4478.6240234375,2465.0927734375,3147.513427734375,2537.120849609375,4515.412109375,3661.986328125,4089.333740234375,6345.5703125
341,0 - Number of principal civilian or Pentagon staff members who planned the war who have immediate family members serving in uniform in Iraq.,en_multilingual_blimp_correct_affected.test,27791.21484375,2939.8662109375,2219.552734375,2001.49609375,1332.4874267578125,1227.0411376953125,1100.3426513671875,990.6234130859375,998.0721435546875,1420.8204345703125,888.5969848632812,1482.106201171875,1612.041015625
342,"Also if they have diarrhea, check in with your foster coordinator.",en_multilingual_blimp_correct_affected.test,29277.2734375,1846.1131591796875,1831.611328125,1686.41748046875,1604.97216796875,1515.72607421875,1541.8184814453125,1709.2825927734375,2183.97412109375,2200.161865234375,2065.18115234375,2468.202392578125,3237.546630859375
343,(3) Parents have a prior right to choose the kind of education that shall be given to their children.,en_multilingual_blimp_correct_affected.test,25231.77734375,439.96142578125,259.5013732910156,260.24029541015625,257.6600341796875,194.95086669921875,153.011962890625,154.3756866455078,177.9358673095703,191.62107849121094,159.329345703125,191.75689697265625,199.43946838378906
344,"Some reporters (you know, the ones with journalistic ethics) have actually uncovered the truth about George Bush's service in the Texas Air National Guard.",en_multilingual_blimp_correct_affected.test,21799.953125,3919.845703125,2167.533203125,1692.4432373046875,1582.035400390625,1610.531982421875,1577.4229736328125,1405.93701171875,1631.099853515625,1902.9267578125,2031.5111083984375,2639.451416015625,2389.837646484375
345,Two decades of pickling his nervous system in various highly toxic substances have left Bush damaged goods.,en_multilingual_blimp_correct_affected.test,27876.955078125,5863.51318359375,2382.654296875,1331.9969482421875,1326.5396728515625,963.574951171875,1022.7459106445312,1327.3603515625,1057.4381103515625,1530.6217041015625,2199.31640625,2865.699951171875,3895.172607421875
346,Their attempts to ingratiate themselves with India and other neutralist nations have gained them little.,en_multilingual_blimp_correct_affected.test,21150.771484375,3627.7373046875,2316.01513671875,2200.971923828125,1504.6407470703125,1557.105712890625,1061.1092529296875,1106.408935546875,940.4588012695312,949.335693359375,1105.7344970703125,1905.0557861328125,1757.2227783203125
347,"Busy-minded people, with their head-culture that touches all surfaces, have heard of Einstein.",en_multilingual_blimp_correct_affected.test,26200.791015625,3044.466552734375,1935.2701416015625,1538.4005126953125,1298.157470703125,921.3627319335938,872.5001220703125,645.7840576171875,797.6292724609375,741.8567504882812,914.38232421875,1055.4583740234375,1110.322021484375
348,"A large number of them are Bangladeshis, who like millions of their countrymen have left their densely populated homeland to settle elsewhere.",en_multilingual_blimp_correct_affected.test,23150.625,2132.000244140625,1424.726806640625,1234.3602294921875,807.898193359375,556.9972534179688,550.748291015625,496.8353271484375,361.7040100097656,461.4383239746094,451.5140686035156,355.8114929199219,485.45782470703125
349,Two vaunted economists - one a Nobel Prize winner and the other a nationally renowned budget expert - have analyzed the data at hand and put a price tag on the Iraq occupation.,en_multilingual_blimp_correct_affected.test,21394.171875,1981.217529296875,1171.7388916015625,929.9627075195312,745.9480590820312,575.724365234375,540.9887084960938,528.6185302734375,590.2989501953125,612.0846557617188,677.7127685546875,708.090576171875,1128.280517578125
350,Biographers attempting to account for this period have reported many apocryphal stories.,en_multilingual_blimp_correct_affected.test,27918.404296875,3453.130615234375,1882.4735107421875,1182.440673828125,922.7622680664062,522.190185546875,574.3089599609375,394.5803527832031,578.0573120117188,377.6997985839844,476.38409423828125,656.5263061523438,504.9222106933594
351,"I don't believe that we are quite at the point that we can say that all business controllers worldwide have reviewed, understand and have implemented these standards.",en_multilingual_blimp_correct_affected.test,24478.94921875,687.358154296875,557.9488525390625,479.0042724609375,478.82135009765625,400.4566955566406,460.521484375,371.7558288574219,439.0713806152344,753.4074096679688,539.5506591796875,604.7335815429688,722.3477172851562
352,"Expressions such as ""with bated breath"" (Merchant of Venice) and ""a foregone conclusion"" (Othello) have found their way into everyday English speech.",en_multilingual_blimp_correct_affected.test,28203.947265625,6486.63525390625,5954.98095703125,4707.38720703125,4332.828125,3965.76025390625,3975.378173828125,3010.24609375,3582.960693359375,3714.822265625,4594.66650390625,5343.3681640625,7301.42236328125
353,"As a result, Malthus's concerns about mass starvation have failed to materialize in any peaceful capitalist economy.",en_multilingual_blimp_correct_affected.test,29307.892578125,3205.340576171875,2557.60009765625,2250.955322265625,1344.073486328125,862.520263671875,983.4900512695312,1231.495361328125,1117.6781005859375,1031.9708251953125,1279.9639892578125,1557.5660400390625,1793.171630859375
354,Some speakers have already mentioned unemployment and the fall in population.,en_multilingual_blimp_correct_affected.test,31733.05859375,1911.3424072265625,809.4568481445312,830.6769409179688,883.5850219726562,855.7092895507812,777.3731689453125,642.91650390625,911.434814453125,1101.9111328125,1173.02294921875,1215.444091796875,1036.191650390625
355,Four students at Roma Tre University have developed a motorcycle helmet that can'read thoughts' by helping to anticipate drivers'actions.,en_multilingual_blimp_correct_affected.test,22064.833984375,5162.80029296875,5085.28466796875,3484.800537109375,3262.437744140625,3486.459228515625,2824.035888671875,2560.677734375,3582.427734375,4396.38720703125,3662.402099609375,4700.375,5120.01513671875
356,At the same time I do know people who have had horses come back successfully after EPM.,en_multilingual_blimp_correct_affected.test,25950.548828125,626.325927734375,323.7331848144531,306.07049560546875,232.8466033935547,269.5408020019531,232.5599822998047,261.7003479003906,228.99237060546875,232.2162322998047,299.48590087890625,298.5548400878906,336.899169921875
357,"Armed militias, many staffed by former Iraqi military men with substantial training and experience, have proliferated.",en_multilingual_blimp_correct_affected.test,22458.029296875,5658.47216796875,4709.83837890625,2642.81396484375,2412.133056640625,1599.938232421875,1841.9163818359375,1958.268310546875,1422.841552734375,1124.6617431640625,1685.0380859375,2151.332763671875,2229.521484375
358,"Many leading health researchers, including Kelly Brownell, David Ludwig, and Walter Willett, have documented these problems.",en_multilingual_blimp_correct_affected.test,30316.15625,8805.7939453125,11137.162109375,10910.0595703125,9815.4443359375,6659.98876953125,5578.375,5266.46044921875,6197.93701171875,7322.54443359375,10127.2421875,6905.2177734375,12603.6533203125
359,"After every world war, the rules of international law have changed, and the same will happen after the present one.",en_multilingual_blimp_correct_affected.test,27646.98828125,623.063232421875,1088.8828125,1208.2330322265625,883.9327392578125,929.6567993164062,1070.561279296875,1150.1092529296875,1050.521240234375,1042.2138671875,1243.5284423828125,1992.694091796875,2899.53271484375
360,"While most U.S. secretaries of state -- save perhaps Dean Rusk -- have gobbled up credit for outcomes that they had little to do with, few have been as brazen as Colin Powell.",en_multilingual_blimp_correct_affected.test,25507.859375,2171.975830078125,1420.302978515625,1298.741943359375,924.5733032226562,761.0077514648438,664.143310546875,658.5731201171875,695.8177490234375,767.5350341796875,736.0625,843.6008911132812,1080.0474853515625
361,Projects implemented with support from the Union have had their effect watered down all too often by slow decision making and complicated administrative processes.,en_multilingual_blimp_correct_affected.test,23286.537109375,3734.536865234375,1433.376953125,1067.429931640625,864.1154174804688,663.5386962890625,577.6552734375,745.2213745117188,662.6685791015625,700.8916625976562,737.5219116210938,729.1721801757812,992.0775146484375
362,"Your cycle of learning through the school of hard knocks has come to an end, Gemini, and now you're going to start reaping the rewards these ""lessons"" have left in their wake.",en_multilingual_blimp_correct_affected.test,22415.27734375,1570.359375,1528.083251953125,1393.0364990234375,1513.4049072265625,1450.8734130859375,1407.1832275390625,1451.950439453125,1551.1859130859375,1357.76708984375,1697.219482421875,1605.509521484375,2566.74609375
363,Perceptions of resilience have given way to fears of vulnerability.,en_multilingual_blimp_correct_affected.test,26767.568359375,2244.030029296875,816.6943969726562,552.1332397460938,558.1828002929688,588.1378173828125,591.7666625976562,400.2938537597656,413.22808837890625,546.1674194335938,701.5838623046875,554.1800537109375,1100.3568115234375
364,"A recent report by a journalist from Port Blair, in the Andamans, quoted an unnamed official saying that foreigners from Myanmar, Bangladesh and Sri Lanka have permanently settled in the islands, using fake Indian ration cards, while citizens of Thailand, China, Indonesia and Malaysia have migrated temporarily to plunder the natural resources and leave.",en_multilingual_blimp_correct_affected.test,23102.56640625,4085.443603515625,3163.2001953125,2738.81689453125,2499.984619140625,1969.4615478515625,2077.56787109375,1892.33544921875,2221.14208984375,2283.097412109375,3184.916015625,3319.73193359375,3788.076171875
365,"And on the Jaffa Road, because of another bomb, six adolescents two on a break from night school stopping at a coffee shop to eat buns, have just died.",en_multilingual_blimp_correct_affected.test,23826.283203125,1958.9771728515625,2429.36767578125,1893.3309326171875,1907.3736572265625,1548.7188720703125,1400.1981201171875,1649.4464111328125,1977.2218017578125,1959.38916015625,2626.257080078125,2746.45703125,2563.761474609375
366,"Government interventions to date, mainly in the form of enhanced education, have proved largely ineffective.",en_multilingual_blimp_correct_affected.test,24714.6953125,4617.6982421875,2581.596923828125,1773.4141845703125,1243.6202392578125,1117.4249267578125,943.9798583984375,1105.0718994140625,1630.6099853515625,1122.20654296875,2057.3935546875,2073.076904296875,3032.71875
367,"Key EU programmes between 1989, 1993, 1994 and 1999 have certainly helped to improve the economic competitiveness of peripheral countries and Objective 1 regions within Europe.",en_multilingual_blimp_correct_affected.test,28069.9140625,2709.159423828125,1315.6717529296875,945.8776245117188,753.6819458007812,825.8348999023438,1111.8017578125,979.51806640625,1248.2132568359375,1061.4857177734375,1069.642333984375,1378.3619384765625,1577.38916015625
368,"She added that recent visits to the island by India's top military brass including army chief General Nirmal Chander Vij have ""caused apprehension among Tamils that preparations are under way for another war in the island"".",en_multilingual_blimp_correct_affected.test,23302.19921875,2959.22998046875,1775.6243896484375,1706.0311279296875,1664.3399658203125,1294.8839111328125,1445.9891357421875,2062.58984375,2473.780517578125,2301.707275390625,2216.8818359375,3879.213134765625,4264.13671875
369,"Frictions between the two partners have developed over a wide range of issues, including trade, the renminbi's exchange rate, regional security, intellectual property, and cyber attacks, among others.",en_multilingual_blimp_correct_affected.test,23699.150390625,3558.3544921875,4964.17333984375,4273.353515625,3199.879638671875,2152.409423828125,2836.814453125,2785.55078125,3114.74755859375,2083.771728515625,3305.3046875,3761.831787109375,4571.32275390625
370,"Thus far, none of the many ""human rights"" busybodies across the world have bothered to even notice such a development.",en_multilingual_blimp_correct_affected.test,21583.77734375,1814.1185302734375,2453.170654296875,1558.57275390625,1125.5699462890625,1314.6226806640625,1178.1796875,973.6700439453125,1498.1051025390625,1491.620849609375,1582.88720703125,1947.9420166015625,2089.441162109375
371,Some localized extinctions already have occurred across some of its habitat.,en_multilingual_blimp_correct_affected.test,25455.00390625,3550.21923828125,2111.478515625,1204.359619140625,1044.570068359375,702.5188598632812,563.0292358398438,657.01513671875,1174.494384765625,820.396240234375,1254.93212890625,1212.489501953125,1303.1375732421875
372,But the four planeloads of arms have vanished.,en_multilingual_blimp_correct_affected.test,23355.794921875,4731.82666015625,4922.39599609375,2500.491455078125,2205.832275390625,2297.1591796875,2474.747802734375,3033.0283203125,3384.697998046875,4349.25146484375,4070.967529296875,3530.824951171875,5271.23388671875
373,"A recent report by a journalist from Port Blair, in the Andamans, quoted an unnamed official saying that foreigners from Myanmar, Bangladesh and Sri Lanka have permanently settled in the islands, using fake Indian ration cards, while citizens of Thailand, China, Indonesia and Malaysia have migrated temporarily to plunder the natural resources and leave.",en_multilingual_blimp_correct_affected.test,23102.56640625,4085.443603515625,3163.2001953125,2738.81689453125,2499.984619140625,1969.4615478515625,2077.56787109375,1892.33544921875,2221.14208984375,2283.097412109375,3184.916015625,3319.73193359375,3788.076171875
374,The Fed's huge monthly purchases of long-term assets – so-called quantitative easing – have benefited the world as a whole by propping up demand and economic activity in the US.,en_multilingual_blimp_correct_affected.test,25807.552734375,2612.089111328125,1248.044921875,1119.5950927734375,1003.6828002929688,869.3961791992188,913.2119140625,973.5108642578125,1148.887451171875,1131.837890625,1296.609619140625,2111.172607421875,1670.33935546875
375,"Due to business reasons, previously scheduled interviewers from the Penn team have had to cancel their participation.",en_multilingual_blimp_correct_affected.test,22996.283203125,2616.487060546875,2170.98291015625,2089.885498046875,1456.98486328125,775.216552734375,854.2933349609375,932.4213256835938,927.42041015625,1003.1981201171875,976.93994140625,1578.73828125,1472.69873046875
376,"Students like Rai have been meeting with counsellors at the school to talk about what happened, but she said the biggest comfort has come from seeing her friends.",en_multilingual_blimp_correct_affected.test,21486.654296875,640.146240234375,419.0741271972656,487.7616882324219,468.27288818359375,355.68731689453125,352.2001647949219,362.7489929199219,392.7969665527344,371.6888122558594,330.0052490234375,534.5707397460938,580.5870971679688
377,"Over the centuries some readers have posited that Shakespeare's sonnets are autobiographical, and point to them as evidence of his love for a young man.",en_multilingual_blimp_correct_affected.test,21592.21875,1710.366943359375,891.071533203125,639.270751953125,517.9708251953125,350.1799011230469,374.42791748046875,335.49310302734375,347.828125,309.7179260253906,327.4750671386719,336.8911437988281,491.5169372558594
378,"Book readers evidently haven't got the passionate intensity of sports fans.""",en_multilingual_blimp_correct_affected.test,21359.43359375,5227.65966796875,4027.136474609375,3402.611328125,3484.425048828125,3441.17431640625,3463.46044921875,3270.2255859375,3174.784423828125,3905.5244140625,2977.18505859375,3316.5234375,5606.31005859375
379,"The last three years of the Iraq occupation, however, have sapped this confidence.",en_multilingual_blimp_correct_affected.test,29174.76171875,4117.29345703125,5480.5048828125,4377.66845703125,2891.0185546875,2461.158203125,3198.482421875,4585.54833984375,6407.9033203125,5125.47705078125,7295.96533203125,6552.89697265625,7112.580078125
380,"Scholars have identified 20,000 pieces of music linked to Shakespeare's works.",en_multilingual_blimp_correct_affected.test,27131.4140625,2015.9603271484375,840.5717163085938,503.8800354003906,324.3099670410156,192.18934631347656,156.16197204589844,123.31783294677734,139.74501037597656,145.02218627929688,117.08072662353516,165.32347106933594,196.72372436523438
381,"The overwhelming human and financial impacts of Hurricane Katrina are powerful evidence that political and economic decisions made in the United States and other countries have failed to account for our dependence on a healthy resource base, according to an assessment released today by the Worldwatch Institute.",en_multilingual_blimp_correct_affected.test,25296.37109375,1779.8525390625,698.9652709960938,516.007080078125,404.9504089355469,357.30902099609375,311.28424072265625,305.6370544433594,316.49169921875,267.126220703125,292.3790283203125,300.72601318359375,376.8002014160156
382,We still have a lot of work to do in this area as recent events have proved.,en_multilingual_blimp_correct_affected.test,26253.642578125,278.15966796875,234.78030395507812,199.94822692871094,144.67828369140625,110.26011657714844,89.09210205078125,89.93681335449219,89.2656021118164,97.05763244628906,91.9183578491211,109.65306854248047,121.0433578491211
383,"Whereas the peoples of the United Nations have in the Charter reaffirmed their faith in fundamental human rights, in the dignity and worth of the human person and in the equal rights of men and women and have determined to promote social progress and better standards of life in larger freedom;",en_multilingual_blimp_correct_affected.test,20470.607421875,679.9620971679688,438.21630859375,386.0942077636719,245.03451538085938,211.95436096191406,220.7421112060547,181.4380645751953,202.5047607421875,168.36019897460938,167.21307373046875,221.21597290039062,213.75796508789062
384,"The New York Times is sure to have it, but the Times as I see it is a government within a government It has a state department of its own, and its high councils have probably decided that it would be impolitic at this moment to call attention to Sadat's admiration for Hitler.",en_multilingual_blimp_correct_affected.test,23743.30859375,759.287109375,587.6318359375,528.1959838867188,416.9958801269531,428.38909912109375,486.0174255371094,470.76556396484375,462.5569763183594,543.53173828125,609.58935546875,638.310302734375,835.3018798828125
385,Dust storms usually start in desert margins rather than the deserts themselves where the finer materials have already been blown away.,en_multilingual_blimp_correct_affected.test,27053.84765625,2128.013671875,1068.601806640625,867.910400390625,684.6062622070312,533.7503662109375,520.7109985351562,467.29345703125,569.6185302734375,714.8965454101562,597.370849609375,707.8529052734375,1018.4904174804688
386,While Iran's conventional army is not what it was during the heyday of the Iran-Iraq war - their armaments have deteriorated and the veterans of that last war have retired - the nation enjoys substantial military strength nonetheless.,en_multilingual_blimp_correct_affected.test,24004.1796875,2542.049560546875,1695.095703125,1536.169189453125,1024.8720703125,757.6061401367188,762.080078125,848.9987182617188,798.9273071289062,1007.4996337890625,938.6846313476562,1091.94482421875,1306.1497802734375
387,"Thus far, none of the many ""human rights"" busybodies across the world have bothered to even notice such a development.",en_multilingual_blimp_correct_affected.test,21583.77734375,1814.1185302734375,2453.170654296875,1558.57275390625,1125.5699462890625,1314.6226806640625,1178.1796875,973.6700439453125,1498.1051025390625,1491.620849609375,1582.88720703125,1947.9420166015625,2089.441162109375
388,PRINCETON – How quickly emerging markets' fortunes have turned.,en_multilingual_blimp_correct_affected.test,26984.37890625,7529.595703125,971.038818359375,778.5260620117188,653.9346923828125,849.3031616210938,752.96533203125,836.1300048828125,768.028564453125,1263.4876708984375,1134.568359375,1965.6123046875,1581.4190673828125
389,"When it comes to public goods – such as education, the environment, health care, and equal opportunity – the record is not quite as impressive, and the political obstacles to improvement have seemed to grow as capitalist economies have matured.",en_multilingual_blimp_correct_affected.test,24932.751953125,1967.234375,1963.55029296875,1420.2149658203125,1147.433349609375,1015.808349609375,1272.41455078125,1280.939697265625,1249.0975341796875,1230.4053955078125,1297.9940185546875,1716.4906005859375,1374.579345703125
390,"Again, despite a rising chorus of concern from researchers, political markets have seemed frozen.",en_multilingual_blimp_correct_affected.test,31762.63671875,4373.9169921875,8357.919921875,6225.15625,5379.79931640625,5005.32275390625,5398.18359375,7013.46435546875,5858.40966796875,7345.87060546875,11125.453125,11252.345703125,21396.5390625
391,"Well, said Fred, put it this way – house-elves have got powerful magic of their own, but they can't usually use it without their master's permission.",en_multilingual_blimp_correct_affected.test,26352.67578125,2375.94580078125,3634.3203125,3816.130126953125,3405.569091796875,3322.772705078125,3346.30517578125,3580.33056640625,3273.6171875,3547.00439453125,4446.5859375,4328.27685546875,5016.30859375
392,Researchers have been investigating potential for male hormonal contraceptives for around 20 years.,en_multilingual_blimp_correct_affected.test,25182.712890625,4538.69091796875,1537.5579833984375,726.16943359375,302.9093933105469,194.3270721435547,173.25750732421875,204.1121826171875,194.00552368164062,191.52243041992188,236.30902099609375,288.0027770996094,250.2434539794922
393,"All the regional countries have publicly backed the Karzai government and supported the electoral process, but serious undercurrents remain as they all have their favourite contenders in Afghanistan.",en_multilingual_blimp_correct_affected.test,24685.25,2590.047119140625,1728.4739990234375,1966.8038330078125,1934.500732421875,1564.464599609375,1367.8616943359375,1196.0252685546875,1408.367431640625,1265.1605224609375,1251.25439453125,1735.0272216796875,1787.2584228515625
394,"Whereas Member States have pledged themselves to achieve, in co-operation with the United Nations, the promotion of universal respect for and observance of human rights and fundamental freedoms;",en_multilingual_blimp_correct_affected.test,21732.07421875,3456.27392578125,1625.5003662109375,912.9188842773438,720.65234375,598.5523681640625,473.20208740234375,464.31732177734375,394.8306884765625,267.0936279296875,359.3075256347656,329.01080322265625,373.3001708984375
395,"And international donors have given only half of the relief aid that Darfur needs, according to the local UN officials.",en_multilingual_blimp_correct_affected.test,19627.00390625,1801.4091796875,1943.783203125,1664.34228515625,1161.98681640625,1150.4833984375,1344.5517578125,1322.065673828125,1487.5621337890625,2011.251708984375,2196.38525390625,1776.5245361328125,2674.462890625
396,"Al-Abbudi stated that ""His Emminence"" decided to openly support the list because ""others"" (obviously a reference to Allawi) have been abusing official state positions and media outlets in their campaigning.",en_multilingual_blimp_correct_affected.test,23417.330078125,3891.14404296875,2910.2080078125,2377.806884765625,2254.587158203125,1834.6260986328125,1690.3173828125,1651.5438232421875,1654.8988037109375,1729.9803466796875,1801.6007080078125,2531.78271484375,2694.097412109375
397,"Increasingly, analysts are saying that China's efforts have gone beyond what is safe or even in its own interests.",en_multilingual_blimp_correct_affected.test,22539.17578125,1437.72021484375,670.7699584960938,396.3807067871094,361.6048583984375,336.3994445800781,280.07659912109375,267.67669677734375,335.0943298339844,396.64691162109375,411.0951232910156,486.39276123046875,516.8990478515625
398,I have heard that the pipefitters have established a picket line at the Payne Creek site today.,en_multilingual_blimp_correct_affected.test,22271.150390625,1436.1031494140625,1083.362548828125,558.52734375,443.50048828125,508.727294921875,486.63055419921875,575.2937622070312,566.3811645507812,662.9548950195312,507.8051452636719,554.6895141601562,690.0217895507812
399,You will be seen like all the other hacks that have stooped to doing abortions when they weren't good enough to maintain a real practice.,en_multilingual_blimp_correct_affected.test,21659.1015625,571.3641357421875,458.9667663574219,421.6017761230469,343.39453125,269.49066162109375,229.0443572998047,211.06661987304688,241.10887145996094,298.4483947753906,223.34095764160156,327.3805847167969,414.6391296386719
400,"All of us here are pleased that the courts have acquitted him and made it clear that in Russia, too, access to environmental information is a constitutional right.",en_multilingual_blimp_correct_affected.test,23221.494140625,922.7938842773438,858.3967895507812,713.4818725585938,737.9088745117188,520.5791625976562,510.8155822753906,466.46392822265625,396.60626220703125,357.42919921875,390.9848937988281,441.22137451171875,492.8321533203125
401,"The events of the last few years have amplified four issues, which have always existed, but have never been as rampant as in the present upheaval in the region.",en_multilingual_blimp_correct_affected.test,25841.958984375,1189.6253662109375,960.0750732421875,1047.5145263671875,783.556884765625,590.679931640625,563.194091796875,482.06024169921875,565.4901123046875,450.0749206542969,474.3223571777344,498.7194519042969,556.2835083007812
402,"It aims at the heart of the matter, as Agenda 2000 negotiations have reached a critical stage.",en_multilingual_blimp_correct_affected.test,23444.078125,1779.0982666015625,1490.977294921875,1255.7059326171875,1115.807861328125,1026.090087890625,679.4583740234375,783.6573486328125,740.4480590820312,664.0774536132812,610.1712646484375,722.3087768554688,782.3390502929688
403,Several related issues have resulted in an increase in the level of operating risk for the Merchanting Metals business.,en_multilingual_blimp_correct_affected.test,26492.400390625,1201.9803466796875,1038.935546875,707.159912109375,431.9751281738281,267.1668701171875,316.1016845703125,266.29107666015625,308.0155334472656,237.03036499023438,262.9692687988281,298.56024169921875,283.8696594238281
404,The AKP's Islamic conservatives have taken this refusal as justification for the questionings.,en_multilingual_blimp_correct_affected.test,28551.705078125,2425.57470703125,840.3291625976562,809.2916870117188,597.8717651367188,432.6225891113281,571.2181396484375,532.4724731445312,574.5869750976562,459.62335205078125,616.9226684570312,577.0884399414062,760.5477905273438
405,"That in this Jerusalem street, coolly sweet with night flowers and dark green under the lamps, many other families have lost children.",en_multilingual_blimp_correct_affected.test,22901.7578125,2549.78857421875,3270.52490234375,3370.4443359375,2236.895751953125,2336.748046875,2581.354736328125,2403.09326171875,2282.837158203125,3537.488037109375,4183.2724609375,4267.814453125,7737.32763671875
406,"My friend, white men have killed more people in Africa than Hitler ever did in Europe.",en_multilingual_blimp_correct_affected.test,30150.65625,1122.86767578125,1050.39453125,978.4182739257812,537.6176147460938,394.6151428222656,397.3789978027344,471.52471923828125,475.412841796875,593.9306640625,462.60418701171875,551.2987060546875,616.6209106445312
407,"Bangs said these animals are not equipped to survive in the wild, however, and they all almost certainly have died.",en_multilingual_blimp_correct_affected.test,28100.90234375,1239.0997314453125,1142.7037353515625,1098.974609375,1108.8453369140625,855.98193359375,758.2617797851562,803.1265869140625,961.8356323242188,955.896240234375,1068.834716796875,1512.611328125,1987.248291015625
408,"In quick summary, Beyond Control, a local band in our area, is sponoring a benefit for a cancer victim whose benefits have run out.",en_multilingual_blimp_correct_affected.test,23309.22265625,2743.735595703125,4559.189453125,4852.462890625,3914.921875,3441.84716796875,4058.7255859375,5361.26416015625,5971.81494140625,6343.0712890625,10285.732421875,12293.22265625,12635.0390625
409,"Our Lecture Slides have greatly benefited from the previous classes taught by Dr. William Schroeder and Dr. Luis Ibanez at RPI,",en_multilingual_blimp_correct_affected.test,24260.072265625,2822.360107421875,934.9871215820312,653.5054321289062,649.6992797851562,578.4962768554688,569.09130859375,469.3924560546875,656.2142944335938,608.7072143554688,500.18914794921875,891.0498657226562,810.3153076171875
410,"Some commentators have seen this change in mood as evidence of a more serene view of life on Shakespeare's part, but it may merely reflect the theatrical fashion of the day.",en_multilingual_blimp_correct_affected.test,19906.939453125,1559.1251220703125,923.5792236328125,745.3937377929688,496.2112121582031,356.7018127441406,343.7005615234375,289.986572265625,307.99249267578125,249.58648681640625,307.4618835449219,287.777099609375,312.0967712402344
411,Tropical species have moved up to Florida and the Gulf Coast.,en_multilingual_blimp_correct_affected.test,19864.232421875,1622.6224365234375,653.4468383789062,491.40374755859375,396.1624755859375,330.6477355957031,296.42279052734375,325.2816162109375,304.08074951171875,507.1791076660156,382.8905334472656,504.1568908691406,581.939453125
412,"When you discussed it, i was trying to think back to our remedies and discussions but the 3 years have made it difficult.",en_multilingual_blimp_correct_affected.test,22849.685546875,643.9642944335938,539.25048828125,512.3106689453125,516.7957763671875,542.0908203125,631.5826416015625,645.1213989257812,944.11572265625,962.2205200195312,1041.6160888671875,1333.3218994140625,1690.011962890625
413,"People have been fleeing this country at roughly a plane load per week for the past 20+ years, so it's not anything new.",en_multilingual_blimp_correct_affected.test,23055.751953125,1091.94482421875,903.0001831054688,737.6876220703125,823.8624267578125,815.8222045898438,794.7470092773438,865.49853515625,1295.5101318359375,1507.2108154296875,1614.9984130859375,2207.50830078125,2096.52392578125
414,"On the morrow he will leave me, as my Hopes have flown before.""",en_multilingual_blimp_correct_affected.test,24417.189453125,1523.5142822265625,1592.2347412109375,1359.0308837890625,1705.6993408203125,1503.81298828125,1437.5118408203125,1895.8994140625,2366.4326171875,2006.9271240234375,1993.9058837890625,2340.06201171875,4089.404052734375
415,"Some 20th-century scholars have suggested that Shakespeare may have been employed as a schoolmaster by Alexander Hoghton of Lancashire, a Catholic landowner who named a certain ""William Shakeshafte"" in his will.",en_multilingual_blimp_correct_affected.test,22545.49609375,4015.32470703125,1848.7119140625,1186.1888427734375,1111.9544677734375,763.753173828125,733.4345092773438,686.2322387695312,660.1587524414062,753.2418823242188,570.1043701171875,690.6541748046875,889.5720825195312
416,"I have been advised by our Construction Manager, Mr. Joe Osler that while he was visiting the City of Lake Worth Building Planning and Zoning dept regarding our permit status he learned that the pipefitters have inquired about permit requirements to picket our site.",en_multilingual_blimp_correct_affected.test,22122.568359375,2684.953369140625,1697.0867919921875,1351.8089599609375,1472.919921875,1309.8658447265625,1485.0909423828125,1832.12158203125,2172.2626953125,2314.775390625,2172.8583984375,2739.980712890625,3224.906005859375
417,I've pasted the email for those who haven't seen or would like to re-read it.,en_multilingual_blimp_correct_affected.test,22859.927734375,1280.6063232421875,710.5437622070312,695.6502685546875,537.3876953125,468.4841613769531,370.4300842285156,442.1545715332031,432.4266357421875,519.5408325195312,640.7066040039062,534.5126342773438,641.522216796875
418,"My neighbourhood has been surrounded by American troops for three days now, helicopters have been circling over our heads non-stop.",en_multilingual_blimp_correct_affected.test,24642.677734375,1845.85009765625,688.4419555664062,470.1623840332031,393.13726806640625,317.7360534667969,286.6034851074219,291.44683837890625,262.1040954589844,353.448486328125,454.1230163574219,373.27667236328125,442.48211669921875
419,"The excellent windows have performed without any problems, but that's not why I'm writing my review.",en_multilingual_blimp_correct_affected.test,29460.02734375,2738.849365234375,1817.7373046875,2508.752685546875,1771.9560546875,1385.9200439453125,1222.8612060546875,941.947021484375,1517.827880859375,986.7114868164062,1037.8807373046875,1313.2994384765625,1938.3575439453125
420,"In addition to their awareness and training content, the Pericles actions have led to a number of structural and other improvements in Member Sates and in third countries.",en_multilingual_blimp_correct_affected.test,26947.912109375,1298.5091552734375,1054.49365234375,1033.2723388671875,928.1343994140625,655.7944946289062,661.47900390625,747.5086669921875,873.620361328125,1084.0379638671875,1216.6884765625,1742.147705078125,1560.133544921875
421,"Ingenious, really, how many ways Muggles have found of getting along without magic.",en_multilingual_blimp_correct_affected.test,25542.01171875,4237.716796875,4262.25048828125,2862.351318359375,2202.692626953125,2364.091064453125,2809.677490234375,2884.391357421875,3624.227294921875,4229.11767578125,5917.02392578125,4485.51025390625,8609.7109375
422,"""When dandelions have set the mark of May on Wisconsin pastures, it is time to listen for the final proof of spring,"" wrote Aldo Leopold in ""A Sand County Almanac.""",en_multilingual_blimp_correct_affected.test,21735.267578125,2399.917724609375,1927.2335205078125,1826.1661376953125,2212.98876953125,1996.7745361328125,1857.5074462890625,1888.2037353515625,2046.7239990234375,1954.29638671875,2493.608154296875,2660.986328125,2611.208740234375
423,"In the Netherlands, authorities have taken a lower-tech approach to tracking drones.",en_multilingual_blimp_correct_affected.test,25077.287109375,3732.154541015625,4806.21875,3217.085205078125,1989.0155029296875,2292.234375,2542.12939453125,3350.76318359375,3753.8720703125,3584.16357421875,5453.17529296875,4803.48291015625,8555.763671875
424,"For example, students must trust that teachers have made appropriate decisions about the structure and content of the courses they teach, and teachers must trust that the assignments that students turn in are their own.",en_multilingual_blimp_correct_affected.test,22081.04296875,1238.1187744140625,966.434814453125,827.960205078125,618.520263671875,648.251953125,736.4364013671875,596.4861450195312,740.1677856445312,733.7783203125,882.1885986328125,1067.128662109375,883.0341186523438
425,"Throughout history, tyrants have known that by denying the right of oppressed peoples to form and nurture families, they can kill the spirit of those peoples.",en_multilingual_blimp_correct_affected.test,22965.31640625,1888.0865478515625,1291.5478515625,1056.5203857421875,1126.834716796875,986.3192749023438,1117.80712890625,1044.7763671875,974.2362060546875,992.4725952148438,1303.6678466796875,1429.423583984375,1624.3922119140625
426,While Iran's conventional army is not what it was during the heyday of the Iran-Iraq war - their armaments have deteriorated and the veterans of that last war have retired - the nation enjoys substantial military strength nonetheless.,en_multilingual_blimp_correct_affected.test,24004.1796875,2542.049560546875,1695.095703125,1536.169189453125,1024.8720703125,757.6065063476562,762.0797119140625,848.9990844726562,798.9269409179688,1007.5001220703125,938.6836547851562,1091.94482421875,1306.148681640625
427,"Nato and US officials have already voiced fears that Bosnian arms - sold by US, British and Swiss firms - are being passed to insurgents.",en_multilingual_blimp_correct_affected.test,23241.65625,2914.63671875,1966.022705078125,1298.277587890625,1152.3604736328125,1135.5155029296875,1061.246826171875,1015.8277587890625,1076.4166259765625,1032.881103515625,905.4833374023438,1216.6112060546875,1395.048583984375
428,"In addition, the police forces have successfully conducted a number of operations to dismantle workshops and seize large numbers of counterfeit banknotes and coins before they enter into circulation.",en_multilingual_blimp_correct_affected.test,24482.896484375,2557.180419921875,1533.3245849609375,993.781982421875,516.751953125,404.5642395019531,357.2313537597656,425.85302734375,418.4666748046875,453.2978820800781,592.3966064453125,488.2887878417969,625.4663696289062
429,"Ever since the first whispers about Google's IPO, most investors have feared that the stock would come public at such a ridiculously high price that, even with a spectacularly profitable business model and some nearly flawless execution, the price would be too high for investors to make a real profit.",en_multilingual_blimp_correct_affected.test,23494.458984375,1993.3004150390625,1298.476806640625,976.5175170898438,827.239990234375,766.68603515625,699.2385864257812,642.1214599609375,754.9620971679688,753.84228515625,715.5346069335938,1113.7401123046875,1204.4031982421875
430,The ACIA found Arctic winter temperatures have increased 4 degrees to 7 degrees Fahrenheit in the last 50 years and should go up about twice that much in the next 100 years.,en_multilingual_blimp_correct_affected.test,23342.236328125,1238.10400390625,627.8156127929688,599.1397705078125,353.8874816894531,249.25904846191406,186.0364532470703,170.43374633789062,170.67041015625,181.64895629882812,205.24325561523438,242.54519653320312,240.27334594726562
431,"The consulted sources have said that it is ""100% Cospedal"".",en_multilingual_blimp_correct_affected.test,21671.5390625,2705.3251953125,2323.80517578125,2012.18017578125,2891.866455078125,3238.766357421875,2307.9013671875,2754.415283203125,4209.966796875,4627.85107421875,3769.39111328125,7364.61328125,5068.638671875
432,Several analysts have suggested Huawei is best placed to benefit from Samsung's setback.,en_multilingual_blimp_correct_affected.test,23428.85546875,4619.20458984375,2106.06689453125,1097.686767578125,974.5526123046875,672.9635009765625,640.4109497070312,764.736328125,654.7715454101562,606.5552978515625,1113.4384765625,712.7949829101562,817.3041381835938
433,Relief agencies are trying to help hundreds of thousands of displaced people while authorities have vowed to restore security in New Orleans following a breakdown of law and order.,en_multilingual_blimp_correct_affected.test,18143.9296875,1293.63671875,646.7998046875,530.882080078125,353.07977294921875,320.65118408203125,251.61802673339844,314.34259033203125,339.1704406738281,306.40399169921875,335.6998596191406,346.6235656738281,467.8113708496094
434,They have messed up my order and.... The food was just not good!,en_multilingual_blimp_correct_affected.test,19554.775390625,1284.47998046875,986.5520629882812,1585.424560546875,1927.130615234375,1173.5869140625,1053.335205078125,1139.138671875,1526.4337158203125,2197.722900390625,1615.5322265625,2423.3642578125,2750.357177734375
435,"""Other friends have flown before —",en_multilingual_blimp_correct_affected.test,12729.7783203125,5887.31005859375,2778.427001953125,2492.81298828125,1758.6956787109375,1553.5286865234375,1179.3240966796875,1264.9754638671875,1909.3037109375,2422.473388671875,3564.396484375,1945.3883056640625,2405.3779296875
436,"By and large, most advanced economies have fulfilled this promise, with living standards rising over recent generations, despite setbacks from wars and financial crises.",en_multilingual_blimp_correct_affected.test,27326.427734375,6523.3603515625,5596.37939453125,4759.3251953125,4297.646484375,3260.114501953125,3073.724853515625,2371.648193359375,2427.40380859375,2411.7431640625,2733.90673828125,3556.345947265625,4148.4619140625
437,"As a result, north of the Andaman Islands, Bangladeshi coastal areas have become a nest of terrorists involved in the shipment of drugs and arms.",en_multilingual_blimp_correct_affected.test,23022.33203125,1854.5924072265625,1668.023193359375,1380.876220703125,1193.8624267578125,868.4291381835938,886.849609375,995.7428588867188,862.177734375,981.4227294921875,988.3125,1210.3983154296875,1397.4580078125
438,"(This is a largely Sunni Arab clan, and some Sunni observers have accused Shiite elements in the government of being behind the assassination; it is more likely the work of Sunni Arab guerrillas punishing the Batawi leaders for cooperating with the Dec. 15 elections.)",en_multilingual_blimp_correct_affected.test,24282.548828125,2494.860595703125,1771.25244140625,1982.9482421875,1486.441162109375,1344.962158203125,1458.7130126953125,1475.6580810546875,1243.3690185546875,1667.2606201171875,1674.0040283203125,1932.32861328125,2351.290771484375
439,"These wolf packs have flourished, and now there are an estimated 850 wolves roaming the northern Rockies, where merely 10 years ago there were none.",en_multilingual_blimp_correct_affected.test,23838.443359375,3773.771728515625,2998.52734375,2719.987060546875,1678.091064453125,1657.469482421875,1476.615234375,1692.9381103515625,1688.9765625,1653.989990234375,1987.265380859375,2113.486083984375,2639.849365234375
440,"The events of the last few years have amplified four issues, which have always existed, but have never been as rampant as in the present upheaval in the region.",en_multilingual_blimp_correct_affected.test,25841.958984375,1189.6253662109375,960.0750732421875,1047.5145263671875,783.556884765625,590.679931640625,563.194091796875,482.06024169921875,565.4901123046875,450.0749206542969,474.3223571777344,498.7194519042969,556.2835083007812
441,"""In the foreign policy field the Soviets have had an almost uninterrupted series of defeats and disappointments.",en_multilingual_blimp_correct_affected.test,22206.654296875,2963.64013671875,791.88037109375,509.44610595703125,391.1223449707031,324.7577819824219,250.25347900390625,227.74508666992188,256.7337341308594,285.1106262207031,302.4073181152344,221.0777130126953,251.9119110107422
442,Some Armenian prelates have joined us for coffee and take part in the discussion.,en_multilingual_blimp_correct_affected.test,20855.431640625,1225.1829833984375,814.975341796875,713.967529296875,447.567138671875,450.7200927734375,297.2896728515625,301.6806945800781,379.5538024902344,389.226318359375,457.5354919433594,411.8122253417969,464.7255859375
443,"If these weapons have gone missing it's a terrifying prospect.""",en_multilingual_blimp_correct_affected.test,20813.228515625,2931.50634765625,1623.7882080078125,1050.539794921875,1439.8402099609375,1158.830078125,939.1690673828125,1059.640869140625,768.9476318359375,1966.0584716796875,2130.83251953125,1585.0533447265625,3645.435302734375
444,"""Realism is nothing if not urban"", notes critic Peter Brooks;",en_multilingual_blimp_correct_affected.test,21835.94921875,23017.283203125,17703.927734375,17350.19921875,20899.892578125,21059.654296875,19927.302734375,13507.697265625,14268.5361328125,17944.76171875,17349.669921875,14803.3203125,20830.1484375
445,How is the site doing?,en_multilingual_blimp_correct_affected.test,17868.990234375,2132.7099609375,1850.6109619140625,1134.621826171875,928.6143188476562,560.11474609375,340.257080078125,339.02056884765625,344.08245849609375,358.91571044921875,440.3585510253906,449.6862487792969,660.7659301757812
446,Compounding this is the well-based suspicion that Syria has perhaps the most advanced chemical weapons capability in the Persian Gulf.,en_multilingual_blimp_correct_affected.test,20833.86328125,2315.72900390625,1204.22802734375,982.4439086914062,597.2363891601562,522.9466552734375,409.5787048339844,460.1108093261719,538.7752685546875,561.0377197265625,672.502197265625,776.8328857421875,672.8072509765625
447,"""Most striking is the disappointing performance of Soviet foreign and domestic policy since the late 1950s, ""they wrote in 1972.",en_multilingual_blimp_correct_affected.test,25445.732421875,3533.132080078125,1474.8111572265625,1312.73779296875,998.1626586914062,909.6629638671875,795.2788696289062,777.0081787109375,1136.2364501953125,1350.2744140625,1459.3912353515625,1541.2186279296875,1663.83447265625
448,on the earliest flight from san francisco to atlanta on delta is a meal being served,en_multilingual_blimp_correct_affected.test,22589.6171875,3319.95361328125,3031.94091796875,1829.5975341796875,2182.885986328125,2016.5909423828125,1244.710693359375,1850.824462890625,2349.580322265625,1773.6112060546875,2655.938720703125,2530.63720703125,3272.52783203125
449,Does she have any interest in meeting one-on-one or is she just looking for a public hanging?,en_multilingual_blimp_correct_affected.test,26888.380859375,1328.32275390625,900.0838012695312,937.0665893554688,654.0023193359375,439.5307312011719,400.81280517578125,436.6596374511719,601.4290771484375,564.1732788085938,600.3231201171875,605.5799560546875,529.5148315429688
450,what is fare code qo mean,en_multilingual_blimp_correct_affected.test,20924.22265625,3409.621337890625,4487.73486328125,3011.76513671875,4152.85986328125,3748.17724609375,4584.85302734375,6211.95556640625,7788.5732421875,6215.68896484375,6222.60400390625,12063.5234375,9675.71875
451,Compounding this is the well-based suspicion that Syria has perhaps the most advanced chemical weapons capability in the Persian Gulf.,en_multilingual_blimp_correct_affected.test,20833.86328125,2315.72705078125,1204.22802734375,982.4443969726562,597.2363891601562,522.9466552734375,409.5787048339844,460.1108093261719,538.7747802734375,561.0377197265625,672.502197265625,776.8322143554688,672.8065795898438
452,"""Most striking is the disappointing performance of Soviet foreign and domestic policy since the late 1950s, ""they wrote in 1972.",en_multilingual_blimp_correct_affected.test,25445.732421875,3533.132080078125,1474.8111572265625,1312.7371826171875,998.16162109375,909.6624755859375,795.2785034179688,777.0073852539062,1136.23583984375,1350.2744140625,1459.3927001953125,1541.2186279296875,1663.83447265625
453,what is fare code qo mean,en_multilingual_blimp_correct_affected.test,20924.22265625,3409.621337890625,4487.73486328125,3011.76513671875,4152.85986328125,3748.17724609375,4584.85302734375,6211.95556640625,7788.5732421875,6215.68896484375,6222.60400390625,12063.5234375,9675.71875
454,"But getting past who should get them, is who has them, and who is really close.",en_multilingual_blimp_correct_affected.test,29143.39453125,827.9092407226562,1717.00390625,2358.882080078125,2310.385498046875,2117.927978515625,1976.244384765625,1400.222900390625,2546.3076171875,2390.937744140625,3303.6533203125,3073.4140625,4144.7841796875
455,Why is it stil doing this even though I don't have the other phone connected?,en_multilingual_blimp_correct_affected.test,16369.2578125,926.2069091796875,477.9456481933594,708.5347290039062,673.255859375,629.259521484375,606.3421630859375,793.09228515625,980.8089599609375,1186.109619140625,1215.0482177734375,1636.79296875,1564.425048828125
456,How is it going?,en_multilingual_blimp_correct_affected.test,19596.125,1490.365966796875,1175.84375,832.6875610351562,367.24310302734375,262.0345153808594,239.63922119140625,328.516845703125,420.9577331542969,404.4255676269531,591.2387084960938,668.1851196289062,276.006591796875
457,How is the site doing?,en_multilingual_blimp_correct_affected.test,17869.005859375,2132.7099609375,1850.6109619140625,1134.62353515625,928.6138916015625,560.1155395507812,340.2567443847656,339.02105712890625,344.0827941894531,358.91522216796875,440.3581237792969,449.6862487792969,660.7655639648438
458,Does she have any interest in meeting one-on-one or is she just looking for a public hanging?,en_multilingual_blimp_correct_affected.test,26888.380859375,1328.32275390625,900.0838012695312,937.0665893554688,654.0023193359375,439.5307312011719,400.8125915527344,436.6598205566406,601.4296875,564.1727905273438,600.3231201171875,605.5796508789062,529.5148315429688
459,what is fare code y mean,en_multilingual_blimp_correct_affected.test,22529.720703125,7978.90283203125,16416.955078125,10921.052734375,22151.046875,34145.203125,56644.359375,75363.03125,94714.2890625,89032.703125,102008.5703125,107669.6015625,101884.90625
460,Why is it stil doing this even though I don't have the other phone connected?,en_multilingual_blimp_correct_affected.test,16369.2578125,926.207275390625,477.9456481933594,708.5343627929688,673.255859375,629.2589721679688,606.3427734375,793.0919189453125,980.8079833984375,1186.10791015625,1215.0482177734375,1636.79296875,1564.4266357421875
461,How is it going?,en_multilingual_blimp_correct_affected.test,19596.125,1490.365966796875,1175.84375,832.6875610351562,367.24310302734375,262.0345153808594,239.63922119140625,328.516845703125,420.9577331542969,404.4255676269531,591.2387084960938,668.1851196289062,276.006591796875
462,"This is, after all, his business, and if he wants you to remain a customer why on earth is he doing shoddy work?",en_multilingual_blimp_correct_affected.test,26951.4609375,1110.8829345703125,1516.9871826171875,1648.748046875,1467.45947265625,1214.839111328125,1039.3843994140625,1113.490478515625,1414.2491455078125,1516.8626708984375,1316.684814453125,1818.4117431640625,1935.410400390625
463,"Not only is the army facing serious political fallout, growing anti-Americanism and anti-army feeling in the tribal areas but it is also taking heavy casualties -between 400-500 Pakistani soldiers have been killed in the region since March.",en_multilingual_blimp_correct_affected.test,26717.9609375,2977.116943359375,1975.958740234375,1770.2669677734375,1296.00146484375,1038.538818359375,961.5384521484375,849.5510864257812,870.4772338867188,962.5481567382812,925.7260131835938,1093.6029052734375,1248.4615478515625
464,"This is, after all, his business, and if he wants you to remain a customer why on earth is he doing shoddy work?",en_multilingual_blimp_correct_affected.test,26951.4609375,1110.8829345703125,1516.9871826171875,1648.748046875,1467.45947265625,1214.839111328125,1039.3843994140625,1113.490478515625,1414.2491455078125,1516.8626708984375,1316.684814453125,1818.4117431640625,1935.410400390625
465,on the earliest flight from san francisco to atlanta on delta is a meal being served,en_multilingual_blimp_correct_affected.test,22589.6171875,3319.950439453125,3031.94091796875,1829.599365234375,2182.885986328125,2016.589111328125,1244.7100830078125,1850.82275390625,2349.581298828125,1773.6112060546875,2655.934814453125,2530.639892578125,3272.531005859375
466,"But getting past who should get them, is who has them, and who is really close.",en_multilingual_blimp_correct_affected.test,29143.365234375,827.9100341796875,1717.00390625,2358.8798828125,2310.385498046875,2117.93017578125,1976.244384765625,1400.221435546875,2546.30517578125,2390.937744140625,3303.64990234375,3073.4140625,4144.7802734375
467,"Not only is the army facing serious political fallout, growing anti-Americanism and anti-army feeling in the tribal areas but it is also taking heavy casualties -between 400-500 Pakistani soldiers have been killed in the region since March.",en_multilingual_blimp_correct_affected.test,26717.9609375,2977.116943359375,1975.958740234375,1770.2669677734375,1296.00146484375,1038.538818359375,961.5384521484375,849.5510864257812,870.4772338867188,962.5481567382812,925.7260131835938,1093.6029052734375,1248.4615478515625
468,what is fare code y mean,en_multilingual_blimp_correct_affected.test,22529.720703125,7978.90283203125,16416.955078125,10921.052734375,22151.046875,34145.203125,56644.359375,75363.03125,94714.2890625,89032.703125,102008.5703125,107669.6015625,101884.90625
469,all right what i 'd like to do is find the cheapest one way fare from boston to denver,en_multilingual_blimp_correct_affected.test,26144.431640625,1469.6527099609375,1232.49169921875,1230.173095703125,985.8494262695312,872.4031372070312,990.2583618164062,1161.4688720703125,1277.5018310546875,1661.627197265625,2484.72998046875,3655.38818359375,4123.3603515625
470,"It is never over, especially when a real solution, a real treatment for our sickness, is yet to begin.",en_multilingual_blimp_correct_affected.test,20433.158203125,1236.505126953125,2155.8369140625,2834.087646484375,2541.873779296875,2518.5966796875,2253.653076171875,2292.99951171875,2281.895751953125,2337.02880859375,2774.443603515625,4001.41796875,5011.03515625
471,"Of course, the potential of educated, empowered women to drive sustained economic growth is not limited to South Korea.",en_multilingual_blimp_correct_affected.test,22839.837890625,2344.017578125,1951.197509765625,1833.379150390625,1406.178466796875,928.702392578125,983.3330078125,1234.74755859375,1283.6025390625,1196.115966796875,1505.369140625,1495.6527099609375,1793.897705078125
472,"It is never over, especially when a real solution, a real treatment for our sickness, is yet to begin.",en_multilingual_blimp_correct_affected.test,20433.158203125,1236.5062255859375,2155.8369140625,2834.086181640625,2541.873779296875,2518.5966796875,2253.651123046875,2293.001708984375,2281.896728515625,2337.030029296875,2774.44482421875,4001.41796875,5011.0302734375
473,"Of course, the potential of educated, empowered women to drive sustained economic growth is not limited to South Korea.",en_multilingual_blimp_correct_affected.test,22839.837890625,2344.017578125,1951.196533203125,1833.379150390625,1406.178466796875,928.7011108398438,983.3330078125,1234.74755859375,1283.603271484375,1196.1165771484375,1505.3685302734375,1495.6513671875,1793.9002685546875
474,"I heard that a company (here is a link: http://news.yahoo.com/nestl-purina-releases-commercial-aimed-dogs-183443091.html ) is trying to make a dog food commercial aimed at dogs, complete with squeaky chew-toy sounds, and high pitched sounds that humans can't hear.",en_multilingual_blimp_correct_affected.test,25494.654296875,3770.487548828125,1568.7076416015625,1235.96630859375,1190.560546875,784.988037109375,842.2057495117188,936.0448608398438,1078.6048583984375,1129.6590576171875,1182.3634033203125,1666.1107177734375,1777.50927734375
475,"I heard that a company (here is a link: http://news.yahoo.com/nestl-purina-releases-commercial-aimed-dogs-183443091.html ) is trying to make a dog food commercial aimed at dogs, complete with squeaky chew-toy sounds, and high pitched sounds that humans can't hear.",en_multilingual_blimp_correct_affected.test,25494.654296875,3770.487548828125,1568.7076416015625,1235.96630859375,1190.560546875,784.988037109375,842.2057495117188,936.0448608398438,1078.6048583984375,1129.6590576171875,1182.3634033203125,1666.1107177734375,1777.50927734375
476,all right what i 'd like to do is find the cheapest one way fare from boston to denver,en_multilingual_blimp_correct_affected.test,26144.431640625,1469.6527099609375,1232.490478515625,1230.1741943359375,985.8504028320312,872.4039916992188,990.2593383789062,1161.4677734375,1277.503173828125,1661.627197265625,2484.72998046875,3655.391845703125,4123.3603515625
477,"The investigative committee, headed by state Sen. Joe Dunn, D-Santa Ana, is focusing on a series of events last fall filled with enough Shakespearean plot twists and intrigue that it has earned a name around the Capitol: ""the palace coup.""",en_multilingual_blimp_correct_affected.test,27779.318359375,3487.45703125,2647.154052734375,2292.24072265625,1763.939697265625,1346.418701171875,1391.472412109375,1216.5364990234375,1301.058837890625,1324.9283447265625,1467.9451904296875,1777.6151123046875,1888.9932861328125
478,"My group, the Liberal group, is presently focusing its attention on non-European Union nationals.",en_multilingual_blimp_correct_affected.test,28586.142578125,6619.4755859375,5360.65576171875,4443.72021484375,3339.775634765625,2429.9228515625,3150.020751953125,3032.38623046875,2952.04248046875,3298.5185546875,4559.2109375,4440.80126953125,5350.54296875
479,what kind of plane is used on the earliest flight from boston to san francisco afternoon,en_multilingual_blimp_correct_affected.test,18464.787109375,2084.35107421875,1831.9747314453125,970.9188842773438,1229.309326171875,916.0983276367188,890.7091674804688,1305.029296875,1236.44677734375,1654.8326416015625,2069.57373046875,1778.4595947265625,1979.1563720703125
480,"The former Iraqi leader Saddam Hussein is refusing to enter the Baghdad courtroom, in protest at how his trial is being conducted.",en_multilingual_blimp_correct_affected.test,24876.154296875,4186.38134765625,2299.09228515625,1137.9893798828125,859.3788452148438,568.976806640625,445.1490783691406,383.95440673828125,473.5973205566406,323.28765869140625,340.74188232421875,440.47784423828125,561.682861328125
481,"The dynamics of change in the state of health of children affected by the Chernobyl accident in all three countries - Belarus, Russia, and Ukraine - in the post-accident period is characterized by persistent negative tendencies: the morbidity rate is going up, the number of really healthy children is dropping, and disability is increasing.",en_multilingual_blimp_correct_affected.test,22314.115234375,1603.37353515625,1293.7772216796875,1060.859375,934.4228515625,818.3399047851562,761.9122314453125,726.228271484375,889.0007934570312,994.2564697265625,1046.281494140625,1374.4896240234375,1546.611328125
482,"He sits down, saying that the influence of Yasir Arafat is evidently weakening and fading.",en_multilingual_blimp_correct_affected.test,25421.9375,1874.5567626953125,1038.1392822265625,658.620849609375,832.6709594726562,819.8709716796875,845.371826171875,919.8956298828125,794.5681762695312,1139.5294189453125,1192.1170654296875,1393.4742431640625,2602.7705078125
483,"China's economy is exploding, hampered only by their great thirst for petroleum and natural gas to fuel their industry.",en_multilingual_blimp_correct_affected.test,24810.43359375,2818.001708984375,1700.1695556640625,1208.248046875,820.9542236328125,576.2066040039062,383.13946533203125,441.155517578125,334.0442810058594,269.078857421875,344.02276611328125,277.9373474121094,280.2939758300781
484,My kid is making wonderful grades and has reassured me she will graduate within the four year period.,en_multilingual_blimp_correct_affected.test,25851.94140625,1662.2152099609375,1194.904052734375,1011.6280517578125,829.3870239257812,916.4412841796875,987.2720336914062,1122.5399169921875,895.9874877929688,1502.7335205078125,1622.2674560546875,1545.7095947265625,1695.6121826171875
485,"The investigative committee, headed by state Sen. Joe Dunn, D-Santa Ana, is focusing on a series of events last fall filled with enough Shakespearean plot twists and intrigue that it has earned a name around the Capitol: ""the palace coup.""",en_multilingual_blimp_correct_affected.test,27779.318359375,3487.45703125,2647.154052734375,2292.24072265625,1763.939697265625,1346.418701171875,1391.472412109375,1216.5364990234375,1301.058837890625,1324.9283447265625,1467.9451904296875,1777.6151123046875,1888.9932861328125
486,"""Across the United States, the northern edge of species'range is expanding,"" she said.",en_multilingual_blimp_correct_affected.test,21745.716796875,2605.713623046875,2644.716552734375,2376.575927734375,2302.15966796875,3043.8134765625,2590.205078125,3159.856689453125,2754.462646484375,2290.02392578125,4765.29248046875,2712.988525390625,4670.2548828125
487,"""Across the United States, the northern edge of species'range is expanding,"" she said.",en_multilingual_blimp_correct_affected.test,21745.716796875,2605.713623046875,2644.716552734375,2376.575927734375,2302.15966796875,3043.8134765625,2590.205078125,3159.856689453125,2754.462646484375,2290.02392578125,4765.29248046875,2712.988525390625,4670.2548828125
488,"But a scan has shown the tumour in Ms Pugh's right lung is growing, and she has had to leave the trial.",en_multilingual_blimp_correct_affected.test,23334.423828125,1308.26171875,1402.9188232421875,1561.0673828125,1441.1624755859375,1146.6435546875,1323.4906005859375,1316.92333984375,1322.327392578125,1804.218505859375,1856.8663330078125,1998.2557373046875,2346.399658203125
489,"Mr President, ladies and gentlemen, the present proposal for a regulation is certainly to be welcomed.",en_multilingual_blimp_correct_affected.test,26944.572265625,1924.1097412109375,2012.221435546875,1495.81103515625,846.43798828125,626.1249389648438,795.8710327148438,906.0192260742188,870.60546875,1122.11669921875,1236.030517578125,1008.4445190429688,1652.623046875
490,a rare form of retardation is showing up in that group more than anywhere else in the world.,en_multilingual_blimp_correct_affected.test,21305.296875,628.2716674804688,414.9237365722656,281.7947692871094,262.9814453125,177.3634033203125,154.77879333496094,153.3892822265625,158.31724548339844,149.8472442626953,155.20034790039062,151.13726806640625,157.1856231689453
491,Increased car usage in China is creating a high demand for petrol,en_multilingual_blimp_correct_affected.test,28531.916015625,1685.0172119140625,852.2548828125,524.7554321289062,236.32626342773438,196.82308959960938,155.80905151367188,167.78726196289062,190.3006591796875,172.0525665283203,189.51266479492188,204.82872009277344,148.0355987548828
492,Now imagine that infinite happiness is surrounding you in every direction.,en_multilingual_blimp_correct_affected.test,26172.572265625,1962.3662109375,1471.03173828125,1291.6766357421875,1084.053955078125,803.7241821289062,1186.0576171875,1023.279541015625,1054.6107177734375,1286.913818359375,1455.1746826171875,1697.2890625,1699.748046875
493,"Mr President, ladies and gentlemen, the present proposal for a regulation is certainly to be welcomed.",en_multilingual_blimp_correct_affected.test,26944.572265625,1924.1097412109375,2012.221435546875,1495.81103515625,846.43798828125,626.1249389648438,795.8710327148438,906.0192260742188,870.60546875,1122.11669921875,1236.030517578125,1008.4445190429688,1652.623046875
494,Our son Stephen is looking after it tonight.,en_multilingual_blimp_correct_affected.test,24571.947265625,2090.79248046875,2228.254638671875,2189.542236328125,1871.1141357421875,2123.27734375,2036.9935302734375,2065.655029296875,2364.243408203125,3141.43798828125,3339.41259765625,2702.410400390625,3958.833984375
495,"OBSERVATION--The pressure to finger somebody for ""price gouging"" is increasing.",en_multilingual_blimp_correct_affected.test,25591.068359375,9516.0771484375,4021.8974609375,3126.052734375,3284.609375,2516.09619140625,2889.986083984375,2549.2001953125,3796.6875,2983.944580078125,3602.019775390625,3326.320556640625,3423.322021484375
496,"OBSERVATION--The pressure to finger somebody for ""price gouging"" is increasing.",en_multilingual_blimp_correct_affected.test,25591.068359375,9516.0771484375,4021.8974609375,3126.052734375,3284.609375,2516.09619140625,2889.986083984375,2549.2001953125,3796.6875,2983.944580078125,3602.019775390625,3326.320556640625,3423.322021484375
497,"You can go further and feel that your unit consciousness, a dot in the Infinite Consciousness, is merging with Infinity.",en_multilingual_blimp_correct_affected.test,25388.720703125,2490.593505859375,1447.966552734375,1140.2833251953125,908.492919921875,526.0346069335938,439.5751953125,365.7375793457031,648.5765991210938,597.4237670898438,548.5723266601562,745.1421508789062,745.5711059570312
498,"And the Raven, never flitting, still is sitting, still is sitting On the pallid bust of Pallas just above my chamber door;",en_multilingual_blimp_correct_affected.test,24241.201171875,4718.38916015625,4467.5205078125,5453.388671875,4122.0556640625,3040.38134765625,3121.432373046875,3719.6044921875,4321.3603515625,5834.22314453125,5277.3349609375,6925.5234375,13980.92578125
499,"But a scan has shown the tumour in Ms Pugh's right lung is growing, and she has had to leave the trial.",en_multilingual_blimp_correct_affected.test,23334.423828125,1308.26171875,1402.9188232421875,1561.0673828125,1441.1624755859375,1146.6435546875,1323.4906005859375,1316.92333984375,1322.327392578125,1804.218505859375,1856.8663330078125,1998.2557373046875,2346.399658203125
500,"My group, the Liberal group, is presently focusing its attention on non-European Union nationals.",en_multilingual_blimp_correct_affected.test,28586.115234375,6619.4697265625,5360.65576171875,4443.72021484375,3339.7724609375,2429.921630859375,3150.01806640625,3032.38623046875,2952.04248046875,3298.5185546875,4559.2021484375,4440.80126953125,5350.53759765625
501,"The air, the very air, is thought-nourishing in Jerusalem, the Sages themselves said so.",en_multilingual_blimp_correct_affected.test,23581.3984375,2255.06787109375,5099.8203125,6747.78662109375,8393.544921875,8644.669921875,9220.4931640625,14991.59375,13842.66796875,19286.30078125,20368.197265625,20404.669921875,20102.890625
502,"At the same time, the number of counterfeit euro coins is continuing to increase but also remains low by historical standards.",en_multilingual_blimp_correct_affected.test,26555.08203125,1925.2064208984375,1712.9918212890625,1260.2823486328125,760.8644409179688,850.0936889648438,842.7424926757812,873.6803588867188,928.619140625,913.4989624023438,998.65771484375,1037.796142578125,980.0235595703125
503,"Then k is strictly increasing, by the construction of ⪯.",en_multilingual_blimp_correct_affected.test,26901.052734375,6093.728515625,5093.6865234375,3529.272705078125,6552.5283203125,10754.5263671875,5925.6806640625,11170.5419921875,9667.5654296875,10722.3388671875,13765.70703125,14112.0703125,10691.134765625
504,"Bullet-proof vests, automatic weapons, helicopters, tanks, robots... the testosterone is oozing through the streets, more prisons, longer sentences, tighten the belt, spartan conditions, task forces, gang units, gun courts.",en_multilingual_blimp_correct_affected.test,25794.537109375,5741.46630859375,17792.72265625,20541.794921875,13424.54296875,11885.107421875,13011.8486328125,15629.65234375,14560.298828125,11302.8525390625,21508.32421875,17135.96484375,34306.9375
505,"The air, the very air, is thought-nourishing in Jerusalem, the Sages themselves said so.",en_multilingual_blimp_correct_affected.test,23581.3984375,2255.06787109375,5099.8203125,6747.78662109375,8393.544921875,8644.669921875,9220.4755859375,14991.564453125,13842.66796875,19286.3203125,20368.158203125,20404.669921875,20102.890625
506,"The worst thing that can happen for any restaurant like Zahav is to have too many people write hyperbolic reviews making claims that ""everyone"" is going to ""love"" the food, decor and service.",en_multilingual_blimp_correct_affected.test,24269.07421875,2072.990966796875,2150.990234375,1873.531005859375,1606.5648193359375,1231.68505859375,1172.5655517578125,1268.61669921875,1368.1246337890625,1524.187744140625,1433.073486328125,1794.16552734375,2039.5701904296875
507,This is not to say that everyone else is living pleasantly and well under a decent regime.,en_multilingual_blimp_correct_affected.test,21485.52734375,520.5518188476562,339.526611328125,353.6573791503906,285.8026428222656,241.4782257080078,321.2759094238281,283.120361328125,337.8177185058594,323.8455505371094,348.7719421386719,368.9651794433594,423.5429992675781
508,"But its potential for sustained growth is faltering, owing to the imminent decline of its working-age population – projected to fall by 25% by 2050 – and rising competition from China and other emerging economies.",en_multilingual_blimp_correct_affected.test,26573.75390625,3043.468017578125,2648.76904296875,1699.101318359375,1331.1055908203125,1023.6851806640625,1184.000732421875,953.0867309570312,839.8076782226562,830.7708129882812,1133.1258544921875,947.3152465820312,1449.8802490234375
509,"You can go further and feel that your unit consciousness, a dot in the Infinite Consciousness, is merging with Infinity.",en_multilingual_blimp_correct_affected.test,25388.720703125,2490.594482421875,1447.9678955078125,1140.2833251953125,908.492919921875,526.0343627929688,439.57537841796875,365.7372131347656,648.5759887695312,597.4232177734375,548.5723266601562,745.142822265625,745.5718383789062
510,"The worst thing that can happen for any restaurant like Zahav is to have too many people write hyperbolic reviews making claims that ""everyone"" is going to ""love"" the food, decor and service.",en_multilingual_blimp_correct_affected.test,24269.07421875,2072.990966796875,2150.990234375,1873.531005859375,1606.5648193359375,1231.68505859375,1172.5655517578125,1268.61669921875,1368.1246337890625,1524.187744140625,1433.073486328125,1794.16552734375,2039.5701904296875
511,"Steve, I noticed that our allocation from 2000 to 2001 is going up by 21% year on year (ie) $13.9M from $11.5M.",en_multilingual_blimp_correct_affected.test,26093.466796875,1589.49853515625,1128.571044921875,955.8689575195312,1208.38232421875,937.78271484375,817.2012329101562,796.4268798828125,850.1597900390625,1027.60205078125,1033.56201171875,1346.4892578125,1303.7939453125
512,"The former Iraqi leader Saddam Hussein is refusing to enter the Baghdad courtroom, in protest at how his trial is being conducted.",en_multilingual_blimp_correct_affected.test,24876.154296875,4186.38134765625,2299.09228515625,1137.9893798828125,859.3788452148438,568.976806640625,445.1490783691406,383.95440673828125,473.5973205566406,323.28765869140625,340.74188232421875,440.47784423828125,561.682861328125
513,"He sits down, saying that the influence of Yasir Arafat is evidently weakening and fading.",en_multilingual_blimp_correct_affected.test,25421.9375,1874.5567626953125,1038.1392822265625,658.620849609375,832.6709594726562,819.8709716796875,845.371826171875,919.8956298828125,794.5681762695312,1139.5294189453125,1192.1170654296875,1393.4742431640625,2602.7705078125
514,It looks like the war between Microsoft and Google is quickly brewing on the horizon.,en_multilingual_blimp_correct_affected.test,25812.966796875,915.1665649414062,561.1741943359375,470.7222900390625,444.5318298339844,363.3850402832031,401.1418762207031,480.3602294921875,472.10968017578125,525.6141357421875,810.2454223632812,610.9692993164062,866.7565307617188
515,"According to news accounts, the company is struggling.",en_multilingual_blimp_correct_affected.test,24272.591796875,2625.252685546875,3594.93994140625,2513.020751953125,3724.4248046875,2458.461669921875,3013.586669921875,4856.63427734375,3107.70947265625,2959.904541015625,7333.11767578125,5120.78662109375,5581.09375
516,Our son Stephen is looking after it tonight.,en_multilingual_blimp_correct_affected.test,24571.923828125,2090.793701171875,2228.253662109375,2189.538818359375,1871.11328125,2123.278076171875,2036.99169921875,2065.658935546875,2364.24658203125,3141.44677734375,3339.40625,2702.41552734375,3958.841552734375
517,Hope your pre Chanukah planning is going well.,en_multilingual_blimp_correct_affected.test,28027.408203125,3686.06787109375,3425.608154296875,3439.776611328125,3337.08544921875,4240.93896484375,4711.90087890625,4883.93603515625,4526.8984375,4388.28173828125,3802.118896484375,5789.47802734375,3673.567626953125
518,"Glad to hear that they are all healthy and were a good size, and that Mom is doing well.",en_multilingual_blimp_correct_affected.test,25162.35546875,362.0631103515625,575.9511108398438,412.94677734375,444.9355773925781,342.7880859375,288.4113464355469,306.8863830566406,387.1481628417969,429.6871643066406,329.5916442871094,436.46978759765625,674.3605346679688
519,"Steve, I noticed that our allocation from 2000 to 2001 is going up by 21% year on year (ie) $13.9M from $11.5M.",en_multilingual_blimp_correct_affected.test,26093.490234375,1589.49853515625,1128.571044921875,955.8689575195312,1208.38232421875,937.78271484375,817.2005004882812,796.427978515625,850.1597900390625,1027.6015625,1033.56103515625,1346.4892578125,1303.7933349609375
520,a rare form of retardation is showing up in that group more than anywhere else in the world.,en_multilingual_blimp_correct_affected.test,21305.296875,628.2716674804688,414.92437744140625,281.7947692871094,262.9813232421875,177.3634033203125,154.77879333496094,153.3892822265625,158.31703186035156,149.84738159179688,155.20005798339844,151.13719177246094,157.18568420410156
521,"At the same time, the number of counterfeit euro coins is continuing to increase but also remains low by historical standards.",en_multilingual_blimp_correct_affected.test,26555.08203125,1925.2064208984375,1712.9918212890625,1260.2811279296875,760.8644409179688,850.0936889648438,842.7424926757812,873.679931640625,928.6187133789062,913.500244140625,998.6572875976562,1037.7977294921875,980.0225830078125
522,"The sender probably is announcing that he is of either Egyptian Islamic Jihad, Egyptian Islamic Group or Jihad-al Qaeda, which is actually the full name of the group after the merger of the Egyptian Islamic Jihad and al Qaeda.",en_multilingual_blimp_correct_affected.test,22864.900390625,2531.0947265625,1578.3831787109375,924.3357543945312,686.4771118164062,531.389892578125,547.7468872070312,673.3242797851562,612.7013549804688,612.4096069335938,661.5458984375,687.8982543945312,737.2937622070312
523,on the flight from baltimore to san francisco on us air leaving at 420 what type of aircraft is used,en_multilingual_blimp_correct_affected.test,22417.90625,3140.73681640625,1968.269287109375,1270.782958984375,1502.38525390625,1180.7132568359375,1382.690185546875,2551.197998046875,3129.10693359375,2663.549560546875,4155.61328125,3509.530517578125,3822.51513671875
524,"The review is also investigating inflammatory Facebook posts from September, alleged to come from police officers in the northern Ontario city.",en_multilingual_blimp_correct_affected.test,23282.498046875,4488.1201171875,1798.897705078125,1152.669921875,858.5452880859375,984.6101684570312,790.9207763671875,760.249755859375,1155.927734375,869.0799560546875,873.8516235351562,992.2213745117188,878.0045776367188
525,It looks like the war between Microsoft and Google is quickly brewing on the horizon.,en_multilingual_blimp_correct_affected.test,25812.966796875,915.1665649414062,561.1741943359375,470.7222900390625,444.5318298339844,363.3850402832031,401.1418762207031,480.3602294921875,472.10968017578125,525.6141357421875,810.2454223632812,610.9692993164062,866.7565307617188
526,"Barb does an AMAZING JOB, she is always learning new things on how to use her hands and body, to give every person an AWESOME MASSAGE, CALL TODAY AND SCHEDULE YOU MUST SEE HER, YOU WILL FALL IN LOVE SHE IS THE BEST OF THE BEST!",en_multilingual_blimp_correct_affected.test,27869.138671875,4313.91162109375,796.3170776367188,507.47589111328125,381.4447326660156,304.3728942871094,290.0685729980469,301.3056335449219,388.78076171875,313.8579406738281,365.6946716308594,489.25738525390625,453.708984375
527,"And the Raven, never flitting, still is sitting, still is sitting On the pallid bust of Pallas just above my chamber door;",en_multilingual_blimp_correct_affected.test,24241.201171875,4718.38916015625,4467.5244140625,5453.38330078125,4122.05908203125,3040.38134765625,3121.432373046875,3719.6044921875,4321.3603515625,5834.22314453125,5277.34033203125,6925.51708984375,13980.9384765625
528,"The sender probably is announcing that he is of either Egyptian Islamic Jihad, Egyptian Islamic Group or Jihad-al Qaeda, which is actually the full name of the group after the merger of the Egyptian Islamic Jihad and al Qaeda.",en_multilingual_blimp_correct_affected.test,22864.900390625,2531.0947265625,1578.38232421875,924.3357543945312,686.4771118164062,531.389892578125,547.7468872070312,673.3242797851562,612.7022094726562,612.409912109375,661.5452270507812,687.8978881835938,737.2941284179688
529,The municipality of Jerusalem is planning to build a new road and will tear the Jordanian one up.,en_multilingual_blimp_correct_affected.test,29275.87890625,692.5629272460938,516.16357421875,431.7743225097656,282.6072692871094,264.0066833496094,260.95654296875,263.5168151855469,272.6122131347656,324.5899963378906,342.5177001953125,321.48065185546875,308.91290283203125
530,what type of aircraft is used on american airline flight 315,en_multilingual_blimp_correct_affected.test,22096.380859375,4510.1357421875,3091.76708984375,1296.0155029296875,1080.5899658203125,751.868896484375,657.4583129882812,664.9332885742188,765.8887939453125,1069.3240966796875,888.3630981445312,1035.816162109375,1645.0595703125
531,"The man told him that a war between the two universes is coming, as he and Walter had predicted; it is for this reason that Olivia, among others, was trained as a child.",en_multilingual_blimp_correct_affected.test,21596.171875,1199.85595703125,1386.406494140625,1205.54833984375,1248.2073974609375,985.7305297851562,1047.834228515625,1151.142333984375,1615.5360107421875,1054.0833740234375,1409.6392822265625,1878.176025390625,1585.5145263671875
532,My kid is making wonderful grades and has reassured me she will graduate within the four year period.,en_multilingual_blimp_correct_affected.test,25851.94140625,1662.2152099609375,1194.904541015625,1011.6280517578125,829.3870239257812,916.4403686523438,987.2730102539062,1122.5399169921875,895.9874877929688,1502.7335205078125,1622.2674560546875,1545.7110595703125,1695.6121826171875
533,Hope your pre Chanukah planning is going well.,en_multilingual_blimp_correct_affected.test,28027.435546875,3686.071533203125,3425.608154296875,3439.780029296875,3337.08203125,4240.94287109375,4711.90087890625,4883.93115234375,4526.8984375,4388.2861328125,3802.111572265625,5789.466796875,3673.57470703125
534,It may be a problem because the temperature is constantly changing.,en_multilingual_blimp_correct_affected.test,18503.25,495.7613830566406,369.039794921875,250.5775604248047,137.41940307617188,165.65859985351562,137.80905151367188,124.90754699707031,117.81413269042969,110.59748840332031,93.90489959716797,92.4285888671875,119.17044830322266
535,"As I have gone through many reviews sites to see if any provider is providing better services or not, and I have realized that there were many good reviews about Liquidweb also Steven never faced any server issues in his whole hosting.",en_multilingual_blimp_correct_affected.test,22406.53515625,1303.2066650390625,980.080078125,748.487060546875,736.29345703125,609.1982421875,634.5784912109375,593.7865600585938,676.1785278320312,670.5994873046875,602.121826171875,821.900146484375,1046.8438720703125
536,you are not just moving house - your cat is losing his territory.,en_multilingual_blimp_correct_affected.test,25816.12109375,650.6196899414062,936.0260620117188,1401.33154296875,1309.71728515625,1091.9208984375,952.7041015625,1522.6375732421875,1151.230224609375,1311.5458984375,1503.822265625,2082.8349609375,1958.44384765625
537,China's insatiable demand for energy is prompting fears of financial and diplomatic collisions around the globe as it seeks reliable supplies of oil from as far away as Brazil and Sudan.,en_multilingual_blimp_correct_affected.test,24334.80078125,2051.07470703125,762.1141967773438,601.439697265625,483.0662841796875,390.00067138671875,354.5010681152344,373.0955505371094,506.8140563964844,555.9645385742188,518.5036010742188,645.2783203125,696.5726928710938
538,China's insatiable demand for energy is prompting fears of financial and diplomatic collisions around the globe as it seeks reliable supplies of oil from as far away as Brazil and Sudan.,en_multilingual_blimp_correct_affected.test,24334.80078125,2051.07470703125,762.1141967773438,601.439697265625,483.0662841796875,390.00067138671875,354.5010681152344,373.0955505371094,506.8140563964844,555.9645385742188,518.5036010742188,645.2783203125,696.5726928710938
539,"My dad is having surgery in Ft. Worth, so I will be heading that way on Monday.",en_multilingual_blimp_correct_affected.test,24525.0546875,711.3712158203125,438.1141357421875,471.05657958984375,540.041015625,481.96649169921875,557.6693115234375,461.1349792480469,529.9420166015625,513.7843627929688,629.6683349609375,865.2244873046875,1140.16259765625
540,"Your camera isn't acting normally, you got warranty, let Canon deal with it.",en_multilingual_blimp_correct_affected.test,27198.953125,5120.80126953125,10163.1083984375,9064.4365234375,7568.775390625,8741.283203125,7645.65380859375,10653.01953125,7693.2177734375,7873.93017578125,9076.2353515625,11291.23828125,11930.69140625
541,"What, for instance, is 'appropriate after-sales service'?",en_multilingual_blimp_correct_affected.test,24505.34375,9031.595703125,23185.248046875,13246.1064453125,14044.603515625,10570.6826171875,16215.9931640625,19759.7109375,56973.375,43534.07421875,36735.73046875,38895.25,84025.515625
542,"But its potential for sustained growth is faltering, owing to the imminent decline of its working-age population – projected to fall by 25% by 2050 – and rising competition from China and other emerging economies.",en_multilingual_blimp_correct_affected.test,26573.75390625,3043.465087890625,2648.76904296875,1699.101318359375,1331.1055908203125,1023.6851806640625,1184.001953125,953.0867309570312,839.80810546875,830.7708129882812,1133.1253662109375,947.3152465820312,1449.8817138671875
543,The good news is that Park's government is working to change this.,en_multilingual_blimp_correct_affected.test,23741.51953125,509.8901062011719,679.8106689453125,388.8465576171875,372.3100280761719,216.77500915527344,227.3442840576172,219.80227661132812,309.9718933105469,346.9592590332031,368.2673645019531,334.63641357421875,407.0643310546875
544,what type of aircraft is used for the american flight leaving at 419 pm,en_multilingual_blimp_correct_affected.test,23054.716796875,2649.33984375,1171.5997314453125,501.3785705566406,538.6504516601562,436.599853515625,433.89849853515625,399.0025939941406,646.13916015625,753.89111328125,611.5198364257812,1004.5254516601562,1009.4274291992188
545,Which wonderful contact of mine is thumbs upping all my best answers ^^?,en_multilingual_blimp_correct_affected.test,25544.30078125,5348.02783203125,3820.594482421875,2278.1103515625,2508.9296875,2253.363037109375,1911.9375,2517.4296875,2475.572998046875,2677.003173828125,3667.732177734375,4118.20849609375,5402.91650390625
546,what kind of aircraft is used on a flight from cleveland to dallas,en_multilingual_blimp_correct_affected.test,19973.59375,1108.5191650390625,831.76611328125,697.6832885742188,582.5824584960938,457.97119140625,486.38604736328125,638.8797607421875,673.7642822265625,681.8446044921875,723.9718627929688,699.512451171875,827.3358154296875
547,"Robb says it is ""like an experimental novel in which the female protagonist is always trying to pull in extraneous realities but which the hero is determined to keep on course, whatever tricks he has to use.",en_multilingual_blimp_correct_affected.test,24059.09375,1210.1744384765625,931.037353515625,899.2772827148438,712.607666015625,594.741455078125,561.6598510742188,587.1351928710938,454.9310302734375,539.2864990234375,560.8106689453125,650.2682495117188,758.5409545898438
548,"The man told him that a war between the two universes is coming, as he and Walter had predicted; it is for this reason that Olivia, among others, was trained as a child.",en_multilingual_blimp_correct_affected.test,21596.171875,1199.85595703125,1386.406494140625,1205.5489501953125,1248.20849609375,985.7305297851562,1047.834228515625,1151.142333984375,1615.5360107421875,1054.0843505859375,1409.637939453125,1878.17431640625,1585.5137939453125
549,"Then k is strictly increasing, by the construction of ⪯.",en_multilingual_blimp_correct_affected.test,26901.052734375,6093.728515625,5093.68115234375,3529.272705078125,6552.5283203125,10754.5263671875,5925.6806640625,11170.552734375,9667.5556640625,10722.328125,13765.6953125,14112.0703125,10691.134765625
550,Mrs. Wentz had the tone of voice that sounds as if the speaker is addressing noone but himself.,en_multilingual_blimp_correct_affected.test,21873.61328125,1456.06591796875,1009.9681396484375,989.4215698242188,791.8667602539062,736.5645751953125,449.41717529296875,382.1744079589844,513.5894165039062,612.3035888671875,500.0985107421875,611.0094604492188,715.3302612304688
551,The dispute is becoming increasingly bitter and is beginning to look like a trade war.,en_multilingual_blimp_correct_affected.test,24156.412109375,1423.1326904296875,849.0501098632812,634.1392822265625,513.56494140625,608.5394287109375,537.9522705078125,677.174560546875,510.2422790527344,416.8439636230469,637.7870483398438,518.9075317382812,525.4793090820312
552,"Crosstab queries calculate a sum, average, count, or other type of total for data that is grouped by two types of information – one down the left side of the datasheet and another across the top.",en_multilingual_blimp_correct_affected.test,24944.09765625,1356.84033203125,1045.419189453125,811.4868774414062,740.2521362304688,572.7449340820312,595.31005859375,579.1893310546875,610.99609375,573.4705200195312,699.1513061523438,613.978271484375,1100.712158203125
553,on continental flight 1765 from boston to san francisco what type of meal is served,en_multilingual_blimp_correct_affected.test,19191.205078125,7063.22900390625,4515.11083984375,3027.534423828125,2130.009765625,1322.6351318359375,1286.1378173828125,1992.324462890625,2246.791259765625,2309.8896484375,2485.173095703125,2253.993896484375,2913.025146484375
554,Increased car usage in China is creating a high demand for petrol,en_multilingual_blimp_correct_affected.test,28531.916015625,1685.01806640625,852.2557373046875,524.7551879882812,236.32626342773438,196.82308959960938,155.80905151367188,167.78717041015625,190.30047607421875,172.05262756347656,189.51266479492188,204.82852172851562,148.03587341308594
555,"I understand the imminent cold weather is making things crazy, so now may not be the best time to be in your way.",en_multilingual_blimp_correct_affected.test,22521.515625,651.0184936523438,650.6677856445312,527.8882446289062,333.36151123046875,421.9589538574219,499.1248779296875,477.09197998046875,478.204833984375,564.8118286132812,675.0120239257812,704.2072143554688,1100.2052001953125
556,The situation in Iraq is only going to get better this way.,en_multilingual_blimp_correct_affected.test,24095.12109375,346.23211669921875,382.65380859375,341.40985107421875,244.75880432128906,213.88999938964844,144.7165069580078,168.3176727294922,153.87490844726562,160.0287628173828,170.10061645507812,226.46205139160156,193.83908081054688
557,"I guess if you have a schtick that is a resounding success once, you can't help but trot it out every time your act is going sour.",en_multilingual_blimp_correct_affected.test,20876.046875,1453.5526123046875,1232.1239013671875,1091.60546875,766.8136596679688,660.4827270507812,544.28857421875,611.618408203125,627.755126953125,588.6380615234375,773.6456298828125,811.939453125,751.89794921875
558,"What, for instance, is 'appropriate after-sales service'?",en_multilingual_blimp_correct_affected.test,24505.34375,9031.595703125,23185.248046875,13246.1064453125,14044.603515625,10570.6826171875,16215.9931640625,19759.7109375,56973.375,43534.07421875,36735.73046875,38895.25,84025.515625
559,This is not to say that everyone else is living pleasantly and well under a decent regime.,en_multilingual_blimp_correct_affected.test,21485.52734375,520.5518188476562,339.526611328125,353.6571960449219,285.8026428222656,241.4783172607422,321.2757568359375,283.120361328125,337.8177185058594,323.84527587890625,348.7721252441406,368.9651794433594,423.5436096191406
560,"And of all the people who the county is getting to find a replacement...is none other than Lee Brown, the original supervisor of the Atlanta PD, who was in office during the murders and the subsequent investigation.",en_multilingual_blimp_correct_affected.test,21620.365234375,1011.0238037109375,1151.4854736328125,1292.521240234375,1071.3497314453125,925.4448852539062,733.2191162109375,785.3789672851562,880.2225341796875,1008.4854736328125,1043.912841796875,1050.140625,1373.073974609375
561,"Now, however, he is to go before the courts once more because the public prosecutor is appealing.",en_multilingual_blimp_correct_affected.test,22619.625,1564.52734375,1616.7891845703125,1542.1544189453125,1097.6669921875,973.6668090820312,1047.8741455078125,1068.3170166015625,1139.6527099609375,1125.3499755859375,1677.4454345703125,1714.6107177734375,1932.228271484375
562,My foot is covering approximately 300 miles of mycelium.,en_multilingual_blimp_correct_affected.test,23117.068359375,2779.496337890625,857.3462524414062,490.2510986328125,404.5754089355469,314.18408203125,120.66055297851562,185.0941925048828,170.74920654296875,183.28257751464844,160.81007385253906,213.0270538330078,289.869873046875
563,This cute little stunt is only going to prove just how fanatic the extremist Muslims are.,en_multilingual_blimp_correct_affected.test,24519.462890625,2390.332275390625,1296.8408203125,1432.78857421875,593.4967041015625,516.752197265625,399.5549011230469,396.546142578125,401.8199768066406,466.4864196777344,609.8495483398438,542.9613647460938,778.2061767578125
564,If a pair isn't leaving eggs... check the following:,en_multilingual_blimp_correct_affected.test,23030.0625,4402.0888671875,4581.1689453125,7298.06005859375,6584.953125,6918.59228515625,6725.6025390625,10469.0634765625,16118.91796875,11556.8203125,18307.015625,41481.953125,23757.48828125
565,"My vet told me when a dog is vomiting a lot, it could be a sign of obstruction.",en_multilingual_blimp_correct_affected.test,24996.796875,923.398681640625,712.4375,567.5062866210938,369.21722412109375,332.0364990234375,393.95318603515625,415.7779846191406,358.4266052246094,503.46502685546875,467.0450744628906,598.55126953125,1014.6522827148438
566,Which wonderful contact of mine is thumbs upping all my best answers ^^?,en_multilingual_blimp_correct_affected.test,25544.30078125,5348.02783203125,3820.594482421875,2278.1103515625,2508.9296875,2253.363037109375,1911.9375,2517.4296875,2475.572998046875,2677.003173828125,3667.732177734375,4118.20849609375,5402.91650390625
567,"The rapporteur is asking for a threshold of 50 to 30 ppm, which would also involve excessive cost without appreciable benefit.",en_multilingual_blimp_correct_affected.test,28283.3515625,2435.781005859375,1926.5040283203125,1670.6412353515625,1411.990478515625,1091.2608642578125,1025.853759765625,1004.820068359375,1103.6800537109375,1170.2886962890625,1596.074951171875,1581.6439208984375,1473.7889404296875
568,"He said those things to my mother, I heard them, but to me he said, by the sun-dial, 'I'm forty-one and the sea is dying.'",en_multilingual_blimp_correct_affected.test,25666.419921875,1350.9783935546875,2302.55029296875,2240.15673828125,2496.001708984375,1586.1512451171875,1413.2547607421875,1483.5196533203125,1900.6895751953125,1874.5880126953125,1913.64306640625,2638.618408203125,2896.434326171875
569,"All of the staff at Hudson have contributed in some way to this work, as have the thousands of people with whom we have discussed these issues at meetings, seminars, and briefings at the Institute and other locations around the world. """,en_multilingual_blimp_correct_affected.test,24383.16796875,761.3068237304688,683.12646484375,692.7769165039062,511.7124938964844,350.0245056152344,407.69097900390625,325.9508361816406,323.40020751953125,344.8870544433594,340.6851806640625,411.1666564941406,487.1064758300781
570,"She added that recent visits to the island by India's top military brass including army chief General Nirmal Chander Vij have ""caused apprehension among Tamils that preparations are under way for another war in the island"".",en_multilingual_blimp_correct_affected.test,23302.19921875,2959.22998046875,1775.6243896484375,1706.0311279296875,1664.3399658203125,1294.884521484375,1445.988525390625,2062.591796875,2473.779296875,2301.707275390625,2216.8798828125,3879.213134765625,4264.1328125
571,Two vaunted economists - one a Nobel Prize winner and the other a nationally renowned budget expert - have analyzed the data at hand and put a price tag on the Iraq occupation.,en_multilingual_blimp_correct_affected.test,21394.193359375,1981.217529296875,1171.7388916015625,929.9627075195312,745.9484252929688,575.7249145507812,540.9887084960938,528.6185302734375,590.2994995117188,612.0855102539062,677.71240234375,708.090576171875,1128.2799072265625
572,"The overwhelming human and financial impacts of Hurricane Katrina are powerful evidence that political and economic decisions made in the United States and other countries have failed to account for our dependence on a healthy resource base, according to an assessment released today by the Worldwatch Institute.",en_multilingual_blimp_correct_affected.test,25296.37109375,1779.8525390625,698.9652709960938,516.007080078125,404.9504089355469,357.30902099609375,311.28424072265625,305.6370544433594,316.49169921875,267.126220703125,292.3790283203125,300.72601318359375,376.8002014160156
573,Soldiers with vital training and know-how are refusing to re-enlist.,en_multilingual_blimp_correct_affected.test,26668.5,3872.737548828125,1834.8946533203125,1065.9000244140625,1435.187255859375,1296.507568359375,929.4639892578125,944.8886108398438,1039.877197265625,892.9140625,1637.1317138671875,1392.16845703125,1553.277587890625
574,"Al-Abbudi stated that ""His Emminence"" decided to openly support the list because ""others"" (obviously a reference to Allawi) have been abusing official state positions and media outlets in their campaigning.",en_multilingual_blimp_correct_affected.test,23417.330078125,3891.14404296875,2910.2080078125,2377.806884765625,2254.587158203125,1834.6260986328125,1690.3173828125,1651.5438232421875,1654.8988037109375,1729.9803466796875,1801.6007080078125,2531.78271484375,2694.097412109375
575,Two decades of pickling his nervous system in various highly toxic substances have left Bush damaged goods.,en_multilingual_blimp_correct_affected.test,27876.955078125,5863.51318359375,2382.656494140625,1331.995849609375,1326.541015625,963.5745849609375,1022.7459106445312,1327.3603515625,1057.439208984375,1530.6217041015625,2199.31640625,2865.702880859375,3895.172607421875
576,While Iran's conventional army is not what it was during the heyday of the Iran-Iraq war - their armaments have deteriorated and the veterans of that last war have retired - the nation enjoys substantial military strength nonetheless.,en_multilingual_blimp_correct_affected.test,24004.1796875,2542.049560546875,1695.095703125,1536.169189453125,1024.8720703125,757.6061401367188,762.080078125,848.9987182617188,798.9273071289062,1007.4996337890625,938.6846313476562,1091.94482421875,1306.1497802734375
577,"The last three years of the Iraq occupation, however, have sapped this confidence.",en_multilingual_blimp_correct_affected.test,29174.76171875,4117.29345703125,5480.51025390625,4377.66845703125,2891.015869140625,2461.156982421875,3198.482421875,4585.54443359375,6407.9033203125,5125.48193359375,7295.96533203125,6552.884765625,7112.56640625
578,"While most U.S. secretaries of state -- save perhaps Dean Rusk -- have gobbled up credit for outcomes that they had little to do with, few have been as brazen as Colin Powell.",en_multilingual_blimp_correct_affected.test,25507.859375,2171.975830078125,1420.302978515625,1298.741943359375,924.5733032226562,761.0077514648438,664.143310546875,658.5731201171875,695.8177490234375,767.5350341796875,736.0625,843.6008911132812,1080.0474853515625
579,"One has to wonder whether the bright fellows in our government and military who set up the deals with these people don't know what they are, don't care, or know perfectly well.",en_multilingual_blimp_correct_affected.test,20419.990234375,908.843017578125,803.4180297851562,958.67431640625,941.633544921875,784.530029296875,846.5743408203125,838.936767578125,802.1903686523438,1073.6448974609375,1130.820068359375,1562.226806640625,1990.548828125
580,"Due to business reasons, previously scheduled interviewers from the Penn team have had to cancel their participation.",en_multilingual_blimp_correct_affected.test,22996.283203125,2616.487060546875,2170.98291015625,2089.885498046875,1456.98486328125,775.216552734375,854.2933349609375,932.4213256835938,927.42041015625,1003.1981201171875,976.93994140625,1578.73828125,1472.69873046875
581,"Armed militias, many staffed by former Iraqi military men with substantial training and experience, have proliferated.",en_multilingual_blimp_correct_affected.test,22458.029296875,5658.47216796875,4709.83837890625,2642.81396484375,2412.133056640625,1599.938232421875,1841.9163818359375,1958.268310546875,1422.841552734375,1124.6617431640625,1685.0380859375,2151.332763671875,2229.521484375
582,"Again, decades of this sort of behavior do not leave a person untouched.",en_multilingual_blimp_correct_affected.test,22467.283203125,870.2659301757812,738.804931640625,441.682373046875,351.0643615722656,306.69183349609375,254.9524688720703,306.1056823730469,468.43524169921875,381.1000061035156,503.3197937011719,407.0152282714844,478.3526306152344
583,"A recent report by a journalist from Port Blair, in the Andamans, quoted an unnamed official saying that foreigners from Myanmar, Bangladesh and Sri Lanka have permanently settled in the islands, using fake Indian ration cards, while citizens of Thailand, China, Indonesia and Malaysia have migrated temporarily to plunder the natural resources and leave.",en_multilingual_blimp_correct_affected.test,23102.56640625,4085.443603515625,3163.2001953125,2738.81689453125,2499.984619140625,1969.4615478515625,2077.56787109375,1892.33544921875,2221.14208984375,2283.097412109375,3184.916015625,3319.73193359375,3788.076171875
584,"Two top Iraqi scientists, code named Charlie and Alpha, are helping the coalition to learn more about Iraqi's anthrax program, according to Dr. David Kay, head of the Iraq survey group in charge of the hunt for WMD.",en_multilingual_blimp_correct_affected.test,24867.046875,1985.3966064453125,1572.9742431640625,1302.36669921875,973.990966796875,817.11083984375,778.908203125,733.4114379882812,774.0523071289062,831.5674438476562,950.4077758789062,934.4848022460938,1068.79345703125
585,"A recent report by a journalist from Port Blair, in the Andamans, quoted an unnamed official saying that foreigners from Myanmar, Bangladesh and Sri Lanka have permanently settled in the islands, using fake Indian ration cards, while citizens of Thailand, China, Indonesia and Malaysia have migrated temporarily to plunder the natural resources and leave.",en_multilingual_blimp_correct_affected.test,23102.56640625,4085.443603515625,3163.2001953125,2738.81689453125,2499.984619140625,1969.4615478515625,2077.56787109375,1892.33544921875,2221.14208984375,2283.097412109375,3184.916015625,3319.73193359375,3788.076171875
586,"Some reporters (you know, the ones with journalistic ethics) have actually uncovered the truth about George Bush's service in the Texas Air National Guard.",en_multilingual_blimp_correct_affected.test,21799.953125,3919.845703125,2167.533203125,1692.4432373046875,1582.035400390625,1610.531982421875,1577.4229736328125,1405.93701171875,1631.099853515625,1902.9267578125,2031.5111083984375,2639.451416015625,2389.837646484375
587,"If sites next to you don't have what you want, contact your nearest comp.sources.unix archive, or the moderator.",en_multilingual_blimp_correct_affected.test,22672.580078125,1984.3594970703125,2771.13427734375,1613.658935546875,1647.6534423828125,1588.759765625,2013.0919189453125,1961.859130859375,2780.506591796875,3441.453369140625,3674.506591796875,4790.6279296875,4185.51904296875
588,"Further to my voicemail, our colleagues in credit are calculating the reserve on the PSE swap.",en_multilingual_blimp_correct_affected.test,20680.072265625,1804.641845703125,1687.8084716796875,1752.5518798828125,967.1091918945312,752.679931640625,832.0700073242188,774.5798950195312,960.0064697265625,1429.49658203125,1479.13037109375,1695.0107421875,2346.899658203125
589,do babies this small hibernate?,en_multilingual_blimp_correct_affected.test,23886.82421875,4429.87158203125,4348.248046875,1903.9251708984375,1969.095458984375,1098.47216796875,971.0304565429688,923.8038330078125,765.4912109375,759.7742919921875,908.416259765625,913.379150390625,971.6279907226562
590,"Since lots of people are still living there, then it must be fine to visit.",en_multilingual_blimp_correct_affected.test,17997.994140625,460.1838684082031,630.8828735351562,440.37408447265625,550.7942504882812,481.60302734375,535.1326293945312,682.0816650390625,497.9172668457031,557.720947265625,739.8272705078125,1075.2725830078125,1141.462158203125
591,"After every world war, the rules of international law have changed, and the same will happen after the present one.",en_multilingual_blimp_correct_affected.test,27646.98828125,623.063232421875,1088.8828125,1208.2330322265625,883.9327392578125,929.6567993164062,1070.561279296875,1150.1092529296875,1050.521240234375,1042.2138671875,1243.5284423828125,1992.694091796875,2899.53271484375
592,But the four planeloads of arms have vanished.,en_multilingual_blimp_correct_affected.test,23355.794921875,4731.82666015625,4922.39599609375,2500.491455078125,2205.832275390625,2297.1591796875,2474.747802734375,3033.0283203125,3384.697998046875,4349.25146484375,4070.967529296875,3530.824951171875,5271.23388671875
593,"The events of the last few years have amplified four issues, which have always existed, but have never been as rampant as in the present upheaval in the region.",en_multilingual_blimp_correct_affected.test,25841.958984375,1189.6253662109375,960.0750732421875,1047.5145263671875,783.556884765625,590.679931640625,563.194091796875,482.06024169921875,565.4901123046875,450.0749206542969,474.3223571777344,498.7194519042969,556.2835083007812
594,"I don't believe that we are quite at the point that we can say that all business controllers worldwide have reviewed, understand and have implemented these standards.",en_multilingual_blimp_correct_affected.test,24478.94921875,687.358154296875,557.9488525390625,479.0042724609375,478.82135009765625,400.4566955566406,460.521484375,371.7558288574219,439.0713806152344,753.4074096679688,539.5506591796875,604.7335815429688,722.3477172851562
595,"At this point, our IT contacts are backpedalling a bit and suggesting they can overcome the TIBCO and Terminal Server problems.",en_multilingual_blimp_correct_affected.test,20701.265625,2528.853271484375,2360.4560546875,1572.84521484375,1314.316162109375,872.7388916015625,1322.1849365234375,1526.227783203125,1368.0052490234375,1514.9176025390625,2138.012939453125,2007.5301513671875,2022.4285888671875
596,"Emergency teams in the southern US are battling to reach survivors of Hurricane Katrina, the most destructive storm to hit the country in decades.",en_multilingual_blimp_correct_affected.test,21769.1015625,2269.90283203125,1565.44970703125,1210.479736328125,684.6692504882812,552.6094360351562,524.303955078125,607.8556518554688,629.8119506835938,549.8765869140625,866.5283813476562,784.9259033203125,830.6507568359375
597,Some localized extinctions already have occurred across some of its habitat.,en_multilingual_blimp_correct_affected.test,25455.00390625,3550.21923828125,2111.478515625,1204.359619140625,1044.570068359375,702.5188598632812,563.0292358398438,657.01513671875,1174.494384765625,820.396240234375,1254.93212890625,1212.489501953125,1303.1375732421875
598,Web giant Google is resisting an attempt by the US to force it to reveal what users are searching for.,en_multilingual_blimp_correct_affected.test,22172.751953125,1272.30908203125,833.1875610351562,582.73193359375,419.0451354980469,266.94873046875,256.1114807128906,333.6475830078125,286.9850158691406,350.1273498535156,326.17144775390625,300.0794372558594,401.5621337890625
599,"""The impacts of global warming are affecting people now in the Arctic,"" said ACIA chair Robert Corell.",en_multilingual_blimp_correct_affected.test,23313.359375,5628.70849609375,4283.55029296875,4213.03955078125,4728.2138671875,5606.2890625,3422.3427734375,4194.12548828125,4902.8916015625,5852.6689453125,5633.37060546875,8003.45751953125,8684.771484375
600,The AR/AP SAP data quality reviews for both businesses are continuing so as to provide a detailed analysis as at end Q1.,en_multilingual_blimp_correct_affected.test,29568.646484375,2423.2958984375,1599.65380859375,1005.5380859375,1133.8685302734375,1226.810546875,1026.9407958984375,1770.9635009765625,1895.957275390625,1499.63623046875,1878.657958984375,1883.1260986328125,2382.97705078125
601,"Like the tens of billions of dollars that have been ""lost"" in Iraq, planeloads of arms don't just ""vanish""; not when the Pentagon contracts the work to an international criminal of Bout's untouchable stature.",en_multilingual_blimp_correct_affected.test,21180.9296875,2379.50830078125,1973.952880859375,1601.051025390625,1177.27099609375,1127.3114013671875,1185.4967041015625,1280.9122314453125,1548.9974365234375,2058.031494140625,1694.896728515625,2048.0751953125,3108.388427734375
602,"My parents do not like me, They constantly reassure me that they will throw me out of home when I turn 18.",en_multilingual_blimp_correct_affected.test,24238.333984375,553.0531005859375,416.41864013671875,413.2911682128906,304.4783020019531,244.85055541992188,234.9560089111328,231.5817413330078,265.137939453125,298.55584716796875,355.1397705078125,412.4471435546875,432.8745422363281
603,All the guys at work are saying I shouldn't bother having it fixed I should just buy a new one.,en_multilingual_blimp_correct_affected.test,29599.595703125,601.7394409179688,604.1046752929688,511.7413024902344,432.31365966796875,316.1104431152344,306.13018798828125,335.77093505859375,356.25018310546875,385.2846374511719,379.1597900390625,621.8350830078125,535.3983154296875
604,"The excellent windows have performed without any problems, but that's not why I'm writing my review.",en_multilingual_blimp_correct_affected.test,29460.02734375,2738.849365234375,1817.7373046875,2508.752685546875,1771.9560546875,1385.9200439453125,1222.8612060546875,941.947021484375,1517.827880859375,986.7114868164062,1037.8807373046875,1313.2994384765625,1938.3575439453125
605,Several related issues have resulted in an increase in the level of operating risk for the Merchanting Metals business.,en_multilingual_blimp_correct_affected.test,26492.400390625,1201.9803466796875,1038.9365234375,707.159912109375,431.97491455078125,267.1668701171875,316.1016845703125,266.29132080078125,308.0158386230469,237.03036499023438,262.9692687988281,298.5605163574219,283.8694152832031
606,"(This is a largely Sunni Arab clan, and some Sunni observers have accused Shiite elements in the government of being behind the assassination; it is more likely the work of Sunni Arab guerrillas punishing the Batawi leaders for cooperating with the Dec. 15 elections.)",en_multilingual_blimp_correct_affected.test,24282.548828125,2494.860595703125,1771.25244140625,1982.9482421875,1486.441162109375,1344.962158203125,1458.7130126953125,1475.6580810546875,1243.3690185546875,1667.2606201171875,1674.0040283203125,1932.32861328125,2351.290771484375
607,"Thousands of people are already looking into your background, not just in Wichita, but from all over the U.S.",en_multilingual_blimp_correct_affected.test,27634.46484375,475.3605041503906,317.4172668457031,278.93212890625,215.23487854003906,144.8590087890625,147.51971435546875,125.06207275390625,152.17222595214844,137.66744995117188,161.27113342285156,172.34471130371094,226.67196655273438
608,"Walls keeping water out of the bowl-shaped city have been breached, and emergency teams are using helicopters to drop 1,350kg (3,000lb) sandbags and concrete barriers into the gaps.",en_multilingual_blimp_correct_affected.test,19752.87109375,2224.488037109375,1614.1453857421875,1477.8529052734375,1324.375,990.5833129882812,871.0210571289062,880.6478271484375,878.4991455078125,896.157958984375,935.3082275390625,1068.495361328125,1244.6524658203125
609,"Your cycle of learning through the school of hard knocks has come to an end, Gemini, and now you're going to start reaping the rewards these ""lessons"" have left in their wake.",en_multilingual_blimp_correct_affected.test,22415.27734375,1570.359375,1528.083251953125,1393.0364990234375,1513.4049072265625,1450.8734130859375,1407.1832275390625,1451.950439453125,1551.1859130859375,1357.76708984375,1697.219482421875,1605.509521484375,2566.74609375
610,"Nato and US officials have already voiced fears that Bosnian arms - sold by US, British and Swiss firms - are being passed to insurgents.",en_multilingual_blimp_correct_affected.test,23241.65625,2914.63671875,1966.023681640625,1298.27685546875,1152.35986328125,1135.5155029296875,1061.2474365234375,1015.8272094726562,1076.417724609375,1032.880615234375,905.4837036132812,1216.6124267578125,1395.0491943359375
611,"The Superdome stadium is without power, and toilets are overflowing.",en_multilingual_blimp_correct_affected.test,26985.921875,7139.36962890625,4982.07275390625,3536.95849609375,3913.864990234375,4320.37109375,3155.5322265625,3877.14208984375,4227.25048828125,3996.036865234375,6050.09619140625,6433.93408203125,7253.630859375
612,She basically said if the children getting off the bus aren't paying to enter her building she was going to let them wander around the streets.,en_multilingual_blimp_correct_affected.test,21962.17578125,524.9711303710938,606.228515625,717.9293823242188,459.1591491699219,434.72210693359375,421.52899169921875,449.5224304199219,420.3134765625,614.7405395507812,449.9045715332031,532.8465576171875,627.8656005859375
613,"Yep, the females are just getting to him... dads..",en_multilingual_blimp_correct_affected.test,27081.494140625,2665.827880859375,4449.2880859375,6890.18017578125,7469.67529296875,4101.14794921875,4394.54296875,5972.29296875,5309.638671875,7350.7548828125,10662.869140625,11697.9345703125,11041.8544921875
614,"The neighbours are still interfering, but there are signs that rather than undermining Afghanistan ’s stability they may now be trying to strengthen it.",en_multilingual_blimp_correct_affected.test,25115.533203125,2131.689208984375,1411.7467041015625,919.5123901367188,671.9521484375,532.5631103515625,630.2619018554688,581.9449462890625,587.546630859375,480.1446838378906,563.43505859375,624.688720703125,700.1708374023438
615,my lhasa apso hind legs are not working?,en_multilingual_blimp_correct_affected.test,23910.1640625,6517.55859375,4793.8271484375,6772.36865234375,5406.205078125,4450.26416015625,3037.42236328125,3536.45263671875,4106.9169921875,5201.06982421875,6001.0283203125,7197.7109375,5332.32666015625
616,Bumrungrad Hospital does some good work but all hospitals do have their problems from time to time.,en_multilingual_blimp_correct_affected.test,27841.884765625,1517.571044921875,1173.63671875,1473.9281005859375,1024.16552734375,653.909423828125,648.7810668945312,587.7716064453125,597.906005859375,736.7342529296875,733.9267578125,862.8526611328125,939.6178588867188
617,"And international donors have given only half of the relief aid that Darfur needs, according to the local UN officials.",en_multilingual_blimp_correct_affected.test,19626.986328125,1801.4100341796875,1943.7841796875,1664.34228515625,1161.98681640625,1150.4833984375,1344.552978515625,1322.06640625,1487.5615234375,2011.251708984375,2196.383056640625,1776.5255126953125,2674.46533203125
618,"if the computer is completely shut off, the USB ports aren't getting power, so they won't charge your phone",en_multilingual_blimp_correct_affected.test,21403.845703125,2652.234375,3091.76123046875,3296.914794921875,2630.153076171875,2842.138427734375,2708.35205078125,4218.16943359375,4256.73779296875,3582.574462890625,4746.59716796875,7357.32666015625,5877.15087890625
619,"Increasingly, analysts are saying that China's efforts have gone beyond what is safe or even in its own interests.",en_multilingual_blimp_correct_affected.test,22539.17578125,1437.72021484375,670.7705688476562,396.3807067871094,361.6048583984375,336.3994445800781,280.0767517089844,267.67669677734375,335.0943298339844,396.64691162109375,411.0951232910156,486.39251708984375,516.8992919921875
620,Watch out the poles are coming.....my little butterfly,en_multilingual_blimp_correct_affected.test,17903.48046875,5707.87939453125,7531.6279296875,4978.34912109375,2865.87646484375,2103.602783203125,2633.806640625,4768.16650390625,3476.44580078125,9095.5751953125,5259.15283203125,5153.72900390625,15091.9931640625
621,"For example, students must trust that teachers have made appropriate decisions about the structure and content of the courses they teach, and teachers must trust that the assignments that students turn in are their own.",en_multilingual_blimp_correct_affected.test,22081.04296875,1238.1187744140625,966.434814453125,827.9597778320312,618.5199584960938,648.2515869140625,736.4364013671875,596.4861450195312,740.1680908203125,733.7786865234375,882.187744140625,1067.128662109375,883.0341186523438
622,"As a result, north of the Andaman Islands, Bangladeshi coastal areas have become a nest of terrorists involved in the shipment of drugs and arms.",en_multilingual_blimp_correct_affected.test,23022.33203125,1854.5924072265625,1668.023193359375,1380.876220703125,1193.86181640625,868.429931640625,886.849609375,995.7438354492188,862.1773071289062,981.4227294921875,988.31298828125,1210.400634765625,1397.4580078125
623,"Although the apartments are facing Stokes Street and close to the Bascom Light Rail, the location is surprisingly quiet.",en_multilingual_blimp_correct_affected.test,18064.8359375,1984.624267578125,2226.56396484375,2041.8900146484375,2101.19580078125,1729.6151123046875,2162.127197265625,2783.39599609375,3040.575439453125,4202.353515625,3290.739013671875,3514.537841796875,4452.18310546875
624,"If you were of integrity, the program will continue and the money that so many others have received will come your way.",en_multilingual_blimp_correct_affected.test,23298.265625,538.7349243164062,519.8624877929688,495.1202087402344,596.5362548828125,819.912841796875,732.3434448242188,605.3428955078125,892.0735473632812,826.4908447265625,1109.5604248046875,1414.14599609375,2159.329833984375
625,"While they are extremely accurate, laser sights do not operate well when drunk or high because the beam often does not show up on the target.",en_multilingual_blimp_correct_affected.test,20152.298828125,1336.051025390625,1015.955078125,1078.171875,1014.7374877929688,914.445068359375,841.6758422851562,1063.8597412109375,936.47607421875,1021.5260009765625,1193.5294189453125,1470.90966796875,1451.693603515625
626,"Mosques are calling for donating blood, food, and medicine for Fallujah, and several convoys have already headed out for Fallujah, most of them returned later though.",en_multilingual_blimp_correct_affected.test,23113.099609375,3083.96630859375,3296.681884765625,2361.5087890625,2412.495361328125,1456.906982421875,1800.7117919921875,1600.0855712890625,2517.6298828125,2489.814453125,3045.82568359375,2599.36083984375,4207.71923828125
627,4) If they are not going up by now you just got ta keep trying and keep trying.,en_multilingual_blimp_correct_affected.test,25325.216796875,749.0180053710938,600.2567138671875,364.9054260253906,429.77056884765625,370.1433410644531,319.7989807128906,514.1105346679688,422.19525146484375,461.8486328125,675.4660034179688,560.725341796875,419.95587158203125
628,Shortages are already leading to power cuts in the big cities.,en_multilingual_blimp_correct_affected.test,24810.810546875,1121.33837890625,789.9396362304688,929.3438720703125,675.6383056640625,598.6017456054688,595.8622436523438,450.1129455566406,806.8687744140625,657.0014038085938,589.9404296875,647.3660278320312,671.8089599609375
629,The wires have been humming since before the New Year with reports that the Bush administration is planning an attack on Iran.,en_multilingual_blimp_correct_affected.test,23817.810546875,1254.5933837890625,858.10986328125,731.5738525390625,551.7247924804688,378.118408203125,249.0783233642578,259.3470153808594,270.0565490722656,259.5317077636719,240.88352966308594,205.06980895996094,321.31268310546875
630,"As a parent, I can well imagine how painful it must be for those families whose children are succumbing to radiation poisoning.",en_multilingual_blimp_correct_affected.test,24717.7109375,1716.675537109375,1187.6082763671875,699.9081420898438,403.7340087890625,292.3763732910156,250.5550994873047,249.7908935546875,248.81004333496094,165.82275390625,204.79678344726562,263.75189208984375,197.80223083496094
631,Small polygamous groups have existed in the southwestern US under the watchful yet fairly benign eye of authorities ever since a sect known as the Fundamentalist Latter Day Saints (FLDS) separated itself from mainstream Mormonism in 1890.,en_multilingual_blimp_correct_affected.test,22991.63671875,3611.781982421875,1933.7979736328125,1461.716064453125,1745.6776123046875,1403.18505859375,1149.58837890625,1039.291748046875,1127.8480224609375,1570.69873046875,1409.7830810546875,1488.0921630859375,1973.587646484375
632,"Right now, while we're sitting at our computers enjoying the internet, those innocent, beautiful, loving cats, are dying, somewhere in this troubled world a slow, agonizing death.",en_multilingual_blimp_correct_affected.test,20569.21875,3950.93603515625,8533.0048828125,8983.7548828125,7552.515625,5090.7919921875,5494.22119140625,5970.333984375,5499.138671875,5911.98681640625,7382.62939453125,6922.625,8703.9912109375
633,"As the survey cited in the above-linked article shows, most Google users don't intend to use Gmail, and Google isn't even as popular as Yahoo! and AOL.",en_multilingual_blimp_correct_affected.test,20992.759765625,2840.878173828125,2553.586181640625,2219.275634765625,1499.6883544921875,1228.3958740234375,1339.8438720703125,1455.345458984375,1537.47509765625,1503.28466796875,1691.6727294921875,2530.881103515625,1829.49462890625
634,But supporters are pointing a few good things out:,en_multilingual_blimp_correct_affected.test,20245.0703125,2296.186767578125,2558.458740234375,1457.09326171875,1208.428955078125,1672.88671875,1383.19140625,1439.70556640625,1315.7734375,1692.3819580078125,1909.09521484375,2164.118896484375,3401.132080078125
635,"When you discussed it, i was trying to think back to our remedies and discussions but the 3 years have made it difficult.",en_multilingual_blimp_correct_affected.test,22849.685546875,643.9636840820312,539.250732421875,512.3109130859375,516.7957763671875,542.0908203125,631.5829467773438,645.1211547851562,944.11572265625,962.2205200195312,1041.6171875,1333.3214111328125,1690.01025390625
636,Investors are asking what Edison intends for QFs and generators--asking about haircuts in particular--and Edison is side-stepping the questions.,en_multilingual_blimp_correct_affected.test,26854.373046875,4277.74072265625,3183.309814453125,2697.766357421875,1610.1763916015625,1274.998291015625,1342.4888916015625,1297.096923828125,1942.200927734375,1729.83447265625,2657.475341796875,2625.9326171875,2888.48583984375
637,"the bird must know that when you open the cage door it means that you will put him in the cage, and birds don't usually like cages.",en_multilingual_blimp_correct_affected.test,20820.236328125,703.3108520507812,738.1766967773438,773.0626831054688,556.7498168945312,507.1326904296875,514.912841796875,571.3807373046875,504.822998046875,654.8767700195312,655.4674682617188,962.488037109375,805.2432861328125
638,"People do not go to Ireland on holiday for the weather, it is unpredictable.",en_multilingual_blimp_correct_affected.test,25992.607421875,814.9796752929688,898.4517211914062,766.6802368164062,815.9891357421875,591.4521484375,592.3765258789062,950.122802734375,1136.107421875,1095.607177734375,1111.587158203125,1568.1070556640625,2050.240478515625
639,Cell phones do NOT work on board but they give you a 'walkie-talkie' kind of phone in your room that WILL work onboard.,en_multilingual_blimp_correct_affected.test,25526.767578125,2272.63427734375,1450.290283203125,997.1251220703125,734.529296875,601.5556030273438,632.2877807617188,735.9376220703125,578.200927734375,611.3994750976562,651.3621826171875,813.5123901367188,742.1694946289062
640,these are short term transactions and requiring this documentation will cause us to lose business because competitive alternatives do not have such burdensome requirements.,en_multilingual_blimp_correct_affected.test,23423.873046875,3061.0,1468.720947265625,1200.71728515625,876.3193359375,577.1842041015625,649.2870483398438,575.6724853515625,523.2210693359375,548.68798828125,597.8973999023438,655.073486328125,758.9396362304688
641,"While some looters are stealing non-essential goods, others are simply trying to find food and water.",en_multilingual_blimp_correct_affected.test,24827.8515625,1412.8370361328125,1135.8929443359375,1155.4312744140625,845.83154296875,677.2872314453125,493.4185791015625,420.12554931640625,471.491455078125,497.8548583984375,620.42138671875,536.2613525390625,873.620361328125
642,The credit guys are currently assuming that there is no correlation and may consequently be double dipping the credit reserve on this basis too.,en_multilingual_blimp_correct_affected.test,23938.408203125,1930.32373046875,994.5936279296875,990.1488647460938,536.8378295898438,453.931884765625,421.894775390625,459.9664611816406,444.93304443359375,451.6221618652344,406.86639404296875,602.4537963867188,562.5018920898438
643,"""When dandelions have set the mark of May on Wisconsin pastures, it is time to listen for the final proof of spring,"" wrote Aldo Leopold in ""A Sand County Almanac.""",en_multilingual_blimp_correct_affected.test,21735.267578125,2399.917724609375,1927.2335205078125,1826.1661376953125,2212.98876953125,1996.7745361328125,1857.5074462890625,1888.2037353515625,2046.7239990234375,1954.29638671875,2493.608154296875,2660.986328125,2611.208740234375
644,"Our Lecture Slides have greatly benefited from the previous classes taught by Dr. William Schroeder and Dr. Luis Ibanez at RPI,",en_multilingual_blimp_correct_affected.test,24260.072265625,2822.360107421875,934.9871215820312,653.5054321289062,649.6992797851562,578.4962768554688,569.09130859375,469.3924560546875,656.2142944335938,608.7072143554688,500.18914794921875,891.0498657226562,810.3153076171875
645,"Not only are these people completely inefficient and ineffective, but they just don't give a darn.",en_multilingual_blimp_correct_affected.test,22707.810546875,1602.5113525390625,941.5199584960938,641.2142944335938,449.3987731933594,419.62200927734375,427.36041259765625,552.8961791992188,618.625,554.5313720703125,765.0726318359375,836.0797729492188,962.198486328125
646,While Iran's conventional army is not what it was during the heyday of the Iran-Iraq war - their armaments have deteriorated and the veterans of that last war have retired - the nation enjoys substantial military strength nonetheless.,en_multilingual_blimp_correct_affected.test,24004.1796875,2542.049560546875,1695.095703125,1536.169189453125,1024.8720703125,757.6065063476562,762.0797119140625,848.9990844726562,798.9269409179688,1007.5001220703125,938.6836547851562,1091.94482421875,1306.148681640625
647,They are invoicing for this and I don't have an invoice for it.,en_multilingual_blimp_correct_affected.test,22273.67578125,712.6644287109375,569.193359375,459.1291809082031,435.4494934082031,600.1880493164062,601.5946044921875,592.3217163085938,562.0936279296875,702.3919067382812,552.338623046875,667.7054443359375,724.8665161132812
648,They don't show it on RTE Player,en_multilingual_blimp_correct_affected.test,28357.841796875,1476.5850830078125,993.2456665039062,1082.339599609375,2956.64208984375,3155.887451171875,2937.41796875,4879.1826171875,6057.50341796875,8622.8251953125,6172.107421875,7395.29248046875,12024.701171875
649,"Ever since the first whispers about Google's IPO, most investors have feared that the stock would come public at such a ridiculously high price that, even with a spectacularly profitable business model and some nearly flawless execution, the price would be too high for investors to make a real profit.",en_multilingual_blimp_correct_affected.test,23494.458984375,1993.3004150390625,1298.476806640625,976.5175170898438,827.239990234375,766.68603515625,699.2385864257812,642.1214599609375,754.9620971679688,753.84228515625,715.5346069335938,1113.7401123046875,1204.4031982421875
650,Tree swallows are nesting nine days earlier.,en_multilingual_blimp_correct_affected.test,27253.83984375,5749.59765625,2033.9312744140625,1268.26171875,1228.45263671875,854.7904663085938,746.9721069335938,818.726318359375,826.1102294921875,1075.6634521484375,680.265625,669.0328369140625,729.1920166015625
651,"Also, would those of you who have not responded to me via email confirming your acceptance of the terms upon which our four companies have agreed to assume cost responsibility for the TCA work on this.",en_multilingual_blimp_correct_affected.test,19346.484375,1011.7727661132812,785.1572265625,784.9921264648438,421.4576416015625,329.5999755859375,359.1033630371094,335.1689758300781,340.0209045410156,318.0954284667969,382.96209716796875,463.73675537109375,456.22076416015625
652,"in our case, they are only hedging.",en_multilingual_blimp_correct_affected.test,15713.6923828125,3010.185791015625,4171.953125,3426.2353515625,4252.83837890625,2542.895751953125,3112.918212890625,2587.03515625,2762.810302734375,3464.0615234375,3816.97802734375,3393.537841796875,4631.27294921875
653,"Throughout history, tyrants have known that by denying the right of oppressed peoples to form and nurture families, they can kill the spirit of those peoples.",en_multilingual_blimp_correct_affected.test,22965.31640625,1888.0865478515625,1291.5478515625,1056.5203857421875,1126.834716796875,986.3192749023438,1117.80712890625,1044.7763671875,974.2362060546875,992.4725952148438,1303.6678466796875,1429.423583984375,1624.3922119140625
654,"The problem is that the vast silent majority of these Moslems are not part of the terror and the incitement, but they also do not stand up against it.",en_multilingual_blimp_correct_affected.test,20475.625,510.97760009765625,487.68402099609375,417.17840576171875,303.0118103027344,226.9697265625,297.0626525878906,330.21539306640625,406.4960021972656,392.49835205078125,424.86810302734375,460.661376953125,541.3419189453125
655,The employees don't really seem to enjoy what they are doing and it shows.,en_multilingual_blimp_correct_affected.test,21217.744140625,728.9639892578125,449.5048828125,553.8123168945312,412.2017822265625,389.5497741699219,350.7057800292969,294.59857177734375,394.01275634765625,522.8160400390625,466.4261169433594,402.9571838378906,448.0027160644531
656,"Increasingly, analysts are saying that China's efforts have gone beyond what is safe or even in its own interests.",en_multilingual_blimp_correct_affected.test,22539.17578125,1437.72021484375,670.7705688476562,396.3807067871094,361.6048583984375,336.3994445800781,280.0767517089844,267.67669677734375,335.0943298339844,396.64691162109375,411.0951232910156,486.39251708984375,516.8992919921875
657,"Unfair for the girl as boys don't have that kind of handicap, but that's the way our own rules work.",en_multilingual_blimp_correct_affected.test,21248.8671875,732.0825805664062,797.6806640625,791.2734375,491.0980529785156,541.918701171875,552.9296875,486.29840087890625,449.28070068359375,577.3749389648438,658.923095703125,735.768798828125,902.193115234375
658,Relief agencies are trying to help hundreds of thousands of displaced people while authorities have vowed to restore security in New Orleans following a breakdown of law and order.,en_multilingual_blimp_correct_affected.test,18143.9296875,1293.63720703125,646.7991943359375,530.882080078125,353.07958984375,320.65118408203125,251.61790466308594,314.34259033203125,339.1701354980469,306.4041442871094,335.6996765136719,346.6234436035156,467.8113708496094
659,They don't let just anybody do it.,en_multilingual_blimp_correct_affected.test,23548.38671875,630.4774780273438,1191.75,1196.061767578125,1885.8370361328125,2598.0498046875,3066.434326171875,3564.85888671875,3488.830810546875,5514.205078125,4161.06640625,4500.708984375,4181.7529296875
660,"""Other friends have flown before —",en_multilingual_blimp_correct_affected.test,12729.7783203125,5887.3154296875,2778.427001953125,2492.81396484375,1758.6956787109375,1553.531005859375,1179.323486328125,1264.974853515625,1909.307373046875,2422.473388671875,3564.400146484375,1945.3846435546875,2405.375732421875
661,"We understand that the pipe fitters are also planning to picket the Lake Worth, Florida project as well.",en_multilingual_blimp_correct_affected.test,18923.013671875,1679.5633544921875,1195.8587646484375,1185.6600341796875,1091.094970703125,1136.9437255859375,1249.36669921875,1245.4837646484375,1477.1370849609375,1600.822021484375,2040.596435546875,2785.4365234375,2493.841064453125
662,"On the morrow he will leave me, as my Hopes have flown before.""",en_multilingual_blimp_correct_affected.test,24417.189453125,1523.5142822265625,1592.2340087890625,1359.0302734375,1705.6993408203125,1503.814453125,1437.5111083984375,1895.8975830078125,2366.4326171875,2006.9290771484375,1993.9058837890625,2340.06396484375,4089.40771484375
663,"U.S. officials have said the plot, thwarted by Britain, to blow up several aircraft over the Atlantic bore many of the hallmarks of al Qaeda.",en_multilingual_blimp_correct_affected.test,21548.73046875,1593.36865234375,935.6583862304688,846.497314453125,742.5780029296875,580.8565673828125,489.774658203125,408.29974365234375,447.665771484375,383.2271728515625,407.47369384765625,628.23095703125,593.8912963867188
664,"Today's weapons do not have that kind of problem, and are much more reliable.",en_multilingual_blimp_correct_affected.test,18180.5625,784.3273315429688,854.8659057617188,708.4705200195312,352.50091552734375,267.52587890625,378.4887390136719,297.92626953125,325.92657470703125,352.6389465332031,439.14068603515625,387.66558837890625,585.9166259765625
665,"All the regional countries have publicly backed the Karzai government and supported the electoral process, but serious undercurrents remain as they all have their favourite contenders in Afghanistan.",en_multilingual_blimp_correct_affected.test,24685.25,2590.047119140625,1728.4739990234375,1966.8038330078125,1934.5025634765625,1564.4632568359375,1367.863037109375,1196.0252685546875,1408.365966796875,1265.159423828125,1251.25439453125,1735.028076171875,1787.25927734375
666,The multiple planetary afflictions are taking their toll.,en_multilingual_blimp_correct_affected.test,22615.3125,5989.34130859375,5211.1484375,3709.218505859375,1637.0521240234375,1383.465087890625,893.2543334960938,1050.9686279296875,1135.270263671875,709.2296752929688,1442.94189453125,1233.6494140625,1557.4412841796875
667,"My neighbourhood has been surrounded by American troops for three days now, helicopters have been circling over our heads non-stop.",en_multilingual_blimp_correct_affected.test,24642.677734375,1845.85009765625,688.4423217773438,470.1618957519531,393.13726806640625,317.7360534667969,286.6034851074219,291.4469909667969,262.1040954589844,353.448486328125,454.1230163574219,373.2761535644531,442.4817199707031
668,are my two cats fighting or playing?,en_multilingual_blimp_correct_affected.test,22663.978515625,7088.05419921875,5664.4921875,7026.1904296875,2678.531494140625,2089.13330078125,2584.53955078125,4513.4140625,4573.74755859375,4282.5087890625,5791.3115234375,7051.6591796875,5574.15234375
669,"These changes are occurring across all species, Parmesan told UPI's Climate.",en_multilingual_blimp_correct_affected.test,22012.81640625,4424.49267578125,2402.61083984375,1746.7135009765625,2165.36376953125,1264.2493896484375,1368.4913330078125,1446.2484130859375,2009.396728515625,2406.3564453125,2328.932373046875,4387.12255859375,4434.7958984375
670,Emails from Zawahiri to Atef in the Spring of 1999 indicate that Ayman was a close student of the USAMRIID anthrax program.,en_multilingual_blimp_correct_affected.test,22251.0859375,1683.0892333984375,896.7479248046875,860.8150634765625,741.2655029296875,640.2677612304688,725.1724853515625,724.296142578125,718.64697265625,919.0306396484375,1039.7314453125,957.044189453125,1195.83203125
671,All arguments that the Bush administration would be insane to attack Iran and risk a global conflagration for the sake of political cover run into one unavoidable truth.,en_multilingual_blimp_correct_affected.test,21185.796875,1566.09326171875,998.5896606445312,777.3475952148438,636.8929443359375,385.12042236328125,371.8171691894531,378.40716552734375,320.9800720214844,340.8621520996094,342.80706787109375,374.60955810546875,511.18377685546875
672,Some countries like Malaysia and Singapore promote trading for foreign visitors during some part of the year.,en_multilingual_blimp_correct_affected.test,22574.111328125,1581.4854736328125,1158.441162109375,779.4246215820312,668.8312377929688,518.3451538085938,625.9547729492188,714.5277709960938,666.6301879882812,688.9144897460938,754.6162109375,1365.7325439453125,1284.825439453125
673,"Realists, and this even includes members of the U.S. Democratic foreign policy establishment such as Strobe Talbott, who have long sought to divest India of its defensive capability against another nuclear power in Asia, understand the only feasible solution for Kashmir is the acceptance of the status quo.",en_multilingual_blimp_correct_affected.test,24395.658203125,1778.8802490234375,1034.968017578125,827.410400390625,636.669189453125,484.1510314941406,509.6329650878906,522.6570434570312,550.1102294921875,601.5245971679688,648.6502075195312,649.2217407226562,837.0439453125
674,"Certain elements of the travelling community engage in this activity, but overall no not really.",en_multilingual_blimp_correct_affected.test,22526.841796875,2926.044189453125,2337.55810546875,2678.05126953125,1701.67236328125,1486.8692626953125,1546.406982421875,1321.198486328125,1759.78955078125,1213.685791015625,1605.1092529296875,1976.483642578125,1894.2376708984375
675,Workers who do these introductions look at the interaction objectively; and it's good to see they are able and willing to say no if they feel there would be a problem.,en_multilingual_blimp_correct_affected.test,19668.283203125,577.968017578125,390.8096923828125,433.3385925292969,306.2934265136719,287.89154052734375,290.9810791015625,282.82647705078125,361.1366882324219,341.81103515625,350.3354187011719,354.8152770996094,408.4559020996094
676,either way you also need to keep an eye on the temperature if you are using a dry fish tank as UV lights in my experience up the temperature significantly and without proper ventilation it can become an oven.,en_multilingual_blimp_correct_affected.test,19579.462890625,717.4605102539062,682.4723510742188,456.9082946777344,352.1469421386719,299.6803283691406,269.2229919433594,346.39178466796875,395.3012390136719,391.3803405761719,470.5442810058594,440.40936279296875,542.1065673828125
677,"Some parts of this same outer circle actually operate as a result of fear from, or blackmail by, the inner circles.",en_multilingual_blimp_correct_affected.test,22641.57421875,2194.650390625,2701.525146484375,3079.70458984375,2527.114990234375,1690.9766845703125,1930.948974609375,2065.959228515625,1557.479248046875,1568.2230224609375,2061.556396484375,2035.2701416015625,3698.9072265625
678,"They, above – the Council in Europe, you know – mean him to be.",en_multilingual_blimp_correct_affected.test,25386.08203125,1373.010498046875,2131.364013671875,2778.90673828125,4846.376953125,5389.556640625,4536.34130859375,7141.732421875,5201.30810546875,9671.41015625,7694.0908203125,10291.3349609375,13335.4140625
679,some members of the traveler community bare knuckle box.,en_multilingual_blimp_correct_affected.test,26120.630859375,3573.52880859375,2035.8681640625,2296.291748046875,1200.2730712890625,1181.9266357421875,659.493896484375,933.3817138671875,755.5670776367188,803.2241821289062,965.7806396484375,775.1363525390625,1027.7607421875
680,"PS: I took the liberty of buying the corporate phone directory and locating information on your outstanding disputed credit accounts from an internet dealer today, and can probably make you better known to your customers than the security measures you enact at your company indicate you would like.",en_multilingual_blimp_correct_affected.test,21428.29296875,1038.1015625,951.0723876953125,855.7758178710938,788.1652221679688,628.134765625,615.3848876953125,693.0452270507812,682.3529052734375,588.2985229492188,793.8959350585938,1067.5572509765625,985.6624145507812
681,"Our distinguished colleagues in this business transaction include the sitting vice-president of the United States of America, Richard Cheney, who is an original partner in the Iraq venture and former head of the Halliburton oil company, and Condoleeza Rice, whose professional dedication to the venture was demonstrated in the naming of a Chevron oil tanker after her.",en_multilingual_blimp_correct_affected.test,22223.962890625,2028.373046875,1755.80224609375,1401.39111328125,1413.18603515625,1082.45166015625,1134.475830078125,958.4545288085938,848.5264282226562,808.6181640625,953.9278564453125,981.46533203125,1372.3787841796875
682,"The decision to sidestep the obvious to satisfy the need to avoid confrontation does not bring peace, but only delays the eventual conflict as the predators of Hamas and Hezbollah exploit the inherent weakness of the internationals and the media.",en_multilingual_blimp_correct_affected.test,18005.376953125,1431.869873046875,919.1177978515625,754.888671875,714.6773681640625,500.08563232421875,499.0517883300781,471.8670349121094,452.71160888671875,452.7867736816406,475.2419738769531,528.119384765625,530.3158569335938
683,"The papers found at headquarters of the Mukhabarat, Iraq's secret police, show that an entourage from Al Qaeda group was sent to the Iraqi capital in March 1998 from Sudan.",en_multilingual_blimp_correct_affected.test,24845.26171875,2995.471923828125,2366.599609375,1738.2783203125,1118.200927734375,799.7086791992188,788.6671142578125,920.7254638671875,811.5213623046875,820.771484375,1019.42529296875,985.462158203125,1067.7847900390625
684,"The dangers implicit in any attack upon that nation, however, seem to significantly offset whatever gains could be made in the so-called ""War on Terror.""",en_multilingual_blimp_correct_affected.test,18675.603515625,3646.09228515625,2800.138671875,2309.3017578125,2203.77490234375,1767.9547119140625,1691.4661865234375,1753.3701171875,1889.480712890625,1105.0302734375,1511.2855224609375,1597.7952880859375,1889.0384521484375
685,Indoor cats that are well cared for typically live 11-15 years.,en_multilingual_blimp_correct_affected.test,22503.115234375,3560.000732421875,1844.7484130859375,1291.552734375,1201.1754150390625,1280.2459716796875,1396.6492919921875,1730.88720703125,1808.0716552734375,2845.3291015625,1962.009765625,2115.55810546875,3358.18798828125
686,Police in the Indian capital Delhi say they have arrested the suspected co-ordinator and financier of last month's deadly bomb blasts in the city.,en_multilingual_blimp_correct_affected.test,23458.189453125,1846.8035888671875,1099.4898681640625,882.1944580078125,632.6237182617188,566.279052734375,502.84814453125,492.321044921875,474.8081970214844,502.3269348144531,531.4859008789062,586.365234375,683.7120971679688
687,"+ As the implications of the Andaman Islands situation sink in, Indian intelligence has inevitably come under scrutiny.",en_multilingual_blimp_correct_affected.test,20569.92578125,4818.04931640625,3306.4931640625,2900.14794921875,2967.90380859375,2523.9189453125,2571.319091796875,3001.71484375,3124.571533203125,3287.2041015625,4399.876953125,4302.1533203125,4120.970703125
688,X-rays taken including AP and lateral of the right knee demonstrate a healed medial tibial plateau fracture status post percutaneous screw fixation.,en_multilingual_blimp_correct_affected.test,23170.8125,7648.41748046875,6362.42236328125,5198.47119140625,5460.73681640625,4833.57275390625,4759.72021484375,5145.11572265625,5819.72509765625,5009.7783203125,7211.53515625,9120.287109375,10163.8740234375
689,"While the ominous possibilities of heightened Iraqi chaos, missiles in the Gulf, and Syrian involvement loom large if the US attacks Iran, all pale in comparison to the involvement of China in any US/Iran engagement.",en_multilingual_blimp_correct_affected.test,22556.638671875,3754.480712890625,3375.243408203125,2493.472412109375,2176.581298828125,1761.365234375,1894.4697265625,1941.693359375,2470.128662109375,2294.427978515625,3015.935791015625,2754.643798828125,4785.68212890625
690,The civilians in the Department of Defense only know how to blow things up.,en_multilingual_blimp_correct_affected.test,24018.8828125,814.4742431640625,566.6664428710938,536.4148559570312,391.0055847167969,347.8924560546875,190.06504821777344,191.13076782226562,194.7238006591797,167.9357452392578,246.55206298828125,227.95445251464844,234.01199340820312
691,"But other people do like the way they think he will vote, and the ones who favor him seem to outnumber the ones who oppose him.",en_multilingual_blimp_correct_affected.test,20323.95703125,740.5557861328125,615.01904296875,501.619873046875,404.7830505371094,304.11163330078125,287.0185546875,264.311279296875,297.82568359375,254.3564910888672,378.8863525390625,326.4485778808594,495.82427978515625
692,"Four guys around a large square open hibachi cook your food, and when it's finished a server brings it to your table.",en_multilingual_blimp_correct_affected.test,26281.498046875,1287.061767578125,1467.1270751953125,1112.9384765625,1254.9439697265625,1153.1085205078125,1004.0039672851562,1361.9910888671875,2068.98681640625,2117.626953125,3441.364501953125,3077.561279296875,3852.3193359375
693,"As the implications of the Andaman Islands situation sink in, Indian intelligence has inevitably come under scrutiny.",en_multilingual_blimp_correct_affected.test,24293.96875,4711.4423828125,2849.7744140625,2432.022216796875,2001.400634765625,1819.91845703125,1870.6859130859375,2008.918701171875,2717.622314453125,2674.456298828125,2753.498779296875,3226.613525390625,3332.39794921875
694,"Jurisdictions which are not approved to trade credit derivatives include: Austria, Belgium, Canada, Croatia, Czech Republic, Denmark, France, Gibraltar, Ireland, Italy, Poland, Portugal, Romania, Scotland, Singapore, Slovenia, Spain, and The Netherlands.",en_multilingual_blimp_correct_affected.test,22053.85546875,6155.4892578125,6610.97802734375,5597.56982421875,4857.79736328125,2873.48583984375,4423.4755859375,3539.701904296875,4326.72509765625,3723.84619140625,4621.76025390625,6228.67236328125,10611.326171875
695,Acts that violate this trust undermine the educational process.,en_multilingual_blimp_correct_affected.test,25510.998046875,2293.845947265625,1957.0230712890625,888.6054077148438,709.8755493164062,476.3082580566406,606.1961669921875,769.7503051757812,786.2051391601562,622.0504150390625,954.8721923828125,1058.6162109375,1512.6943359375
696,Other shops around this city have MUCH NICER and more TRANSPARENT owners.,en_multilingual_blimp_correct_affected.test,26164.984375,3834.385009765625,1317.7958984375,1191.074462890625,1842.43017578125,1166.6754150390625,1005.9164428710938,1314.5291748046875,1474.9525146484375,1803.1727294921875,2621.5537109375,3708.69140625,2659.54052734375
697,"Princeton islamist scholar Bernard Lewis has explained that while islamists may disagree about whether killing innocents is sanctioned by the laws of jihad, extremists like Zawahiri agree that notice must be given before biochemical weapons are used.",en_multilingual_blimp_correct_affected.test,20279.54296875,2817.75439453125,1360.113525390625,898.0440063476562,735.9463500976562,690.799072265625,744.7798461914062,671.7323608398438,669.4144897460938,885.3170776367188,844.3997802734375,975.3363647460938,1266.072509765625
698,"The mysteries of the universe continue to attract and intrigue you, as you apply your mystical awareness to the important decisions upcoming in your life, especially concerning partnerships of all kinds.",en_multilingual_blimp_correct_affected.test,21683.28125,1975.120361328125,1460.3846435546875,1379.311279296875,990.2007446289062,673.9400634765625,742.5755004882812,655.710693359375,688.6133422851562,628.3258666992188,707.8150634765625,792.62158203125,1238.3336181640625
699,Damage estimates of more than $25bn suggest it could be the US insurance industry's most expensive natural disaster ever.,en_multilingual_blimp_correct_affected.test,22020.017578125,2148.372314453125,1072.6812744140625,950.1173095703125,769.5319213867188,667.2496337890625,514.4367065429688,615.4153442382812,844.783935546875,968.375,1018.271484375,996.5603637695312,1628.7713623046875
700,"Secular Arab nationalist groups also universally sympathize with the Palestinians, and those in post-Saddam Iraq are no exception.",en_multilingual_blimp_correct_affected.test,24322.435546875,4814.55419921875,1598.221923828125,1431.7913818359375,1248.8199462890625,1066.063720703125,898.5734252929688,805.8467407226562,930.9259643554688,790.5191650390625,944.9246826171875,1443.443603515625,1074.86767578125
701,"When those lucky enough not to have Herpes create a climate of shame and indignity for those of us who do, not only are they hurting us, but they are hurting themselves.",en_multilingual_blimp_correct_affected.test,22574.025390625,1302.666748046875,1268.40380859375,1200.345703125,1066.279296875,772.5331420898438,733.0621337890625,660.2355346679688,667.6847534179688,754.2431640625,758.9403686523438,914.8511352539062,822.5647583007812
702,US and NATO military officers in Kabul say it is too early to say whether Bush ’s tough message was instrumental in persuading Musharraf and the ISI to pressure the Taliban to restrain from disrupting the elections.,en_multilingual_blimp_correct_affected.test,23802.55078125,2593.965087890625,1683.383056640625,1356.6669921875,1225.282958984375,725.2091674804688,683.74853515625,714.7196044921875,711.992919921875,829.9654541015625,778.8773803710938,891.63427734375,1140.9664306640625
703,Average campaigns for ANA result in CTR of 8–12%.,en_multilingual_blimp_correct_affected.test,20879.830078125,8768.9873046875,4953.26806640625,3044.0107421875,2892.716064453125,3449.67138671875,3717.94482421875,3972.266845703125,4219.87548828125,5139.75537109375,5056.8916015625,7047.564453125,9856.408203125
704,However US military officers say regular army officers - many of them Pashtun - leading units of the Frontier Corps who are on the border remain deeply sympathetic to the Taliban and the mullahs of the JUI.,en_multilingual_blimp_correct_affected.test,21522.564453125,1618.42822265625,782.2006225585938,651.3817749023438,449.0076599121094,393.0167236328125,341.8279724121094,454.1453552246094,558.5313720703125,475.1481628417969,586.96728515625,806.3660888671875,769.871826171875
705,"Let me try to break this down as simply as I can: diurnal (active during the day time) reptiles like the bearded dragon require 3 types of ""light,"" UVA, UVB, and heat.",en_multilingual_blimp_correct_affected.test,23476.048828125,1844.073974609375,1597.3167724609375,1724.345458984375,1582.06396484375,1003.3989868164062,1031.328369140625,1244.2301025390625,1335.6102294921875,1201.728759765625,1186.8365478515625,1444.509521484375,1271.3447265625
706,"Birds eat and sleep with their flock, not predators.",en_multilingual_blimp_correct_affected.test,30396.376953125,3304.778076171875,3613.304443359375,1957.6092529296875,2931.296630859375,1927.622314453125,3091.333984375,3351.862548828125,3026.0654296875,5512.55419921875,4217.634765625,4970.39404296875,10878.0498046875
707,"And the stars never rise, but I feel the bright eyes Of the beautiful ANNABEL LEE;",en_multilingual_blimp_correct_affected.test,18841.080078125,2152.263671875,1365.6068115234375,1288.0838623046875,1034.876708984375,1054.7454833984375,1130.0572509765625,1243.565673828125,2422.448974609375,2034.8316650390625,2103.364990234375,3228.0908203125,4419.9794921875
708,"In the final two steps, the dancers firmly stamp their feet on the ground.",en_multilingual_blimp_correct_affected.test,24281.9921875,1567.128662109375,1706.6683349609375,1624.6253662109375,1516.657958984375,1312.6375732421875,1596.5172119140625,2717.897216796875,2689.096923828125,2259.703857421875,3609.38525390625,3516.56298828125,4149.56591796875
709,Can you recommend where these companies each fit within the new organization?,en_multilingual_blimp_correct_affected.test,24419.7734375,2402.192626953125,1612.6129150390625,1541.4942626953125,2119.43017578125,1646.9754638671875,1750.7000732421875,1595.9061279296875,1604.7335205078125,2707.7724609375,3327.66259765625,2760.1884765625,3754.620361328125
710,"As a yoga studio, I'm sure you're all aware that all actions generate karma …",en_multilingual_blimp_correct_affected.test,27530.248046875,5582.6640625,5423.591796875,4126.44091796875,3582.2705078125,3165.02880859375,2803.1015625,2990.222900390625,3604.930419921875,2596.110595703125,2996.27490234375,3885.85205078125,4269.82177734375
711,Intentions for 2005 show that the remaining amount will also be completely consumed.,en_multilingual_blimp_correct_affected.test,18567.29296875,2156.376708984375,1196.64990234375,813.5919189453125,701.447021484375,638.0665893554688,680.9601440429688,630.4627075195312,839.5546264648438,582.627197265625,988.3016357421875,1209.609619140625,1183.6654052734375
712,Company's transaction fees depend on the method of payment (e.g. ACH - US or WIRE - US).,en_multilingual_blimp_correct_affected.test,29462.779296875,1789.240966796875,842.1347045898438,780.4841918945312,669.9614868164062,512.5596923828125,575.5494995117188,610.0304565429688,696.8567504882812,621.954833984375,737.9172973632812,993.0653076171875,1090.945068359375
713,"Older males often tend to have urinary tract issues, so your cat has done very well.",en_multilingual_blimp_correct_affected.test,26712.255859375,2275.41015625,1960.1947021484375,2262.346435546875,1070.896240234375,875.503662109375,683.5992431640625,807.9278564453125,1038.7418212890625,1340.4642333984375,2315.51171875,2349.553466796875,2472.56787109375
714,"The two hands when upraised and folded together represent: ""Now I am trying to establish a link with Parama Purus'a (Supreme Consciousness).""",en_multilingual_blimp_correct_affected.test,26501.953125,2209.30078125,2040.65673828125,1361.7528076171875,1263.9697265625,993.9834594726562,976.4332275390625,1309.189697265625,1494.9246826171875,1790.660400390625,1701.7535400390625,2583.382568359375,2152.4697265625
715,"The 22 member countries of the Arab league, from Mauritania to the Gulf States, have a total population of 300 millions, larger than the US and almost as large as the EU before its expansion.",en_multilingual_blimp_correct_affected.test,22660.80078125,1536.2548828125,1904.5118408203125,1554.484619140625,1099.4306640625,768.0857543945312,638.289306640625,567.5609130859375,625.608642578125,639.1689453125,663.1626586914062,690.2607421875,696.73974609375
716,An Iraq in which armed fundamentalist and nationalist militias proliferate is inevitably a security worry for Israel.,en_multilingual_blimp_correct_affected.test,24198.169921875,3768.053955078125,2377.21630859375,1344.0382080078125,1258.6607666015625,968.4945678710938,1012.8077392578125,878.1867065429688,604.9721069335938,850.6207885742188,808.6563110351562,819.88037109375,1571.495849609375
717,It is a curb bit with a ported mouth piece and some horses appreciate this to give them more room in their mouths for their tongues.,en_multilingual_blimp_correct_affected.test,23358.447265625,806.2495727539062,506.2112121582031,563.6258544921875,481.74932861328125,479.90850830078125,523.259765625,737.4691772460938,583.09521484375,730.908935546875,999.0277709960938,921.764404296875,1326.9451904296875
718,Alike...both were fought for securities reasons by the US (no matter what the liberal revisionist historians tell you).,en_multilingual_blimp_correct_affected.test,24944.455078125,3658.258544921875,2173.92578125,2253.892822265625,1923.42724609375,1794.6181640625,2188.355224609375,2062.84765625,1794.1141357421875,2282.908935546875,2534.124755859375,2516.257080078125,3617.873291015625
719,These economists belong to the monetarist school.,en_multilingual_blimp_correct_affected.test,26215.61328125,2258.221923828125,1452.9268798828125,1268.9295654296875,1326.8433837890625,1048.845947265625,645.4395751953125,700.8585815429688,1262.97802734375,1130.5067138671875,1362.94873046875,2444.259521484375,3220.465087890625
720,Is this how your clients usually evaluate these properties?,en_multilingual_blimp_correct_affected.test,26998.8203125,5684.96533203125,3165.572265625,1629.419189453125,2298.3720703125,1631.3472900390625,2426.443359375,2105.113037109375,2789.0224609375,2032.4217529296875,2432.016357421875,4623.62939453125,3960.963623046875
721,"The Jihad ""soldiers"" join packaged death tours to Iraq and other hotspots, while some of their leaders ski in Switzerland.",en_multilingual_blimp_correct_affected.test,25154.75,4820.255859375,3231.047607421875,2776.167724609375,3056.7001953125,2125.230224609375,2153.163818359375,1841.5511474609375,1890.338623046875,1923.2630615234375,1834.2877197265625,2185.936767578125,2533.326171875
722,The frequent reports from Algeria about the murders of hundreds of civilians in one village or another by other Algerians have nothing to do with Israel.,en_multilingual_blimp_correct_affected.test,20468.734375,921.7235107421875,693.6674194335938,483.5002136230469,363.9772644042969,311.65435791015625,319.3772888183594,329.97833251953125,292.9353942871094,302.7190856933594,369.5146789550781,471.7095642089844,434.6410827636719
723,"Marriage is, in and of itself, a noble concept, but it too often leads to kids and kids flat out suck.",en_multilingual_blimp_correct_affected.test,22789.771484375,3237.1142578125,3709.947021484375,4292.89453125,3601.545654296875,3317.665283203125,3401.595947265625,4942.6845703125,6426.90625,4309.68017578125,7615.00390625,6605.9296875,7995.30224609375
724,"I am seeking anecdotes (first name, last initial) from dieters who successfully used a natural supplement to assist their weight loss; the therapeutic agents under discussion include HCA, MCT, green or oolong tea extract, CLA, chromium, starch-blockers, chitosan, 5-HTP, hoodia and caralluma, HMB, and BCAA.",en_multilingual_blimp_correct_affected.test,26542.98046875,3726.23681640625,3874.5400390625,3788.498779296875,3796.959228515625,2377.6982421875,2735.70654296875,2647.4140625,3456.122314453125,2550.38916015625,3603.00927734375,4347.4599609375,4902.48974609375
725,"For the quality, the prices ($4-$6) have to be the best in town.",en_multilingual_blimp_correct_affected.test,20549.376953125,1258.522705078125,943.1681518554688,838.1354370117188,1043.885986328125,1110.415283203125,1523.4560546875,2064.94091796875,2066.819580078125,2548.311767578125,2278.83251953125,2252.487548828125,2297.9765625
726,Can you recommend where these companies each fit within the new organization?,en_multilingual_blimp_correct_affected.test,24419.794921875,2402.1904296875,1612.612060546875,1541.4942626953125,2119.43017578125,1646.973876953125,1750.700927734375,1595.9061279296875,1604.7335205078125,2707.77099609375,3327.666015625,2760.191162109375,3754.613037109375
727,"These 22 countries, with all their oil and natural resources, have a combined GDP smaller than that of Netherlands plus Belgium and equal to half of the GDP of California alone.",en_multilingual_blimp_correct_affected.test,28043.236328125,1743.0841064453125,1797.13232421875,1912.2840576171875,1837.8218994140625,1545.8282470703125,1505.49267578125,1525.974609375,1493.4364013671875,1599.863525390625,1809.75537109375,2406.853515625,2033.1119384765625
728,Both bathrooms look like they were flooded and the wood cabinets are thrashed at the bottom and they slapped some pieces of wood over to try to cover it up.,en_multilingual_blimp_correct_affected.test,21735.474609375,780.2434692382812,344.43408203125,296.0548095703125,221.40200805664062,170.96983337402344,166.4541473388672,165.9410858154297,152.46275329589844,215.57154846191406,197.45120239257812,248.24111938476562,221.03428649902344
729,Heterosexuals increasingly back gay marriage,en_multilingual_blimp_correct_affected.test,19311.166015625,15690.2568359375,19532.576171875,16515.79296875,13966.57421875,8497.2568359375,7927.88671875,4653.31591796875,5229.0556640625,5560.03515625,8335.05078125,5469.13818359375,13678.1083984375
730,Do not put your fish tank close to the sun or algae grow in your tank.,en_multilingual_blimp_correct_affected.test,24119.857421875,962.7184448242188,799.2561645507812,691.7843627929688,523.4012451171875,438.92840576171875,420.4273376464844,500.4012145996094,594.6135864257812,486.9028015136719,447.5592346191406,752.0549926757812,564.0834350585938
731,Right Courts rob me I rob Court citizen sounds reasonable to me and just as wrong as Court in handling this case at issue wrongly.,en_multilingual_blimp_correct_affected.test,24287.919921875,2735.303466796875,2410.21630859375,2635.59814453125,2594.155517578125,2569.66552734375,2940.274169921875,3161.231201171875,3406.393798828125,3440.4326171875,4519.54345703125,3455.021484375,4601.9814453125
732,"Climate: Humans fuss, animals adjust",en_multilingual_blimp_correct_affected.test,29453.42578125,19838.580078125,107139.8359375,52039.8984375,35388.15625,40328.765625,52184.8203125,75938.4609375,62079.609375,52507.01171875,59581.4765625,85081.4296875,94888.7734375
733,His co-workers love him.,en_multilingual_blimp_correct_affected.test,25192.8515625,3666.274169921875,1528.8018798828125,1099.98974609375,527.8429565429688,245.67269897460938,189.52206420898438,212.9486541748047,285.4326171875,230.65733337402344,294.2856140136719,512.475341796875,454.8288879394531
734,"On the one hand, the IPN report agreed ""Climate models generally predict that the temperature rises in the Arctic will substantially exceed the global rise.",en_multilingual_blimp_correct_affected.test,18675.140625,3697.859619140625,2427.745361328125,2198.188232421875,1962.2979736328125,1507.5953369140625,1523.6551513671875,1185.0450439453125,1382.5128173828125,1313.962158203125,1404.8896484375,2331.374755859375,1945.275146484375
735,"The Neocons in the CPA have all sorts of ulterior motives and social experiments they want to impose on the Iraqi people, including Polish-style economic shock therapy, some sort of sweetheart deal for Israel, and maybe even breaking the country up into three parts.",en_multilingual_blimp_correct_affected.test,23720.541015625,1714.552001953125,1485.0086669921875,1535.2706298828125,1266.0272216796875,1110.8214111328125,962.3421020507812,1016.1450805664062,1174.657470703125,1186.8858642578125,1142.412841796875,1485.6751708984375,1351.4622802734375
736,"I mean, I don't care if he doesn't know, but if he pretends to know and tells me BS to my face, there's no way I'm going to trust him when matters turn to the price of the car and financing.",en_multilingual_blimp_correct_affected.test,21460.5234375,770.9573974609375,724.8938598632812,830.5573120117188,690.48291015625,585.6451416015625,726.1410522460938,679.7001342773438,707.1802368164062,964.9010009765625,1016.634033203125,1247.787109375,1487.8367919921875
737,"The findings demonstrate the inhibitory network is central to controlling not only the amplitude, extent and duration of activation of recurrent excitatory cortical networks, but also the precise timing of action potentials, and, thus, network synchronization...""",en_multilingual_blimp_correct_affected.test,21465.681640625,5754.36474609375,4433.9375,4057.40576171875,2594.31494140625,2220.06396484375,2303.688232421875,2004.4425048828125,2137.664306640625,1944.1837158203125,2507.257568359375,2414.082275390625,2851.33349609375
738,"Ounces measure weight, pints measure volume.",en_multilingual_blimp_correct_affected.test,30125.220703125,14295.177734375,27339.8515625,30229.86328125,17987.869140625,13452.0712890625,29949.365234375,30158.62109375,26932.677734375,35696.0625,52664.6328125,37858.02734375,168985.328125
739,"As the Pew report concluded, ""Sufficient studies now exist to conclude that the consequences of climate change are already detectable within U.S. ecosystems.""",en_multilingual_blimp_correct_affected.test,26653.015625,2070.11083984375,1484.8465576171875,891.2755126953125,589.6026611328125,574.8955688476562,589.3671264648438,614.2485961914062,636.2345581054688,541.7884521484375,590.1779174804688,726.2251586914062,676.9043579101562
740,"Feel free to cut and paste and leave your comments, as these viewpoints cover the entire gamut surrounding the event.",en_multilingual_blimp_correct_affected.test,22042.205078125,2105.00146484375,1876.36962890625,1866.60595703125,1336.7723388671875,1075.43310546875,870.7308349609375,1002.103271484375,940.8095703125,823.8682861328125,1083.5330810546875,1429.4481201171875,1090.6439208984375
741,"King snakes sometimes stop eating, particularly during the cooler part of the year.",en_multilingual_blimp_correct_affected.test,21239.7109375,2641.197998046875,2553.18408203125,2508.568359375,2201.064453125,1988.9652099609375,2064.439697265625,2315.18701171875,2778.97021484375,2207.77685546875,2929.970458984375,3264.95263671875,4550.8876953125
742,The water changes help with that too.,en_multilingual_blimp_correct_affected.test,29128.138671875,1596.091064453125,2042.085693359375,2425.968994140625,1174.33935546875,1704.9178466796875,1319.2501220703125,1522.5345458984375,1378.007080078125,1194.6014404296875,1276.8758544921875,2015.4951171875,2632.234619140625
743,Others argue that he was to be part of a second wave of airliners directed to targets on the West Coast.,en_multilingual_blimp_correct_affected.test,24040.69921875,466.0773010253906,408.5743103027344,274.6382141113281,300.3779296875,247.89382934570312,283.62774658203125,269.2110595703125,329.59619140625,295.0302734375,275.349853515625,317.5789794921875,267.1090393066406
744,"After Week 14, Participants build a full-stack web application in the course of one month, from inception to production.",en_multilingual_blimp_correct_affected.test,28617.703125,3372.183837890625,2268.401123046875,1389.377197265625,1322.835693359375,1004.4133911132812,1020.1245727539062,1198.1024169921875,1684.0277099609375,1708.2152099609375,1791.87744140625,1607.1900634765625,2168.156494140625
745,"These islands sit aside the vital sea lanes of the Strait of Malacca, through which 300 tankers and merchant ships pass daily, bringing in oil for the Far East and Southeast Asia.",en_multilingual_blimp_correct_affected.test,23224.0390625,2903.15185546875,1809.935791015625,1405.146240234375,1166.6448974609375,1120.1910400390625,1033.9755859375,1139.306640625,1129.6375732421875,1218.346435546875,1204.4210205078125,1432.5999755859375,1475.6700439453125
746,"The reason for this is that India is emerging as an alternative investment destination to China, hence the favor that the generals in Islamabad do to their trusty supplier of nukes and missiles by creating a scare about war involving India when in fact the real flashpoints are the Taiwan Straits and North Korea.",en_multilingual_blimp_correct_affected.test,21607.462890625,1758.1849365234375,1093.1961669921875,792.8978881835938,636.637939453125,586.5579223632812,589.3716430664062,703.3822631835938,655.2724609375,688.9969482421875,811.2598266601562,850.3114013671875,979.7665405273438
747,I told him that I would see his neurologist for evaluation or possibly a spinal surgeon if his symptoms progress.,en_multilingual_blimp_correct_affected.test,26090.009765625,1115.8355712890625,816.3377685546875,596.9095458984375,510.0109558105469,368.7866516113281,362.07208251953125,382.3955383300781,405.5968322753906,399.6793212890625,376.0140380859375,325.0420837402344,494.7261047363281
748,The current complaints allege that HANO has not provided qualified former St. Thomas residents a preference with respect to available public housing units at River Garden per the 2003 agreement.,en_multilingual_blimp_correct_affected.test,24329.974609375,6474.00927734375,4748.21337890625,4091.05810546875,3241.009521484375,2607.39404296875,2274.221435546875,2047.034423828125,1842.9873046875,2531.810546875,2060.699462890625,3116.5927734375,2337.207275390625
749,Husbands marry mothers and teen daughters at the same time.,en_multilingual_blimp_correct_affected.test,23706.36328125,1973.62158203125,1678.4808349609375,1735.6890869140625,1181.874755859375,990.1284790039062,1251.747802734375,1109.9981689453125,1138.941650390625,1259.2767333984375,1035.986572265625,812.9873046875,1484.0360107421875
750,Because Large Fries give you FOUR PIECES!,en_multilingual_blimp_correct_affected.test,26147.796875,7780.17724609375,1763.72265625,1367.680419921875,1353.2794189453125,1662.0550537109375,1399.2197265625,2142.4736328125,3128.45361328125,3321.66064453125,2110.14599609375,4750.15673828125,4477.7314453125
751,Traders over here seem to have a lot more respect for other humans.,en_multilingual_blimp_correct_affected.test,21369.560546875,453.1654052734375,392.52191162109375,342.36761474609375,262.5314025878906,189.6549530029297,133.00137329101562,133.1192626953125,143.4407958984375,169.30752563476562,162.1260528564453,131.97113037109375,170.1477508544922
752,"Rodents require special bedding in their cages to absorb their waste, and this needs to be cleaned regularly, or your hamster could suffer from problems due the buildup of ammonia from his urine.",en_multilingual_blimp_correct_affected.test,24935.51171875,3002.943115234375,1802.0723876953125,1358.7139892578125,1120.754150390625,976.990234375,897.2555541992188,976.7816162109375,1111.010498046875,1088.6907958984375,1209.16845703125,1383.42822265625,1784.9742431640625
753,These appear to be extraarticular.,en_multilingual_blimp_correct_affected.test,28654.81640625,1297.5609130859375,2508.514404296875,1223.3955078125,2010.0445556640625,810.55224609375,951.7832641601562,808.835693359375,1438.678955078125,1752.4815673828125,1522.35009765625,2061.253662109375,2421.45703125
754,"When the dancers start the step with the beat of ""dhin, dhin..."", the mental ideation should also be kept.",en_multilingual_blimp_correct_affected.test,20658.90234375,2260.32568359375,3834.447021484375,3814.070556640625,3771.33984375,3084.772216796875,3055.257568359375,3820.8603515625,3633.18701171875,3129.817138671875,4094.446044921875,4317.529296875,4020.80419921875
755,There is a risk that observers underestimate the time that Al Qaeda has had to make progress in such recruitment and research and development.,en_multilingual_blimp_correct_affected.test,21706.060546875,1017.8427734375,505.8835144042969,299.0723571777344,240.72679138183594,198.88494873046875,172.25515747070312,151.3203582763672,168.43112182617188,186.6418914794922,168.2118377685547,249.96664428710938,211.21954345703125
756,"Compact's Corona dryers remove at least twice as much water as the previous dryers, allowing a production increase of over 10% and a significant energy saving.",en_multilingual_blimp_correct_affected.test,24872.69140625,2418.890625,1472.0540771484375,1255.1055908203125,1090.3907470703125,835.7273559570312,636.0862426757812,879.659423828125,953.4899291992188,841.4503784179688,1299.0955810546875,1665.94384765625,1304.63916015625
757,I just hate to see the poor dears experience a slow painful death that way :(.,en_multilingual_blimp_correct_affected.test,29160.853515625,1185.1739501953125,1189.9345703125,1191.7720947265625,944.8646850585938,928.2388916015625,1035.65966796875,1165.2877197265625,1135.210693359375,1211.765869140625,1090.4239501953125,1549.281005859375,1245.5675048828125
758,"The days start to shorten & it gets even wetter, windier & colder.",en_multilingual_blimp_correct_affected.test,28965.2265625,2236.786865234375,3970.5927734375,4704.416015625,5302.8779296875,3572.36328125,4183.232421875,6553.234375,5033.728515625,5242.5673828125,6628.515625,6277.00341796875,6220.96044921875
759,Some cruise aficionados refuse to sail on one or the other.,en_multilingual_blimp_correct_affected.test,25400.587890625,1932.619873046875,1257.5953369140625,1530.464111328125,1358.793701171875,1033.0889892578125,1214.5362548828125,1172.8870849609375,1040.36279296875,1239.291259765625,1000.83203125,1433.7774658203125,1416.0440673828125
760,"But words also work in other ways, more subtle.",en_multilingual_blimp_correct_affected.test,27225.056640625,2001.8092041015625,3123.36181640625,3977.346435546875,1833.712158203125,2419.830810546875,2326.057861328125,3172.1875,3261.64453125,3353.47705078125,3943.241943359375,4800.14892578125,6028.3837890625
761,The price spikes pose real political risks for Davis and he and his folks need and want an easy way out.,en_multilingual_blimp_correct_affected.test,21120.17578125,2154.13330078125,1120.809814453125,980.6349487304688,806.4345092773438,889.958984375,1022.5801391601562,1237.735107421875,1125.3912353515625,1283.475830078125,1424.7119140625,1330.6778564453125,1508.9913330078125
762,"Many details remain to be worked out, but we will keep you advised.",en_multilingual_blimp_correct_affected.test,23929.462890625,1138.005126953125,1730.4210205078125,1540.9254150390625,1465.8642578125,1410.8671875,1312.3873291015625,1537.1209716796875,1231.609375,1623.0628662109375,1301.683837890625,1189.5096435546875,1923.7281494140625
763,"If the negotiations stall, it seems like I need to go ahead and cut off the utilities.",en_multilingual_blimp_correct_affected.test,23033.685546875,849.1598510742188,427.3781433105469,337.47430419921875,282.9520568847656,362.6247863769531,386.86468505859375,424.766845703125,442.07977294921875,409.79595947265625,614.3984985351562,570.2843627929688,707.868408203125
764,Either way rec. and dom. white genes dilute the black gene.,en_multilingual_blimp_correct_affected.test,29333.505859375,3622.323486328125,4624.2509765625,3039.166748046875,2788.782958984375,4769.0849609375,6026.78515625,8052.15673828125,9058.3173828125,10058.7861328125,10622.5439453125,13963.9765625,17409.71875
765,When she goes to the zoo the elephants throw her peanuts.,en_multilingual_blimp_correct_affected.test,21496.677734375,1347.2291259765625,674.2910766601562,519.1364135742188,548.8297729492188,525.0254516601562,458.3751525878906,336.32037353515625,343.0511779785156,427.0016784667969,574.7752685546875,405.996826171875,585.4505004882812
766,Clasp a rare and radiant maiden whom the angels name Lenore.',en_multilingual_blimp_correct_affected.test,29935.71484375,8893.90625,6094.06005859375,7596.48583984375,5872.47265625,3295.984130859375,3598.616943359375,3656.375,4294.66357421875,4485.43310546875,5622.10498046875,5840.10205078125,5519.92431640625
767,"Like you said ""the kids egg him on"".",en_multilingual_blimp_correct_affected.test,29909.9453125,2947.038330078125,3620.94873046875,4252.83447265625,3396.62646484375,2545.1787109375,3259.293701171875,5360.02197265625,5023.3701171875,7386.22119140625,9533.2626953125,7406.91748046875,16747.568359375
768,"Loads of places have geographical hazards, if you are constantly paranoid, you 'll never get anywhere without a sense of adventure.",en_multilingual_blimp_correct_affected.test,22482.392578125,2657.31298828125,2425.737548828125,1334.7901611328125,1310.713134765625,864.1973876953125,826.09130859375,866.43505859375,846.0093994140625,914.4019165039062,1072.9345703125,1930.610107421875,2012.2359619140625
769,Workers who do these introductions look at the interaction objectively; and it's good to see they are able and willing to say no if they feel there would be a problem.,en_multilingual_blimp_correct_affected.test,19668.283203125,577.968017578125,390.8096923828125,433.3385925292969,306.2934265136719,287.89154052734375,290.9810791015625,282.82647705078125,361.1366882324219,341.81103515625,350.3354187011719,354.8152770996094,408.4559020996094
770,"Yes, lovely creature, amn't she?",en_multilingual_blimp_incorrect_affected.test,23202.919921875,19861.259765625,44577.37890625,37512.2578125,30828.5625,36390.8046875,44681.7421875,52464.9140625,51889.4453125,72428.1015625,113113.6640625,189605.234375,172003.015625
771,There am no easy answer to the painful issue of abortion.,en_multilingual_blimp_incorrect_affected.test,18295.861328125,920.5432739257812,662.5055541992188,633.7085571289062,596.7865600585938,415.1915283203125,269.8449401855469,258.6203918457031,305.81402587890625,233.30772399902344,269.04962158203125,325.5103454589844,599.002685546875
772,"Right up to a week after my birth he continued to say, 'How am he?'",en_multilingual_blimp_incorrect_affected.test,31630.931640625,877.4491577148438,1388.118408203125,1106.91552734375,1288.986572265625,798.142578125,877.1902465820312,953.0540161132812,1206.316650390625,1159.6470947265625,1468.727294921875,1539.344970703125,2265.850830078125
773,This is whale meat that I photographed in a grocery store in Tokyo - or am it?,en_multilingual_blimp_incorrect_affected.test,29254.306640625,1238.7755126953125,847.7984619140625,525.1046142578125,593.4313354492188,436.1289978027344,406.8475646972656,424.4232482910156,521.583984375,445.48944091796875,420.1353454589844,485.2673645019531,942.7301635742188
774,Among them am the former cloister from the abbey church of St. Peter and Paul.,en_multilingual_blimp_incorrect_affected.test,18481.998046875,1370.017822265625,935.7355346679688,541.1156616210938,376.04327392578125,314.10992431640625,205.61305236816406,242.06222534179688,235.059326171875,258.52447509765625,332.9957580566406,428.7904968261719,355.17767333984375
775,how much'm a flight from washington to montreal,en_multilingual_blimp_incorrect_affected.test,27578.546875,5790.3720703125,5026.83984375,5347.13037109375,6153.0126953125,3656.647216796875,4205.90576171875,5897.36865234375,8470.888671875,10055.7841796875,14428.6357421875,15765.958984375,20107.185546875
776,Among them'm the former cloister from the abbey church of St. Peter and Paul.,en_multilingual_blimp_incorrect_affected.test,20145.228515625,1616.150146484375,1092.644287109375,620.0091552734375,503.3269958496094,410.9095458984375,281.66314697265625,376.48822021484375,390.2099304199219,405.4970703125,550.2413940429688,480.61358642578125,507.2434387207031
777,"Right up to a week after my birth he continued to say, 'How'm he?'",en_multilingual_blimp_incorrect_affected.test,27656.03125,1501.910400390625,2202.250732421875,1897.04248046875,1663.8416748046875,1044.6597900390625,1047.532958984375,1327.1185302734375,1846.96923828125,2109.149169921875,2592.3486328125,2915.02587890625,3831.025634765625
778,There'm no easy answer to the painful issue of abortion.,en_multilingual_blimp_incorrect_affected.test,20564.197265625,1639.2611083984375,738.9606323242188,876.6294555664062,572.0045166015625,424.618408203125,312.7294616699219,341.2288513183594,541.7786254882812,330.0335693359375,494.31744384765625,685.4271240234375,917.349365234375
779,how much'm a flight from washington to boston,en_multilingual_blimp_incorrect_affected.test,25237.578125,5047.0244140625,3511.31494140625,4164.29345703125,4824.3486328125,3072.203857421875,3646.130615234375,5166.30224609375,7820.74267578125,9040.4970703125,11265.88671875,12701.3291015625,14455.1337890625
780,But here am a mushroom that's past its prime.,en_multilingual_blimp_incorrect_affected.test,20343.09765625,1094.3023681640625,1727.4307861328125,1248.4942626953125,1152.6170654296875,1210.5404052734375,960.8206787109375,1153.546875,1732.9368896484375,1430.878173828125,1990.150146484375,2194.836669921875,2641.21044921875
781,"Yes, lovely creature,'mn't she?",en_multilingual_blimp_incorrect_affected.test,26350.36328125,12221.6357421875,30585.2109375,35013.05078125,20546.947265625,20408.4453125,14495.9140625,20352.412109375,21420.140625,20521.8984375,31876.765625,61170.80078125,58560.21875
782,how much am a flight from washington to montreal,en_multilingual_blimp_incorrect_affected.test,32780.20703125,3571.484619140625,4380.9306640625,3962.259521484375,4125.142578125,2950.646240234375,4243.28955078125,5823.75048828125,8992.5751953125,13072.046875,22696.3984375,18265.318359375,23643.572265625
783,"For one thing, there am increasing concern, and that is undoubtedly true, on the part of experts too.",en_multilingual_blimp_incorrect_affected.test,23237.220703125,1789.566162109375,3754.72802734375,3338.097412109375,3163.69189453125,2887.4599609375,4124.4501953125,5221.78466796875,3327.919921875,4020.34423828125,3942.072509765625,3792.10986328125,9005.2509765625
784,"Their minds are of the stay-at-home order, and their home is always with them – the ship; and so am their country – the sea.",en_multilingual_blimp_incorrect_affected.test,22090.69140625,1304.5682373046875,1248.3853759765625,1477.031494140625,1676.4786376953125,1196.1798095703125,912.1570434570312,967.660888671875,1106.06396484375,936.5653686523438,949.146484375,1215.873046875,1683.727294921875
785,how much am a flight from washington to boston,en_multilingual_blimp_incorrect_affected.test,28604.142578125,2990.060546875,2703.844970703125,3429.023681640625,3224.666259765625,2531.080322265625,3690.33447265625,5037.2001953125,8077.50732421875,11712.7587890625,18385.20703125,16601.14453125,17088.39453125
786,"Tindi Kente is a wonderful dancer, wonderful,'mn't she... just like a snake brought out by music, and sometimes he 'll try with her.",en_multilingual_blimp_incorrect_affected.test,27529.931640625,2253.073974609375,3078.38623046875,3430.875244140625,3072.9833984375,3514.64501953125,3276.015625,3097.064208984375,3220.20703125,3118.77490234375,3240.419189453125,4337.77734375,4389.90185546875
787,"For one thing, there'm increasing concern, and that is undoubtedly true, on the part of experts too.",en_multilingual_blimp_incorrect_affected.test,25161.70703125,2153.927734375,3887.34228515625,4024.86328125,3323.888427734375,3267.955810546875,4092.263671875,5074.8203125,3309.30078125,3646.3671875,3517.123291015625,4639.71240234375,7717.33447265625
788,In the corner'm a girl in a headscarf and jeans who looks so unassuming I think it’s another assistant.,en_multilingual_blimp_incorrect_affected.test,24235.791015625,957.4536743164062,544.3456420898438,468.0308837890625,410.4264221191406,463.94464111328125,447.6529235839844,426.5462341308594,407.09808349609375,327.8598937988281,479.15667724609375,430.980712890625,434.8243408203125
789,"Their minds are of the stay-at-home order, and their home is always with them – the ship; and so'm their country – the sea.",en_multilingual_blimp_incorrect_affected.test,22316.328125,1488.6435546875,1427.4857177734375,1689.6612548828125,1879.6776123046875,1331.3951416015625,1109.193359375,1275.897705078125,1493.541748046875,1272.5438232421875,1302.7852783203125,1638.9649658203125,2275.9453125
790,This is whale meat that I photographed in a grocery store in Tokyo - or'm it?,en_multilingual_blimp_incorrect_affected.test,28964.068359375,1566.897705078125,998.342529296875,623.4992065429688,582.5674438476562,488.3893737792969,374.1175842285156,428.8998718261719,502.1528015136719,393.4847717285156,574.5604248046875,607.76953125,959.27978515625
791,But here'm a mushroom that's past its prime.,en_multilingual_blimp_incorrect_affected.test,18987.728515625,2115.212158203125,1945.2388916015625,1744.4669189453125,2079.188232421875,1571.8758544921875,1444.0831298828125,1490.1314697265625,2279.257568359375,1304.95703125,2388.518310546875,2787.611572265625,3449.302978515625
792,In the corner am a girl in a headscarf and jeans who looks so unassuming I think it’s another assistant.,en_multilingual_blimp_incorrect_affected.test,23606.375,744.2710571289062,485.6539306640625,446.86151123046875,395.580322265625,460.9149475097656,497.3812255859375,406.3692626953125,392.3877258300781,337.5863342285156,470.9326477050781,410.10870361328125,434.2274169921875
793,"You say I cook chicken,'mn't it?",en_multilingual_blimp_incorrect_affected.test,28157.453125,4359.4541015625,7428.0888671875,9662.80859375,5687.74169921875,5135.88427734375,5784.97412109375,5431.1123046875,5784.40625,4635.50634765625,7333.35595703125,11068.0322265625,8715.0888671875
794,"Tindi Kente is a wonderful dancer, wonderful, amn't she... just like a snake brought out by music, and sometimes he 'll try with her.",en_multilingual_blimp_incorrect_affected.test,26618.267578125,2323.01513671875,3139.727783203125,3440.189697265625,3371.193359375,4302.44873046875,4141.7060546875,4332.6376953125,3912.40966796875,3956.1201171875,4001.63916015625,5263.2919921875,5746.7744140625
795,"The answer is obvious,'mn't it?",en_multilingual_blimp_incorrect_affected.test,23763.87890625,4465.943359375,4282.9658203125,5312.5712890625,3212.98583984375,3322.0439453125,2570.81884765625,2434.920654296875,4711.3388671875,2727.335205078125,3580.754150390625,6548.28076171875,7350.08935546875
796,"You say I cook chicken, amn't it?",en_multilingual_blimp_incorrect_affected.test,32479.048828125,7121.736328125,8471.921875,9513.935546875,8748.005859375,9380.9541015625,11183.4609375,11755.7080078125,11430.5361328125,15763.1474609375,16867.99609375,24970.921875,17451.9921875
797,"The answer is obvious, amn't it?",en_multilingual_blimp_incorrect_affected.test,20691.87109375,6032.5361328125,4726.392578125,5121.900390625,4998.244140625,6229.6103515625,8316.8681640625,8581.9462890625,11848.72265625,7845.9033203125,16921.294921875,19700.853515625,23036.650390625
798,What does the new al-Qaeda videotape and audio speeches of Bin Laden and Ayman al-Zawahiri tell us about the hopes of the remaining top leadership of the organization?,en_multilingual_blimp_incorrect_affected.test,21972.04296875,2503.72705078125,1423.0703125,1018.0291748046875,794.7598876953125,586.8628540039062,687.6810913085938,667.4151611328125,746.0822143554688,876.6683959960938,904.2682495117188,956.0809326171875,1166.3717041015625
799,What does other Holga owners do when they need to change film when they are traveling?,en_multilingual_blimp_incorrect_affected.test,24078.7890625,1388.3076171875,876.1338500976562,969.8157958984375,543.2643432617188,435.58282470703125,429.5406799316406,552.6566162109375,688.2703247070312,712.5183715820312,1114.379150390625,1264.9639892578125,1098.9515380859375
800,"Even the IP and ICDC have abandoned the neighbourhood, and those are trained and armed, so don't expect scared civilians to do anything except to hide inside and pray a helicopter or a tank doesn't bomb them, and also how is American soldiers going to distinguish the brave and valiant civilians from the Fedayeen?",en_multilingual_blimp_incorrect_affected.test,23178.0390625,1894.447998046875,2221.06787109375,2352.3291015625,2504.4150390625,2013.458740234375,1708.3536376953125,2239.590576171875,2467.593994140625,2128.8896484375,2773.284912109375,3294.56689453125,2627.96044921875
801,"When those lucky enough not to have Herpes create a climate of shame and indignity for those of us who do, not only is they hurting us, but they are hurting themselves.",en_multilingual_blimp_incorrect_affected.test,23092.103515625,1241.477294921875,1270.38671875,1323.16748046875,1145.959228515625,846.2381591796875,814.9750366210938,712.2354125976562,747.5682373046875,832.516845703125,790.378173828125,958.8197021484375,938.3114013671875
802,Is there any other way to communicate or does your friends only understand text.,en_multilingual_blimp_incorrect_affected.test,23864.3515625,823.7402954101562,657.785400390625,355.1117858886719,306.549560546875,254.95223999023438,258.1151428222656,253.2728271484375,293.2961730957031,315.84405517578125,280.6509094238281,437.3679504394531,337.75555419921875
803,What does french men find sexy?,en_multilingual_blimp_incorrect_affected.test,26941.8984375,12611.1796875,3892.739990234375,3240.956787109375,4115.61328125,3607.4755859375,3892.539794921875,2988.865966796875,4011.003662109375,3318.586181640625,4445.23779296875,5958.22998046875,4296.74462890625
804,Also how much does compact system cameras drop on boxing day?,en_multilingual_blimp_incorrect_affected.test,26279.119140625,6614.42138671875,3880.1494140625,3444.963623046875,4403.8232421875,4110.50634765625,6074.7666015625,3674.822021484375,4078.51025390625,7894.38134765625,4862.73388671875,5943.89990234375,7689.94580078125
805,How does these places stay in business.,en_multilingual_blimp_incorrect_affected.test,31544.0859375,1537.958984375,1106.3909912109375,872.7152099609375,611.9600219726562,525.9620971679688,535.6483154296875,793.4932861328125,1119.6378173828125,1294.427734375,2007.5167236328125,1518.492431640625,2680.522216796875
806,How is things going with you?,en_multilingual_blimp_incorrect_affected.test,24405.990234375,749.5467529296875,597.5952758789062,687.17333984375,334.3827819824219,236.4083251953125,222.51690673828125,204.6552276611328,286.2577819824219,277.16693115234375,375.32330322265625,508.6365661621094,284.8038330078125
807,"It looks good on paper, but what does they really have?",en_multilingual_blimp_incorrect_affected.test,26194.220703125,850.5486450195312,1616.504638671875,1065.70947265625,951.864990234375,1344.2843017578125,1594.4228515625,972.3069458007812,857.509765625,1172.963623046875,1017.2047119140625,1509.4957275390625,3067.999267578125
808,"People like this will never have my sympathy, nor does they deserve my sympathy.",en_multilingual_blimp_incorrect_affected.test,25632.1484375,1077.68359375,1545.7391357421875,1346.6473388671875,1267.4605712890625,1359.2764892578125,1028.56640625,785.1187133789062,683.4160766601562,740.0816650390625,669.4457397460938,1383.0726318359375,1569.6422119140625
809,But does they know what they have heard?,en_multilingual_blimp_incorrect_affected.test,22357.546875,431.2895202636719,415.8878479003906,407.5487060546875,393.4360046386719,340.3346252441406,397.1747741699219,250.41151428222656,371.0447692871094,460.0118713378906,433.7047119140625,378.7077331542969,518.2139282226562
810,"Struggling against the currents of human nature and society, they may lose more often than they win - but only rarely does they give up.",en_multilingual_blimp_incorrect_affected.test,20733.232421875,1438.617919921875,746.293212890625,587.85009765625,519.3436889648438,360.0956726074219,321.9985656738281,325.89453125,379.32525634765625,381.8024597167969,400.1238098144531,374.7562255859375,412.2126159667969
811,What does they want to hear how you had to go round to the back door of the missionary's house?,en_multilingual_blimp_incorrect_affected.test,25922.919921875,404.55438232421875,268.05987548828125,215.60385131835938,165.4650421142578,146.77833557128906,157.6788330078125,195.1179962158203,165.1644744873047,217.02696228027344,221.1187286376953,304.7276916503906,267.9692687988281
812,"The below site from the US government verify this-it's the same for Canada,too.....",en_multilingual_blimp_incorrect_affected.test,27162.14453125,2617.520263671875,1527.0460205078125,1543.304931640625,1664.0447998046875,1843.4232177734375,1561.826904296875,2736.94873046875,2087.41064453125,2563.569580078125,3893.59423828125,3062.6787109375,3447.3662109375
813,"Typically, a developer creates an XSL transformation file that, when applied to an XML document during export, interpret or transforms the XML data into a presentation format that can be recognized by another application, such as Service Advertising Protocol (SAP) or a custom purchase order format.",en_multilingual_blimp_incorrect_affected.test,22936.53515625,4356.4453125,3737.935791015625,2445.310791015625,1938.6033935546875,1339.089599609375,1718.5953369140625,1683.7763671875,1858.789794921875,1714.2542724609375,1661.9481201171875,2177.338134765625,2819.040771484375
814,"In the best case, the clamoring for a ""refund"" subside.",en_multilingual_blimp_incorrect_affected.test,21702.603515625,2221.052001953125,2315.64306640625,2638.960693359375,2482.59716796875,1695.828125,2281.523681640625,3123.6865234375,4785.2763671875,5057.1806640625,5197.0244140625,4535.7919921875,6615.37353515625
815,Can you accept that the road we are travelling point toward a grim and painful future?,en_multilingual_blimp_incorrect_affected.test,26296.166015625,1206.1331787109375,714.7823486328125,706.0897827148438,841.9705200195312,631.8630981445312,800.4468383789062,668.0439453125,565.0676879882812,596.8050537109375,476.1404113769531,473.09356689453125,536.991943359375
816,Scientific research to develop products like irradiated sterile insects or the Oxitec mosquitoes proceed progressively from more to less contained conditions – from the laboratory to confined trials to limited field trials.,en_multilingual_blimp_incorrect_affected.test,23861.142578125,5102.29638671875,2988.184814453125,2982.33154296875,1641.0450439453125,1506.18701171875,1469.547607421875,1825.538330078125,2477.982177734375,2611.498779296875,3301.5146484375,2931.85986328125,3280.777587890625
817,"""Balzac's use of repeating characters, moving in and out of the Comédie's books, strengthen the realist representation.",en_multilingual_blimp_incorrect_affected.test,26001.158203125,2938.58935546875,1803.4359130859375,2778.091796875,2778.73046875,3136.07373046875,2546.11328125,2580.814208984375,2599.204833984375,3150.552734375,3702.810791015625,3777.044921875,5115.67138671875
818,"Like The Two Gentlemen of Verona, in which two friends appear to approve of rape, the Shrew's story of the taming of a woman's independent spirit by a man sometimes trouble modern critics and directors.",en_multilingual_blimp_incorrect_affected.test,23088.8671875,1856.387451171875,1321.1109619140625,1332.270263671875,1196.8992919921875,1080.6842041015625,1188.0953369140625,1447.90234375,1583.471435546875,1599.3890380859375,1967.4520263671875,1764.865234375,2012.363525390625
819,The feeling of being swept along and of uncertainty as regards the future prevent you from seeing things in any perspective whatsoever.,en_multilingual_blimp_incorrect_affected.test,26421.349609375,2266.18798828125,1408.9437255859375,1020.0715942382812,721.7496948242188,471.5334777832031,715.1416625976562,592.5287475585938,483.6235656738281,517.8794555664062,760.1348266601562,920.24267578125,1029.151611328125
820,"750,000 - Tons of toxic waste the US military, the world's biggest polluter, generate around the world each year.",en_multilingual_blimp_incorrect_affected.test,24235.3515625,1624.2333984375,1431.305419921875,1059.4605712890625,842.7063598632812,781.876953125,767.7250366210938,728.256591796875,1056.325439453125,814.42529296875,1118.9962158203125,1495.0430908203125,2142.497314453125
821,"Your love life is full, and any dissatisfaction with career and money matters fade into the background.",en_multilingual_blimp_incorrect_affected.test,29680.072265625,2311.835693359375,1762.77685546875,988.5962524414062,790.5383911132812,831.9421997070312,768.6796264648438,1032.294189453125,1119.1622314453125,1104.9781494140625,2243.3935546875,1807.282958984375,2134.541259765625
822,Examination of three views of the right foot demonstrate the second through fifth metatarsal head fractures.,en_multilingual_blimp_incorrect_affected.test,23740.796875,2768.46875,1148.7987060546875,1130.52783203125,1348.6341552734375,1000.0405883789062,806.3729248046875,908.7299194335938,1186.2120361328125,1498.1123046875,2137.4267578125,1583.1702880859375,2182.830810546875
823,"In this scenario, pieces of option three remain stubbornly impervious to artificial intelligence and continue to be mind-numbingly boring, while option four – engaging in social reciprocity and negotiation – remain limited.",en_multilingual_blimp_incorrect_affected.test,24092.9609375,4762.98046875,3244.578369140625,2697.5205078125,2026.502197265625,1725.86572265625,2012.394287109375,2242.30908203125,2414.166259765625,2055.527587890625,2993.795654296875,3423.4755859375,3547.677734375
824,"Yet a superficial fixation on China's headline GDP growth persist, so that a 25% deceleration, to a 7-8% annual rate, is perceived as somehow heralding the end of the modern world's greatest development story.",en_multilingual_blimp_incorrect_affected.test,23298.7109375,2765.469970703125,2386.21435546875,2266.317626953125,1415.9630126953125,1027.00732421875,1141.576416015625,1129.2633056640625,1221.006103515625,1345.9185791015625,1492.3956298828125,1630.30517578125,2299.7841796875
825,"Then every element of S strictly precede x, as x is in T.",en_multilingual_blimp_incorrect_affected.test,25219.365234375,3024.38623046875,2948.67578125,2939.057373046875,3718.884765625,4507.16455078125,3248.00537109375,3229.162353515625,5717.958984375,5217.22509765625,4347.81640625,7278.021484375,7852.6328125
826,"Now, NASA engineers and astronauts are almost giddy with ""go"" fever as the tentative date for the first launch since the Columbia disaster approach.",en_multilingual_blimp_incorrect_affected.test,23592.84765625,2888.373046875,1865.3646240234375,1920.813232421875,1719.9964599609375,1822.3690185546875,1649.96875,1502.986572265625,2010.7117919921875,2288.36279296875,2228.219482421875,2358.7021484375,2942.567138671875
827,"Your learning of concepts of all kinds combine with extensive group activity, bringing your mind into a whole new space this year.",en_multilingual_blimp_incorrect_affected.test,27162.0390625,1280.6319580078125,1352.160400390625,1593.5260009765625,895.7619018554688,1004.181640625,1020.5658569335938,1265.2891845703125,1525.677734375,1330.930419921875,1940.2486572265625,2867.46337890625,2878.71240234375
828,The default view – the view in which the object is open when you carry out the Save As command – determine the design of the data access page.,en_multilingual_blimp_incorrect_affected.test,21837.408203125,935.8828125,783.8505859375,653.729248046875,481.4813537597656,352.093017578125,440.2942810058594,480.7586975097656,463.8218994140625,401.3936767578125,427.3329162597656,548.5608520507812,543.2843017578125
829,"If the snake is not pregnant or shedding, and its enclosure is properly equipped, a loss of appetite probably signal a beginning of hibernation.",en_multilingual_blimp_incorrect_affected.test,24297.767578125,2342.70556640625,1829.4561767578125,1295.916748046875,1415.2442626953125,827.529541015625,687.0455932617188,920.7192993164062,947.8041381835938,684.9653930664062,776.4662475585938,1052.14404296875,915.8319091796875
830,"Also, every element of S strictly precede x, as x is in T.",en_multilingual_blimp_incorrect_affected.test,25005.453125,2988.41552734375,4025.3046875,4319.8193359375,4407.3017578125,3904.69384765625,3709.741943359375,4205.09130859375,4947.97119140625,6028.80322265625,5718.55908203125,9092.869140625,11320.1875
831,"The problem with this argument is that Bush lacked the experience necessary to be president when he ran in 2000, so this sort of cheap shot just hoist him by his own petard.",en_multilingual_blimp_incorrect_affected.test,20110.25390625,850.2262573242188,707.8741455078125,625.2874145507812,617.67529296875,551.8423461914062,673.7353515625,725.6702880859375,798.1143798828125,791.240966796875,903.8069458007812,1025.3031005859375,1422.376220703125
832,Our project of a Europe that aims to satisfy social needs envisage the convergence of living conditions towards the highest common denominator.,en_multilingual_blimp_incorrect_affected.test,20701.50390625,2556.72216796875,1358.2333984375,1044.809814453125,525.3252563476562,353.7587585449219,316.71258544921875,354.7773742675781,329.68060302734375,338.84600830078125,308.239013671875,477.38897705078125,476.09454345703125
833,"China's strong hand in this even extend to the diplomatic realm; China is a permanent member of the United Nations Security Council, and could veto any actions against Iran proposed by the United States.",en_multilingual_blimp_incorrect_affected.test,22780.537109375,1806.4178466796875,913.5267944335938,1016.7440795898438,855.3653564453125,581.8187255859375,551.4533081054688,688.4481811523438,779.7978515625,686.8997802734375,742.8018188476562,854.6433715820312,938.9392700195312
834,"Let me join the chorus of annoyance over Google's new toolbar, which, as noted in the linked article, commit just about every sin an online marketer could commit, and makes up a few new ones besides.",en_multilingual_blimp_incorrect_affected.test,24156.4375,1997.132568359375,2201.201904296875,1752.865234375,1829.7659912109375,1352.82275390625,1288.6104736328125,1397.7633056640625,1492.9337158203125,1352.99951171875,1626.95654296875,2814.295166015625,2933.016357421875
835,"In the next week or so, we 'll be sending around a discussion paper which we hope crystallize the issues, and we will try to talk to as many of you as possible before the meeting to go through it.",en_multilingual_blimp_incorrect_affected.test,22688.630859375,563.1334228515625,516.100341796875,507.54583740234375,401.58416748046875,371.35009765625,432.77899169921875,458.83526611328125,470.4749755859375,407.72967529296875,469.11163330078125,582.2525024414062,552.1892700195312
836,"Indeed, its three-year plan for economic innovation, announced in February, aim to raise the female employment rate to 62% by 2017, through the provision of affordable, high-quality childcare facilities and expanded paid parental leave, among other measures.",en_multilingual_blimp_incorrect_affected.test,21293.556640625,6321.32568359375,7017.3515625,5415.32763671875,4195.34619140625,3713.557861328125,4173.1630859375,4580.19921875,4726.10400390625,4119.7998046875,4506.794921875,5294.96435546875,6882.0302734375
837,"Al Qaeda members and sympathizers feel that the FBI's involvement in countries like Egypt, Saudi Arabia, Pakistan, Indonesia, and the Philippines interfere with the sovereignty of those countries.",en_multilingual_blimp_incorrect_affected.test,22621.912109375,2828.815185546875,2013.5047607421875,1520.9237060546875,1314.6583251953125,1026.358154296875,971.8193359375,776.8240356445312,1019.471435546875,1387.0902099609375,1473.9407958984375,1146.7698974609375,1843.9981689453125
838,I have to say the value of this place always amaze me.,en_multilingual_blimp_incorrect_affected.test,22927.064453125,488.0608825683594,319.9261779785156,256.2250671386719,122.50083923339844,122.29889678955078,74.85619354248047,78.74991607666016,81.7587890625,59.43989562988281,87.55558013916016,88.50001525878906,79.93270111083984
839,"The mycelium, in the right conditions, produce a mushroom - it bursts through with such ferocity that it can break asphalt.",en_multilingual_blimp_incorrect_affected.test,22498.072265625,1640.651611328125,1135.4412841796875,997.5973510742188,725.9173583984375,616.7694091796875,441.05517578125,507.5998229980469,649.92724609375,579.2081298828125,628.1922607421875,770.234619140625,748.3043212890625
840,The title page of the 1594 edition of Titus Andronicus reveal that the play had been acted by three different troupes.,en_multilingual_blimp_incorrect_affected.test,21620.240234375,2285.057861328125,1124.675048828125,1017.4589233398438,1080.5919189453125,801.6416625976562,786.6397705078125,828.2744750976562,771.0411376953125,747.3375854492188,923.8422241210938,879.0975952148438,1399.114990234375
841,"In the photo on the couch, the pillow she is resting on clash with everything else in the shot.",en_multilingual_blimp_incorrect_affected.test,28305.099609375,732.8587036132812,946.1636352539062,1297.1005859375,935.60888671875,847.4148559570312,809.9166870117188,831.9295654296875,1009.4096069335938,1380.144287109375,1437.2108154296875,1486.772216796875,1913.5482177734375
842,"But Carney argues that, on the contrary, the rest of the British economy benefit from having a global financial center in its midst.",en_multilingual_blimp_incorrect_affected.test,23332.59765625,1498.140869140625,1194.069580078125,1054.9105224609375,763.9224853515625,693.8192749023438,697.5408935546875,822.3482055664062,996.1432495117188,761.1271362304688,967.0405883789062,1160.908447265625,1571.4508056640625
843,"(11) The approach set out in the Green Paper on Integrated Product Policy, which is a major innovative element of the Sixth Community Environment Action Programme, aim to reduce the environmental impacts of products across the whole of their life cycle.",en_multilingual_blimp_incorrect_affected.test,21000.75,1854.93017578125,1230.6341552734375,892.4960327148438,935.2711791992188,745.9818115234375,691.2274169921875,644.1113891601562,972.8463134765625,755.1013793945312,861.7687377929688,1022.27587890625,1191.9971923828125
844,"Remember that what you do to yourself affects me and everybody else, remember that what you do to me and anyone else shape your destiny.",en_multilingual_blimp_incorrect_affected.test,21848.84375,553.5784301757812,366.6792907714844,299.6640319824219,233.24432373046875,166.37644958496094,178.5259246826172,171.78195190429688,161.52224731445312,158.79583740234375,183.609130859375,175.34402465820312,219.42233276367188
845,"Of course the paper written by Mr Eichelberger and his Egyptian collaborators state that the purpose of the Nasser seizure of power was ""to solve the pressing social and political problems which made the revolution necessary.""",en_multilingual_blimp_incorrect_affected.test,19673.44140625,1739.8514404296875,868.0097045898438,887.9920654296875,826.5771484375,730.9019165039062,762.3628540039062,783.9874267578125,857.4616088867188,856.424072265625,812.149658203125,1162.47900390625,1479.825927734375
846,"Today, the dominant method for reducing insect populations – the so-called ""sterile insect technique"" (SIT) – rely on radiation to sterilize males, which are then released into infested areas to mate.",en_multilingual_blimp_incorrect_affected.test,23651.736328125,5376.92724609375,4453.32080078125,4100.9013671875,3256.423095703125,2605.65625,3001.050537109375,3113.87744140625,3331.22216796875,3143.715576171875,3279.92041015625,3331.00927734375,3525.004150390625
847,"The name ""Caribbean"" derive from the Caribs, one of the dominant Native American groups in the region at the time of European contact during the late 15th century.",en_multilingual_blimp_incorrect_affected.test,20958.794921875,1354.8671875,1045.9901123046875,901.2665405273438,615.5172729492188,516.395751953125,461.2110900878906,478.04638671875,454.8529357910156,500.166015625,508.5846862792969,600.1585693359375,596.6759643554688
848,"The centrality of a father in this novel match Balzac's own position - not only as mentor to his troubled young secretary, Jules Sandeau, but also the fact that he had (most likely) fathered a child, Marie-Caroline, with his otherwise-married lover, Maria Du Fresnay.",en_multilingual_blimp_incorrect_affected.test,21366.236328125,3327.23095703125,4671.564453125,4414.55810546875,3509.647705078125,2185.98388671875,2242.683349609375,2366.56787109375,2478.218505859375,1923.769287109375,2485.594970703125,3014.630126953125,3859.765869140625
849,Another theme of the Skylark novels involve precursors of modern information technology.,en_multilingual_blimp_incorrect_affected.test,27195.474609375,3220.965576171875,1499.802734375,805.4940795898438,502.8822326660156,391.0393371582031,356.4851989746094,358.52197265625,371.7641296386719,405.01898193359375,377.5168762207031,358.94122314453125,453.0640563964844
850,"Article 6 of the Gallup Compression Services Agreement (which I am sending to you separately) with ECS obligate ECS to ""work in good faith with CDEC"" to establish an automated system that would automatically have alerted us to peak loading conditions on CDEC's system.",en_multilingual_blimp_incorrect_affected.test,22725.74609375,3895.8486328125,1922.036376953125,1539.6129150390625,1128.697509765625,866.9640502929688,852.7894897460938,888.1297607421875,952.9572143554688,1027.46875,950.93994140625,1324.7445068359375,1542.6097412109375
851,"If you move the line downward, the distance between the moving line and the nearest parallel line below remain constant, and the perpendicular line above the moving line lengthens.",en_multilingual_blimp_incorrect_affected.test,21413.115234375,1901.1392822265625,1923.6153564453125,1699.961181640625,881.9517822265625,670.4351196289062,843.2228393554688,709.87353515625,835.25244140625,665.8502197265625,954.54443359375,969.7228393554688,1383.391845703125
852,"If you move the line to the right, the distance between the moving line and the nearest parallel line to the right remain constant, and the perpendicular line to the left of the moving line lengthens.",en_multilingual_blimp_incorrect_affected.test,18462.603515625,835.3480834960938,838.3524780273438,660.14013671875,463.0840148925781,357.7872619628906,398.648681640625,419.33636474609375,496.17169189453125,386.13360595703125,607.0663452148438,560.1734619140625,742.4020385742188
853,"If you move the line to the left, the distance between the moving line and the nearest parallel line to the right remain constant, and the perpendicular line to the left of the moving line contracts.",en_multilingual_blimp_incorrect_affected.test,18731.791015625,821.188720703125,821.0736694335938,657.134521484375,488.2629089355469,400.8416442871094,472.15289306640625,506.02081298828125,632.13916015625,492.87255859375,762.464599609375,645.3854370117188,816.5958862304688
854,"A MILNET brief issued in February 2005 report, ""Due to its position astride the Persian Gulf, Iran has constantly been a threat to the Gulf.",en_multilingual_blimp_incorrect_affected.test,22360.42578125,3986.38427734375,2954.14892578125,2317.602783203125,2397.753662109375,1550.140380859375,1465.60693359375,1636.575927734375,2117.282958984375,2032.013916015625,1754.9896240234375,2537.85400390625,3168.909912109375
855,The delicacy of the light also affect me.,en_multilingual_blimp_incorrect_affected.test,25901.544921875,1088.1514892578125,794.8193969726562,638.9952392578125,519.0789794921875,444.7376708984375,492.3299560546875,404.699462890625,476.060302734375,500.35589599609375,546.1026000976562,699.25,440.11566162109375
856,"In Othello, the villain Iago stoke Othello's sexual jealousy to the point where he murders the innocent wife who loves him.",en_multilingual_blimp_incorrect_affected.test,26337.828125,3273.073974609375,2106.220458984375,2297.57568359375,2126.625,1288.7431640625,1270.72119140625,1351.7071533203125,1507.8677978515625,1231.31982421875,1792.7261962890625,1692.9339599609375,1882.1790771484375
857,"Furthermore, I would like to reiterate that RAC's goal, prior to quoting any credit reserve, is to be 100% confident that: (i) the methodology that is being employed is consistent among the internal groups; and (ii) the inherent value of the price risk management contracts match.",en_multilingual_blimp_incorrect_affected.test,20364.41015625,2999.25390625,2764.365234375,2349.765380859375,1807.36474609375,1379.9896240234375,1821.7095947265625,1569.8375244140625,1704.1790771484375,1701.27734375,1774.7525634765625,2315.134033203125,2232.00732421875
858,"The ever increasing volume of goods passing through Europe entail all kinds of risks, known and unknown, for employees and the social environment.",en_multilingual_blimp_incorrect_affected.test,21430.84765625,2712.6171875,3402.8515625,2185.91796875,2312.7109375,1909.71337890625,1926.0025634765625,2521.605712890625,2936.472900390625,1950.988037109375,3123.52587890625,3089.5654296875,2874.05859375
859,"The media routinely obscures the lines between terrorism and legitimate resistance, as the recent article by Daniel Okrent of The New York Times demonstrate.",en_multilingual_blimp_incorrect_affected.test,26434.279296875,3625.001953125,1784.7666015625,1217.508544921875,1035.70751953125,835.8297729492188,970.3440551757812,944.205810546875,1046.7750244140625,1253.0509033203125,1402.994384765625,1589.88671875,2035.818603515625
860,"Mr President, the priority given to financial and monetary criteria reinforce the increase in inequalities of every shape and form.",en_multilingual_blimp_incorrect_affected.test,24908.345703125,3169.31494140625,2002.947265625,1798.3160400390625,1446.7332763671875,1049.09814453125,1432.3233642578125,1479.494384765625,1750.8111572265625,1818.3787841796875,2052.24072265625,2417.287841796875,2054.3515625
861,"It is also a fact that almost everybody in the region blame this situation on the United States, on Israel, on Western Civilization, on Judaism and Christianity, on anyone and anything, except themselves.",en_multilingual_blimp_incorrect_affected.test,26151.4375,1359.342529296875,2388.83740234375,2293.04541015625,2286.584716796875,1520.4130859375,1709.5972900390625,1550.3953857421875,1414.292236328125,938.5704345703125,1222.32958984375,1349.9744873046875,1800.703125
862,"If you move the line upward, the distance between the moving line and the nearest parallel line below remain constant, and the perpendicular line above the moving line contracts.",en_multilingual_blimp_incorrect_affected.test,20544.359375,1914.4234619140625,2153.21923828125,1916.490478515625,1308.4083251953125,1064.182373046875,1407.23828125,1211.7681884765625,1454.055908203125,1141.8126220703125,1996.6888427734375,1852.55419921875,2961.82763671875
863,"As the hysteria of the 2016 Presidential election intensify, a more troubling threat than bullshit preoccupies Karel.",en_multilingual_blimp_incorrect_affected.test,22807.55859375,4855.9677734375,3334.632568359375,2859.04736328125,2065.207763671875,2115.06689453125,1666.550048828125,1426.933837890625,1389.174560546875,1250.1510009765625,1384.2205810546875,1169.109619140625,1554.24072265625
864,"Mr President, I would once again like to congratulate Mr Koch on his magnificent work on this other report, which in a way supplement the debate which we held in October on rail transport.",en_multilingual_blimp_incorrect_affected.test,24551.56640625,1591.091796875,1606.5028076171875,1791.47265625,1422.5579833984375,1219.6961669921875,1295.251953125,1775.620849609375,1906.29345703125,1830.1561279296875,2091.554443359375,2333.741455078125,2326.83544921875
865,"As the hysteria of the 2016 Presidential election intensifies, a more troubling threat than bullshit preoccupy Karel.",en_multilingual_blimp_incorrect_affected.test,21458.98828125,4733.154296875,3174.923583984375,2746.51318359375,1955.67138671875,2124.556396484375,1494.0068359375,1357.8209228515625,1266.4317626953125,1098.7064208984375,1269.9700927734375,1016.4188232421875,1523.4647216796875
866,"(And, a piece of shrapnel in the forearm that caused only a minor wound would have killed had it hit an eye and gone into the brain; the shrapnel being in your body demonstrate you were in mortal danger and didn't absent yourself from it.",en_multilingual_blimp_incorrect_affected.test,21497.435546875,1392.3551025390625,1166.0809326171875,1387.319091796875,1015.4044189453125,874.8994140625,860.4954223632812,1115.772216796875,875.9542236328125,979.8445434570312,1107.6199951171875,1320.5037841796875,1278.56103515625
867,"Remember that what you do to yourself affect me and everybody else, remember that what you do to me and anyone else shapes your destiny.",en_multilingual_blimp_incorrect_affected.test,22464.197265625,535.9387817382812,387.3861999511719,306.49591064453125,242.2325439453125,186.458740234375,217.2392120361328,200.62344360351562,191.51429748535156,185.72276306152344,201.9013671875,214.3445281982422,236.21145629882812
868,A nearly infinite reserve of energy propel the characters in Balzac's novels.,en_multilingual_blimp_incorrect_affected.test,25949.55859375,3507.576416015625,1842.669189453125,1499.363037109375,1837.1341552734375,1402.7576904296875,1404.4215087890625,2005.582275390625,1496.4659423828125,1845.5350341796875,2441.44873046875,3216.134033203125,3918.724365234375
869,"A second set of problems concern the need to ensure that the economic system is perceived as fundamentally fair, which is the key to its political sustainability.",en_multilingual_blimp_incorrect_affected.test,24657.88671875,1079.9481201171875,868.2072143554688,671.671875,416.8769836425781,334.91815185546875,392.36602783203125,389.5074157714844,437.94451904296875,452.2667236328125,490.8990478515625,533.7796020507812,654.5398559570312
870,South Korea's success over the last five decades owe much to the rapid growth of its well-educated labor force.,en_multilingual_blimp_incorrect_affected.test,28917.423828125,2217.703369140625,1562.4927978515625,918.7059936523438,616.3948364257812,391.46954345703125,393.55364990234375,395.5027770996094,370.3320617675781,270.1888427734375,377.4664611816406,325.85882568359375,297.5486145019531
871,"The introduction of interim targets increase the predictability of the policy, allows for accommodating product development cycles and facilitates long term planning for interested parties.",en_multilingual_blimp_incorrect_affected.test,26127.056640625,4160.94677734375,2338.590576171875,2102.445556640625,1171.7857666015625,833.8529663085938,757.0944213867188,873.5524291992188,927.3289184570312,723.3649291992188,1232.07861328125,1283.603759765625,1617.7491455078125
872,"He always hug me when he comes, but he gave me at least 5 tight, long, back rubbing hugs while he was there.",en_multilingual_blimp_incorrect_affected.test,22777.2578125,1703.4560546875,1712.45361328125,1918.10498046875,1212.928955078125,1167.8292236328125,1317.3995361328125,1262.3916015625,1275.231689453125,1409.4786376953125,1480.9998779296875,1509.49365234375,1843.2677001953125
873,The 1616 edition of Ben Jonson's Works name him on the cast lists for Every Man In His Humour (1598) and Sejanus His Fall (1603).,en_multilingual_blimp_incorrect_affected.test,25494.43359375,4535.96533203125,3419.08056640625,2210.575927734375,3708.7939453125,3581.53955078125,3386.1474609375,4948.41015625,6966.9130859375,7862.5693359375,6118.30224609375,8770.5263671875,14272.55078125
874,"With the default installation of the Microsoft SQL Server 2000 Desktop Engine with integrated security, the user must be a member of the administrator group for the machine on which the Access project reside.",en_multilingual_blimp_incorrect_affected.test,18956.4453125,1499.7291259765625,933.6840209960938,718.5173950195312,446.3493347167969,363.1338806152344,386.0978698730469,374.360595703125,440.59735107421875,605.0462646484375,448.9580078125,545.62109375,557.2950439453125
875,"11. In Events of Default, clause (a) refers to a dispute section which I'm not sure exist.",en_multilingual_blimp_incorrect_affected.test,25048.080078125,3926.913818359375,2893.9384765625,3205.28564453125,3014.957763671875,2534.279296875,2636.064453125,3321.7333984375,2929.01220703125,2651.072509765625,2853.23486328125,3328.5166015625,3808.037353515625
876,"There's holes everywhere in the ceiling, sewage constantly leak through the ceiling, and the whole condition of the school is horrible.",en_multilingual_blimp_incorrect_affected.test,18326.056640625,1344.3548583984375,1271.7509765625,1625.614990234375,1006.4264526367188,779.31982421875,875.6401977539062,1116.1378173828125,1187.7447509765625,893.006103515625,1220.887939453125,1622.763427734375,1608.61083984375
877,"Which's good, anything good count.",en_multilingual_blimp_incorrect_affected.test,25200.5390625,3926.96240234375,5120.48388671875,10603.607421875,6077.04931640625,4243.60107421875,11184.7412109375,6063.8271484375,7071.1611328125,13074.4033203125,12312.3935546875,5501.3515625,13193.080078125
878,This Amendment amend the Transaction Fee referenced in subparagraph (c) of the Fee Schedule to the Subscription Agreement.,en_multilingual_blimp_incorrect_affected.test,21354.767578125,4155.72802734375,1516.812744140625,988.5604248046875,1170.9658203125,790.7005004882812,596.58203125,796.7843017578125,943.8735961914062,918.4742431640625,854.4327392578125,1494.4478759765625,1477.7457275390625
879,"His cassock, dark red, swell with the body.",en_multilingual_blimp_incorrect_affected.test,25060.93359375,2696.669189453125,7832.1767578125,5669.36181640625,4073.787109375,6552.703125,6757.0341796875,8565.0048828125,8982.787109375,9113.896484375,10587.5302734375,9642.189453125,21170.912109375
880,"No written contemporary description of Shakespeare's physical appearance survive, and no evidence suggests that he ever commissioned a portrait, so the Droeshout engraving, which Ben Jonson approved of as a good likeness, and his Stratford monument provide the best evidence of his appearance.",en_multilingual_blimp_incorrect_affected.test,21954.9921875,2806.5576171875,2536.679443359375,2633.652099609375,2537.400146484375,1986.814453125,2208.08642578125,2229.571533203125,2667.316650390625,2435.48388671875,2651.572998046875,3301.052001953125,4662.84033203125
881,"It has two parts, both of which are timed for 90 seconds each and the differential between the resulting two scores determine the likelihood of having a learning disability or attention deficit disorder.",en_multilingual_blimp_incorrect_affected.test,21292.5,1720.88330078125,1149.2808837890625,1215.0262451171875,770.5380249023438,619.7230224609375,576.91845703125,692.8436889648438,569.99951171875,456.40155029296875,565.14990234375,666.5964965820312,731.4263305664062
882,"As it stands, while the services sector account for more than 70% of employment in South Korea, its productivity-growth rate remains much lower than that of the manufacturing sector.",en_multilingual_blimp_incorrect_affected.test,24231.654296875,2292.36767578125,2001.9266357421875,1703.8604736328125,1154.3475341796875,935.075439453125,816.6636962890625,761.94384765625,777.5548706054688,753.505859375,868.0983276367188,803.03662109375,1044.6767578125
883,The historical city hall in Obermarsberg originate from the 13th century and was refurbished after the Thirty Years'War.,en_multilingual_blimp_incorrect_affected.test,24943.07421875,2787.119873046875,1185.2740478515625,524.5587768554688,484.0653991699219,342.2042541503906,329.06982421875,301.3769226074219,259.56536865234375,315.9339599609375,342.3336486816406,362.8276672363281,504.7835388183594
884,Perhaps that's why a surge of tears cloud his pupils while the syllable of time unearths his crop and surrenders his mystery to the bound waters.,en_multilingual_blimp_incorrect_affected.test,22941.193359375,1925.71142578125,916.7848510742188,836.8794555664062,703.824462890625,606.984130859375,623.2278442382812,674.1650390625,602.4032592773438,699.5645141601562,705.8750610351562,735.6884765625,762.1895141601562
885,"I really like the MIUI, but a process crash repeatedly about every 3 seconds.",en_multilingual_blimp_incorrect_affected.test,21244.267578125,3119.938232421875,2687.31005859375,2147.3369140625,2228.320556640625,1502.8753662109375,1618.74462890625,2079.7197265625,1587.73583984375,1720.603515625,2193.17431640625,1753.86181640625,2824.706787109375
886,"This strength of design ensure that a Shakespeare play can survive translation, cutting and wide interpretation without loss to its core drama.",en_multilingual_blimp_incorrect_affected.test,23286.44921875,4926.462890625,3603.167236328125,3006.826171875,2344.522705078125,1681.1641845703125,1705.4586181640625,1807.403564453125,1768.574462890625,1595.518798828125,1728.6090087890625,2357.204345703125,2789.01708984375
887,"Meats are kept VERY cold, seafood smell fresh and the serving bar is VERY clean.",en_multilingual_blimp_incorrect_affected.test,22604.875,5515.72998046875,5305.478515625,4943.56591796875,4312.3486328125,4005.048583984375,2789.361328125,4537.10302734375,5133.50927734375,5612.74609375,4769.8349609375,8422.4111328125,6674.98876953125
888,Someone observe that the Church is a worshiper of success and always follows the majorities.,en_multilingual_blimp_incorrect_affected.test,22134.365234375,1359.2440185546875,1217.2635498046875,1500.18115234375,1602.0062255859375,1517.88134765625,1590.89453125,1108.3675537109375,1495.8602294921875,1341.7650146484375,1194.370849609375,1258.2635498046875,1412.1002197265625
889,Entitlement to free abortions equate with women having the right to manage their lives and make decisions about their own bodies.,en_multilingual_blimp_incorrect_affected.test,21006.017578125,1182.2862548828125,619.1688842773438,514.180908203125,372.0555114746094,254.8435516357422,251.17591857910156,203.42562866210938,222.7491912841797,303.3772888183594,229.98410034179688,209.0199432373047,357.7794189453125
890,"As the American public gradually weary of the Iraq crisis, some have begun worrying that the war could blow back on the US by creating the conditions for anti-American terrorism.",en_multilingual_blimp_incorrect_affected.test,23646.52734375,1600.220458984375,1275.169189453125,1352.9361572265625,973.9751586914062,821.2122802734375,802.8236694335938,824.2314453125,823.13916015625,755.69970703125,693.2808837890625,950.6031494140625,811.8666381835938
891,"If you move the line upward, the distance between the moving line and the nearest parallel line below remains constant, and the perpendicular line above the moving line contract.",en_multilingual_blimp_incorrect_affected.test,20500.83203125,1792.2552490234375,2075.1787109375,1784.695068359375,1204.12939453125,1033.7838134765625,1406.8076171875,1231.8131103515625,1495.2254638671875,1102.1138916015625,2229.734130859375,1969.6776123046875,2987.401123046875
892,"He is pimply, his neck is thin, his blue eyes goggle, his underlip extrude.",en_multilingual_blimp_incorrect_affected.test,26107.927734375,3212.216796875,4400.7705078125,6196.8076171875,4696.6337890625,3656.197265625,2422.0458984375,3144.912353515625,3193.73046875,2347.13232421875,4492.57373046875,3407.475830078125,4715.84765625
893,Our letter agreement simply memorialize that we will charge the same negotiated rate whether the gas flows on primaries or alternates.,en_multilingual_blimp_incorrect_affected.test,25208.447265625,3207.50244140625,1244.76171875,1232.4810791015625,940.056640625,1054.814453125,1046.814453125,1381.4210205078125,1505.80078125,1357.171630859375,2034.7879638671875,1950.8067626953125,2875.713134765625
894,"Habitat destruction vastly increase an area's vulnerability to natural disasters like flood and drought, crop failure, spread of disease, and water contamination.",en_multilingual_blimp_incorrect_affected.test,25520.755859375,5277.07861328125,4106.556640625,2359.148681640625,1915.05615234375,1714.519287109375,1848.63623046875,2254.570068359375,2918.19970703125,2093.47607421875,2834.80517578125,2460.429443359375,5220.84375
895,"These include two operas by Giuseppe Verdi, Otello and Falstaff, whose critical standing compare with that of the source plays.",en_multilingual_blimp_incorrect_affected.test,24893.740234375,4732.04833984375,6517.994140625,4079.8564453125,4841.26806640625,3439.7470703125,3042.41162109375,3500.435302734375,4342.37548828125,3781.990234375,6156.3525390625,4635.95263671875,4673.48046875
896,"Even if local Palestinian leaders remain strong enough to keep al-Qaida out, the festering Israeli-Palestinian struggle remain among the best recruiting posters for al-Qaida with young Muslim men.",en_multilingual_blimp_incorrect_affected.test,18896.1953125,4399.6123046875,2451.58154296875,2526.0498046875,2298.04541015625,1904.5643310546875,1743.1580810546875,1719.2109375,1755.8551025390625,2144.993408203125,2240.091552734375,1965.6590576171875,2593.27001953125
897,What person(s) in London prepare credit for the English and Singapore financial transactions?,en_multilingual_blimp_incorrect_affected.test,27089.474609375,5993.38671875,5430.65185546875,4903.21923828125,5665.39453125,4575.15673828125,5487.67578125,5073.7119140625,7599.73193359375,9175.7822265625,9590.3837890625,15071.310546875,14066.828125
898,"And though he is not permitted to sit beside women unrelated to him or to look at them or to communicate with them in any manner (all of which probably save him a great deal of trouble), he seems a good-hearted young man and he is visibly enjoying himself.",en_multilingual_blimp_incorrect_affected.test,26490.68359375,839.5230102539062,606.1380615234375,491.3496398925781,365.71124267578125,249.38412475585938,245.47808837890625,308.52899169921875,261.8823547363281,264.9444580078125,269.46807861328125,352.2750549316406,400.09979248046875
899,"As you sit above the world, the warmth of the golden sun penetrate your body and makes you feel warmer and warmer.",en_multilingual_blimp_incorrect_affected.test,23656.541015625,1147.4173583984375,783.5714111328125,593.7509155273438,508.369384765625,482.68359375,547.5538940429688,690.9766235351562,708.8317260742188,521.8693237304688,1037.574462890625,1058.0166015625,923.6311645507812
900,"The reported finding at Dugway undermine the argument of both the ""bomb Iraq"" crowd and the liberals focused on Dr. Steve Hatfill who object to US biodefense research because they view it as being useful for offensive purposes.",en_multilingual_blimp_incorrect_affected.test,24051.798828125,3016.3671875,1925.523193359375,1973.1068115234375,1513.895751953125,1244.084716796875,1084.0570068359375,1209.3990478515625,1135.6942138671875,1327.3665771484375,1542.1390380859375,1530.3839111328125,1920.78759765625
901,Every student of political science debate how you prevent an anti-democratic force from winning a democratic election and abolishing democracy.,en_multilingual_blimp_incorrect_affected.test,26471.69140625,2667.28369140625,1054.2205810546875,580.4871826171875,466.91546630859375,363.1531066894531,360.1693115234375,428.831787109375,464.24761962890625,391.388916015625,574.892578125,457.3736572265625,647.0342407226562
902,"Edward Shinza's one of the few who did his stretch and got his head split open that time by Her Majesty's brave boys, and where's he... back in the Bashi Flats among his old wives, for all I know, no one even mention his name.",en_multilingual_blimp_incorrect_affected.test,25344.474609375,1457.0125732421875,1244.4591064453125,1237.678466796875,1137.70458984375,1141.7369384765625,1040.5880126953125,968.6452026367188,1228.37353515625,1033.905517578125,1713.59716796875,1784.80224609375,2076.7744140625
903,"""Look how the academy return the pretty ones we send them!",en_multilingual_blimp_incorrect_affected.test,13658.4130859375,1901.6658935546875,1594.456298828125,1680.2369384765625,1799.46728515625,1698.28564453125,1339.15966796875,1304.31689453125,1483.5224609375,1967.60205078125,2333.059326171875,1895.2034912109375,2312.17626953125
904,His art perfectly combine painting and Chinese calligraphy.,en_multilingual_blimp_incorrect_affected.test,24277.546875,10968.3447265625,7901.80810546875,7392.57080078125,9950.333984375,8083.41015625,8517.39453125,8301.9462890625,4562.6123046875,6187.68994140625,3746.940673828125,2953.65185546875,4670.4638671875
905,Food is awful and the place cater to the yuppy crowd.,en_multilingual_blimp_incorrect_affected.test,19264.6640625,1382.5081787109375,1366.2484130859375,1020.928466796875,999.34228515625,1031.4061279296875,724.60498046875,1065.654052734375,1042.0269775390625,720.9359130859375,1438.9979248046875,1599.1900634765625,987.22216796875
906,"The First Folio of 1623, however, list Shakespeare as one of ""the Principal Actors in all these Plays"", some of which were first staged after Volpone, although we can not know for certain which roles he played.",en_multilingual_blimp_incorrect_affected.test,27024.787109375,2528.17822265625,1838.373291015625,1584.9815673828125,1633.0836181640625,1343.7786865234375,1367.4359130859375,1363.987060546875,1529.4639892578125,1589.5660400390625,1746.6710205078125,1930.969970703125,2822.438232421875
907,A 1971 evaluation called Bush “an exceptionally fine young officer and pilot” who “continually fly intercept missions with the unit to increase his proficiency even further.”,en_multilingual_blimp_incorrect_affected.test,25676.580078125,10114.9453125,5864.966796875,3640.51904296875,5004.4873046875,3332.9033203125,2956.5107421875,3133.73876953125,3742.0517578125,3461.83251953125,3387.0322265625,4771.869140625,5188.4716796875
908,Each poem narrate only a part of the war.,en_multilingual_blimp_incorrect_affected.test,23689.140625,1206.2918701171875,629.6071166992188,649.571044921875,375.89178466796875,424.0777282714844,472.292724609375,500.30889892578125,399.7515563964844,355.3848876953125,501.5887756347656,452.09466552734375,540.7150268554688
909,"It usually involve a low level of development, such as rustic picnic areas, benches and trails.",en_multilingual_blimp_incorrect_affected.test,30049.8125,3783.841064453125,2142.10693359375,2237.545654296875,1488.9737548828125,1199.7203369140625,1385.555908203125,1867.8675537109375,2036.3505859375,2203.23583984375,1850.870361328125,1778.4747314453125,3503.52783203125
910,It is a directive which safeguard the interests of rightholders and protects intellectual property.,en_multilingual_blimp_incorrect_affected.test,23007.296875,2033.312744140625,1626.3236083984375,1393.875,984.4387817382812,852.1525268554688,647.7109375,808.6073608398438,773.3133544921875,674.7673950195312,1085.185546875,1436.9285888671875,1924.666748046875
911,"For Kerber, the season finale nevertheless mark the end of an unbelievable year.",en_multilingual_blimp_incorrect_affected.test,21987.828125,1779.7872314453125,2560.089111328125,3044.7802734375,2072.72412109375,1783.888427734375,1571.355712890625,2677.906982421875,2511.85498046875,1891.5902099609375,2882.83740234375,2815.143798828125,2251.809814453125
912,"Fine lot these government chaps – is they not? he went on, speaking English with great precision and considerable bitterness.",en_multilingual_blimp_incorrect_affected.test,25884.58203125,4023.965087890625,4115.173828125,4217.8837890625,4416.24658203125,3811.4052734375,3755.254150390625,4815.73876953125,3688.473388671875,3832.38525390625,6021.47705078125,5881.41748046875,7473.45849609375
913,"They really are milking the incompetence angle though, isn't they?",en_multilingual_blimp_incorrect_affected.test,21102.638671875,5908.5654296875,6922.888671875,6146.7431640625,2181.54150390625,1996.27099609375,1603.8643798828125,2013.7208251953125,2810.239013671875,2057.723388671875,3723.611572265625,5470.244140625,7795.439453125
914,Everybody I know at university intend to stay at uni for as long as possible until there are actually jobs available.,en_multilingual_blimp_incorrect_affected.test,22128.392578125,745.0877685546875,561.5757446289062,459.8872985839844,466.8713684082031,487.236572265625,380.01812744140625,457.8605041503906,483.4096374511719,515.9209594726562,513.4840698242188,490.0774230957031,593.4129638671875
915,"It is also a fact that almost everybody in the region blame this situation on the United States, on Israel, on Western Civilization, on Judaism and Christianity, on anyone and anything, except themselves.",en_multilingual_blimp_incorrect_affected.test,26151.412109375,1359.342529296875,2388.836181640625,2293.04541015625,2286.5859375,1520.4139404296875,1709.596435546875,1550.393310546875,1414.2943115234375,938.5704345703125,1222.32958984375,1349.9744873046875,1800.7041015625
916,"The house of Annas, in which Jesus was questioned and struck, am within the compound.",en_multilingual_blimp_incorrect_affected.test,24592.740234375,2352.435791015625,2486.639404296875,2105.292724609375,2534.955078125,1943.3885498046875,1947.1563720703125,3539.269775390625,3137.423095703125,3852.723388671875,4640.66796875,4430.1923828125,4581.4482421875
917,"The best way I can explain it to you'm by saying that, for a second or two, I felt as though, instead of going to the center of a continent, I were about to set off for the center of the earth.",en_multilingual_blimp_incorrect_affected.test,24925.00390625,372.29937744140625,459.8111877441406,396.046875,319.4764404296875,254.96463012695312,315.83648681640625,290.97027587890625,315.35675048828125,298.16729736328125,325.4117736816406,280.38232421875,382.3929748535156
918,"The house of Annas, in which Jesus was questioned and struck,'m within the compound.",en_multilingual_blimp_incorrect_affected.test,25905.767578125,2010.746337890625,2499.229248046875,2290.02392578125,2512.87451171875,2071.556396484375,1964.21337890625,2793.788818359375,3434.351806640625,3075.89453125,3896.0341796875,4167.6748046875,4555.21240234375
919,"In this scenario, pieces of option three remain stubbornly impervious to artificial intelligence and continue to be mind-numbingly boring, while option four – engaging in social reciprocity and negotiation – remain limited.",en_multilingual_blimp_incorrect_affected.test,24092.9609375,4762.98046875,3244.578369140625,2697.519287109375,2026.4993896484375,1725.86572265625,2012.394287109375,2242.311279296875,2414.16748046875,2055.529541015625,2993.795654296875,3423.4755859375,3547.680908203125
920,"China's strong hand in this even extend to the diplomatic realm; China is a permanent member of the United Nations Security Council, and could veto any actions against Iran proposed by the United States.",en_multilingual_blimp_incorrect_affected.test,22780.537109375,1806.4178466796875,913.5267944335938,1016.7440795898438,855.3653564453125,581.8187255859375,551.4530639648438,688.447509765625,779.7978515625,686.8997802734375,742.8018188476562,854.6429443359375,938.93798828125
921,The theory I present in the essay'm that he is actually a combination of four different people.,en_multilingual_blimp_incorrect_affected.test,21366.380859375,626.9955444335938,341.9161682128906,382.55035400390625,298.5535583496094,328.416748046875,266.3719787597656,257.4737243652344,370.49212646484375,273.29681396484375,289.6247863769531,376.31683349609375,458.3946228027344
922,"What'll happen am that the Styrofoam peanuts will start moving through our society here, and they will accumulate in the drunkest, stingiest people.",en_multilingual_blimp_incorrect_affected.test,22129.51171875,1921.9337158203125,1189.06396484375,932.9207763671875,775.8404541015625,561.5564575195312,532.1279907226562,505.840576171875,631.2056884765625,539.5951538085938,562.9937744140625,547.4700927734375,682.8789672851562
923,The title page of the 1594 edition of Titus Andronicus reveal that the play had been acted by three different troupes.,en_multilingual_blimp_incorrect_affected.test,21620.240234375,2285.058837890625,1124.675048828125,1017.45849609375,1080.5919189453125,801.6409301757812,786.639404296875,828.27490234375,771.0415649414062,747.3379516601562,923.8425903320312,879.0979614257812,1399.1129150390625
924,He naturally assume you 'll come out of exile.,en_multilingual_blimp_incorrect_affected.test,24993.458984375,1403.7344970703125,937.732177734375,703.1646728515625,648.4083862304688,672.0428466796875,615.0457153320312,682.2078247070312,827.7402954101562,1006.1538696289062,772.5087890625,1634.0191650390625,1408.728759765625
925,She may be out because in the past she always respond pretty quick.,en_multilingual_blimp_incorrect_affected.test,19571.28515625,583.9371948242188,673.0437622070312,706.9654541015625,643.9188232421875,664.5173950195312,617.541015625,636.0113525390625,692.2673950195312,748.1088256835938,860.8421630859375,1312.4410400390625,1615.439697265625
926,"What'll happen'm that the Styrofoam peanuts will start moving through our society here, and they will accumulate in the drunkest, stingiest people.",en_multilingual_blimp_incorrect_affected.test,22780.146484375,2174.43896484375,1224.9886474609375,1014.8604125976562,711.91552734375,565.2377319335938,486.94158935546875,530.529541015625,713.6934814453125,600.0918579101562,570.4655151367188,654.0057373046875,727.1704711914062
927,All that is needed now am to determine whether it works in practice.,en_multilingual_blimp_incorrect_affected.test,25196.91015625,562.2745361328125,508.106201171875,393.816650390625,462.54351806640625,298.6035461425781,290.55389404296875,377.8321838378906,344.55499267578125,385.5066223144531,494.51220703125,354.8215026855469,654.7843017578125
928,"Which's good, anything good count.",en_multilingual_blimp_incorrect_affected.test,25200.5390625,3926.96240234375,5120.48388671875,10603.607421875,6077.04931640625,4243.60107421875,11184.7412109375,6063.8271484375,7071.1611328125,13074.4033203125,12312.3935546875,5501.3515625,13193.080078125
929,The article by Thompson assume that the Maya were ultimately “peaceful” people since they lacked apparent defenses.,en_multilingual_blimp_incorrect_affected.test,22025.73046875,6402.94287109375,3946.507568359375,3399.912841796875,3525.23291015625,2855.12939453125,2681.558837890625,2601.6748046875,2509.65478515625,2527.3994140625,2675.01123046875,3685.185546875,4631.82958984375
930,"The best way I can explain it to you am by saying that, for a second or two, I felt as though, instead of going to the center of a continent, I were about to set off for the center of the earth.",en_multilingual_blimp_incorrect_affected.test,23805.728515625,324.5299377441406,426.05572509765625,384.39630126953125,327.5234680175781,243.2762908935547,288.1059265136719,311.5992126464844,303.8094177246094,309.6600341796875,330.4932556152344,272.709228515625,363.2093811035156
931,okay what i 'd like to do on this one am go from washington to atlanta i want a nonstop and i 'd like to leave around 5 pm,en_multilingual_blimp_incorrect_affected.test,22162.4140625,1926.8798828125,1150.241943359375,1074.12060546875,1312.6339111328125,925.6126098632812,884.97900390625,913.2114868164062,1113.328125,1302.228759765625,1782.4693603515625,2064.982177734375,2239.033203125
932,okay what i 'd like to do on this one'm go from washington to atlanta i want a nonstop and i 'd like to leave around 5 pm,en_multilingual_blimp_incorrect_affected.test,22063.30078125,2345.69580078125,1092.8245849609375,1003.0374145507812,1185.4927978515625,851.876708984375,730.191650390625,852.6671142578125,982.6317749023438,1192.88818359375,1656.2899169921875,1863.90380859375,2222.445068359375
933,All that is needed now'm to determine whether it works in practice.,en_multilingual_blimp_incorrect_affected.test,30207.931640625,895.5902709960938,584.7825927734375,484.6605529785156,469.06219482421875,311.5598449707031,337.99462890625,500.2284851074219,534.4930419921875,510.7444763183594,534.134765625,426.43072509765625,931.8693237304688
934,The theory I present in the essay am that he is actually a combination of four different people.,en_multilingual_blimp_incorrect_affected.test,23892.7265625,558.0755615234375,326.67578125,339.5419921875,295.1148376464844,294.8445129394531,292.2481384277344,236.88812255859375,307.8660583496094,304.0014343261719,317.12725830078125,400.7524108886719,414.01129150390625
935,"So that, as they say in Chicago,'m where the smart money is.",en_multilingual_blimp_incorrect_affected.test,31119.103515625,1118.4595947265625,2118.66748046875,1962.677978515625,1723.366455078125,1820.0833740234375,2190.662841796875,2007.45458984375,1745.6409912109375,1607.282958984375,1981.83740234375,2207.854736328125,3599.749755859375
936,"However, I seriously doubt that the introduction of free market principles, which the report so enthusiastically recommend, is the right solution.",en_multilingual_blimp_incorrect_affected.test,25805.21484375,2277.3857421875,2527.62353515625,1971.068115234375,1491.06396484375,1585.9197998046875,2620.897705078125,2685.383544921875,2018.092529296875,2188.27197265625,2542.83740234375,3134.560791015625,3532.859130859375
937,"His actual date of birth remain unknown, but is traditionally observed on 23 April, Saint George's Day.",en_multilingual_blimp_incorrect_affected.test,30099.8046875,6363.484375,4729.1923828125,3652.4228515625,3378.647705078125,2577.818359375,2897.009033203125,3608.384033203125,4861.486328125,3706.326171875,4577.2294921875,3731.973388671875,5309.390625
938,"(8) This Directive seek to achieve a high level of protection for the environment by reducing the potential environmental impact of EUPs, which will ultimately be beneficial to consumers and other end-users.",en_multilingual_blimp_incorrect_affected.test,22251.87109375,1851.55810546875,1084.998291015625,742.0003662109375,605.109130859375,381.9014892578125,337.4271240234375,313.3478698730469,292.3664855957031,270.2733459472656,323.88958740234375,307.25244140625,379.1641540527344
939,"Linda is the rudest person you will ever talk to and she stick up for all of the trashy, rude people that live there, not the nice ones that actually give a crap about respecting others.",en_multilingual_blimp_incorrect_affected.test,20964.970703125,718.6483154296875,728.3496704101562,641.072998046875,608.6282348632812,598.2681884765625,534.3087768554688,465.232666015625,449.08837890625,496.2554626464844,509.9447937011719,618.3970336914062,587.5614624023438
940,"So that, as they say in Chicago, am where the smart money is.",en_multilingual_blimp_incorrect_affected.test,30807.400390625,1219.999755859375,2283.17138671875,1940.044189453125,1914.843505859375,1996.9754638671875,2863.061279296875,2525.635498046875,2047.7333984375,2563.876220703125,2743.400634765625,3947.734375,5484.99609375
941,"If you move the line to the right, the distance between the moving line and the nearest parallel line to the right remain constant, and the perpendicular line to the left of the moving line lengthens.",en_multilingual_blimp_incorrect_affected.test,18462.603515625,835.3480834960938,838.3524780273438,660.14013671875,463.0840148925781,357.7872619628906,398.648681640625,419.33636474609375,496.17169189453125,386.13360595703125,607.0663452148438,560.1734619140625,742.4020385742188
942,"If you move the line downward, the distance between the moving line and the nearest parallel line below remain constant, and the perpendicular line above the moving line lengthens.",en_multilingual_blimp_incorrect_affected.test,21413.115234375,1901.1392822265625,1923.6153564453125,1699.961181640625,881.9517822265625,670.4351196289062,843.2228393554688,709.87353515625,835.25244140625,665.8502197265625,954.54443359375,969.7228393554688,1383.391845703125
943,It then propose the creation of a European quality mark based on respect for the environmental criteria for production.,en_multilingual_blimp_incorrect_affected.test,23037.728515625,999.135009765625,1066.39013671875,908.72900390625,959.2052001953125,851.5030517578125,728.3381958007812,772.6561889648438,826.4927978515625,711.9681396484375,1000.8296508789062,1201.279052734375,1511.7684326171875
944,"Their correspondence reveal an intriguing balance of passion, propriety and patience;",en_multilingual_blimp_incorrect_affected.test,24002.73828125,9157.59765625,5782.67431640625,3123.2666015625,3992.699951171875,3553.437255859375,3321.32177734375,2769.9345703125,3040.99609375,3401.22607421875,3953.83447265625,3530.21533203125,5364.4912109375
945,"If you move the line to the left, the distance between the moving line and the nearest parallel line to the right remain constant, and the perpendicular line to the left of the moving line contracts.",en_multilingual_blimp_incorrect_affected.test,18731.791015625,821.188720703125,821.0736694335938,657.134521484375,488.2629089355469,400.8416442871094,472.15289306640625,506.02081298828125,632.13916015625,492.87255859375,762.464599609375,645.3854370117188,816.5958862304688
946,"The person who best explain this, and helps me out the best with my question will be REWARDED WITH TEN POINTS!!!!!!!",en_multilingual_blimp_incorrect_affected.test,19483.759765625,2466.549560546875,872.9857177734375,642.1021728515625,777.2178955078125,561.8146362304688,720.8671264648438,1007.2825317382812,982.61865234375,1198.0350341796875,992.0335693359375,1701.34375,2050.638427734375
947,"The second point I would like to make'm that we would have preferred it if the guidelines had been added to the Regulation in the form of an annex, as we and Mrs Mccarthy, as rapporteurs for the general Regulation, had asked.",en_multilingual_blimp_incorrect_affected.test,20400.2734375,1029.328857421875,792.3676147460938,609.4158325195312,565.0114135742188,487.4217529296875,520.7303466796875,554.4131469726562,552.7783813476562,453.0191345214844,524.4302368164062,588.8960571289062,600.7933959960938
948,"She feed well the baby on her own, the baby is ok but she does not go in the nest to stay with him at night...",en_multilingual_blimp_incorrect_affected.test,24474.375,516.2628173828125,657.3828125,668.1115112304688,580.7892456054688,547.396240234375,508.8240966796875,499.9273376464844,462.8303527832031,467.0671081542969,396.9008483886719,436.218017578125,470.4884338378906
949,This procedure guarantee that all countries applying for membership are treated equally.,en_multilingual_blimp_incorrect_affected.test,26483.9140625,5371.26904296875,5989.94677734375,3716.884765625,4041.699462890625,2894.413330078125,3285.123291015625,4290.1484375,6883.42822265625,6622.361328125,4547.3603515625,11319.076171875,10457.1591796875
950,"This knee-jerk reaction presume that China's current slowdown is but a prelude to more growth disappointments to come – a presumption that reflects widespread and longstanding fears of a broad array of disaster scenarios, ranging from social unrest and environmental catastrophes to housing bubbles and shadow-banking blow-ups.",en_multilingual_blimp_incorrect_affected.test,22764.314453125,5664.4765625,3684.8271484375,3123.201171875,1853.2716064453125,1340.0335693359375,1522.50830078125,1602.085693359375,1342.86083984375,1274.0897216796875,1482.7784423828125,1569.3466796875,1738.4324951171875
951,The doctor beg them to stop intermarrying but they say they have to keep the blood pure.,en_multilingual_blimp_incorrect_affected.test,21835.1796875,785.1314086914062,662.0930786132812,826.84326171875,832.6962890625,715.6475219726562,731.6380004882812,786.603759765625,723.8565673828125,807.390625,880.85400390625,1011.155517578125,1175.6553955078125
952,"As I recall, this bus drop you off near the Opera in Paris.",en_multilingual_blimp_incorrect_affected.test,24153.28125,1691.293701171875,1567.5673828125,1561.53564453125,1696.001953125,1512.7122802734375,1619.9290771484375,2296.760498046875,2727.88818359375,2864.94580078125,4240.09765625,3495.62841796875,3539.006591796875
953,"Brass melt at just under 2000F which is a bright yellow heat, not red hot.",en_multilingual_blimp_incorrect_affected.test,23317.138671875,4515.1279296875,6787.15625,5931.94580078125,4378.3994140625,3949.1279296875,4172.27197265625,5246.97412109375,9240.642578125,9135.7734375,10862.8212890625,13226.4765625,14649.0771484375
954,"The Kerry camp blame Bush for the Swift boat veterans ’ attack, but anyone who has spent much time talking to the Swifties gets the sense that they are doing it entirely for their own reasons.",en_multilingual_blimp_incorrect_affected.test,21331.015625,1820.0712890625,1592.916015625,1275.058349609375,798.9113159179688,621.4855346679688,587.4454956054688,598.2000122070312,636.0974731445312,737.5282592773438,828.9208984375,722.235107421875,917.3756103515625
955,"- With a view to enabling the assessment of the effect of the programme, among others on the convergence of high level training for trainers, the evaluator recommend the preparation of a strategy document, to be finalised before the new Pericles enters into effect.",en_multilingual_blimp_incorrect_affected.test,21736.78125,1465.4986572265625,1430.601806640625,1122.9549560546875,1028.10498046875,905.7695922851562,1163.39501953125,1398.271240234375,1420.317138671875,1200.0831298828125,1740.8306884765625,2134.969970703125,2062.173828125
956,"If you move the line upward, the distance between the moving line and the nearest parallel line below remain constant, and the perpendicular line above the moving line contracts.",en_multilingual_blimp_incorrect_affected.test,20544.359375,1914.4244384765625,2153.21923828125,1916.489501953125,1308.40771484375,1064.1829833984375,1407.2369384765625,1211.7681884765625,1454.05517578125,1141.8126220703125,1996.6878662109375,1852.5560302734375,2961.822021484375
957,"The second point I would like to make am that we would have preferred it if the guidelines had been added to the Regulation in the form of an annex, as we and Mrs Mccarthy, as rapporteurs for the general Regulation, had asked.",en_multilingual_blimp_incorrect_affected.test,20346.357421875,942.3580322265625,779.0333251953125,592.5324096679688,581.2730102539062,496.3511047363281,511.9568176269531,536.9744873046875,562.7594604492188,441.7036437988281,499.37481689453125,577.6189575195312,489.40087890625
958,the difference is that when a bomb goes off in a West End restaurant the fundamental right of England to exist'm not in dispute.,en_multilingual_blimp_incorrect_affected.test,24491.396484375,1629.9429931640625,1731.8721923828125,1610.23779296875,1049.0870361328125,861.7753295898438,665.5829467773438,714.4146728515625,964.4530029296875,623.2284545898438,731.5693359375,978.3309936523438,957.4011840820312
959,"a) Subject to earlier termination as provided below, this Service Agreement is for the total duration of the Company's Offering (the ""Initial Term"") unless either party request termination at least 30 days prior to the end of the then-current term.",en_multilingual_blimp_incorrect_affected.test,23414.6953125,3457.98828125,1949.5494384765625,1682.992919921875,1200.17626953125,984.781982421875,899.431640625,869.5960083007812,1228.01513671875,988.0613403320312,1045.92822265625,1283.9857177734375,1494.591064453125
960,Eon’s fixed rate tariff cost £760 and Avro Energy customers would pay around £760 for its Simple and Select tariff.,en_multilingual_blimp_incorrect_affected.test,26619.638671875,3965.2119140625,2004.8048095703125,1587.0787353515625,1840.4827880859375,2527.032958984375,1742.9693603515625,1820.0113525390625,2538.730224609375,2537.511474609375,3161.9091796875,3684.71826171875,3278.0126953125
961,"The Commission accept all of the contributions of the parliamentary committee and the rapporteur, Mr Koch, which are contained in the various amendments, specifically four.",en_multilingual_blimp_incorrect_affected.test,21377.79296875,2172.052490234375,1430.424560546875,1462.893798828125,1056.4412841796875,1039.939697265625,940.3390502929688,1003.2005004882812,1205.0438232421875,818.8184814453125,955.572265625,1145.2730712890625,967.8353881835938
962,"If a Turkish employee quit, then the Turkish work councils come.",en_multilingual_blimp_incorrect_affected.test,28521.958984375,8197.826171875,9121.896484375,5955.06005859375,3887.079345703125,2970.292236328125,4130.1611328125,3218.153076171875,4137.7978515625,3609.75732421875,3420.3623046875,6190.6591796875,5196.7861328125
963,A level that in both cases am at the top of the EU.,en_multilingual_blimp_incorrect_affected.test,17698.880859375,546.9605102539062,310.48284912109375,260.08001708984375,230.81521606445312,199.19065856933594,174.66493225097656,209.81520080566406,321.3584899902344,306.92266845703125,194.27464294433594,442.1400451660156,470.1143798828125
964,It remind me too much of the ARVN officers who were secretly working for the other side in Vietnam.,en_multilingual_blimp_incorrect_affected.test,26628.04296875,833.5993041992188,348.7441711425781,339.23028564453125,263.6628723144531,214.4113006591797,206.81118774414062,240.064697265625,331.0064697265625,336.5228576660156,301.99114990234375,421.69122314453125,370.4007873535156
965,And that explain the delay in the signing of a formal defense agreement that was at the heart of Sri Lankan President Chandrika Kumaratunga's four-day visit to India recently.,en_multilingual_blimp_incorrect_affected.test,22077.421875,1887.2926025390625,841.22607421875,591.0729370117188,619.8749389648438,503.8041076660156,440.1704406738281,466.2215576171875,494.33514404296875,477.7843017578125,486.2768249511719,542.095947265625,641.5629272460938
966,Plus she plan a monthly breakfasts and other events at the clubhouse which is a nice added benefit.,en_multilingual_blimp_incorrect_affected.test,21339.439453125,998.9996948242188,705.3336791992188,779.2904663085938,744.550048828125,705.3646240234375,801.9027709960938,767.2244262695312,665.1482543945312,890.872314453125,773.607666015625,1187.579345703125,1495.0780029296875
967,Their report highlight one stark fact from the start:,en_multilingual_blimp_incorrect_affected.test,23384.14453125,3676.083984375,5044.99853515625,6080.62060546875,4221.0107421875,4139.45947265625,5168.96826171875,3153.6337890625,3924.05712890625,5117.30078125,5161.52978515625,5876.7919921875,5808.5302734375
968,"Their service suck to start off with, people are cruel and ignorant.",en_multilingual_blimp_incorrect_affected.test,23510.865234375,1826.1583251953125,2113.0185546875,2038.2916259765625,2356.93701171875,1989.3095703125,1948.2493896484375,2902.1591796875,2108.990234375,4151.08984375,3026.71484375,2616.00439453125,5230.81640625
969,"Even if local Palestinian leaders remain strong enough to keep al-Qaida out, the festering Israeli-Palestinian struggle remain among the best recruiting posters for al-Qaida with young Muslim men.",en_multilingual_blimp_incorrect_affected.test,18896.1953125,4399.6123046875,2451.58154296875,2526.0498046875,2298.04541015625,1904.5634765625,1743.1573486328125,1719.2109375,1755.8551025390625,2144.990478515625,2240.091552734375,1965.6610107421875,2593.27099609375
970,"The latest figures relate to the 24th of October last year, and tell us that our diesel cost 1,335 euros per litre, compared with the eurozone average of 1,165 euros.",en_multilingual_blimp_incorrect_affected.test,23190.068359375,2582.337158203125,1116.8385009765625,615.9979248046875,545.5706176757812,482.8719177246094,428.09197998046875,389.5856018066406,426.4414978027344,477.0028381347656,529.9518432617188,499.8136291503906,475.3704833984375
971,The oldest known historical reference to the city am to be found on an inscription of conquered sites at Thutmose's temple at Karnak.,en_multilingual_blimp_incorrect_affected.test,25167.251953125,1968.271240234375,1157.923095703125,1000.7781372070312,1039.5936279296875,746.0618896484375,826.9008178710938,972.5272216796875,1079.9063720703125,898.0144653320312,994.587890625,1247.8223876953125,1460.8388671875
972,The best there is are days when the jigsaw assume its own meaning and I no longer care what picture is emerging.,en_multilingual_blimp_incorrect_affected.test,21693.001953125,1440.4603271484375,1005.6171875,756.882568359375,450.8346862792969,466.7240295410156,401.30450439453125,376.9978942871094,531.4423828125,531.5396728515625,451.7005310058594,532.7291870117188,663.99072265625
973,The purpose of these CRTC hearings am to field responses from industry stakeholders and the public.,en_multilingual_blimp_incorrect_affected.test,25818.013671875,3622.4619140625,3360.24169921875,2209.82666015625,1962.9090576171875,1620.0657958984375,1860.7469482421875,2535.530517578125,2318.3896484375,2374.231201171875,2526.46923828125,3374.606201171875,3810.8896484375
974,"The mycelium infuses all landscapes, it hold soils together, it's extremely tenacious.",en_multilingual_blimp_incorrect_affected.test,27103.689453125,5141.65234375,6720.02490234375,5993.3125,6966.8662109375,6174.87451171875,5556.822265625,7121.70263671875,6016.02392578125,7577.30517578125,8895.966796875,10818.7275390625,11170.4248046875
975,"To a certain extent, this remind me of my previous activity in the Committee on Budgets and in the Committee on Budgetary Control.",en_multilingual_blimp_incorrect_affected.test,25468.068359375,1120.68359375,905.428466796875,836.63525390625,763.97900390625,770.6898193359375,816.5313110351562,994.1317749023438,1108.334716796875,780.6781005859375,1329.368896484375,1096.9510498046875,1214.09326171875
976,"""The book -- I guess one way, one thing to think about it'm -- one of the themes would be, I was given a charge to keep.",en_multilingual_blimp_incorrect_affected.test,28005.552734375,579.4943237304688,555.9905395507812,529.158935546875,486.8030090332031,447.8809509277344,393.1170349121094,480.67523193359375,466.27178955078125,423.5185852050781,534.823974609375,732.8199462890625,781.5795288085938
977,The purpose of these CRTC hearings'm to field responses from industry stakeholders and the public.,en_multilingual_blimp_incorrect_affected.test,24935.2734375,3729.6923828125,2840.6845703125,2023.595703125,1455.9173583984375,1431.02685546875,1473.09765625,2256.967529296875,2469.390380859375,2012.6302490234375,2487.74609375,2321.193603515625,3450.457763671875
978,"The problem is that the rate drop sharply from 71% to 57% among women in their 30's, as inflexible working environments and a lack of affordable childcare undermine their ability to continue investing in their careers.",en_multilingual_blimp_incorrect_affected.test,23055.244140625,3013.115234375,2295.183837890625,1307.71728515625,868.651123046875,733.0219116210938,622.5895385742188,607.48583984375,712.9921264648438,662.3637084960938,866.3900146484375,863.4827880859375,934.3128662109375
979,"Some writers mix the stella maris with the remora, a tiny fish that stick to the rudder of a vessel and brings it to a halt.",en_multilingual_blimp_incorrect_affected.test,27998.236328125,1060.4429931640625,815.4705810546875,557.29345703125,432.2677001953125,494.1725158691406,578.465087890625,616.7914428710938,626.7031860351562,701.8056640625,938.8659057617188,960.0572509765625,1081.6251220703125
980,the difference is that when a bomb goes off in a West End restaurant the fundamental right of England to exist am not in dispute.,en_multilingual_blimp_incorrect_affected.test,24411.134765625,1179.060302734375,1573.761962890625,1415.6673583984375,967.8999633789062,723.0028686523438,598.40087890625,585.750732421875,806.3802490234375,528.3229370117188,585.2691040039062,770.0840454101562,661.2402954101562
981,"You need a lot of money for hotels, airfare, seeing the sites, food, local transport - you name it but life cost.",en_multilingual_blimp_incorrect_affected.test,24604.142578125,1425.6715087890625,3863.09521484375,3988.414794921875,3467.297119140625,3017.517822265625,3550.6494140625,4732.92822265625,5246.7490234375,4972.849609375,6108.67626953125,4905.2490234375,7557.24951171875
982,"That band is involved in a local competition which promise a $5000 first prize, which they would like to win in order to donate it to the benefit fund which they have started.",en_multilingual_blimp_incorrect_affected.test,28032.380859375,793.3021850585938,704.353271484375,625.780517578125,541.189697265625,464.47589111328125,536.6197509765625,614.7467041015625,663.57666015625,699.639892578125,747.039794921875,818.7520751953125,885.81201171875
983,She is just being friendly in public because she does not want to offend you and she treat you like any other friend.,en_multilingual_blimp_incorrect_affected.test,20247.96484375,344.911376953125,249.82568359375,227.08912658691406,161.234375,128.48265075683594,118.29550170898438,124.77204895019531,113.16009521484375,127.53977966308594,139.07406616210938,121.34461212158203,170.6981658935547
984,"I believe ENE will continue to be range bound, but in case it am not, I don't want to forgo 50% of my option premium.",en_multilingual_blimp_incorrect_affected.test,26317.0625,1882.9239501953125,2514.7060546875,2716.311279296875,2804.775390625,2748.238525390625,2540.1181640625,2388.18701171875,2967.9775390625,3540.9951171875,2956.59375,4186.01416015625,4998.89697265625
985,"Whereas my answer to the question ""Where do you get your laundry done?"" used to be, ""At the checkout line at WalMart,"" I can honestly say the answer now'm, ""At The Laundry Tub.""",en_multilingual_blimp_incorrect_affected.test,22561.4140625,1308.64599609375,1763.8944091796875,1529.725830078125,1459.708740234375,1201.4130859375,1289.373779296875,1201.4405517578125,1291.5638427734375,1120.58154296875,1056.3662109375,1212.0172119140625,1477.4991455078125
986,But a significant gender gap remain in terms of the return on human capital.,en_multilingual_blimp_incorrect_affected.test,25375.310546875,1096.76171875,860.3756103515625,1080.2410888671875,955.3490600585938,779.478515625,768.3051147460938,855.8720703125,1064.6519775390625,1044.205078125,1060.9639892578125,933.5481567382812,2052.4560546875
987,"He needs a shower, and he pick his nose all the time.",en_multilingual_blimp_incorrect_affected.test,25020.09765625,575.1121826171875,764.0740356445312,700.1044311523438,459.0087890625,525.3245239257812,559.7025146484375,599.5762329101562,661.6196899414062,484.6478576660156,613.6630249023438,783.7496948242188,901.3417358398438
988,And when I move it I guess he figure I'm playing. x.x,en_multilingual_blimp_incorrect_affected.test,25145.611328125,1536.841796875,810.8081665039062,845.3331298828125,1106.1187744140625,762.597412109375,776.7584228515625,592.5615844726562,646.8784790039062,730.6468505859375,834.5044555664062,953.5040283203125,758.2816162109375
989,"Point'm: You might be able to get a good deal on some nice furniture -- which I did -- but they're not very communicative and god forbid something goes wrong, you 'll have to fight to get it resolved.",en_multilingual_blimp_incorrect_affected.test,23532.513671875,693.2167358398438,566.5621337890625,660.4102783203125,562.2571411132812,455.7591247558594,365.8123779296875,394.40087890625,427.1273498535156,411.1141052246094,481.14630126953125,412.3260192871094,464.8155517578125
990,Peggy Banczak is the ENA lawyer who handle Mexico.,en_multilingual_blimp_incorrect_affected.test,23839.1953125,3330.0087890625,1114.9542236328125,1427.55712890625,1557.14794921875,1890.044921875,1965.240966796875,1929.9722900390625,2517.09716796875,2402.11376953125,2131.150390625,2226.976806640625,3554.365966796875
991,"The probe began in June, focusing on Mr Winterkorn and brand chief Herbert Diess, who remain at the car maker.",en_multilingual_blimp_incorrect_affected.test,26432.7421875,4477.26123046875,3935.239990234375,3770.138916015625,5505.36181640625,4046.0107421875,3602.7548828125,4533.6513671875,6429.63427734375,5245.7333984375,5848.21142578125,5544.81640625,7132.35986328125
992,"Paul Craig Roberts, writing for The American Conservative, said in July of 2005 that ""As a result of many years of persistent trade surpluses with the United States, the Japanese government hold dollar reserves of approximately $1 trillion.",en_multilingual_blimp_incorrect_affected.test,20422.638671875,2640.752197265625,1899.202880859375,1139.0985107421875,1033.649169921875,879.496337890625,843.3120727539062,786.5700073242188,875.7508544921875,949.3026733398438,1067.7735595703125,852.3284912109375,1080.6312255859375
993,"This hold up to 30,000 times its mass.",en_multilingual_blimp_incorrect_affected.test,26173.64453125,906.34765625,440.505126953125,445.2880859375,318.0193176269531,200.90431213378906,168.9296417236328,238.94558715820312,212.77102661132812,181.88357543945312,180.91160583496094,286.06414794921875,241.70689392089844
994,"(The only other choice for the Arabs'm to leave their oil in the ground.) """,en_multilingual_blimp_incorrect_affected.test,25073.8203125,695.0964965820312,488.1458435058594,593.87353515625,612.3660888671875,587.6026611328125,538.2449951171875,608.1574096679688,942.7828369140625,682.3087158203125,816.4367065429688,1065.5904541015625,1328.2296142578125
995,"But the lack of specific guidelines here'm particularly to be regretted, as the idea of linking Social Fund assistance to the employment strategy will be put into effect for the first time during the 2000-2006 programme.",en_multilingual_blimp_incorrect_affected.test,18397.466796875,1518.4112548828125,988.645751953125,816.3001098632812,713.466552734375,545.1516723632812,636.3404541015625,608.4962768554688,732.08544921875,644.1150512695312,584.114013671875,722.9138793945312,962.4255981445312
996,"This cost absolutely nothing, and will take about one minute of your time.",en_multilingual_blimp_incorrect_affected.test,29891.8671875,780.5474853515625,1650.551025390625,1221.48193359375,617.3458251953125,712.5656127929688,598.8889770507812,690.256103515625,805.189208984375,849.7394409179688,644.4185791015625,819.2179565429688,1190.5576171875
997,"This am because PivotTable views use the Microsoft Office PivotTable Component, and Excel PivotTable reports either do not support certain PivotTable list features, or they implement some features differently.",en_multilingual_blimp_incorrect_affected.test,21434.75,2991.6064453125,2839.59716796875,1835.36376953125,1289.273681640625,822.0553588867188,918.6608276367188,888.5902099609375,995.7044677734375,793.0090942382812,840.1969604492188,998.6781616210938,1201.17138671875
998,The United States has shown that it hold negotiations in contempt.,en_multilingual_blimp_incorrect_affected.test,21625.99609375,1663.3648681640625,855.6791381835938,576.0802001953125,356.32952880859375,454.7369384765625,290.4656677246094,389.86102294921875,367.71514892578125,476.32891845703125,535.661376953125,519.6185913085938,746.4063720703125
999,"If the sets S and T considered are empty or singletons, the theorem hold vacuously or trivially.",en_multilingual_blimp_incorrect_affected.test,21708.50390625,5606.5185546875,8521.8544921875,8561.6650390625,7060.66943359375,8467.98046875,7290.916015625,8407.861328125,12794.8935546875,14996.2265625,13801.646484375,15879.083984375,17517.83984375
1000,"If you want a doctor who will lie to you and say he will operate and then change his mind, and not know what he is talking about when he recommend procedures at other hospitals and says they are what you need, when they will not work for you, go to this doctor...he is the one for you.",en_multilingual_blimp_incorrect_affected.test,22304.732421875,310.7134704589844,368.11376953125,336.12286376953125,282.9324951171875,229.1479034423828,256.58978271484375,259.8901062011719,232.48126220703125,232.91989135742188,260.1123962402344,289.6831970214844,353.7081298828125
1001,"Some critics consider Balzac's writing exemplary of naturalism - a more pessimistic and analytical form of realism, which seek to explain human behavior as intrinsically linked with the environment.",en_multilingual_blimp_incorrect_affected.test,24514.015625,2226.800537109375,1180.925537109375,1008.5797119140625,679.04931640625,486.79302978515625,470.81182861328125,421.3021240234375,493.6588439941406,448.5520935058594,525.4043579101562,560.89599609375,801.4833984375
1002,Was wondering if anyone knew a rough estimate of how much it cost with travel and training,en_multilingual_blimp_incorrect_affected.test,25187.876953125,1146.0384521484375,703.7540283203125,445.94085693359375,358.1690979003906,405.58599853515625,353.1873779296875,413.3094482421875,470.5689697265625,457.89239501953125,583.4080810546875,379.39019775390625,573.9284057617188
1003,"""Land of the kike home of the wop,"" says Compson to himself when he buy a bun from a small Italian girl.",en_multilingual_blimp_incorrect_affected.test,20771.310546875,1199.7271728515625,871.53955078125,1067.1068115234375,1220.014892578125,1687.296630859375,1083.894775390625,1430.824951171875,1175.315673828125,1335.8885498046875,1572.1329345703125,1520.391357421875,1710.8629150390625
1004,The other path hold great opportunity:,en_multilingual_blimp_incorrect_affected.test,19159.861328125,5517.4560546875,9086.7587890625,8436.3505859375,8873.5390625,13840.1474609375,9046.810546875,17022.728515625,18542.537109375,20119.75,17735.833984375,37537.953125,38623.16015625
1005,"“While much of the digital transition is unprecedented in the United States, the peaceful transition of power am not,” Obama special assistant Kori Schulman wrote in a blog post Monday.",en_multilingual_blimp_incorrect_affected.test,24743.5625,2414.770751953125,1487.5032958984375,1367.49658203125,1296.502685546875,1309.9539794921875,1246.2679443359375,1432.3123779296875,1547.6588134765625,2008.1956787109375,2388.542236328125,3021.811767578125,3767.68408203125
1006,"The conclusion'm that we must make the case for guidelines to be broad, indicative and flexible to assist our programme managers and fund-users and to get the maximum potential out of our new fields of regeneration.",en_multilingual_blimp_incorrect_affected.test,22344.88671875,925.6302490234375,788.33251953125,728.0166625976562,614.529541015625,431.1402587890625,406.2799377441406,426.37890625,502.8095703125,371.80865478515625,468.17486572265625,536.8226928710938,475.68701171875
1007,PLEASE REMEMBER that this program remain successful because of the honesty and integrity of the participants and by their carefully adhering to directions.,en_multilingual_blimp_incorrect_affected.test,20857.0625,1886.83203125,748.92333984375,542.7650756835938,438.0149230957031,338.465576171875,270.5975646972656,294.711669921875,411.6151123046875,325.3061218261719,343.28912353515625,467.4042053222656,388.2607116699219
1008,This program remain successful because of the honesty and integrity of the participants.,en_multilingual_blimp_incorrect_affected.test,18726.556640625,1235.3682861328125,610.9972534179688,612.5161743164062,421.2422790527344,428.25982666015625,417.0256652832031,350.46240234375,389.12945556640625,446.07525634765625,442.2298583984375,779.7130737304688,524.0712890625
1009,"Whereas my answer to the question ""Where do you get your laundry done?"" used to be, ""At the checkout line at WalMart,"" I can honestly say the answer now am, ""At The Laundry Tub.""",en_multilingual_blimp_incorrect_affected.test,22064.751953125,1405.67626953125,1908.884033203125,1584.692138671875,1640.79931640625,1503.9793701171875,1415.53173828125,1362.5535888671875,1503.4359130859375,1279.0604248046875,1279.248291015625,1524.275634765625,1673.4124755859375
1010,"But the lack of specific guidelines here am particularly to be regretted, as the idea of linking Social Fund assistance to the employment strategy will be put into effect for the first time during the 2000-2006 programme.",en_multilingual_blimp_incorrect_affected.test,19959.521484375,1345.2744140625,943.3736572265625,730.017578125,639.5128784179688,544.6239624023438,595.659912109375,592.1652221679688,734.2872924804688,648.0748901367188,579.1261596679688,782.462158203125,857.7935791015625
1011,"""The book -- I guess one way, one thing to think about it am -- one of the themes would be, I was given a charge to keep.",en_multilingual_blimp_incorrect_affected.test,28126.6953125,493.08062744140625,532.0452880859375,495.54583740234375,503.17364501953125,415.53656005859375,408.21368408203125,466.1544189453125,438.6628723144531,409.0429382324219,558.1580200195312,709.227294921875,803.5057983398438
1012,"But the opportunity for the renaissance of the railways am at hand, and that is what we should strive for.",en_multilingual_blimp_incorrect_affected.test,18334.1328125,633.6024780273438,509.7778015136719,516.565185546875,341.4183044433594,276.93731689453125,265.6651611328125,229.71690368652344,293.44879150390625,240.58425903320312,293.8309020996094,298.07177734375,382.2939758300781
1013,"Thanks to repeated deployments to Iraq and Afghanistan, recruiting am at an all-time low.",en_multilingual_blimp_incorrect_affected.test,24568.78125,5372.26806640625,3266.236083984375,4852.69921875,3304.4345703125,1752.68798828125,1613.60595703125,1671.543212890625,2094.960205078125,1774.133056640625,1849.786865234375,2188.0068359375,2420.468994140625
1014,"These 22 countries, with all their oil and natural resources,'ve a combined GDP smaller than that of Netherlands plus Belgium and equal to half of the GDP of California alone.",en_multilingual_blimp_incorrect_affected.test,25570.0625,1904.146728515625,2029.9482421875,2279.011962890625,2258.115234375,1745.954833984375,1832.0333251953125,1824.1817626953125,1876.3489990234375,1947.43115234375,2355.453857421875,2717.486083984375,2578.87060546875
1015,The feeling of being swept along and of uncertainty as regards the future prevent you from seeing things in any perspective whatsoever.,en_multilingual_blimp_incorrect_affected.test,26421.349609375,2266.18798828125,1408.9437255859375,1020.0715942382812,721.7496948242188,471.5334777832031,715.1416625976562,592.5287475585938,483.6235656738281,517.8792114257812,760.1337280273438,920.24267578125,1029.151611328125
1016,The 1616 edition of Ben Jonson's Works name him on the cast lists for Every Man In His Humour (1598) and Sejanus His Fall (1603).,en_multilingual_blimp_incorrect_affected.test,25494.43359375,4535.96533203125,3419.083984375,2210.57373046875,3708.7939453125,3581.53271484375,3386.1474609375,4948.41943359375,6966.9130859375,7862.5693359375,6118.30224609375,8770.5341796875,14272.55078125
1017,"Edward Shinza's one of the few who did his stretch and got his head split open that time by Her Majesty's brave boys, and where's he... back in the Bashi Flats among his old wives, for all I know, no one even mention his name.",en_multilingual_blimp_incorrect_affected.test,25344.474609375,1457.0125732421875,1244.4591064453125,1237.678466796875,1137.70458984375,1141.7369384765625,1040.5880126953125,968.6452026367188,1228.37353515625,1033.905517578125,1713.59716796875,1784.80224609375,2076.7744140625
1018,She answer all questions asked and provides the best service i have ever seen.,en_multilingual_blimp_incorrect_affected.test,22485.138671875,1498.01513671875,1039.5589599609375,898.8665161132812,1120.23486328125,1321.9049072265625,1217.069091796875,1255.9263916015625,1601.0738525390625,1700.6552734375,1075.1854248046875,1611.5782470703125,1679.2725830078125
1019,"It is also a fact that almost everybody in the region blame this situation on the United States, on Israel, on Western Civilization, on Judaism and Christianity, on anyone and anything, except themselves.",en_multilingual_blimp_incorrect_affected.test,26151.412109375,1359.342529296875,2388.836181640625,2293.04541015625,2286.5859375,1520.4139404296875,1709.596435546875,1550.393310546875,1414.2943115234375,938.5704345703125,1222.32958984375,1349.9744873046875,1800.7041015625
1020,"He needs a shower, and he pick his nose all the time.",en_multilingual_blimp_incorrect_affected.test,25020.09765625,575.1121826171875,764.0740356445312,700.1044311523438,459.0087890625,525.3245239257812,559.7025146484375,599.5762329101562,661.6196899414062,484.6478576660156,613.6630249023438,783.7496948242188,901.3417358398438
1021,It concentrate on combating unemployment and ensuring that everyone has a job.,en_multilingual_blimp_incorrect_affected.test,25318.697265625,1552.7733154296875,1064.960693359375,944.6273193359375,904.0151977539062,662.7285766601562,603.7335205078125,613.6846923828125,618.4884643554688,575.2150268554688,537.0902709960938,694.1839599609375,705.791259765625
1022,The frequent reports from Algeria about the murders of hundreds of civilians in one village or another by other Algerians've nothing to do with Israel.,en_multilingual_blimp_incorrect_affected.test,21998.482421875,1219.4263916015625,993.1069946289062,696.86767578125,600.5545043945312,528.7450561523438,567.2711791992188,625.3626098632812,571.2510986328125,624.9723510742188,752.3688354492188,974.6873779296875,906.1380615234375
1023,It then propose the creation of a European quality mark based on respect for the environmental criteria for production.,en_multilingual_blimp_incorrect_affected.test,23037.728515625,999.135009765625,1066.39013671875,908.72900390625,959.2052001953125,851.5030517578125,728.337890625,772.6561889648438,826.4935913085938,711.9677734375,1000.83056640625,1201.2784423828125,1511.7684326171875
1024,"Unemployent stay low because half the population oversees those ""out of the workforce"", the dregs, the rabble, the enemy?",en_multilingual_blimp_incorrect_affected.test,21051.30078125,3752.393798828125,7200.43017578125,7510.1826171875,7141.52783203125,5546.662109375,4939.791015625,5565.287109375,6686.5908203125,4653.400390625,5432.65673828125,4619.97119140625,6493.48681640625
1025,"The Commission accept all of the contributions of the parliamentary committee and the rapporteur, Mr Koch, which are contained in the various amendments, specifically four.",en_multilingual_blimp_incorrect_affected.test,21377.79296875,2172.052490234375,1430.424560546875,1462.893798828125,1056.4412841796875,1039.939697265625,940.3390502929688,1003.2005004882812,1205.0438232421875,818.8184814453125,955.572265625,1145.2730712890625,967.8353881835938
1026,iv) Customer authorize the Company to take any of the following actions (in any particular order):,en_multilingual_blimp_incorrect_affected.test,18961.21875,1814.7701416015625,1643.2447509765625,1804.1953125,1595.5994873046875,1269.7635498046875,1009.2026977539062,1382.7481689453125,1136.9268798828125,1223.51513671875,1102.2515869140625,1605.291259765625,1274.370361328125
1027,"Her neck push forward in vein-accentuating confrontation, her hands shake.",en_multilingual_blimp_incorrect_affected.test,25182.5703125,10412.337890625,9132.1845703125,9240.484375,4307.84326171875,5346.37548828125,6831.9521484375,7775.1328125,10015.376953125,10917.7509765625,14681.4541015625,18247.83984375,19964.56640625
1028,"""Land of the kike home of the wop,"" says Compson to himself when he buy a bun from a small Italian girl.",en_multilingual_blimp_incorrect_affected.test,20771.33203125,1199.727783203125,871.5399780273438,1067.1068115234375,1220.01611328125,1687.2950439453125,1083.894775390625,1430.826416015625,1175.315185546875,1335.8892822265625,1572.1336669921875,1520.390625,1710.8629150390625
1029,"Abortion kill human life - it matters not if you kill it at 6 weeks or at 26 weeks, it's still the unnatural, violent death of a human baby for the sake of convenience.",en_multilingual_blimp_incorrect_affected.test,21218.087890625,1697.4000244140625,1424.4708251953125,1264.953125,1135.2745361328125,1080.1412353515625,1296.8050537109375,1261.385498046875,1576.8966064453125,1669.359130859375,1674.4405517578125,1932.6529541015625,2136.9326171875
1030,"Since then, I now use a professional horse hauling service with people who ride with my horse to keep an eye on him, stop every few hours for water, and their trailers all've super smooth suspension.",en_multilingual_blimp_incorrect_affected.test,25838.6328125,1570.7061767578125,1241.6092529296875,880.5193481445312,919.4268188476562,867.7858276367188,930.2860717773438,1093.232666015625,1086.1826171875,1360.170654296875,1548.1444091796875,1783.6375732421875,2123.792724609375
1031,The setting of mandatory measures require proper consultation of the parties involved.,en_multilingual_blimp_incorrect_affected.test,18724.181640625,5536.6162109375,2100.18896484375,1175.5555419921875,894.4716186523438,632.3261108398438,568.2011108398438,713.0835571289062,713.1624755859375,637.0931396484375,742.7076416015625,1009.767822265625,873.77197265625
1032,"For the quality, the prices ($4-$6)'ve to be the best in town.",en_multilingual_blimp_incorrect_affected.test,22319.03125,1673.3997802734375,1147.706298828125,1129.302001953125,1395.67138671875,1390.110107421875,2037.105224609375,2681.29541015625,3500.1650390625,4745.73291015625,4458.9345703125,3911.935791015625,5328.31591796875
1033,"Both towns've airports that are served regularly from the larger cities such as Sao Paulo, Rio de Janeiro and Buenos Aires.",en_multilingual_blimp_incorrect_affected.test,22059.091796875,3347.013671875,2005.143310546875,1044.4410400390625,676.5603637695312,402.6763610839844,288.9678955078125,306.3728942871094,361.0402526855469,299.7054748535156,383.2217102050781,389.82586669921875,323.8757019042969
1034,As the evaluation report also mention (p. 14) that the organisation of Pericles actions covered all the areas relevant to the protection of the euro:,en_multilingual_blimp_incorrect_affected.test,18926.044921875,1450.3961181640625,1237.972900390625,1129.730712890625,982.1731567382812,866.8834228515625,774.9630737304688,795.3232421875,935.6926879882812,865.2596435546875,864.8590698242188,1057.8330078125,1365.7677001953125
1035,"a) Subject to earlier termination as provided below, this Service Agreement is for the total duration of the Company's Offering (the ""Initial Term"") unless either party request termination at least 30 days prior to the end of the then-current term.",en_multilingual_blimp_incorrect_affected.test,23414.6953125,3457.98828125,1949.5494384765625,1682.992919921875,1200.17626953125,984.781982421875,899.431640625,869.5960083007812,1228.01513671875,988.0613403320312,1045.92822265625,1283.9857177734375,1494.591064453125
1036,"She feed well the baby on her own, the baby is ok but she does not go in the nest to stay with him at night...",en_multilingual_blimp_incorrect_affected.test,24474.375,516.2628173828125,657.3828125,668.1115112304688,580.7892456054688,547.3959350585938,508.8238525390625,499.9270935058594,462.83013916015625,467.066650390625,396.9008483886719,436.218017578125,470.4891357421875
1037,"Shakespeare's will scarcely mention his wife, Anne, who was probably entitled to one third of his estate automatically.",en_multilingual_blimp_incorrect_affected.test,26390.87890625,2983.47216796875,2371.68310546875,1663.322021484375,1021.274169921875,519.618408203125,541.4937744140625,543.9255981445312,705.5947265625,599.249755859375,666.1475219726562,732.9520263671875,921.220458984375
1038,vii) Upon a force majeure event that materially prevent or impedes a party from performing its obligations hereunder for a period of more than 10 business days.,en_multilingual_blimp_incorrect_affected.test,23771.3125,2902.56640625,1652.99267578125,1178.5015869140625,921.1773681640625,794.6693725585938,737.0388793945312,726.8719482421875,872.1190795898438,840.778564453125,721.6209716796875,1339.981201171875,1439.7921142578125
1039,"The 22 member countries of the Arab league, from Mauritania to the Gulf States,'ve a total population of 300 millions, larger than the US and almost as large as the EU before its expansion.",en_multilingual_blimp_incorrect_affected.test,21771.73828125,1711.82177734375,2117.30712890625,1723.208740234375,1259.6021728515625,936.9598388671875,826.2988891601562,728.9444580078125,815.8389282226562,829.5341796875,939.2340087890625,964.2952270507812,1045.4078369140625
1040,Plus she plan a monthly breakfasts and other events at the clubhouse which is a nice added benefit.,en_multilingual_blimp_incorrect_affected.test,21339.439453125,998.9996948242188,705.3336791992188,779.2904663085938,744.550048828125,705.3646240234375,801.9027709960938,767.2244262695312,665.1482543945312,890.872314453125,773.607666015625,1187.579345703125,1495.0780029296875
1041,"We know that the refiners already've refineries producing clean diesel, but not for Europe. For the United States and Japan.",en_multilingual_blimp_incorrect_affected.test,22841.275390625,1739.890380859375,1215.630126953125,1226.0650634765625,1160.1492919921875,959.5084838867188,1093.9027099609375,948.6582641601562,1414.649658203125,1386.393798828125,1398.872802734375,1715.044189453125,1681.537841796875
1042,"In the lower part, there are three palm trees overlooking the sea, which represent the love that the people of this Island've for their land.",en_multilingual_blimp_incorrect_affected.test,22788.509765625,1077.1041259765625,1045.6131591796875,980.20068359375,815.6533813476562,875.1680908203125,955.9605712890625,1089.7076416015625,1052.6177978515625,903.0789794921875,1237.1414794921875,1313.4158935546875,1821.4742431640625
1043,which flights from pittsburgh to atlanta've the lowest coach class fares,en_multilingual_blimp_incorrect_affected.test,19664.17578125,6629.04052734375,4508.84130859375,2688.751953125,2832.005859375,2787.291259765625,2622.9404296875,3054.56982421875,4180.4326171875,4680.37158203125,6573.5458984375,8267.4033203125,8197.466796875
1044,"The Kerry camp blame Bush for the Swift boat veterans ’ attack, but anyone who has spent much time talking to the Swifties gets the sense that they are doing it entirely for their own reasons.",en_multilingual_blimp_incorrect_affected.test,21330.974609375,1820.0712890625,1592.9144287109375,1275.0596923828125,798.9113159179688,621.4855346679688,587.4449462890625,598.2000122070312,636.0980834960938,737.5275268554688,828.9197387695312,722.235107421875,917.3765258789062
1045,The points system act as a guide to sort out the best candidates.,en_multilingual_blimp_incorrect_affected.test,26136.876953125,1302.1448974609375,1067.1815185546875,1286.5125732421875,1003.2421264648438,951.8518676757812,705.0982666015625,949.1152954101562,586.643798828125,577.3683471679688,722.1868896484375,717.0983276367188,850.78466796875
1046,And when I move it I guess he figure I'm playing. x.x,en_multilingual_blimp_incorrect_affected.test,25145.611328125,1536.841796875,810.8081665039062,845.333984375,1106.119384765625,762.597412109375,776.7584228515625,592.5609741210938,646.8787841796875,730.6482543945312,834.5040283203125,953.5045166015625,758.2808837890625
1047,Open the door and let him out and see how he act.,en_multilingual_blimp_incorrect_affected.test,23637.19140625,444.9334411621094,185.92054748535156,196.12887573242188,99.36071014404297,66.27706146240234,68.07760620117188,73.41336059570312,65.8604507446289,52.719974517822266,72.78343963623047,75.39029693603516,52.76342010498047
1048,"The color of these is that of the ground itself, and on this strange deadness the melting air press with an almost human weight.",en_multilingual_blimp_incorrect_affected.test,24064.00390625,1037.458740234375,1156.53857421875,1204.14306640625,1023.8848266601562,909.117431640625,886.4403686523438,1086.4395751953125,1345.2430419921875,1451.7025146484375,1957.3292236328125,2160.038330078125,2270.885986328125
1049,"But the evidence is clear, and it demand action.",en_multilingual_blimp_incorrect_affected.test,28685.3828125,1587.5072021484375,3513.47216796875,2390.15771484375,2710.667236328125,4671.2568359375,7451.29736328125,10493.9130859375,7195.3232421875,8735.8251953125,7364.6767578125,6275.2255859375,20489.728515625
1050,She is just being friendly in public because she does not want to offend you and she treat you like any other friend.,en_multilingual_blimp_incorrect_affected.test,20247.96484375,344.911376953125,249.82568359375,227.08924865722656,161.234375,128.48265075683594,118.29550170898438,124.77210998535156,113.16015625,127.53977966308594,139.07406616210938,121.34461212158203,170.6981658935547
1051,We hope that those considering rejection of these amendments've very powerful reasons to offer to both Parliament and their citizens who are seeking employment.,en_multilingual_blimp_incorrect_affected.test,25251.56640625,1817.8828125,1085.3853759765625,1050.5267333984375,827.0723876953125,953.8150634765625,977.8893432617188,1017.3333129882812,1107.48046875,1196.085205078125,1114.7198486328125,1246.0926513671875,1530.0096435546875
1052,"But air traffic controllers in Baghdad've no record of the flights, which supposedly took off between July 2004 and July 2005.",en_multilingual_blimp_incorrect_affected.test,26944.828125,4565.99462890625,2141.830322265625,1578.7774658203125,1467.4853515625,1190.93017578125,1020.3877563476562,915.9476318359375,1290.3917236328125,1159.8638916015625,1150.353271484375,1270.3642578125,1217.653076171875
1053,It sounds like a firmware issue and the camera require a re-boot just like what happens in a computer - needs a re-start from time to time but it shouldn't be happening in a camera.,en_multilingual_blimp_incorrect_affected.test,22129.931640625,641.0311279296875,411.3402099609375,337.4504699707031,257.76953125,242.9192657470703,190.12832641601562,195.46728515625,196.64614868164062,176.1870880126953,183.90589904785156,242.25437927246094,221.7300567626953
1054,"The Neocons in the CPA've all sorts of ulterior motives and social experiments they want to impose on the Iraqi people, including Polish-style economic shock therapy, some sort of sweetheart deal for Israel, and maybe even breaking the country up into three parts.",en_multilingual_blimp_incorrect_affected.test,24312.0234375,1880.5472412109375,1602.421142578125,1686.9588623046875,1422.1414794921875,1324.341552734375,1254.904541015625,1277.176025390625,1451.2982177734375,1538.7637939453125,1437.6949462890625,1919.5240478515625,1746.4278564453125
1055,"At times I suspect that the world would be glad to see the last of its Christianity, and that it is the persistency of the Jews that prevent it.",en_multilingual_blimp_incorrect_affected.test,20511.001953125,345.28887939453125,267.80792236328125,233.77655029296875,174.97386169433594,156.12310791015625,164.04762268066406,182.6732177734375,199.89036560058594,191.228759765625,170.8984375,203.60438537597656,291.16473388671875
1056,"Sustainable development also require proper consideration of the health, social and economic impact of the measures envisaged.",en_multilingual_blimp_incorrect_affected.test,20081.814453125,2673.42236328125,1820.994873046875,1473.2984619140625,975.5322265625,779.7216796875,772.51171875,650.2890625,542.2699584960938,570.083984375,622.1610107421875,875.8147583007812,1113.1141357421875
1057,We have shown that the future of the audio-visual industry is a debate which cross all political and national boundaries.,en_multilingual_blimp_incorrect_affected.test,19770.509765625,925.8262329101562,670.7008056640625,608.7739868164062,579.5205688476562,507.4640808105469,527.3805541992188,521.037353515625,606.5362548828125,933.6848754882812,616.4727172851562,880.4050903320312,999.1202392578125
1058,It drive Mum mad.,en_multilingual_blimp_incorrect_affected.test,16221.1904296875,6960.8232421875,15158.4755859375,9042.359375,5954.9638671875,9394.1953125,10434.1669921875,9927.357421875,31779.845703125,31135.044921875,34258.515625,100212.1015625,84537.3515625
1059,"Many people at Enron already've this type of chair, but we rarely, if ever, have a surplus because they are so popular.",en_multilingual_blimp_incorrect_affected.test,23497.125,2390.275390625,3242.40380859375,2183.431396484375,2110.41259765625,2046.7327880859375,1760.8765869140625,2122.747802734375,1901.863525390625,1824.7498779296875,1739.9600830078125,2796.082275390625,3487.84619140625
1060,My boyfriend has one and when she's hungry she attack the pinkie right away.,en_multilingual_blimp_incorrect_affected.test,25850.7578125,2015.749755859375,1046.2225341796875,1128.2669677734375,1176.0311279296875,1244.31787109375,1256.9771728515625,1330.75146484375,1503.6524658203125,2844.123046875,2401.61083984375,3016.672119140625,3294.145751953125
1061,I saw a site that charge $0.70 per mile.,en_multilingual_blimp_incorrect_affected.test,26881.228515625,1700.832763671875,843.3253784179688,696.9710693359375,682.5859375,709.4725341796875,736.3475952148438,1016.7809448242188,1423.4136962890625,1084.2864990234375,1442.589111328125,1635.8316650390625,2271.968017578125
1062,He mention his wife's death having an effect on him.,en_multilingual_blimp_incorrect_affected.test,25727.466796875,1310.1339111328125,941.54150390625,1095.8203125,566.7393798828125,411.1435241699219,393.19085693359375,581.1221923828125,576.9310913085938,798.20458984375,1420.3720703125,1106.9034423828125,1546.18212890625
1063,"The yarns of seamen've a direct simplicity, the whole meaning of which lies within the shell of a cracked nut.",en_multilingual_blimp_incorrect_affected.test,22013.466796875,2012.0064697265625,1971.7449951171875,1833.4779052734375,1798.023681640625,1662.2476806640625,1510.3922119140625,1256.3756103515625,1604.5880126953125,1197.1014404296875,2031.8597412109375,1849.08837890625,2167.6591796875
1064,"There are many legends among seafaring people of a bright fish so hot that it shine in the deepest water, a star dropped and finned from God, an alchemical mystery, the union of fire and water, coniuntis oppositorum that transforms itself and others.",en_multilingual_blimp_incorrect_affected.test,20499.072265625,2283.324951171875,1900.3624267578125,1799.2261962890625,1431.193359375,1115.40087890625,1097.758056640625,1136.8363037109375,1348.888916015625,1249.0760498046875,1320.924560546875,1829.0333251953125,1842.1993408203125
1065,"Iron is an essential element the body require to produce hemoglobin, the protein found in red blood cells that's responsible for transporting oxygen to tissues in the body.",en_multilingual_blimp_incorrect_affected.test,23357.533203125,1256.21142578125,1067.116455078125,814.75,619.9937744140625,435.16949462890625,279.1342468261719,273.9346923828125,261.4818420410156,212.41441345214844,202.7119903564453,212.5864715576172,242.41534423828125
1066,"(8) This Directive seek to achieve a high level of protection for the environment by reducing the potential environmental impact of EUPs, which will ultimately be beneficial to consumers and other end-users.",en_multilingual_blimp_incorrect_affected.test,22251.830078125,1851.55810546875,1084.998291015625,742.0003662109375,605.1096801757812,381.9014892578125,337.4271240234375,313.3480224609375,292.3664855957031,270.2733459472656,323.8894348144531,307.2522888183594,379.164306640625
1067,"When you open an Access file, if Access doesn't find a referenced file in the specified location, it search for the reference as follows.",en_multilingual_blimp_incorrect_affected.test,22788.8359375,2583.1240234375,1777.716796875,1362.0631103515625,1270.6212158203125,893.8184204101562,882.49072265625,1122.0347900390625,1386.1123046875,1114.3828125,1250.1575927734375,1899.91845703125,1844.4669189453125
1068,Other shops around this city've MUCH NICER and more TRANSPARENT owners.,en_multilingual_blimp_incorrect_affected.test,23794.154296875,4207.8515625,1673.8994140625,1240.7872314453125,2157.571044921875,1834.490478515625,1466.7689208984375,2019.656982421875,2223.56640625,2850.32763671875,4143.0693359375,4422.36181640625,3985.939453125
1069,"Some critics consider Balzac's writing exemplary of naturalism - a more pessimistic and analytical form of realism, which seek to explain human behavior as intrinsically linked with the environment.",en_multilingual_blimp_incorrect_affected.test,24514.015625,2226.800537109375,1180.925537109375,1008.5797119140625,679.04931640625,486.79302978515625,470.81182861328125,421.3021240234375,493.6588439941406,448.5520935058594,525.4043579101562,560.89599609375,801.4833984375
1070,"Loads of places've geographical hazards, if you are constantly paranoid, you 'll never get anywhere without a sense of adventure.",en_multilingual_blimp_incorrect_affected.test,21610.037109375,3220.3974609375,2804.36376953125,2047.170166015625,2078.126708984375,1180.4666748046875,1175.896484375,1227.841796875,1412.6019287109375,1298.2991943359375,1573.623046875,2787.822998046875,3206.220947265625
1071,"Busy-minded people, with their head-culture that touch all surfaces, have heard of Einstein.",en_multilingual_blimp_incorrect_affected.test,26396.6171875,2780.6005859375,2044.685302734375,1624.4410400390625,1372.2545166015625,995.2254638671875,929.027587890625,742.0955200195312,1012.29541015625,818.439453125,963.002685546875,1350.94873046875,1170.7911376953125
1072,The report mention best practice and standards in health care.,en_multilingual_blimp_incorrect_affected.test,29960.478515625,3944.15576171875,2774.00830078125,1430.3896484375,1120.6290283203125,867.9795532226562,962.1705322265625,1472.662841796875,1396.979736328125,1892.81103515625,3366.156005859375,4148.6796875,8242.66796875
1073,"Note that the No ""Out"" version require us to pay the premium on Tuesday!",en_multilingual_blimp_incorrect_affected.test,23654.712890625,2758.209716796875,3908.27783203125,2028.3314208984375,1677.195068359375,1646.621337890625,2062.244873046875,2264.994140625,1892.540283203125,2214.64208984375,1145.3909912109375,1967.5234375,1648.1514892578125
1074,This is a thought that sometimes cross Jewish minds.,en_multilingual_blimp_incorrect_affected.test,26674.50390625,1715.2354736328125,1533.502197265625,1149.965576171875,1273.100341796875,1208.214111328125,1071.3497314453125,1115.8775634765625,1260.22216796875,1220.4892578125,1942.3018798828125,1773.5528564453125,2690.7734375
1075,"It is not as precise as a pelham bit because it only uses one rein, though the modern ones've two or three slots on which to put the reins.",en_multilingual_blimp_incorrect_affected.test,22536.94140625,1275.3787841796875,1254.6209716796875,1252.43798828125,981.2945556640625,765.16748046875,678.0643920898438,678.2153930664062,728.9396362304688,693.7173461914062,810.5421142578125,948.3082885742188,897.7237548828125
1076,"If Access doesn't find a RefLibPaths key, it search for the referenced file in the locations listed below in the following order:",en_multilingual_blimp_incorrect_affected.test,24068.11328125,2031.044189453125,1487.3834228515625,1404.4891357421875,826.04052734375,777.3405151367188,758.594482421875,795.6365356445312,984.30224609375,831.6547241210938,920.4801025390625,1672.3779296875,1019.5609130859375
1077,"All of these problems've solutions, at least in the short to medium run.",en_multilingual_blimp_incorrect_affected.test,25039.697265625,2083.15283203125,1834.0269775390625,1961.752685546875,1136.6297607421875,1155.4091796875,1255.7862548828125,1295.6800537109375,1759.0386962890625,1787.3497314453125,2032.3443603515625,2747.15625,2684.35546875
1078,"The teachers all've favourites, that Hermione Granger –",en_multilingual_blimp_incorrect_affected.test,28690.69140625,8006.71728515625,5651.6875,3976.15185546875,3870.935302734375,2964.2958984375,4391.3125,4360.88916015625,5012.1103515625,4287.0849609375,4908.82421875,7764.18896484375,5314.99365234375
1079,"It act queerly on my nerves (through the feet, as it were), because I feel that a good part of this dust must be ground out of human bone.",en_multilingual_blimp_incorrect_affected.test,24403.033203125,814.813720703125,1244.142333984375,1237.5946044921875,1271.720703125,1285.346923828125,1145.2293701171875,1515.455810546875,1502.1826171875,1462.2144775390625,2436.4072265625,2900.930908203125,3664.47021484375
1080,Suicide murders also've nothing to do with poverty and despair.,en_multilingual_blimp_incorrect_affected.test,25708.7265625,2939.493408203125,1783.6409912109375,1090.0137939453125,639.3744506835938,880.8745727539062,1020.5010986328125,919.9588012695312,1180.159912109375,1642.7550048828125,952.3280639648438,1336.6136474609375,1597.1995849609375
1081,"Many people at Enron already've this type of chair, but we rarely, if ever, have a surplus because they are so popular.",en_multilingual_blimp_incorrect_affected.test,23497.103515625,2390.275390625,3242.40380859375,2183.431396484375,2110.41357421875,2046.73095703125,1760.8740234375,2122.749755859375,1901.86279296875,1824.7498779296875,1739.959228515625,2796.083740234375,3487.8359375
1082,I guess those guns will be located enroute to Venezuela or found in storage there by one of the US's local stooges and they then've a pretext to ramp the spin up a notch or two.,en_multilingual_blimp_incorrect_affected.test,20920.791015625,1340.6925048828125,936.8494873046875,622.9319458007812,554.8426513671875,447.1927490234375,413.3084716796875,455.6209411621094,486.8252868652344,512.4196166992188,570.0775146484375,511.7432556152344,619.7138671875
1083,And the national judges frequently've difficulty in understanding and applying the concept of indirect discrimination.,en_multilingual_blimp_incorrect_affected.test,22518.572265625,2710.23583984375,2307.01123046875,1581.2161865234375,1166.3072509765625,1422.6270751953125,1511.0462646484375,1761.9599609375,2254.33349609375,1683.7803955078125,1870.3077392578125,2202.489990234375,2874.05859375
1084,Pools The Mariner of the Seas and Liberty both had salt water pools - which most cruise ships've.,en_multilingual_blimp_incorrect_affected.test,25052.572265625,3271.716552734375,2176.324951171875,1236.093017578125,1337.6746826171875,1143.9227294921875,1015.7662353515625,1219.6409912109375,1216.0167236328125,1314.4427490234375,1180.1739501953125,1079.07763671875,1305.1337890625
1085,China's insatiable demand for energy is prompting fears of financial and diplomatic collisions around the globe as it seek reliable supplies of oil from as far away as Brazil and Sudan.,en_multilingual_blimp_incorrect_affected.test,24322.8046875,1930.0062255859375,792.3763427734375,619.1724853515625,492.6624755859375,406.65380859375,372.9068298339844,413.6040344238281,556.5714111328125,619.9695434570312,538.9132690429688,693.1873779296875,734.8484497070312
1086,"Firstly, it propose the adoption of a regulation improving the transparency and authenticity of quality marks.",en_multilingual_blimp_incorrect_affected.test,26392.4140625,2611.020751953125,1911.1510009765625,2129.457275390625,2289.529541015625,1914.8653564453125,2784.388671875,3200.57861328125,2985.692138671875,3132.609375,3442.841796875,5207.8798828125,5856.41552734375
1087,Mr. ARCHIBALD: People've different ways of starting the days in any office.,en_multilingual_blimp_incorrect_affected.test,26519.701171875,2610.13818359375,867.0537719726562,1429.6962890625,1392.1107177734375,875.7918090820312,578.6063232421875,913.8949584960938,1457.0792236328125,1477.3406982421875,1568.7742919921875,2789.971923828125,2375.58447265625
1088,They've unbeatable price in town and deliver on time.,en_multilingual_blimp_incorrect_affected.test,25525.306640625,2401.7255859375,1668.454345703125,1876.5986328125,1353.4698486328125,1027.1513671875,904.3566284179688,1100.4072265625,963.1932373046875,892.5526733398438,1141.19384765625,1236.52392578125,1011.5470581054688
1089,The cast members really've to have incredibly powerful voices to pull off a few of the most poignant numbers ( I think this could be your true calling).,en_multilingual_blimp_incorrect_affected.test,23692.39453125,976.70849609375,795.069580078125,845.8428344726562,628.3019409179688,412.0213928222656,376.75506591796875,390.25103759765625,460.9382629394531,407.9064636230469,474.0851745605469,572.7525634765625,927.1304321289062
1090,The EU is an inspiring political structure that seek to break the mold of the nineteenth-century nation-state.,en_multilingual_blimp_incorrect_affected.test,26163.0390625,3697.591552734375,1722.934326171875,1289.181396484375,862.0670776367188,815.5783081054688,522.0241088867188,705.31787109375,702.5814819335938,646.3949584960938,744.1663818359375,934.334716796875,876.5275268554688
1091,Sussexs've soft feathers.,en_multilingual_blimp_incorrect_affected.test,19718.935546875,9312.9580078125,12188.671875,14464.828125,14942.0361328125,15478.8544921875,15344.634765625,15880.0078125,21587.544921875,8055.38232421875,14097.2197265625,14534.53515625,9227.8818359375
1092,"It may also require establishing community childcare centers, so that women farmers've the option to spend more time farming.",en_multilingual_blimp_incorrect_affected.test,21194.263671875,3901.530029296875,3576.73681640625,3562.602294921875,2119.63037109375,1487.1920166015625,999.1854858398438,1460.781005859375,1688.8204345703125,1341.5513916015625,1494.9375,1636.133544921875,2107.270263671875
1093,These animals've the misfortune to produce a substance that is useful in the manufacture of perfume.,en_multilingual_blimp_incorrect_affected.test,20908.603515625,1259.50732421875,546.5185546875,421.5910949707031,404.9641418457031,288.83355712890625,219.11849975585938,293.1235046386719,315.8259582519531,373.1238098144531,423.80908203125,524.5045166015625,419.6842346191406
1094,"Anyone else find it a little suspicious that there are not only 20 reviews for this dentist (a HUGE number compared to the others in the area), but that they all've the same unique grammar structure?",en_multilingual_blimp_incorrect_affected.test,23883.818359375,908.3565063476562,874.477294921875,859.0703125,823.4916381835938,874.81884765625,775.3726196289062,783.8718872070312,877.93212890625,736.8856811523438,811.9340209960938,1127.443603515625,1076.0902099609375
1095,Obviously the foreign offices've issues that may not apply in the US (although LA. is about as close as you can get to a third world country).,en_multilingual_blimp_incorrect_affected.test,24395.37890625,881.419921875,888.482177734375,766.0400390625,513.0689697265625,456.2699279785156,528.498046875,522.1809692382812,563.2301025390625,660.2623291015625,816.3226318359375,897.9977416992188,1137.168701171875
1096,"There should be a Pixel Mapping function in the menu that will get rid of them, most sensors've a few dead and flipped pixels, some only show up on long exposures.",en_multilingual_blimp_incorrect_affected.test,22652.19921875,937.15869140625,1033.0909423828125,1049.36474609375,882.2874145507812,809.673828125,1033.2603759765625,1046.2979736328125,1234.193603515625,1018.4263916015625,1383.900634765625,1686.9033203125,1753.0081787109375
1097,"It is true, but unhelpful, to say that governments've only themselves to blame for having recklessly rushed into this wild ride.",en_multilingual_blimp_incorrect_affected.test,23254.53515625,2646.77783203125,2902.41259765625,3109.80859375,2440.6943359375,2262.691650390625,1818.6676025390625,1435.033203125,1309.7740478515625,1339.79150390625,1398.0379638671875,1392.3543701171875,2272.9541015625
1098,"I think I was happy, in the maddening determined way that children've of being happy, and it was that happiness that worked as a magnet on both of my parents.",en_multilingual_blimp_incorrect_affected.test,21701.486328125,693.5076904296875,958.6185913085938,841.9395751953125,837.6627807617188,896.3267822265625,974.8900146484375,1149.0347900390625,1229.21435546875,1383.412353515625,1519.205810546875,2151.764892578125,2341.668212890625
1099,"When the apparently cognitively functional take actions that seem senseless and incompetent, it is a most certain sign that they've ulterior or hidden motives.",en_multilingual_blimp_incorrect_affected.test,28134.072265625,3039.7666015625,2491.763427734375,1946.009033203125,1186.83837890625,1087.803955078125,924.0364379882812,848.0264282226562,1235.9385986328125,1239.6529541015625,1024.1260986328125,1409.0869140625,1715.8514404296875
1100,"Their selection is random, so what they've on a given week might never be available again at the store.",en_multilingual_blimp_incorrect_affected.test,24216.26953125,1159.773193359375,1308.6004638671875,1380.6629638671875,1205.9693603515625,1311.437744140625,1154.411376953125,1363.60791015625,1482.4652099609375,1555.7244873046875,1523.9981689453125,1782.8458251953125,2398.811279296875
1101,Developing countries've a lot to gain from attracting multinational firms.,en_multilingual_blimp_incorrect_affected.test,26004.6796875,2005.824951171875,1002.6753540039062,774.6600952148438,584.3307495117188,279.9417419433594,382.1552734375,303.1982727050781,360.315185546875,353.57257080078125,516.1571655273438,414.514404296875,473.5885314941406
1102,"""Time is the best teacher, except for the fact that it kill off its best students""",en_multilingual_blimp_incorrect_affected.test,21463.67578125,998.3468017578125,811.8538208007812,948.7392578125,1134.1080322265625,1243.437744140625,1050.8128662109375,1599.440185546875,1806.218994140625,1561.049560546875,1776.501708984375,1605.55322265625,1670.81396484375
1103,I rarely listen to the news or to what politicians or lawyers say because so many tell lies that none've credibility so what's the point?,en_multilingual_blimp_incorrect_affected.test,19321.740234375,1883.6846923828125,1167.5079345703125,1240.7244873046875,1319.67041015625,978.4802856445312,962.8896484375,947.7778930664062,1139.4288330078125,1300.9571533203125,1409.0404052734375,1902.7061767578125,2311.5810546875
1104,8 - Number of members of the US Senate and House of Representatives who've a child serving in the military.,en_multilingual_blimp_incorrect_affected.test,22211.05859375,1195.5120849609375,774.29150390625,564.4598999023438,412.36102294921875,226.98098754882812,162.61514282226562,172.0635528564453,167.9857177734375,198.34719848632812,180.03366088867188,132.0518341064453,197.26815795898438
1105,what airlines've business class service between boston and san francisco,en_multilingual_blimp_incorrect_affected.test,19804.0625,8150.896484375,5190.154296875,2883.434326171875,4077.674072265625,5215.15576171875,6596.11572265625,6967.94970703125,8229.60546875,8216.517578125,10226.810546875,16043.0048828125,14397.1318359375
1106,"Users've full functionality and interactivity with components, including run-time and design-time capabilities.",en_multilingual_blimp_incorrect_affected.test,20808.802734375,8965.173828125,9152.595703125,5530.81591796875,6496.98046875,4175.0380859375,3272.35009765625,3978.23779296875,3271.772705078125,4187.3916015625,4701.6259765625,4394.41259765625,4494.69091796875
1107,These theme parks've all types of facilities.,en_multilingual_blimp_incorrect_affected.test,26880.81640625,6495.14697265625,4016.048583984375,3873.76416015625,2542.391357421875,3047.920654296875,2917.568115234375,5565.037109375,7813.52587890625,8725.7255859375,7236.82666015625,8988.8974609375,16349.3193359375
1108,Also these cults've multimillions yet the women and kids live in poverty so the leaders can live the high life.,en_multilingual_blimp_incorrect_affected.test,23046.5625,1079.0302734375,957.5518798828125,922.42919921875,767.296875,932.721923828125,991.6878051757812,1182.55517578125,1502.35302734375,1882.88818359375,1688.5570068359375,2763.81298828125,2653.573974609375
1109,Newer semi-automatic wangs've a rail built into the receiver under the shaft.,en_multilingual_blimp_incorrect_affected.test,23447.833984375,3801.8544921875,2809.85302734375,2607.425048828125,2265.800048828125,1759.3641357421875,1995.9111328125,3276.309326171875,3662.817626953125,3388.822265625,4104.787109375,5575.49169921875,5585.80078125
1110,They've fabulous French toast too.,en_multilingual_blimp_incorrect_affected.test,21924.005859375,20385.4921875,12102.1376953125,24009.7890625,7885.14892578125,7572.57275390625,7484.1640625,8571.4111328125,12979.265625,9329.1103515625,15481.2763671875,19148.0234375,17723.98046875
1111,0 - Number of principal civilian or Pentagon staff members who planned the war who've immediate family members serving in uniform in Iraq.,en_multilingual_blimp_incorrect_affected.test,27254.984375,4002.948486328125,3140.52734375,2690.453857421875,1954.2161865234375,1740.304443359375,1558.1217041015625,1348.16552734375,1415.3682861328125,2064.46240234375,1310.181396484375,1824.6793212890625,2153.700927734375
1112,"Also if they've diarrhea, check in with your foster coordinator.",en_multilingual_blimp_incorrect_affected.test,27376.298828125,3594.161865234375,3317.747802734375,3262.1142578125,2947.4697265625,3065.001708984375,2828.716552734375,2995.049072265625,4557.1025390625,3761.69189453125,4302.32568359375,3613.8974609375,5228.50732421875
1113,(3) Parents've a prior right to choose the kind of education that shall be given to their children.,en_multilingual_blimp_incorrect_affected.test,25049.5625,646.4661865234375,368.036376953125,373.4629211425781,420.5243835449219,310.5626525878906,270.332763671875,298.0729064941406,302.347900390625,356.3758850097656,322.33746337890625,344.599365234375,350.63958740234375
1114,"Some reporters (you know, the ones with journalistic ethics)'ve actually uncovered the truth about George Bush's service in the Texas Air National Guard.",en_multilingual_blimp_incorrect_affected.test,21629.087890625,4249.2626953125,2216.560546875,1771.5555419921875,1978.203369140625,2102.0205078125,2136.05126953125,1919.456298828125,2217.8525390625,2768.9033203125,2927.83642578125,3630.305419921875,3604.2841796875
1115,Two decades of pickling his nervous system in various highly toxic substances've left Bush damaged goods.,en_multilingual_blimp_incorrect_affected.test,26514.8203125,7283.04931640625,3349.197509765625,1572.2332763671875,2133.515625,1658.7210693359375,1778.5206298828125,2358.302734375,2198.146240234375,2939.619384765625,4618.51318359375,5445.966796875,6876.041015625
1116,Their attempts to ingratiate themselves with India and other neutralist nations've gained them little.,en_multilingual_blimp_incorrect_affected.test,19665.919921875,4776.69970703125,3718.59033203125,3281.919677734375,2574.383544921875,2575.952880859375,1739.031982421875,1891.228515625,1718.6142578125,1642.192626953125,2025.7264404296875,3864.845458984375,2770.416748046875
1117,"Busy-minded people, with their head-culture that touches all surfaces,'ve heard of Einstein.",en_multilingual_blimp_incorrect_affected.test,24972.564453125,3477.609619140625,1919.9085693359375,1704.771484375,1599.5538330078125,944.0037231445312,913.282958984375,680.6033935546875,937.2333374023438,785.7936401367188,1178.6590576171875,1326.5693359375,1293.7705078125
1118,"A large number of them are Bangladeshis, who like millions of their countrymen've left their densely populated homeland to settle elsewhere.",en_multilingual_blimp_incorrect_affected.test,23433.37109375,2659.773681640625,1740.819091796875,1467.0556640625,1032.651123046875,799.7860107421875,859.1432495117188,825.9948120117188,594.9287109375,729.121826171875,785.6624755859375,642.350830078125,813.1897583007812
1119,Two vaunted economists - one a Nobel Prize winner and the other a nationally renowned budget expert -'ve analyzed the data at hand and put a price tag on the Iraq occupation.,en_multilingual_blimp_incorrect_affected.test,22845.04296875,2083.013671875,1247.2762451171875,1046.4132080078125,983.0057373046875,779.6476440429688,756.892333984375,770.1614990234375,824.5726318359375,926.1525268554688,992.1007080078125,1020.481201171875,1630.3153076171875
1120,Biographers attempting to account for this period've reported many apocryphal stories.,en_multilingual_blimp_incorrect_affected.test,25667.5234375,4424.5595703125,2310.5078125,1432.957275390625,1351.2991943359375,851.134033203125,971.397705078125,714.0304565429688,1139.4093017578125,867.2898559570312,1016.2787475585938,1565.851318359375,1423.53515625
1121,"I don't believe that we are quite at the point that we can say that all business controllers worldwide've reviewed, understand and have implemented these standards.",en_multilingual_blimp_incorrect_affected.test,22418.056640625,845.0308837890625,675.0905151367188,636.0993041992188,669.6881103515625,587.58642578125,654.8089599609375,582.4949340820312,690.7885131835938,1154.463134765625,876.0962524414062,1057.9136962890625,1234.84521484375
1122,"Expressions such as ""with bated breath"" (Merchant of Venice) and ""a foregone conclusion"" (Othello)'ve found their way into everyday English speech.",en_multilingual_blimp_incorrect_affected.test,26971.412109375,7109.5146484375,5910.52685546875,5089.82568359375,4928.74658203125,4469.57421875,4540.28857421875,3659.8740234375,4667.654296875,4464.03173828125,6145.9931640625,7064.63671875,9920.58203125
1123,"As a result, Malthus's concerns about mass starvation've failed to materialize in any peaceful capitalist economy.",en_multilingual_blimp_incorrect_affected.test,26947.091796875,3811.4052734375,3172.10888671875,2780.376708984375,2074.6513671875,1394.541748046875,1716.92041015625,2054.098876953125,2063.791015625,2000.260498046875,2316.728759765625,2829.403564453125,3632.5146484375
1124,Some speakers've already mentioned unemployment and the fall in population.,en_multilingual_blimp_incorrect_affected.test,25989.185546875,3118.43310546875,1220.3023681640625,1531.4429931640625,1743.739990234375,1919.806884765625,2182.2958984375,2030.812744140625,3065.73828125,3149.414306640625,4828.5185546875,4077.9150390625,3657.424560546875
1125,Four students at Roma Tre University've developed a motorcycle helmet that can'read thoughts' by helping to anticipate drivers'actions.,en_multilingual_blimp_incorrect_affected.test,22548.228515625,6299.017578125,5755.37451171875,4510.888671875,4199.5810546875,4335.6884765625,3494.78466796875,3142.322021484375,3902.5869140625,4807.01123046875,3976.341552734375,5329.9521484375,6760.49560546875
1126,At the same time I do know people who've had horses come back successfully after EPM.,en_multilingual_blimp_incorrect_affected.test,26715.109375,1114.8638916015625,502.728759765625,534.0947875976562,418.5399169921875,505.3405456542969,425.1135559082031,465.4583435058594,438.25244140625,434.3727722167969,601.0320434570312,503.26220703125,530.6780395507812
1127,"Armed militias, many staffed by former Iraqi military men with substantial training and experience,'ve proliferated.",en_multilingual_blimp_incorrect_affected.test,22573.9609375,5178.4072265625,4812.39208984375,2913.25830078125,2852.08544921875,1783.6129150390625,2105.622802734375,2060.73583984375,1575.1500244140625,1267.351806640625,1727.1573486328125,2236.88720703125,2203.494140625
1128,"Many leading health researchers, including Kelly Brownell, David Ludwig, and Walter Willett,'ve documented these problems.",en_multilingual_blimp_incorrect_affected.test,30502.54296875,8281.8291015625,11768.7763671875,11356.28125,11291.1416015625,7784.8828125,6589.0927734375,6233.17626953125,7692.31494140625,7786.375,13322.5634765625,8430.9052734375,16762.89453125
1129,"After every world war, the rules of international law've changed, and the same will happen after the present one.",en_multilingual_blimp_incorrect_affected.test,26480.654296875,962.85205078125,1539.834716796875,1486.2547607421875,1265.962646484375,1493.491943359375,1791.9903564453125,2096.5087890625,1964.7322998046875,1719.8323974609375,2277.630126953125,3681.620361328125,5435.02978515625
1130,"While most U.S. secretaries of state -- save perhaps Dean Rusk --'ve gobbled up credit for outcomes that they had little to do with, few have been as brazen as Colin Powell.",en_multilingual_blimp_incorrect_affected.test,25857.859375,2377.690185546875,1395.11376953125,1305.2943115234375,1051.8394775390625,889.96875,805.9036254882812,776.6013793945312,890.7240600585938,1033.646728515625,925.6240844726562,1084.138671875,1560.7235107421875
1131,Projects implemented with support from the Union've had their effect watered down all too often by slow decision making and complicated administrative processes.,en_multilingual_blimp_incorrect_affected.test,24577.455078125,4324.85205078125,1722.26171875,1252.337158203125,1215.4510498046875,871.5462646484375,741.9844360351562,933.6497192382812,822.0687255859375,960.5445556640625,1036.5706787109375,1141.4322509765625,1587.0560302734375
1132,"Your cycle of learning through the school of hard knocks has come to an end, Gemini, and now you're going to start reaping the rewards these ""lessons""'ve left in their wake.",en_multilingual_blimp_incorrect_affected.test,21938.939453125,1690.8203125,1537.8292236328125,1371.7579345703125,1597.395263671875,1520.8017578125,1455.279541015625,1527.8465576171875,1729.920166015625,1486.9827880859375,1922.64599609375,1737.732177734375,2920.09130859375
1133,Perceptions of resilience've given way to fears of vulnerability.,en_multilingual_blimp_incorrect_affected.test,25788.78125,3604.78955078125,1338.019775390625,1053.9315185546875,1193.4161376953125,1106.422607421875,1192.803955078125,1158.1224365234375,1338.3106689453125,1748.7235107421875,2526.324462890625,2224.33642578125,4056.662841796875
1134,"A recent report by a journalist from Port Blair, in the Andamans, quoted an unnamed official saying that foreigners from Myanmar, Bangladesh and Sri Lanka have permanently settled in the islands, using fake Indian ration cards, while citizens of Thailand, China, Indonesia and Malaysia've migrated temporarily to plunder the natural resources and leave.",en_multilingual_blimp_incorrect_affected.test,22548.162109375,4280.7119140625,3453.766357421875,2956.175048828125,2788.98779296875,2224.142333984375,2329.72216796875,2171.521240234375,2559.150634765625,2626.216796875,3783.73974609375,3825.9287109375,4402.33642578125
1135,"And on the Jaffa Road, because of another bomb, six adolescents two on a break from night school stopping at a coffee shop to eat buns,'ve just died.",en_multilingual_blimp_incorrect_affected.test,23319.029296875,2062.0029296875,2474.218017578125,1928.5811767578125,2158.438232421875,1765.25146484375,1532.802734375,1825.2607421875,2236.1044921875,2219.1611328125,3062.693359375,3275.56298828125,3223.848388671875
1136,"Government interventions to date, mainly in the form of enhanced education,'ve proved largely ineffective.",en_multilingual_blimp_incorrect_affected.test,24330.671875,4680.27294921875,2556.4296875,1899.3223876953125,1709.4554443359375,1617.2108154296875,1357.3055419921875,1777.657470703125,2609.8916015625,1735.39697265625,3241.34326171875,3430.71826171875,6115.7353515625
1137,"Key EU programmes between 1989, 1993, 1994 and 1999've certainly helped to improve the economic competitiveness of peripheral countries and Objective 1 regions within Europe.",en_multilingual_blimp_incorrect_affected.test,26817.46875,3241.420654296875,1452.6400146484375,1141.158447265625,947.7802124023438,927.6898193359375,1222.9656982421875,1223.7747802734375,1639.134521484375,1373.0216064453125,1462.4774169921875,1761.1671142578125,2207.266357421875
1138,"She added that recent visits to the island by India's top military brass including army chief General Nirmal Chander Vij've ""caused apprehension among Tamils that preparations are under way for another war in the island"".",en_multilingual_blimp_incorrect_affected.test,23856.0,2874.716552734375,1761.69873046875,1725.4007568359375,1775.7928466796875,1444.7891845703125,1626.493408203125,2283.015625,2888.037109375,2771.44482421875,2721.3388671875,4994.12744140625,5688.26806640625
1139,"Frictions between the two partners've developed over a wide range of issues, including trade, the renminbi's exchange rate, regional security, intellectual property, and cyber attacks, among others.",en_multilingual_blimp_incorrect_affected.test,23047.06640625,4243.70263671875,5736.6005859375,4393.7001953125,3260.67431640625,2290.09716796875,2972.00244140625,3027.96484375,3473.77783203125,2350.833251953125,3832.864013671875,4537.49658203125,5144.35009765625
1140,"Thus far, none of the many ""human rights"" busybodies across the world've bothered to even notice such a development.",en_multilingual_blimp_incorrect_affected.test,22830.951171875,2497.683837890625,2900.87548828125,1918.5028076171875,1507.913818359375,1943.7943115234375,2039.7364501953125,1633.2386474609375,2634.462158203125,2212.73681640625,2261.804931640625,3470.16552734375,4106.77587890625
1141,Some localized extinctions already've occurred across some of its habitat.,en_multilingual_blimp_incorrect_affected.test,22564.16796875,6684.26318359375,4220.455078125,2471.7509765625,2183.259765625,2309.826904296875,2339.415771484375,2670.83203125,5086.16259765625,3938.851806640625,5823.1669921875,4987.962890625,4697.6865234375
1142,But the four planeloads of arms've vanished.,en_multilingual_blimp_incorrect_affected.test,22710.494140625,7809.87548828125,8778.0908203125,4216.9912109375,4608.45068359375,5549.58837890625,5819.8359375,8465.517578125,11428.2255859375,13080.9638671875,11131.8525390625,6746.9248046875,15236.3046875
1143,"A recent report by a journalist from Port Blair, in the Andamans, quoted an unnamed official saying that foreigners from Myanmar, Bangladesh and Sri Lanka've permanently settled in the islands, using fake Indian ration cards, while citizens of Thailand, China, Indonesia and Malaysia have migrated temporarily to plunder the natural resources and leave.",en_multilingual_blimp_incorrect_affected.test,22731.6640625,4355.79296875,3376.457275390625,2965.33642578125,2683.002685546875,2197.979736328125,2227.812744140625,2070.675537109375,2406.53662109375,2360.043212890625,3495.77490234375,3537.9267578125,4095.07470703125
1144,The Fed's huge monthly purchases of long-term assets – so-called quantitative easing –'ve benefited the world as a whole by propping up demand and economic activity in the US.,en_multilingual_blimp_incorrect_affected.test,26676.08203125,2690.508056640625,1356.530517578125,1275.065185546875,1256.7021484375,1137.893310546875,1158.84765625,1343.2366943359375,1560.1595458984375,1527.19091796875,1750.6474609375,2819.93994140625,2229.447021484375
1145,"Due to business reasons, previously scheduled interviewers from the Penn team've had to cancel their participation.",en_multilingual_blimp_incorrect_affected.test,23562.5390625,3424.687255859375,2566.566162109375,2180.308349609375,2071.4951171875,1175.1851806640625,1323.90966796875,1497.6258544921875,1542.5802001953125,1877.2142333984375,1851.53515625,2821.8271484375,2651.36328125
1146,"Students like Rai've been meeting with counsellors at the school to talk about what happened, but she said the biggest comfort has come from seeing her friends.",en_multilingual_blimp_incorrect_affected.test,25430.693359375,938.9733276367188,496.6678466796875,629.4273071289062,622.534912109375,437.8633117675781,429.5001525878906,467.2034606933594,513.9693603515625,509.94775390625,485.3652648925781,692.9632568359375,767.169921875
1147,"Over the centuries some readers've posited that Shakespeare's sonnets are autobiographical, and point to them as evidence of his love for a young man.",en_multilingual_blimp_incorrect_affected.test,19873.119140625,1880.353515625,1052.3026123046875,700.2886962890625,623.5337524414062,448.74078369140625,478.843505859375,466.46392822265625,503.9814147949219,421.7980041503906,468.9859313964844,468.7386779785156,710.1193237304688
1148,"Book readers evidently'ven't got the passionate intensity of sports fans.""",en_multilingual_blimp_incorrect_affected.test,19281.83203125,4791.60546875,5265.19970703125,5371.8837890625,5314.8212890625,4890.11572265625,4500.29248046875,4903.345703125,5515.25732421875,7019.125,6186.150390625,5495.28515625,14339.6484375
1149,"The last three years of the Iraq occupation, however,'ve sapped this confidence.",en_multilingual_blimp_incorrect_affected.test,28400.494140625,3582.17138671875,5596.0380859375,4520.00048828125,4329.1728515625,3622.931396484375,4769.2939453125,5364.60400390625,8780.787109375,5671.0166015625,9217.521484375,8312.6650390625,8139.2607421875
1150,"Scholars've identified 20,000 pieces of music linked to Shakespeare's works.",en_multilingual_blimp_incorrect_affected.test,22907.373046875,2683.7412109375,915.8786010742188,560.1224975585938,467.1243591308594,342.1262512207031,282.7951965332031,266.75823974609375,350.80865478515625,376.17364501953125,323.0331115722656,386.9700622558594,514.28564453125
1151,"The overwhelming human and financial impacts of Hurricane Katrina are powerful evidence that political and economic decisions made in the United States and other countries've failed to account for our dependence on a healthy resource base, according to an assessment released today by the Worldwatch Institute.",en_multilingual_blimp_incorrect_affected.test,25166.69921875,1999.411865234375,803.72998046875,635.168212890625,515.5594482421875,473.43182373046875,416.899658203125,454.0953063964844,472.68023681640625,403.2184143066406,449.7613220214844,491.8653564453125,583.1677856445312
1152,We still have a lot of work to do in this area as recent events've proved.,en_multilingual_blimp_incorrect_affected.test,26122.349609375,461.7420654296875,368.11199951171875,317.70166015625,263.6607360839844,239.6909942626953,209.6343994140625,217.35256958007812,208.3772735595703,252.4769744873047,228.29983520507812,264.48248291015625,404.6701354980469
1153,"Whereas the peoples of the United Nations've in the Charter reaffirmed their faith in fundamental human rights, in the dignity and worth of the human person and in the equal rights of men and women and have determined to promote social progress and better standards of life in larger freedom;",en_multilingual_blimp_incorrect_affected.test,20628.38671875,696.3697509765625,460.382080078125,414.04150390625,271.4050598144531,224.40525817871094,242.77394104003906,207.68162536621094,241.7594451904297,218.25257873535156,203.3742218017578,250.911376953125,290.042724609375
1154,"The New York Times is sure to have it, but the Times as I see it is a government within a government It has a state department of its own, and its high councils've probably decided that it would be impolitic at this moment to call attention to Sadat's admiration for Hitler.",en_multilingual_blimp_incorrect_affected.test,23877.919921875,862.9480590820312,621.2506103515625,554.6929321289062,481.4542541503906,511.2724914550781,563.5186157226562,569.576416015625,585.2348022460938,638.7048950195312,738.6710815429688,798.2083740234375,1031.0633544921875
1155,Dust storms usually start in desert margins rather than the deserts themselves where the finer materials've already been blown away.,en_multilingual_blimp_incorrect_affected.test,25440.490234375,3087.15625,1338.973876953125,1127.4140625,1131.64794921875,1026.9559326171875,989.6981201171875,956.3544921875,1277.926513671875,1467.3775634765625,1554.466064453125,1696.05859375,2502.53955078125
1156,While Iran's conventional army is not what it was during the heyday of the Iran-Iraq war - their armaments have deteriorated and the veterans of that last war've retired - the nation enjoys substantial military strength nonetheless.,en_multilingual_blimp_incorrect_affected.test,23730.79296875,2828.395751953125,1742.9461669921875,1680.839599609375,1105.8209228515625,835.1768188476562,837.7969970703125,956.109619140625,892.1038208007812,1167.687255859375,1009.4789428710938,1274.377685546875,1446.7567138671875
1157,"Thus far, none of the many ""human rights"" busybodies across the world've bothered to even notice such a development.",en_multilingual_blimp_incorrect_affected.test,22830.951171875,2497.683837890625,2900.87548828125,1918.5028076171875,1507.913818359375,1943.7943115234375,2039.7364501953125,1633.2386474609375,2634.462158203125,2212.73681640625,2261.804931640625,3470.16552734375,4106.77587890625
1158,PRINCETON – How quickly emerging markets' fortunes've turned.,en_multilingual_blimp_incorrect_affected.test,26858.78125,9886.3828125,1063.9404296875,1021.5458984375,935.652099609375,1346.9061279296875,1135.9752197265625,1414.48388671875,1225.3759765625,1784.682373046875,1922.4442138671875,3614.1005859375,3270.128662109375
1159,"When it comes to public goods – such as education, the environment, health care, and equal opportunity – the record is not quite as impressive, and the political obstacles to improvement've seemed to grow as capitalist economies have matured.",en_multilingual_blimp_incorrect_affected.test,25432.873046875,2240.921630859375,2284.227783203125,1593.64599609375,1326.29248046875,1197.3514404296875,1450.736572265625,1501.1815185546875,1447.7491455078125,1471.49609375,1724.757568359375,2058.609619140625,1947.39404296875
1160,"Again, despite a rising chorus of concern from researchers, political markets've seemed frozen.",en_multilingual_blimp_incorrect_affected.test,30694.640625,5469.8896484375,10650.6728515625,8163.0322265625,8410.8369140625,9374.8896484375,10226.1376953125,14208.1923828125,11934.8212890625,15484.3759765625,22966.193359375,24475.82421875,45462.44140625
1161,"Well, said Fred, put it this way – house-elves've got powerful magic of their own, but they can't usually use it without their master's permission.",en_multilingual_blimp_incorrect_affected.test,25348.705078125,2851.46142578125,3797.853759765625,4274.89013671875,3614.62109375,3524.452880859375,3716.601318359375,4096.0390625,4465.3046875,4579.962890625,5433.56298828125,6154.755859375,6583.77880859375
1162,Researchers've been investigating potential for male hormonal contraceptives for around 20 years.,en_multilingual_blimp_incorrect_affected.test,26825.833984375,7855.4189453125,2139.845703125,1046.60888671875,398.5572509765625,277.0669250488281,278.2019958496094,393.83636474609375,418.71099853515625,387.6820373535156,485.348388671875,523.6213989257812,673.4067993164062
1163,"All the regional countries've publicly backed the Karzai government and supported the electoral process, but serious undercurrents remain as they all have their favourite contenders in Afghanistan.",en_multilingual_blimp_incorrect_affected.test,23962.05078125,2886.951904296875,1994.8853759765625,2495.0400390625,2448.649169921875,1941.1397705078125,1854.5791015625,1726.16357421875,1918.91552734375,1722.5753173828125,1995.1898193359375,2642.417236328125,2811.110107421875
1164,"Whereas Member States've pledged themselves to achieve, in co-operation with the United Nations, the promotion of universal respect for and observance of human rights and fundamental freedoms;",en_multilingual_blimp_incorrect_affected.test,21617.044921875,3736.70263671875,1849.082275390625,1122.459716796875,986.2561645507812,812.6962890625,747.0900268554688,829.4915161132812,712.8292846679688,487.01727294921875,726.555908203125,667.565673828125,754.3798217773438
1165,"And international donors've given only half of the relief aid that Darfur needs, according to the local UN officials.",en_multilingual_blimp_incorrect_affected.test,19540.4765625,2644.169189453125,2647.60986328125,2621.03125,1885.758056640625,1480.7894287109375,1927.733642578125,2056.14404296875,2322.22900390625,2598.13427734375,3327.6181640625,2958.483642578125,3569.74072265625
1166,"Al-Abbudi stated that ""His Emminence"" decided to openly support the list because ""others"" (obviously a reference to Allawi)'ve been abusing official state positions and media outlets in their campaigning.",en_multilingual_blimp_incorrect_affected.test,23619.322265625,4510.8583984375,3021.725341796875,2542.31494140625,2507.59716796875,2121.276611328125,2055.270751953125,1999.7999267578125,1968.2767333984375,2085.78173828125,2352.946044921875,3277.593994140625,3544.65087890625
1167,"Increasingly, analysts are saying that China's efforts've gone beyond what is safe or even in its own interests.",en_multilingual_blimp_incorrect_affected.test,22888.0703125,2196.926513671875,897.4891967773438,581.957763671875,519.0923461914062,489.6000061035156,454.33984375,448.94879150390625,567.166259765625,710.9595336914062,710.4227294921875,907.41015625,1084.8326416015625
1168,I have heard that the pipefitters've established a picket line at the Payne Creek site today.,en_multilingual_blimp_incorrect_affected.test,21600.703125,1865.7071533203125,1320.548583984375,750.3910522460938,632.2525024414062,734.285888671875,733.4526977539062,895.0216064453125,913.5908203125,999.1473999023438,873.4992065429688,1010.5587768554688,1127.5377197265625
1169,You will be seen like all the other hacks that've stooped to doing abortions when they weren't good enough to maintain a real practice.,en_multilingual_blimp_incorrect_affected.test,21896.841796875,708.393798828125,560.35302734375,509.4332275390625,422.8661804199219,340.8514099121094,340.022216796875,328.1966552734375,366.8643493652344,467.367431640625,385.9000244140625,481.63543701171875,634.197998046875
1170,"All of us here are pleased that the courts've acquitted him and made it clear that in Russia, too, access to environmental information is a constitutional right.",en_multilingual_blimp_incorrect_affected.test,22926.015625,1124.4439697265625,1026.3004150390625,820.7944946289062,943.1964721679688,628.406494140625,654.9585571289062,624.9866943359375,579.2633666992188,568.5173950195312,609.5809326171875,675.0316162109375,790.8230590820312
1171,"The events of the last few years've amplified four issues, which have always existed, but have never been as rampant as in the present upheaval in the region.",en_multilingual_blimp_incorrect_affected.test,27259.1953125,1398.4586181640625,1129.223388671875,1155.1888427734375,957.3546752929688,766.1912841796875,759.9195556640625,671.9537353515625,810.0611572265625,599.5496215820312,684.7776489257812,761.8570556640625,852.4065551757812
1172,"It aims at the heart of the matter, as Agenda 2000 negotiations've reached a critical stage.",en_multilingual_blimp_incorrect_affected.test,22602.67578125,2260.21142578125,1806.4532470703125,1540.41552734375,1613.184326171875,1642.859130859375,1224.2960205078125,1565.961181640625,1599.882568359375,1473.462890625,1443.90771484375,1589.8343505859375,1789.07373046875
1173,Several related issues've resulted in an increase in the level of operating risk for the Merchanting Metals business.,en_multilingual_blimp_incorrect_affected.test,25424.677734375,1497.930908203125,1364.9896240234375,1063.9683837890625,791.7335205078125,530.2586669921875,640.2973022460938,557.4396362304688,632.0032348632812,443.481689453125,581.2156372070312,581.8720092773438,575.5264282226562
1174,The AKP's Islamic conservatives've taken this refusal as justification for the questionings.,en_multilingual_blimp_incorrect_affected.test,27137.751953125,3330.2978515625,1198.4498291015625,1160.56982421875,1034.8673095703125,772.8585205078125,1074.3798828125,1004.05859375,1219.0101318359375,963.0283813476562,1333.281982421875,1206.0572509765625,1360.0933837890625
1175,"That in this Jerusalem street, coolly sweet with night flowers and dark green under the lamps, many other families've lost children.",en_multilingual_blimp_incorrect_affected.test,22132.169921875,3404.760498046875,4094.644775390625,4043.896728515625,2921.5244140625,3488.564697265625,3800.092529296875,3801.9775390625,3930.660400390625,5527.4833984375,6549.04833984375,7286.03564453125,14128.943359375
1176,"My friend, white men've killed more people in Africa than Hitler ever did in Europe.",en_multilingual_blimp_incorrect_affected.test,28190.689453125,2011.556640625,1532.7705078125,1384.0938720703125,937.7437744140625,691.2527465820312,830.496337890625,1116.9796142578125,1203.7188720703125,1397.2762451171875,1189.9793701171875,1616.047607421875,1409.41943359375
1177,"Bangs said these animals are not equipped to survive in the wild, however, and they all almost certainly've died.",en_multilingual_blimp_incorrect_affected.test,27627.587890625,1813.154296875,1603.4232177734375,1559.789794921875,1645.793212890625,1453.5484619140625,1360.4261474609375,1460.344970703125,1711.7352294921875,1931.4212646484375,2119.664794921875,2931.816650390625,4013.368408203125
1178,"In quick summary, Beyond Control, a local band in our area, is sponoring a benefit for a cancer victim whose benefits've run out.",en_multilingual_blimp_incorrect_affected.test,23071.984375,3270.21923828125,5316.0986328125,5508.56005859375,5230.4072265625,5004.869140625,5908.65576171875,7376.8935546875,9154.044921875,10149.044921875,13933.353515625,16634.96484375,19095.98046875
1179,"Our Lecture Slides've greatly benefited from the previous classes taught by Dr. William Schroeder and Dr. Luis Ibanez at RPI,",en_multilingual_blimp_incorrect_affected.test,23882.33984375,3135.20361328125,1107.093505859375,827.0506591796875,810.0066528320312,748.7551879882812,780.098388671875,690.9248657226562,975.0597534179688,848.5806274414062,801.4406127929688,1232.3148193359375,1264.8048095703125
1180,"Some commentators've seen this change in mood as evidence of a more serene view of life on Shakespeare's part, but it may merely reflect the theatrical fashion of the day.",en_multilingual_blimp_incorrect_affected.test,20006.25,1946.935302734375,1096.313720703125,870.634521484375,589.0558471679688,415.0943603515625,418.8283996582031,376.39239501953125,398.81866455078125,353.0152893066406,408.487060546875,405.3311767578125,415.5127868652344
1181,Tropical species've moved up to Florida and the Gulf Coast.,en_multilingual_blimp_incorrect_affected.test,21355.318359375,2587.83349609375,1076.4622802734375,720.6695556640625,769.9860229492188,791.7135009765625,676.2894287109375,731.370849609375,759.4584350585938,865.2200317382812,860.6718139648438,1020.6937866210938,1143.3970947265625
1182,"When you discussed it, i was trying to think back to our remedies and discussions but the 3 years've made it difficult.",en_multilingual_blimp_incorrect_affected.test,22251.701171875,913.2449951171875,604.8584594726562,639.436279296875,674.5846557617188,751.5086669921875,838.0591430664062,961.7278442382812,1295.6138916015625,1424.1068115234375,1491.76806640625,1920.799560546875,2789.3974609375
1183,"People've been fleeing this country at roughly a plane load per week for the past 20+ years, so it's not anything new.",en_multilingual_blimp_incorrect_affected.test,25136.595703125,1929.1046142578125,1042.6795654296875,1089.84326171875,1127.513427734375,982.9663696289062,1040.14990234375,1234.1307373046875,1951.6627197265625,2258.23779296875,2443.91552734375,3138.171142578125,3144.588134765625
1184,"On the morrow he will leave me, as my Hopes've flown before.""",en_multilingual_blimp_incorrect_affected.test,24514.3671875,2095.010009765625,1974.017822265625,1810.7601318359375,2298.3720703125,2154.344970703125,2532.275390625,3306.9912109375,4223.36181640625,3776.5009765625,3694.873779296875,3872.10205078125,6829.63916015625
1185,"Some 20th-century scholars've suggested that Shakespeare may have been employed as a schoolmaster by Alexander Hoghton of Lancashire, a Catholic landowner who named a certain ""William Shakeshafte"" in his will.",en_multilingual_blimp_incorrect_affected.test,21872.068359375,4395.0078125,2122.49267578125,1315.8807373046875,1311.2113037109375,942.5045776367188,940.7601928710938,911.260986328125,897.4027709960938,1047.768798828125,857.490966796875,1059.32666015625,1230.0386962890625
1186,"I have been advised by our Construction Manager, Mr. Joe Osler that while he was visiting the City of Lake Worth Building Planning and Zoning dept regarding our permit status he learned that the pipefitters've inquired about permit requirements to picket our site.",en_multilingual_blimp_incorrect_affected.test,22532.36328125,2867.31005859375,1794.469970703125,1445.751220703125,1622.70849609375,1488.969482421875,1755.5335693359375,2153.9462890625,2647.719482421875,2833.757568359375,2714.3134765625,3431.483642578125,4421.74609375
1187,I've pasted the email for those who'ven't seen or would like to re-read it.,en_multilingual_blimp_incorrect_affected.test,21354.767578125,1823.4720458984375,1089.2874755859375,1082.718017578125,954.8252563476562,879.0090942382812,692.2077026367188,911.747802734375,955.3248901367188,1067.7587890625,1431.422119140625,1119.12109375,1256.6973876953125
1188,"My neighbourhood has been surrounded by American troops for three days now, helicopters've been circling over our heads non-stop.",en_multilingual_blimp_incorrect_affected.test,25755.158203125,2671.875244140625,949.2216796875,606.0331420898438,533.2354736328125,413.830078125,378.0856018066406,360.6804504394531,344.927001953125,459.0501708984375,519.0988159179688,511.3966369628906,580.8648681640625
1189,"The excellent windows've performed without any problems, but that's not why I'm writing my review.",en_multilingual_blimp_incorrect_affected.test,30290.177734375,3774.01318359375,2283.473876953125,3269.006103515625,2349.557861328125,1896.7095947265625,1752.32958984375,1395.83642578125,2636.296875,1616.7265625,1925.53515625,2397.11328125,3438.228515625
1190,"In addition to their awareness and training content, the Pericles actions've led to a number of structural and other improvements in Member Sates and in third countries.",en_multilingual_blimp_incorrect_affected.test,24507.21484375,1537.4031982421875,1358.31494140625,1288.51708984375,1239.945556640625,957.1063232421875,1064.911376953125,1285.041748046875,1552.992431640625,1849.727783203125,2064.57666015625,2995.6376953125,3008.8310546875
1191,"Ingenious, really, how many ways Muggles've found of getting along without magic.",en_multilingual_blimp_incorrect_affected.test,24947.76171875,5963.73876953125,5148.310546875,3683.8857421875,3187.857666015625,3845.5029296875,5614.03076171875,6217.70458984375,7221.71435546875,8370.091796875,11947.1435546875,8724.53515625,16067.0283203125
1192,"""When dandelions've set the mark of May on Wisconsin pastures, it is time to listen for the final proof of spring,"" wrote Aldo Leopold in ""A Sand County Almanac.""",en_multilingual_blimp_incorrect_affected.test,22789.466796875,2729.35986328125,2063.245849609375,2052.940673828125,2283.463134765625,1987.515625,1964.8194580078125,2015.3231201171875,2335.387939453125,1988.3829345703125,2727.871337890625,2880.671875,3339.49853515625
1193,"In the Netherlands, authorities've taken a lower-tech approach to tracking drones.",en_multilingual_blimp_incorrect_affected.test,22819.349609375,6602.6923828125,6187.56640625,4303.17041015625,3076.95703125,3684.683349609375,4851.70458984375,6374.04052734375,7160.083984375,7176.54541015625,10404.53515625,8725.2431640625,17015.345703125
1194,"For example, students must trust that teachers've made appropriate decisions about the structure and content of the courses they teach, and teachers must trust that the assignments that students turn in are their own.",en_multilingual_blimp_incorrect_affected.test,23804.185546875,1610.7991943359375,1152.7528076171875,1053.282470703125,921.8074340820312,966.1947631835938,1108.6566162109375,872.0367431640625,1111.78857421875,1121.51708984375,1351.8193359375,1573.0762939453125,1334.8621826171875
1195,"Throughout history, tyrants've known that by denying the right of oppressed peoples to form and nurture families, they can kill the spirit of those peoples.",en_multilingual_blimp_incorrect_affected.test,22901.671875,2323.435302734375,1697.9310302734375,1319.590576171875,1611.56201171875,1343.938232421875,1496.8563232421875,1513.23974609375,1491.9793701171875,1301.8966064453125,1772.2552490234375,1856.7601318359375,2030.7371826171875
1196,While Iran's conventional army is not what it was during the heyday of the Iran-Iraq war - their armaments've deteriorated and the veterans of that last war have retired - the nation enjoys substantial military strength nonetheless.,en_multilingual_blimp_incorrect_affected.test,22873.078125,2677.698974609375,1810.31982421875,1708.9737548828125,1169.1971435546875,890.4989624023438,860.7728271484375,992.696044921875,977.5452270507812,1163.3267822265625,1085.09912109375,1368.7960205078125,1565.242919921875
1197,"Nato and US officials've already voiced fears that Bosnian arms - sold by US, British and Swiss firms - are being passed to insurgents.",en_multilingual_blimp_incorrect_affected.test,23152.501953125,3627.412109375,2293.51025390625,1879.87744140625,1561.007080078125,1340.973876953125,1376.146728515625,1291.2208251953125,1367.4267578125,1296.07861328125,1289.0264892578125,1618.063232421875,1986.76611328125
1198,"In addition, the police forces've successfully conducted a number of operations to dismantle workshops and seize large numbers of counterfeit banknotes and coins before they enter into circulation.",en_multilingual_blimp_incorrect_affected.test,22207.669921875,2891.466552734375,1743.9852294921875,1106.9625244140625,629.6954345703125,479.9570007324219,448.45050048828125,524.549072265625,552.48193359375,607.8739013671875,778.9650268554688,635.4541625976562,819.1726684570312
1199,"Ever since the first whispers about Google's IPO, most investors've feared that the stock would come public at such a ridiculously high price that, even with a spectacularly profitable business model and some nearly flawless execution, the price would be too high for investors to make a real profit.",en_multilingual_blimp_incorrect_affected.test,23393.15625,2236.559814453125,1478.5648193359375,1080.1046142578125,1011.1829833984375,896.2557983398438,753.4865112304688,681.6043090820312,757.4197998046875,723.2310791015625,738.08203125,1142.2733154296875,1260.6025390625
1200,The ACIA found Arctic winter temperatures've increased 4 degrees to 7 degrees Fahrenheit in the last 50 years and should go up about twice that much in the next 100 years.,en_multilingual_blimp_incorrect_affected.test,23544.7265625,1392.5787353515625,819.1808471679688,783.7855834960938,486.03387451171875,369.7230224609375,278.7151794433594,254.4451904296875,288.21942138671875,271.0858459472656,362.65887451171875,360.1966552734375,353.18231201171875
1201,"The consulted sources've said that it is ""100% Cospedal"".",en_multilingual_blimp_incorrect_affected.test,22131.767578125,3482.800537109375,3003.9111328125,2887.996826171875,3860.75634765625,4777.66552734375,3570.612548828125,3942.06884765625,7079.859375,7695.609375,6213.86328125,11888.99609375,9490.7373046875
1202,Several analysts've suggested Huawei is best placed to benefit from Samsung's setback.,en_multilingual_blimp_incorrect_affected.test,21322.43359375,5377.10693359375,2763.604736328125,1397.84326171875,1182.01171875,904.053955078125,815.7957763671875,1070.6663818359375,1046.6123046875,968.437744140625,1748.0198974609375,1477.0025634765625,1792.605712890625
1203,Relief agencies are trying to help hundreds of thousands of displaced people while authorities've vowed to restore security in New Orleans following a breakdown of law and order.,en_multilingual_blimp_incorrect_affected.test,18294.240234375,1484.8642578125,803.1138916015625,660.1848754882812,478.6017761230469,432.7125549316406,331.5887451171875,432.1776123046875,460.015380859375,411.84185791015625,483.1844787597656,518.9141845703125,657.0628051757812
1204,They've messed up my order and.... The food was just not good!,en_multilingual_blimp_incorrect_affected.test,18754.8671875,2227.919921875,1526.1390380859375,3065.197509765625,3476.385986328125,2007.4010009765625,1999.03515625,2067.412841796875,3265.656494140625,4179.7431640625,3609.24755859375,5304.90673828125,5173.03173828125
1205,"""Other friends've flown before —",en_multilingual_blimp_incorrect_affected.test,12644.1875,12295.9423828125,4616.14404296875,5802.212890625,3791.22412109375,3161.303466796875,3401.868408203125,3886.96044921875,5703.76025390625,5648.76171875,8614.9599609375,5043.43017578125,8566.6962890625
1206,"By and large, most advanced economies've fulfilled this promise, with living standards rising over recent generations, despite setbacks from wars and financial crises.",en_multilingual_blimp_incorrect_affected.test,26420.494140625,7881.33740234375,6891.56640625,6130.95947265625,5904.458984375,4418.50048828125,4678.6396484375,3875.45654296875,4114.35400390625,4464.9853515625,5182.1123046875,5678.9287109375,6837.02978515625
1207,"As a result, north of the Andaman Islands, Bangladeshi coastal areas've become a nest of terrorists involved in the shipment of drugs and arms.",en_multilingual_blimp_incorrect_affected.test,23475.087890625,2234.629150390625,2043.1346435546875,1679.8460693359375,1765.7364501953125,1447.81396484375,1496.9747314453125,1692.75634765625,1674.0478515625,1629.020751953125,1706.2557373046875,1976.4666748046875,2577.045166015625
1208,"(This is a largely Sunni Arab clan, and some Sunni observers've accused Shiite elements in the government of being behind the assassination; it is more likely the work of Sunni Arab guerrillas punishing the Batawi leaders for cooperating with the Dec. 15 elections.)",en_multilingual_blimp_incorrect_affected.test,23730.33984375,2793.97802734375,1902.9910888671875,2084.029052734375,1614.02001953125,1660.928466796875,1748.44091796875,1898.9747314453125,1684.6092529296875,2085.874267578125,2188.808349609375,2586.665283203125,3159.612548828125
1209,"These wolf packs've flourished, and now there are an estimated 850 wolves roaming the northern Rockies, where merely 10 years ago there were none.",en_multilingual_blimp_incorrect_affected.test,22002.69921875,3900.997802734375,3228.869873046875,3098.127685546875,1931.1561279296875,1939.06005859375,2071.393310546875,2498.937255859375,2822.155517578125,2593.837646484375,2807.734130859375,3037.144287109375,3689.029052734375
1210,"The events of the last few years have amplified four issues, which've always existed, but have never been as rampant as in the present upheaval in the region.",en_multilingual_blimp_incorrect_affected.test,26102.2265625,1556.4591064453125,1171.4197998046875,1211.1136474609375,1103.1617431640625,800.8966064453125,826.9437866210938,706.9121704101562,799.1982421875,703.2267456054688,701.3353271484375,721.80615234375,938.527099609375
1211,"""In the foreign policy field the Soviets've had an almost uninterrupted series of defeats and disappointments.",en_multilingual_blimp_incorrect_affected.test,21421.447265625,3418.1416015625,842.4041748046875,600.6649780273438,505.7060241699219,448.7275085449219,375.78839111328125,348.82550048828125,384.205322265625,449.1246032714844,529.0115966796875,380.2370910644531,492.85302734375
1212,Some Armenian prelates've joined us for coffee and take part in the discussion.,en_multilingual_blimp_incorrect_affected.test,21213.19140625,1664.382080078125,1225.915283203125,1070.0570068359375,585.77197265625,657.1342163085938,537.5486450195312,654.2406616210938,858.0931396484375,864.0985107421875,1084.2120361328125,866.7337646484375,1110.659423828125
1213,"If these weapons've gone missing it's a terrifying prospect.""",en_multilingual_blimp_incorrect_affected.test,20649.330078125,5322.68896484375,2723.836669921875,1589.63720703125,2564.64306640625,2833.006591796875,2259.37109375,2473.769775390625,2225.13525390625,3809.68310546875,6416.50732421875,2848.417236328125,4999.86962890625
1214,"""Realism is nothing if not urban"", note critic Peter Brooks;",en_multilingual_blimp_incorrect_affected.test,20435.576171875,21665.380859375,16714.365234375,14537.4326171875,19992.306640625,19163.1328125,18816.873046875,13548.20703125,14086.5087890625,16810.986328125,21662.509765625,16801.46484375,25104.4453125
1215,How'm the site doing?,en_multilingual_blimp_incorrect_affected.test,20054.7890625,6328.2080078125,3614.14892578125,4870.0341796875,10801.6025390625,6515.47705078125,2563.587890625,2440.80126953125,3412.2529296875,2381.27880859375,6156.810546875,4052.0927734375,3610.173583984375
1216,Compounding this'm the well-based suspicion that Syria has perhaps the most advanced chemical weapons capability in the Persian Gulf.,en_multilingual_blimp_incorrect_affected.test,22361.857421875,3370.168212890625,1875.51611328125,1452.3553466796875,1012.1989135742188,961.6939086914062,705.5836181640625,743.9638061523438,838.9559326171875,740.9605102539062,1169.1553955078125,1437.37060546875,1079.5325927734375
1217,"""Most striking'm the disappointing performance of Soviet foreign and domestic policy since the late 1950s, ""they wrote in 1972.",en_multilingual_blimp_incorrect_affected.test,23798.080078125,4681.5859375,1847.2464599609375,1769.126953125,1661.910888671875,1173.4017333984375,916.492431640625,904.6917724609375,1357.34765625,1371.030029296875,1725.7677001953125,1755.959716796875,1988.2862548828125
1218,on the earliest flight from san francisco to atlanta on delta'm a meal being served,en_multilingual_blimp_incorrect_affected.test,21844.69921875,5370.275390625,4001.67724609375,2552.97607421875,3247.53759765625,3204.750732421875,1766.0926513671875,2823.865234375,4098.0556640625,2571.79248046875,4626.67724609375,4810.4736328125,6803.8828125
1219,Does she have any interest in meeting one-on-one or'm she just looking for a public hanging?,en_multilingual_blimp_incorrect_affected.test,27298.73828125,1714.9100341796875,1280.0604248046875,1277.31787109375,899.1829223632812,623.5399780273438,602.6273803710938,670.694091796875,1027.804931640625,949.3438720703125,1105.373779296875,1148.43994140625,1066.3045654296875
1220,what am fare code qo mean,en_multilingual_blimp_incorrect_affected.test,18658.88671875,6307.3369140625,4951.78076171875,4043.79296875,6983.34326171875,5459.013671875,8738.533203125,9680.546875,11149.2880859375,15087.5029296875,11752.97265625,23372.908203125,34607.3515625
1221,Compounding this am the well-based suspicion that Syria has perhaps the most advanced chemical weapons capability in the Persian Gulf.,en_multilingual_blimp_incorrect_affected.test,19571.529296875,2919.36181640625,1609.6651611328125,1354.9176025390625,938.0703125,927.5318603515625,734.54638671875,819.5907592773438,922.4595336914062,1040.4534912109375,1264.084228515625,1804.3182373046875,1499.77978515625
1222,"""Most striking am the disappointing performance of Soviet foreign and domestic policy since the late 1950s, ""they wrote in 1972.",en_multilingual_blimp_incorrect_affected.test,24893.787109375,4326.82861328125,1804.322509765625,1406.7921142578125,1225.634765625,1067.2269287109375,953.9910888671875,927.8202514648438,1369.4710693359375,1550.5189208984375,1789.4500732421875,1997.0115966796875,2144.02099609375
1223,what'm fare code qo mean,en_multilingual_blimp_incorrect_affected.test,23137.40234375,6019.79443359375,3690.531494140625,5544.2822265625,6484.21044921875,6289.34765625,6064.6884765625,6169.33544921875,6892.11181640625,7650.4384765625,10574.2109375,13844.7666015625,16639.216796875
1224,"But getting past who should get them, am who has them, and who is really close.",en_multilingual_blimp_incorrect_affected.test,29292.634765625,961.143798828125,1890.5252685546875,2224.859375,2400.266845703125,2513.8681640625,2783.914794921875,1631.6895751953125,2966.1240234375,2839.119140625,4045.80615234375,4232.7890625,5091.02490234375
1225,Why am it stil doing this even though I don't have the other phone connected?,en_multilingual_blimp_incorrect_affected.test,16152.6796875,1073.7181396484375,540.604736328125,827.9830322265625,858.2755737304688,782.2509765625,810.5321044921875,1085.5794677734375,1376.960693359375,1621.2574462890625,1759.2081298828125,2354.8798828125,2560.031982421875
1226,How'm it going?,en_multilingual_blimp_incorrect_affected.test,24867.900390625,7445.8916015625,4504.27685546875,7035.4306640625,14958.8466796875,9714.1728515625,4881.2958984375,6525.88671875,9458.443359375,7154.57568359375,20230.6328125,11117.763671875,6404.75048828125
1227,How am the site doing?,en_multilingual_blimp_incorrect_affected.test,15249.751953125,3333.10986328125,2987.256103515625,2004.3154296875,2392.56396484375,1252.340087890625,1033.4412841796875,1057.3433837890625,810.9132690429688,729.9656982421875,921.0723876953125,962.2030639648438,1596.174072265625
1228,Does she have any interest in meeting one-on-one or am she just looking for a public hanging?,en_multilingual_blimp_incorrect_affected.test,25662.11328125,1406.1690673828125,1116.026611328125,1111.9449462890625,827.47314453125,562.7095947265625,506.3212585449219,519.2228393554688,702.9889526367188,678.3687133789062,727.3837280273438,739.9683837890625,621.3602294921875
1229,what'm fare code y mean,en_multilingual_blimp_incorrect_affected.test,20445.12890625,13631.28125,8993.072265625,22171.1875,35835.671875,45931.6640625,47538.79296875,48918.578125,70080.65625,81029.953125,168293.125,114031.9296875,226932.515625
1230,Why'm it stil doing this even though I don't have the other phone connected?,en_multilingual_blimp_incorrect_affected.test,17223.84765625,1614.409423828125,785.1074829101562,1176.10400390625,1042.97900390625,887.45751953125,1014.3499145507812,1308.982421875,1665.248046875,1946.2122802734375,2214.867919921875,2911.4599609375,3137.18359375
1231,How am it going?,en_multilingual_blimp_incorrect_affected.test,19233.896484375,2394.81689453125,2077.48046875,1632.5689697265625,981.2359619140625,740.5853881835938,1096.1270751953125,1473.8338623046875,1623.44287109375,1352.222900390625,2200.34326171875,2266.240966796875,1615.1417236328125
1232,"This is, after all, his business, and if he wants you to remain a customer why on earth am he doing shoddy work?",en_multilingual_blimp_incorrect_affected.test,27219.76171875,1263.6539306640625,1857.5687255859375,1941.56103515625,1702.5611572265625,1432.60546875,1240.8670654296875,1184.465576171875,1549.6104736328125,1622.215576171875,1365.9754638671875,2014.1663818359375,2221.6005859375
1233,"Not only am the army facing serious political fallout, growing anti-Americanism and anti-army feeling in the tribal areas but it is also taking heavy casualties -between 400-500 Pakistani soldiers have been killed in the region since March.",en_multilingual_blimp_incorrect_affected.test,26105.76171875,3123.0400390625,2142.573974609375,1865.156494140625,1386.5809326171875,1151.7490234375,1062.5010986328125,906.632080078125,960.8441162109375,1041.9967041015625,1010.6889038085938,1167.8961181640625,1341.6466064453125
1234,"This is, after all, his business, and if he wants you to remain a customer why on earth'm he doing shoddy work?",en_multilingual_blimp_incorrect_affected.test,27346.421875,1602.94775390625,2279.3935546875,2404.715087890625,2025.4058837890625,1894.425537109375,1683.366943359375,1887.27734375,2583.613037109375,2339.45166015625,2259.83447265625,3249.33154296875,3435.14111328125
1235,on the earliest flight from san francisco to atlanta on delta am a meal being served,en_multilingual_blimp_incorrect_affected.test,23062.65625,4478.66650390625,3967.82568359375,2360.1533203125,3133.23388671875,2966.7138671875,2124.797607421875,2814.5517578125,4073.045166015625,2741.443115234375,4667.53857421875,4603.9482421875,6044.38134765625
1236,"But getting past who should get them,'m who has them, and who is really close.",en_multilingual_blimp_incorrect_affected.test,26911.546875,1033.217529296875,1796.9539794921875,2350.995849609375,2008.664794921875,2180.365478515625,1830.6412353515625,1191.3663330078125,2441.39404296875,2298.682373046875,3417.7568359375,3668.005126953125,5309.203125
1237,"Not only'm the army facing serious political fallout, growing anti-Americanism and anti-army feeling in the tribal areas but it is also taking heavy casualties -between 400-500 Pakistani soldiers have been killed in the region since March.",en_multilingual_blimp_incorrect_affected.test,24861.947265625,3398.9306640625,2237.779052734375,2009.608642578125,1488.036865234375,1252.278564453125,1187.1156005859375,1031.4857177734375,1072.064697265625,1111.7864990234375,1038.405517578125,1366.0262451171875,1487.2919921875
1238,what am fare code y mean,en_multilingual_blimp_incorrect_affected.test,19296.3828125,18207.890625,17874.4609375,14647.3447265625,45671.55078125,61697.625,127052.8515625,119638.875,167488.234375,225890.25,242308.359375,230497.828125,818122.25
1239,all right what i 'd like to do'm find the cheapest one way fare from boston to denver,en_multilingual_blimp_incorrect_affected.test,25671.90234375,2105.688232421875,1605.2110595703125,1850.2103271484375,1490.2928466796875,1298.263916015625,1420.6260986328125,1905.8863525390625,1752.3453369140625,2540.234375,4120.66015625,6467.6962890625,8354.1669921875
1240,"It is never over, especially when a real solution, a real treatment for our sickness, am yet to begin.",en_multilingual_blimp_incorrect_affected.test,21114.6953125,1446.609130859375,2411.903076171875,2696.06103515625,2874.86328125,3111.641845703125,3137.5576171875,2925.42626953125,3224.816650390625,3336.80224609375,3784.80810546875,6465.60546875,7383.4111328125
1241,"Of course, the potential of educated, empowered women to drive sustained economic growth'm not limited to South Korea.",en_multilingual_blimp_incorrect_affected.test,21853.6796875,4052.3515625,3059.56689453125,2829.943115234375,2725.668701171875,1854.3642578125,1780.8543701171875,2251.134521484375,2552.030517578125,2244.076171875,2746.5302734375,3473.6884765625,4779.23779296875
1242,"It is never over, especially when a real solution, a real treatment for our sickness,'m yet to begin.",en_multilingual_blimp_incorrect_affected.test,20699.826171875,1441.6043701171875,2576.140869140625,3127.257568359375,3062.322509765625,3183.55859375,2759.371337890625,2485.971923828125,2740.5673828125,2723.9443359375,3792.630615234375,5725.04150390625,6497.30908203125
1243,"Of course, the potential of educated, empowered women to drive sustained economic growth am not limited to South Korea.",en_multilingual_blimp_incorrect_affected.test,22966.65234375,3076.314208984375,2607.00732421875,2367.239501953125,1997.8203125,1338.921630859375,1620.92578125,1834.294677734375,2033.8033447265625,1725.1195068359375,2058.578125,2729.108642578125,3003.896728515625
1244,"I heard that a company (here is a link: http://news.yahoo.com/nestl-purina-releases-commercial-aimed-dogs-183443091.html )'m trying to make a dog food commercial aimed at dogs, complete with squeaky chew-toy sounds, and high pitched sounds that humans can't hear.",en_multilingual_blimp_incorrect_affected.test,25583.892578125,4011.53173828125,1636.14453125,1265.827392578125,1243.083740234375,853.3134155273438,908.931884765625,1011.231201171875,1169.576904296875,1133.9864501953125,1271.2430419921875,1849.96240234375,2051.518798828125
1245,"I heard that a company (here is a link: http://news.yahoo.com/nestl-purina-releases-commercial-aimed-dogs-183443091.html ) am trying to make a dog food commercial aimed at dogs, complete with squeaky chew-toy sounds, and high pitched sounds that humans can't hear.",en_multilingual_blimp_incorrect_affected.test,25644.62109375,3980.032958984375,1611.1962890625,1252.99169921875,1234.110595703125,807.3536987304688,878.4501953125,984.684814453125,1166.01806640625,1199.6241455078125,1315.910888671875,1832.0263671875,1921.12841796875
1246,all right what i 'd like to do am find the cheapest one way fare from boston to denver,en_multilingual_blimp_incorrect_affected.test,25328.912109375,1690.708984375,1576.8807373046875,1596.51953125,1568.5035400390625,1529.412109375,1773.839599609375,2252.971923828125,2272.796875,2857.9951171875,4861.6533203125,7016.54150390625,8226.435546875
1247,"The investigative committee, headed by state Sen. Joe Dunn, D-Santa Ana,'m focusing on a series of events last fall filled with enough Shakespearean plot twists and intrigue that it has earned a name around the Capitol: ""the palace coup.""",en_multilingual_blimp_incorrect_affected.test,26725.888671875,3515.017333984375,2733.13134765625,2412.877197265625,1770.7017822265625,1333.2564697265625,1373.27294921875,1172.63818359375,1419.1534423828125,1367.5245361328125,1518.0537109375,1907.391845703125,2079.647216796875
1248,"My group, the Liberal group,'m presently focusing its attention on non-European Union nationals.",en_multilingual_blimp_incorrect_affected.test,30016.130859375,5884.60986328125,5644.94921875,5038.98779296875,3600.99267578125,2555.921142578125,3113.749755859375,3122.64990234375,3181.067138671875,2894.784423828125,4228.60546875,4442.19091796875,6352.890625
1249,what kind of plane'm used on the earliest flight from boston to san francisco afternoon,en_multilingual_blimp_incorrect_affected.test,18430.55078125,3311.73193359375,2463.082275390625,1274.869873046875,1714.526611328125,1507.423583984375,1399.263671875,2082.74072265625,1986.5595703125,2096.573974609375,2672.42431640625,3019.907470703125,3119.890625
1250,"The former Iraqi leader Saddam Hussein'm refusing to enter the Baghdad courtroom, in protest at how his trial is being conducted.",en_multilingual_blimp_incorrect_affected.test,25435.54296875,4584.12744140625,2321.876708984375,1139.8565673828125,854.163818359375,616.9558715820312,544.50634765625,447.3089904785156,649.5385131835938,438.6266784667969,469.4396667480469,580.029541015625,812.25
1251,"The dynamics of change in the state of health of children affected by the Chernobyl accident in all three countries - Belarus, Russia, and Ukraine - in the post-accident period is characterized by persistent negative tendencies: the morbidity rate is going up, the number of really healthy children is dropping, and disability am increasing.",en_multilingual_blimp_incorrect_affected.test,22374.65625,1759.4271240234375,1424.6256103515625,1184.5609130859375,1049.3382568359375,923.9232177734375,887.865966796875,831.07275390625,1084.7752685546875,1179.27685546875,1257.5341796875,1725.26416015625,1840.465087890625
1252,"He sits down, saying that the influence of Yasir Arafat'm evidently weakening and fading.",en_multilingual_blimp_incorrect_affected.test,23283.384765625,2157.0390625,1198.034423828125,992.9024047851562,1003.2440185546875,842.8357543945312,1049.971923828125,1186.1741943359375,1021.107666015625,1296.6356201171875,1719.565185546875,2048.842041015625,3629.934814453125
1253,"China's economy am exploding, hampered only by their great thirst for petroleum and natural gas to fuel their industry.",en_multilingual_blimp_incorrect_affected.test,24069.650390625,3514.4306640625,2221.30712890625,1641.5115966796875,1003.71484375,733.0320434570312,551.2921752929688,657.45703125,520.0519409179688,466.75006103515625,539.6060180664062,451.3498229980469,506.8302307128906
1254,My kid'm making wonderful grades and has reassured me she will graduate within the four year period.,en_multilingual_blimp_incorrect_affected.test,24042.900390625,2539.802001953125,1872.0198974609375,1721.25830078125,1496.099853515625,1622.614013671875,1725.1646728515625,2158.713134765625,1797.385986328125,2647.88232421875,2427.70947265625,2244.358642578125,2983.84765625
1255,"The investigative committee, headed by state Sen. Joe Dunn, D-Santa Ana, am focusing on a series of events last fall filled with enough Shakespearean plot twists and intrigue that it has earned a name around the Capitol: ""the palace coup.""",en_multilingual_blimp_incorrect_affected.test,27702.015625,3721.410400390625,2693.686279296875,2236.85302734375,1835.003173828125,1438.4600830078125,1498.3631591796875,1367.8115234375,1472.589111328125,1505.505615234375,1756.0458984375,2116.655029296875,2242.3154296875
1256,"""Across the United States, the northern edge of species'range'm expanding,"" she said.",en_multilingual_blimp_incorrect_affected.test,21238.779296875,3457.98828125,3792.258056640625,3339.552490234375,3546.95361328125,4142.36181640625,4080.18310546875,4757.564453125,4300.92236328125,3523.28662109375,6536.5068359375,5068.6337890625,8763.486328125
1257,"""Across the United States, the northern edge of species'range am expanding,"" she said.",en_multilingual_blimp_incorrect_affected.test,22134.005859375,3204.84228515625,3741.49169921875,3267.182861328125,3788.751708984375,4587.5517578125,4295.10595703125,5015.5576171875,4696.36962890625,4155.2919921875,8600.9296875,6109.42822265625,8663.7021484375
1258,"But a scan has shown the tumour in Ms Pugh's right lung'm growing, and she has had to leave the trial.",en_multilingual_blimp_incorrect_affected.test,24168.51171875,1583.6934814453125,1829.9788818359375,1981.08349609375,2370.9345703125,2092.88818359375,2382.53955078125,2249.38037109375,2108.73681640625,2556.68310546875,3281.86669921875,2996.6005859375,4173.4375
1259,"Mr President, ladies and gentlemen, the present proposal for a regulation'm certainly to be welcomed.",en_multilingual_blimp_incorrect_affected.test,24329.279296875,2964.8388671875,2697.74560546875,2207.322265625,1325.236572265625,826.5452270507812,922.4107055664062,1063.186279296875,1159.4971923828125,1405.8271484375,1478.458984375,1235.4083251953125,2037.240234375
1260,a rare form of retardation am showing up in that group more than anywhere else in the world.,en_multilingual_blimp_incorrect_affected.test,21176.767578125,858.4107055664062,544.84033203125,387.93780517578125,381.2530517578125,273.409423828125,246.04164123535156,230.27951049804688,235.90652465820312,227.44631958007812,253.61181640625,265.8647766113281,273.49017333984375
1261,Increased car usage in China am creating a high demand for petrol,en_multilingual_blimp_incorrect_affected.test,27932.865234375,2518.4189453125,1155.046142578125,854.6820678710938,478.7816467285156,324.0168762207031,279.5490417480469,280.0058288574219,311.1977233886719,273.6066589355469,333.87628173828125,454.4258728027344,257.891357421875
1262,Now imagine that infinite happiness am surrounding you in every direction.,en_multilingual_blimp_incorrect_affected.test,26131.14453125,2602.469970703125,2675.92724609375,2365.559326171875,1889.615966796875,1747.6273193359375,2059.343017578125,1913.4715576171875,2184.28955078125,2326.760009765625,2686.709228515625,2980.3115234375,3251.04248046875
1263,"Mr President, ladies and gentlemen, the present proposal for a regulation am certainly to be welcomed.",en_multilingual_blimp_incorrect_affected.test,27021.33203125,2357.91943359375,2719.015869140625,2019.5211181640625,1046.984619140625,838.0882568359375,1242.639892578125,1283.2359619140625,1345.094970703125,1709.3878173828125,1725.1934814453125,1394.807861328125,2510.83837890625
1264,Our son Stephen'm looking after it tonight.,en_multilingual_blimp_incorrect_affected.test,20241.052734375,4571.00048828125,3426.6015625,4183.45166015625,5948.02783203125,4041.460205078125,3474.50341796875,4520.388671875,6912.056640625,6900.14892578125,6169.6181640625,4273.90771484375,8435.642578125
1265,"OBSERVATION--The pressure to finger somebody for ""price gouging"" am increasing.",en_multilingual_blimp_incorrect_affected.test,25785.830078125,11064.201171875,4513.15185546875,3562.74169921875,3913.032958984375,3218.12841796875,3780.81103515625,3344.70654296875,5379.5947265625,3782.697265625,4807.052734375,4851.6904296875,4348.82861328125
1266,"OBSERVATION--The pressure to finger somebody for ""price gouging""'m increasing.",en_multilingual_blimp_incorrect_affected.test,25920.32421875,9000.76953125,4191.6025390625,3165.05908203125,3477.075927734375,2487.922607421875,2562.8154296875,2241.3203125,4142.54345703125,2798.52734375,3889.79736328125,3626.810302734375,3737.9892578125
1267,"You can go further and feel that your unit consciousness, a dot in the Infinite Consciousness,'m merging with Infinity.",en_multilingual_blimp_incorrect_affected.test,24286.27734375,2421.65576171875,1599.3585205078125,1289.4630126953125,1086.924072265625,670.451416015625,553.4448852539062,467.5031433105469,872.5013427734375,666.6034545898438,718.5674438476562,1058.264892578125,1015.8510131835938
1268,"And the Raven, never flitting, still am sitting, still is sitting On the pallid bust of Pallas just above my chamber door;",en_multilingual_blimp_incorrect_affected.test,23356.353515625,5066.826171875,4748.1865234375,5022.59912109375,4457.693359375,3143.544921875,3152.058349609375,3883.599853515625,4459.427734375,5997.3837890625,5419.677734375,7375.73291015625,14568.091796875
1269,"But a scan has shown the tumour in Ms Pugh's right lung am growing, and she has had to leave the trial.",en_multilingual_blimp_incorrect_affected.test,23400.20703125,1610.2823486328125,1754.6138916015625,2105.062744140625,2090.38671875,1855.14501953125,2389.093505859375,2324.879150390625,2323.114990234375,3100.468505859375,3540.03271484375,3736.289306640625,4824.123046875
1270,"My group, the Liberal group, am presently focusing its attention on non-European Union nationals.",en_multilingual_blimp_incorrect_affected.test,29869.01171875,8018.02685546875,5813.52294921875,4504.904296875,3643.74951171875,2720.64599609375,3745.668701171875,3716.3955078125,3715.470703125,3809.639404296875,5673.1533203125,5596.9189453125,6573.92822265625
1271,"The air, the very air, am thought-nourishing in Jerusalem, the Sages themselves said so.",en_multilingual_blimp_incorrect_affected.test,23971.626953125,2691.611572265625,5614.935546875,6249.2412109375,9619.7783203125,10251.49609375,10276.7705078125,17402.431640625,17117.640625,22072.265625,25831.044921875,24962.896484375,23120.529296875
1272,"At the same time, the number of counterfeit euro coins'm continuing to increase but also remains low by historical standards.",en_multilingual_blimp_incorrect_affected.test,25675.427734375,2560.62158203125,2096.600830078125,1622.9290771484375,1264.058837890625,1390.747314453125,1290.6976318359375,1269.4329833984375,1478.337890625,1291.11865234375,1460.17431640625,1578.8189697265625,1699.846923828125
1273,"Then k am strictly increasing, by the construction of ⪯.",en_multilingual_blimp_incorrect_affected.test,27839.361328125,9170.4716796875,6939.07666015625,4729.255859375,9660.865234375,16707.3359375,9324.4140625,20363.03125,23653.8125,23031.73046875,31872.38671875,29727.37890625,36435.15234375
1274,"Bullet-proof vests, automatic weapons, helicopters, tanks, robots... the testosterone'm oozing through the streets, more prisons, longer sentences, tighten the belt, spartan conditions, task forces, gang units, gun courts.",en_multilingual_blimp_incorrect_affected.test,25385.548828125,5903.3330078125,18329.90234375,20261.990234375,14290.8837890625,14109.015625,15005.0087890625,17335.77734375,17376.509765625,14415.9267578125,28447.30859375,19677.701171875,43149.62890625
1275,"The air, the very air,'m thought-nourishing in Jerusalem, the Sages themselves said so.",en_multilingual_blimp_incorrect_affected.test,25767.07421875,2593.777099609375,5342.22705078125,6044.9580078125,7501.87890625,8581.078125,7939.16748046875,12925.6689453125,12262.4150390625,15833.025390625,17515.400390625,18484.66015625,20593.06640625
1276,"The worst thing that can happen for any restaurant like Zahav is to have too many people write hyperbolic reviews making claims that ""everyone""'m going to ""love"" the food, decor and service.",en_multilingual_blimp_incorrect_affected.test,23740.865234375,2334.641845703125,2173.24609375,1783.36962890625,1511.9234619140625,1163.0323486328125,1093.2060546875,1127.193603515625,1438.5411376953125,1602.4234619140625,1591.655517578125,2105.99365234375,2584.717041015625
1277,This is not to say that everyone else'm living pleasantly and well under a decent regime.,en_multilingual_blimp_incorrect_affected.test,23793.859375,888.0984497070312,536.9302368164062,653.3396606445312,425.9990539550781,405.2677917480469,469.31768798828125,453.71112060546875,452.7453308105469,473.4810791015625,542.9043579101562,607.8202514648438,851.9338989257812
1278,"But its potential for sustained growth am faltering, owing to the imminent decline of its working-age population – projected to fall by 25% by 2050 – and rising competition from China and other emerging economies.",en_multilingual_blimp_incorrect_affected.test,26429.96875,3504.423828125,2974.879150390625,1887.2332763671875,1601.3778076171875,1227.987548828125,1434.4605712890625,1216.0389404296875,1074.4613037109375,1013.5479125976562,1338.40966796875,1113.3021240234375,1743.64111328125
1279,"You can go further and feel that your unit consciousness, a dot in the Infinite Consciousness, am merging with Infinity.",en_multilingual_blimp_incorrect_affected.test,25330.5546875,2800.734130859375,1562.2662353515625,1167.2724609375,1077.776123046875,668.9387817382812,579.0708618164062,488.1383972167969,806.5806884765625,758.0032348632812,716.1087036132812,999.08740234375,923.90478515625
1280,"The worst thing that can happen for any restaurant like Zahav is to have too many people write hyperbolic reviews making claims that ""everyone"" am going to ""love"" the food, decor and service.",en_multilingual_blimp_incorrect_affected.test,24341.951171875,2166.533935546875,2177.471923828125,1886.6160888671875,1713.0670166015625,1380.17724609375,1331.11767578125,1358.31689453125,1604.50244140625,1797.56689453125,1693.4862060546875,2208.06640625,2390.090576171875
1281,"Steve, I noticed that our allocation from 2000 to 2001 am going up by 21% year on year (ie) $13.9M from $11.5M.",en_multilingual_blimp_incorrect_affected.test,26434.052734375,1785.534423828125,1188.875732421875,991.3502807617188,1328.712890625,1079.48583984375,1029.790771484375,900.1889038085938,1117.4095458984375,1204.615234375,1188.2176513671875,1661.3157958984375,1578.978515625
1282,"The former Iraqi leader Saddam Hussein am refusing to enter the Baghdad courtroom, in protest at how his trial is being conducted.",en_multilingual_blimp_incorrect_affected.test,24598.27734375,4942.31201171875,2627.463134765625,1288.6971435546875,980.4063110351562,628.2396240234375,540.9928588867188,453.4414367675781,573.9087524414062,390.2489929199219,403.83990478515625,559.3655395507812,742.2197875976562
1283,"He sits down, saying that the influence of Yasir Arafat am evidently weakening and fading.",en_multilingual_blimp_incorrect_affected.test,24338.283203125,2328.32177734375,1279.2000732421875,852.819580078125,959.0675659179688,994.3887329101562,1102.57958984375,1181.6832275390625,968.660400390625,1371.477294921875,1362.560791015625,1658.4696044921875,2518.146240234375
1284,It looks like the war between Microsoft and Google'm quickly brewing on the horizon.,en_multilingual_blimp_incorrect_affected.test,29873.2578125,1445.381103515625,810.145751953125,673.8587646484375,585.7275390625,636.5249633789062,627.0588989257812,741.6045532226562,751.64306640625,773.4722900390625,1128.81103515625,889.401123046875,1581.744140625
1285,"According to news accounts, the company am struggling.",en_multilingual_blimp_incorrect_affected.test,25966.9375,4523.39453125,6038.67138671875,4221.23193359375,7086.99267578125,4484.48779296875,5708.09716796875,8084.46630859375,5702.50927734375,5327.85400390625,10900.5849609375,7467.60986328125,7289.51806640625
1286,Our son Stephen am looking after it tonight.,en_multilingual_blimp_incorrect_affected.test,20149.533203125,4231.759765625,2842.21826171875,3494.318359375,4511.53369140625,4521.40625,3965.2421875,3687.368896484375,4875.322265625,6013.17919921875,6413.1484375,5236.7958984375,10191.458984375
1287,Hope your pre Chanukah planning'm going well.,en_multilingual_blimp_incorrect_affected.test,27670.09375,7625.6064453125,5289.2314453125,4355.66015625,6068.87158203125,7177.62744140625,9146.7490234375,8846.5244140625,11712.736328125,7731.419921875,7919.6650390625,9549.9970703125,7614.53173828125
1288,"Glad to hear that they are all healthy and were a good size, and that Mom'm doing well.",en_multilingual_blimp_incorrect_affected.test,25015.375,702.6287231445312,726.31103515625,544.4255981445312,693.6932373046875,584.8057250976562,507.7518615722656,603.7202758789062,767.5361938476562,867.171630859375,618.5430297851562,815.5787353515625,1576.2147216796875
1289,"Steve, I noticed that our allocation from 2000 to 2001'm going up by 21% year on year (ie) $13.9M from $11.5M.",en_multilingual_blimp_incorrect_affected.test,26635.458984375,2355.566162109375,1373.0909423828125,1164.034912109375,1453.246337890625,1130.3482666015625,1010.010498046875,937.8049926757812,1167.754638671875,1225.51025390625,1383.4136962890625,1886.947998046875,1893.1396484375
1290,a rare form of retardation'm showing up in that group more than anywhere else in the world.,en_multilingual_blimp_incorrect_affected.test,21136.939453125,979.5049438476562,653.0481567382812,475.51556396484375,472.26617431640625,305.7371826171875,236.63059997558594,224.0354461669922,247.9859161376953,209.68499755859375,234.24609375,200.35777282714844,284.6037292480469
1291,"At the same time, the number of counterfeit euro coins am continuing to increase but also remains low by historical standards.",en_multilingual_blimp_incorrect_affected.test,26799.98046875,2411.310791015625,2025.4415283203125,1464.010986328125,991.6480712890625,1064.9840087890625,1145.251220703125,1085.4189453125,1196.3970947265625,1223.687744140625,1203.71484375,1387.429443359375,1394.9501953125
1292,"The sender probably'm announcing that he is of either Egyptian Islamic Jihad, Egyptian Islamic Group or Jihad-al Qaeda, which is actually the full name of the group after the merger of the Egyptian Islamic Jihad and al Qaeda.",en_multilingual_blimp_incorrect_affected.test,21290.6328125,2651.179931640625,1651.0777587890625,950.2831420898438,738.3048095703125,551.4701538085938,548.4117431640625,634.4974365234375,677.2988891601562,659.2160034179688,757.533203125,785.9904174804688,857.5797119140625
1293,on the flight from baltimore to san francisco on us air leaving at 420 what type of aircraft'm used,en_multilingual_blimp_incorrect_affected.test,22049.080078125,4314.2451171875,2476.344970703125,1671.4466552734375,2339.109375,2070.623046875,2241.033935546875,4253.779296875,5426.7841796875,3720.129638671875,7021.14013671875,6472.2001953125,7307.57373046875
1294,"The review'm also investigating inflammatory Facebook posts from September, alleged to come from police officers in the northern Ontario city.",en_multilingual_blimp_incorrect_affected.test,25228.216796875,5513.13232421875,2078.739990234375,1355.2762451171875,1381.985595703125,1753.930419921875,1307.164794921875,1199.5853271484375,1799.49560546875,1619.6341552734375,1287.68115234375,1692.174560546875,1675.481201171875
1295,It looks like the war between Microsoft and Google am quickly brewing on the horizon.,en_multilingual_blimp_incorrect_affected.test,25944.1640625,1190.4918212890625,675.1996459960938,603.2029418945312,596.9678955078125,581.362548828125,684.574951171875,816.2533569335938,826.204345703125,769.0807495117188,1103.745849609375,1124.9808349609375,1413.202880859375
1296,"Barb does an AMAZING JOB, she'm always learning new things on how to use her hands and body, to give every person an AWESOME MASSAGE, CALL TODAY AND SCHEDULE YOU MUST SEE HER, YOU WILL FALL IN LOVE SHE IS THE BEST OF THE BEST!",en_multilingual_blimp_incorrect_affected.test,27027.18359375,5094.91015625,864.7279052734375,576.4723510742188,426.1990051269531,346.28985595703125,312.292236328125,321.5758361816406,416.7221374511719,352.94964599609375,382.765869140625,518.5545654296875,503.4013977050781
1297,"And the Raven, never flitting, still'm sitting, still is sitting On the pallid bust of Pallas just above my chamber door;",en_multilingual_blimp_incorrect_affected.test,21675.3203125,6116.6162109375,5129.84375,6057.4921875,4649.22607421875,3313.456787109375,3235.25634765625,3889.418701171875,4348.38037109375,5695.498046875,4405.52392578125,5807.328125,11317.640625
1298,"The sender probably am announcing that he is of either Egyptian Islamic Jihad, Egyptian Islamic Group or Jihad-al Qaeda, which is actually the full name of the group after the merger of the Egyptian Islamic Jihad and al Qaeda.",en_multilingual_blimp_incorrect_affected.test,22688.759765625,2538.969970703125,1579.5802001953125,952.8377075195312,768.75732421875,567.3897094726562,575.56103515625,681.6241455078125,666.5223999023438,657.5947265625,724.8582763671875,731.02392578125,790.130615234375
1299,The municipality of Jerusalem am planning to build a new road and will tear the Jordanian one up.,en_multilingual_blimp_incorrect_affected.test,29199.505859375,875.453125,639.98046875,529.5494384765625,395.3511962890625,364.222412109375,399.293212890625,394.61724853515625,455.64617919921875,546.8089599609375,575.2849731445312,659.3904418945312,605.5502319335938
1300,what type of aircraft'm used on american airline flight 315,en_multilingual_blimp_incorrect_affected.test,21495.40625,8041.52001953125,4099.66943359375,2079.128662109375,2539.761962890625,1625.7630615234375,1267.01708984375,1425.324951171875,1592.1641845703125,1369.4581298828125,1806.8201904296875,1983.8599853515625,3431.477294921875
1301,"The man told him that a war between the two universes'm coming, as he and Walter had predicted; it is for this reason that Olivia, among others, was trained as a child.",en_multilingual_blimp_incorrect_affected.test,22529.26953125,1528.430908203125,1639.1947021484375,1390.3414306640625,1439.589599609375,1249.608642578125,1279.1129150390625,1407.6617431640625,1893.4339599609375,1199.9371337890625,1513.072998046875,2019.263916015625,1898.7093505859375
1302,My kid am making wonderful grades and has reassured me she will graduate within the four year period.,en_multilingual_blimp_incorrect_affected.test,26685.39453125,2078.543701171875,1427.2706298828125,1391.528076171875,1189.670166015625,1332.8948974609375,1520.3775634765625,1687.942138671875,1319.876220703125,2309.34228515625,2211.26416015625,2200.415771484375,2610.58740234375
1303,Hope your pre Chanukah planning am going well.,en_multilingual_blimp_incorrect_affected.test,27098.986328125,5604.11328125,4896.05615234375,5221.884765625,7528.4755859375,9184.501953125,14471.8251953125,12595.4091796875,12745.5341796875,15988.203125,12069.865234375,15537.91015625,11711.150390625
1304,It may be a problem because the temperature'm constantly changing.,en_multilingual_blimp_incorrect_affected.test,18563.50390625,940.8494262695312,748.8112182617188,682.4066162109375,469.38818359375,726.1292724609375,546.2158813476562,494.1831359863281,623.671142578125,459.45855712890625,458.0821228027344,497.1796569824219,811.0413208007812
1305,"As I have gone through many reviews sites to see if any provider am providing better services or not, and I have realized that there were many good reviews about Liquidweb also Steven never faced any server issues in his whole hosting.",en_multilingual_blimp_incorrect_affected.test,22380.84375,1466.1676025390625,1109.399658203125,866.6482543945312,835.076904296875,729.87109375,810.2825317382812,734.8568115234375,860.8359985351562,878.4178466796875,752.676025390625,1033.2584228515625,1345.197509765625
1306,you are not just moving house - your cat'm losing his territory.,en_multilingual_blimp_incorrect_affected.test,29594.2890625,1307.4222412109375,1526.2794189453125,1952.078857421875,1998.70068359375,1655.134033203125,1429.3568115234375,2540.13525390625,2167.0380859375,1777.866943359375,2986.808837890625,3297.892578125,4437.5498046875
1307,China's insatiable demand for energy'm prompting fears of financial and diplomatic collisions around the globe as it seeks reliable supplies of oil from as far away as Brazil and Sudan.,en_multilingual_blimp_incorrect_affected.test,23386.53125,2384.673095703125,882.0989990234375,756.7446899414062,642.0645751953125,494.2547607421875,432.4977722167969,446.0848388671875,602.8449096679688,626.8427734375,627.3236083984375,732.16015625,825.203125
1308,China's insatiable demand for energy am prompting fears of financial and diplomatic collisions around the globe as it seeks reliable supplies of oil from as far away as Brazil and Sudan.,en_multilingual_blimp_incorrect_affected.test,23975.55859375,2358.561279296875,876.0106201171875,661.9014892578125,547.028076171875,439.09063720703125,388.6291198730469,410.32818603515625,569.685302734375,602.8587036132812,541.0897827148438,697.4114990234375,722.3570556640625
1309,"My dad am having surgery in Ft. Worth, so I will be heading that way on Monday.",en_multilingual_blimp_incorrect_affected.test,27031.435546875,910.9130249023438,496.58544921875,599.028076171875,687.1815795898438,580.5051879882812,711.575439453125,562.8531494140625,712.6698608398438,729.2059326171875,899.6680297851562,1285.114013671875,1897.9925537109375
1310,"Your camera'mn't acting normally, you got warranty, let Canon deal with it.",en_multilingual_blimp_incorrect_affected.test,26218.9375,5946.96142578125,13425.439453125,11919.0576171875,8836.271484375,10411.39453125,9412.1123046875,11723.0166015625,11835.3740234375,11866.2392578125,13050.560546875,14498.6240234375,25777.248046875
1311,"What, for instance,'m 'appropriate after-sales service'?",en_multilingual_blimp_incorrect_affected.test,27813.08984375,9429.6767578125,19415.83203125,11323.3623046875,14152.24609375,10639.4853515625,12710.9384765625,14127.2724609375,30729.69921875,26248.685546875,19936.615234375,25358.544921875,51164.93359375
1312,"But its potential for sustained growth'm faltering, owing to the imminent decline of its working-age population – projected to fall by 25% by 2050 – and rising competition from China and other emerging economies.",en_multilingual_blimp_incorrect_affected.test,25643.6171875,3533.576904296875,3106.57470703125,2005.3775634765625,1677.8526611328125,1152.6495361328125,1285.0147705078125,1083.9639892578125,1039.9837646484375,949.0767822265625,1288.19091796875,1069.4346923828125,1891.169921875
1313,The good news is that Park's government'm working to change this.,en_multilingual_blimp_incorrect_affected.test,22694.2578125,1114.4886474609375,1174.1097412109375,763.3370361328125,843.402587890625,610.9716186523438,546.3484497070312,558.1114501953125,940.6803588867188,708.5614013671875,896.7487182617188,1233.6712646484375,1628.0819091796875
1314,what type of aircraft'm used for the american flight leaving at 419 pm,en_multilingual_blimp_incorrect_affected.test,18883.08203125,4348.22265625,1497.578125,766.6637573242188,1010.1935424804688,850.2765502929688,904.5532836914062,923.758056640625,1421.92529296875,1209.576171875,1214.5791015625,2256.3984375,1953.3740234375
1315,Which wonderful contact of mine am thumbs upping all my best answers ^^?,en_multilingual_blimp_incorrect_affected.test,26942.3359375,7323.01220703125,5292.60693359375,2884.955322265625,2910.686767578125,2589.898681640625,2669.07373046875,3293.97314453125,3762.660400390625,3602.693115234375,4775.76171875,5966.3212890625,9397.9130859375
1316,what kind of aircraft am used on a flight from cleveland to dallas,en_multilingual_blimp_incorrect_affected.test,18783.470703125,1573.46923828125,1341.5904541015625,1014.3770751953125,988.3356323242188,807.2393188476562,899.8872680664062,1097.419921875,1477.486572265625,1433.7501220703125,1405.6026611328125,1730.5101318359375,1762.3095703125
1317,"Robb says it is ""like an experimental novel in which the female protagonist am always trying to pull in extraneous realities but which the hero is determined to keep on course, whatever tricks he has to use.",en_multilingual_blimp_incorrect_affected.test,24166.275390625,1360.05322265625,1046.3538818359375,987.4585571289062,789.8345336914062,704.5259399414062,692.5883178710938,689.5997924804688,578.4207153320312,672.0880126953125,678.4195556640625,867.357666015625,1041.7034912109375
1318,"The man told him that a war between the two universes am coming, as he and Walter had predicted; it is for this reason that Olivia, among others, was trained as a child.",en_multilingual_blimp_incorrect_affected.test,21579.3515625,1375.526123046875,1554.2000732421875,1307.202880859375,1441.4578857421875,1154.800048828125,1183.290771484375,1268.731689453125,1903.353271484375,1221.6805419921875,1562.575439453125,2074.357666015625,1756.9765625
1319,"Then k'm strictly increasing, by the construction of ⪯.",en_multilingual_blimp_incorrect_affected.test,27952.90625,8300.98046875,6546.08251953125,5999.56884765625,10805.951171875,12296.048828125,8870.8984375,19090.09765625,24122.826171875,18545.20703125,22970.552734375,26850.431640625,22930.95703125
1320,Mrs. Wentz had the tone of voice that sounds as if the speaker'm addressing noone but himself.,en_multilingual_blimp_incorrect_affected.test,23243.361328125,1959.3919677734375,1396.89306640625,1360.5150146484375,1356.49755859375,1302.130126953125,770.2904663085938,587.7180786132812,801.8048706054688,1056.3778076171875,804.8386840820312,1019.5487670898438,1575.9449462890625
1321,The dispute am becoming increasingly bitter and is beginning to look like a trade war.,en_multilingual_blimp_incorrect_affected.test,24417.76953125,2079.94775390625,1273.828369140625,1036.57470703125,986.1926879882812,1088.209228515625,1088.9530029296875,1259.315673828125,1090.1431884765625,1087.12255859375,1241.410400390625,1519.9210205078125,1335.626708984375
1322,"Crosstab queries calculate a sum, average, count, or other type of total for data that'm grouped by two types of information – one down the left side of the datasheet and another across the top.",en_multilingual_blimp_incorrect_affected.test,26779.390625,1580.874755859375,1206.2965087890625,943.0242919921875,910.79833984375,763.7928466796875,822.3424072265625,775.5656127929688,807.9190673828125,787.9957885742188,917.4906616210938,860.3652954101562,1560.6029052734375
1323,on continental flight 1765 from boston to san francisco what type of meal'm served,en_multilingual_blimp_incorrect_affected.test,19508.74609375,10029.4375,6260.75390625,4428.27490234375,3635.8662109375,2624.50537109375,2242.86083984375,3508.757568359375,4444.9873046875,4020.018310546875,4793.1044921875,5000.69482421875,6608.56982421875
1324,Increased car usage in China'm creating a high demand for petrol,en_multilingual_blimp_incorrect_affected.test,28620.431640625,3572.77197265625,1506.9132080078125,865.2290649414062,597.5346069335938,489.7293701171875,413.3331298828125,424.016845703125,519.6431884765625,399.0086975097656,536.4859619140625,728.6084594726562,519.194580078125
1325,"I understand the imminent cold weather'm making things crazy, so now may not be the best time to be in your way.",en_multilingual_blimp_incorrect_affected.test,22438.890625,937.8761596679688,941.2578125,800.206787109375,459.4287414550781,560.6638793945312,584.0015258789062,583.8316650390625,619.468017578125,581.6583862304688,819.7192993164062,946.689453125,1412.841064453125
1326,The situation in Iraq am only going to get better this way.,en_multilingual_blimp_incorrect_affected.test,23396.16796875,530.8423461914062,602.9889526367188,533.2128295898438,475.9860534667969,415.18145751953125,323.5970458984375,363.2732849121094,405.53631591796875,380.51312255859375,336.8009033203125,624.934814453125,525.1950073242188
1327,"I guess if you have a schtick that is a resounding success once, you can't help but trot it out every time your act am going sour.",en_multilingual_blimp_incorrect_affected.test,20752.6796875,1676.895263671875,1373.14013671875,1211.8548583984375,890.34228515625,918.1409912109375,812.7551879882812,877.6676025390625,880.90234375,878.947509765625,1084.6009521484375,1264.385009765625,1076.1605224609375
1328,"What, for instance, am 'appropriate after-sales service'?",en_multilingual_blimp_incorrect_affected.test,25068.822265625,11927.0048828125,27963.9453125,13755.7734375,19931.73046875,15386.427734375,23189.736328125,25316.7890625,78442.8359375,63404.55859375,52426.8515625,58511.3203125,129318.53125
1329,This is not to say that everyone else am living pleasantly and well under a decent regime.,en_multilingual_blimp_incorrect_affected.test,20326.75,633.9908447265625,436.93768310546875,423.684814453125,328.0137634277344,319.1116638183594,416.4200439453125,361.1747131347656,397.6236877441406,387.22589111328125,422.9998779296875,434.5550842285156,548.9378662109375
1330,"And of all the people who the county am getting to find a replacement...is none other than Lee Brown, the original supervisor of the Atlanta PD, who was in office during the murders and the subsequent investigation.",en_multilingual_blimp_incorrect_affected.test,21076.953125,1153.5958251953125,1288.9495849609375,1399.491943359375,1214.6259765625,1052.7020263671875,877.909912109375,925.7194213867188,1087.737548828125,1204.5526123046875,1245.869873046875,1245.5721435546875,1647.9095458984375
1331,"Now, however, he is to go before the courts once more because the public prosecutor am appealing.",en_multilingual_blimp_incorrect_affected.test,21446.896484375,2083.458740234375,2143.6396484375,2044.8948974609375,1441.234619140625,1348.1346435546875,1626.5950927734375,1498.30029296875,1700.7484130859375,1682.36474609375,2381.609375,2637.59326171875,2872.18017578125
1332,My foot'm covering approximately 300 miles of mycelium.,en_multilingual_blimp_incorrect_affected.test,24463.619140625,4435.35400390625,1224.7957763671875,859.1149291992188,902.3468017578125,673.8629150390625,368.68975830078125,349.2082824707031,505.9515686035156,484.3387756347656,646.44091796875,724.8136596679688,1278.679931640625
1333,This cute little stunt am only going to prove just how fanatic the extremist Muslims are.,en_multilingual_blimp_incorrect_affected.test,23920.927734375,3230.015380859375,1644.2550048828125,1679.291015625,800.5716552734375,794.2673950195312,605.4722900390625,542.4155883789062,782.4830322265625,964.4014282226562,1069.759521484375,1198.8212890625,1903.52490234375
1334,If a pair amn't leaving eggs... check the following:,en_multilingual_blimp_incorrect_affected.test,21802.822265625,6148.56640625,6836.546875,7767.24072265625,7335.14599609375,10121.2841796875,9900.2041015625,14955.978515625,30435.33203125,22507.322265625,24823.400390625,53400.49609375,55739.90234375
1335,"My vet told me when a dog am vomiting a lot, it could be a sign of obstruction.",en_multilingual_blimp_incorrect_affected.test,24612.00390625,1194.4761962890625,952.206787109375,828.5980834960938,521.9459838867188,481.7385559082031,568.7315673828125,603.6891479492188,538.6715087890625,713.8452758789062,692.1205444335938,884.25390625,1413.594482421875
1336,Which wonderful contact of mine'm thumbs upping all my best answers ^^?,en_multilingual_blimp_incorrect_affected.test,26086.998046875,7217.24609375,4627.123046875,3226.80126953125,3499.664306640625,2794.454833984375,2132.915283203125,2845.193115234375,3119.14697265625,3345.9091796875,3519.226806640625,5006.39697265625,7666.916015625
1337,"The rapporteur am asking for a threshold of 50 to 30 ppm, which would also involve excessive cost without appreciable benefit.",en_multilingual_blimp_incorrect_affected.test,27671.73046875,2997.740966796875,2237.93603515625,2020.5460205078125,1967.4669189453125,1463.3089599609375,1403.4193115234375,1301.613037109375,1456.0146484375,1691.19287109375,2088.036865234375,2435.970458984375,2007.69873046875
1338,"He said those things to my mother, I heard them, but to me he said, by the sun-dial, 'I'm forty-one and the sea am dying.'",en_multilingual_blimp_incorrect_affected.test,26543.7890625,1560.4437255859375,2664.480712890625,2477.76708984375,2707.128173828125,1739.12158203125,1552.8814697265625,1656.393310546875,2033.2525634765625,2035.8233642578125,2025.76318359375,2745.85595703125,3158.02197265625
1339,"All of the staff at Hudson have contributed in some way to this work, as've the thousands of people with whom we have discussed these issues at meetings, seminars, and briefings at the Institute and other locations around the world. """,en_multilingual_blimp_incorrect_affected.test,24097.763671875,815.4161376953125,789.5807495117188,720.7327270507812,578.8583374023438,378.8030700683594,468.3378601074219,364.2522888183594,353.9784240722656,395.9624938964844,357.8874206542969,421.8366394042969,543.0718994140625
1340,"She added that recent visits to the island by India's top military brass including army chief General Nirmal Chander Vij has ""caused apprehension among Tamils that preparations are under way for another war in the island"".",en_multilingual_blimp_incorrect_affected.test,22370.794921875,2820.48046875,1717.80078125,1636.9210205078125,1649.2835693359375,1259.271240234375,1397.1622314453125,2001.3958740234375,2415.715087890625,2216.921142578125,2160.3720703125,3930.694091796875,4439.56884765625
1341,Two vaunted economists - one a Nobel Prize winner and the other a nationally renowned budget expert - has analyzed the data at hand and put a price tag on the Iraq occupation.,en_multilingual_blimp_incorrect_affected.test,21307.228515625,2074.34765625,1200.7435302734375,953.8800659179688,780.0339965820312,597.0026245117188,565.9761962890625,555.9658813476562,590.6866455078125,647.0685424804688,689.76318359375,699.4423828125,1171.8243408203125
1342,"The overwhelming human and financial impacts of Hurricane Katrina are powerful evidence that political and economic decisions made in the United States and other countries has failed to account for our dependence on a healthy resource base, according to an assessment released today by the Worldwatch Institute.",en_multilingual_blimp_incorrect_affected.test,24499.10546875,1753.976318359375,728.168701171875,545.9083862304688,428.27716064453125,375.9670715332031,322.781494140625,322.1378479003906,325.7615661621094,277.13470458984375,310.8057861328125,320.2239685058594,396.9178466796875
1343,Soldiers with vital training and know-how is refusing to re-enlist.,en_multilingual_blimp_incorrect_affected.test,28853.873046875,4126.27587890625,1885.2642822265625,1095.74560546875,1410.0997314453125,1177.834228515625,864.7839965820312,856.2970581054688,943.3206787109375,847.8085327148438,1523.3289794921875,1221.996826171875,1462.9627685546875
1344,"Al-Abbudi stated that ""His Emminence"" decided to openly support the list because ""others"" (obviously a reference to Allawi) has been abusing official state positions and media outlets in their campaigning.",en_multilingual_blimp_incorrect_affected.test,23453.916015625,3767.554443359375,2937.769775390625,2425.9228515625,2231.53173828125,1787.1910400390625,1624.2637939453125,1645.962646484375,1605.6412353515625,1676.45556640625,1767.8577880859375,2496.31103515625,2611.136474609375
1345,Two decades of pickling his nervous system in various highly toxic substances has left Bush damaged goods.,en_multilingual_blimp_incorrect_affected.test,29108.0078125,5818.13232421875,2754.948486328125,1516.841796875,1608.906982421875,1114.5640869140625,1116.03564453125,1503.5908203125,1216.6309814453125,1731.3033447265625,2577.354736328125,2954.668701171875,4479.5634765625
1346,While Iran's conventional army is not what it was during the heyday of the Iran-Iraq war - their armaments have deteriorated and the veterans of that last war has retired - the nation enjoys substantial military strength nonetheless.,en_multilingual_blimp_incorrect_affected.test,23380.087890625,2481.12841796875,1577.1221923828125,1465.1053466796875,1006.27197265625,723.64501953125,731.4029541015625,804.4872436523438,757.2391967773438,971.0526733398438,906.6666870117188,1063.347412109375,1256.255126953125
1347,"The last three years of the Iraq occupation, however, has sapped this confidence.",en_multilingual_blimp_incorrect_affected.test,27281.248046875,3904.97314453125,5380.5283203125,4669.34619140625,3030.541748046875,2600.69482421875,3143.472900390625,4322.4609375,6505.5244140625,5169.19482421875,8236.3896484375,7045.1455078125,8031.05908203125
1348,"While most U.S. secretaries of state -- save perhaps Dean Rusk -- has gobbled up credit for outcomes that they had little to do with, few have been as brazen as Colin Powell.",en_multilingual_blimp_incorrect_affected.test,25087.64453125,2211.27587890625,1416.91259765625,1303.722412109375,944.6980590820312,789.6812744140625,687.7850952148438,712.9262084960938,746.1881713867188,812.8807983398438,788.4749755859375,933.5161743164062,1191.7392578125
1349,"One has to wonder whether the bright fellows in our government and military who set up the deals with these people doesn't know what they are, don't care, or know perfectly well.",en_multilingual_blimp_incorrect_affected.test,20783.953125,944.7745971679688,881.090087890625,1069.5325927734375,1017.0772094726562,863.2307739257812,936.2376708984375,900.6109619140625,864.2130737304688,1134.681396484375,1106.5789794921875,1619.7769775390625,2045.436279296875
1350,"Due to business reasons, previously scheduled interviewers from the Penn team has had to cancel their participation.",en_multilingual_blimp_incorrect_affected.test,22738.884765625,2423.079833984375,1960.272216796875,1848.8133544921875,1423.584716796875,809.1106567382812,882.1444091796875,999.3470458984375,987.6802978515625,998.5505981445312,1043.0888671875,1683.2857666015625,1352.373046875
1351,"Armed militias, many staffed by former Iraqi military men with substantial training and experience, has proliferated.",en_multilingual_blimp_incorrect_affected.test,21242.322265625,5493.56640625,4591.38623046875,2764.481201171875,2376.374267578125,1604.337890625,1842.717529296875,1906.691650390625,1295.0999755859375,991.41259765625,1565.7677001953125,1850.6982421875,1897.814208984375
1352,"Again, decades of this sort of behavior does not leave a person untouched.",en_multilingual_blimp_incorrect_affected.test,23194.13671875,831.7578125,700.2369995117188,438.1956481933594,365.42779541015625,300.9611511230469,253.2647247314453,310.3194580078125,458.24383544921875,386.2789001464844,485.2627258300781,414.3604431152344,536.5184326171875
1353,"A recent report by a journalist from Port Blair, in the Andamans, quoted an unnamed official saying that foreigners from Myanmar, Bangladesh and Sri Lanka has permanently settled in the islands, using fake Indian ration cards, while citizens of Thailand, China, Indonesia and Malaysia have migrated temporarily to plunder the natural resources and leave.",en_multilingual_blimp_incorrect_affected.test,22517.734375,4123.443359375,3109.423095703125,2668.51904296875,2454.96484375,1941.1591796875,2045.0899658203125,1859.279052734375,2149.033203125,2193.717041015625,3159.241943359375,3217.668212890625,3659.22509765625
1354,"Two top Iraqi scientists, code named Charlie and Alpha, is helping the coalition to learn more about Iraqi's anthrax program, according to Dr. David Kay, head of the Iraq survey group in charge of the hunt for WMD.",en_multilingual_blimp_incorrect_affected.test,24691.232421875,1910.135986328125,1489.0333251953125,1256.270751953125,947.0628051757812,804.4461669921875,756.0557861328125,734.9363403320312,763.475341796875,845.8493041992188,974.573974609375,953.258056640625,1142.1142578125
1355,"A recent report by a journalist from Port Blair, in the Andamans, quoted an unnamed official saying that foreigners from Myanmar, Bangladesh and Sri Lanka have permanently settled in the islands, using fake Indian ration cards, while citizens of Thailand, China, Indonesia and Malaysia has migrated temporarily to plunder the natural resources and leave.",en_multilingual_blimp_incorrect_affected.test,22752.35546875,4089.692626953125,3201.986083984375,2700.778076171875,2456.642822265625,1944.09375,2097.742919921875,1925.124755859375,2226.782470703125,2325.279296875,3366.31982421875,3398.748779296875,3820.459716796875
1356,"Some reporters (you know, the ones with journalistic ethics) has actually uncovered the truth about George Bush's service in the Texas Air National Guard.",en_multilingual_blimp_incorrect_affected.test,22193.88671875,3651.277099609375,2179.974609375,1695.6468505859375,1617.89892578125,1602.59228515625,1563.466064453125,1497.30322265625,1735.6156005859375,2009.342041015625,2193.820556640625,2923.619140625,2551.672607421875
1357,"If sites next to you doesn't have what you want, contact your nearest comp.sources.unix archive, or the moderator.",en_multilingual_blimp_incorrect_affected.test,23445.0625,2158.05029296875,3453.407470703125,2023.1036376953125,1876.3748779296875,1963.4847412109375,2334.108642578125,2306.559326171875,3073.880126953125,3975.875,4022.91796875,5425.330078125,5247.94482421875
1358,"Further to my voicemail, our colleagues in credit is calculating the reserve on the PSE swap.",en_multilingual_blimp_incorrect_affected.test,22052.27734375,1709.7391357421875,1517.125244140625,1561.3131103515625,882.6484985351562,674.1509399414062,710.6914672851562,756.0413818359375,838.1070556640625,1338.6502685546875,1275.97021484375,1523.2911376953125,1948.658203125
1359,do babies this small does?,en_multilingual_blimp_incorrect_affected.test,24166.666015625,18147.302734375,21732.841796875,14745.59375,23790.7265625,17199.27734375,18148.2890625,18009.841796875,34371.6796875,24327.748046875,42759.40234375,30260.783203125,37624.61328125
1360,"Since lots of people is still living there, then it must be fine to visit.",en_multilingual_blimp_incorrect_affected.test,19434.48828125,529.5269165039062,767.2376098632812,615.3082885742188,628.6917724609375,597.84326171875,668.394775390625,1009.9984741210938,749.6439819335938,883.4986572265625,1138.48974609375,1988.376220703125,2116.434814453125
1361,"After every world war, the rules of international law has changed, and the same will happen after the present one.",en_multilingual_blimp_incorrect_affected.test,27463.53515625,594.29638671875,967.7684936523438,984.2520141601562,783.0447387695312,877.7207641601562,987.35205078125,1141.462158203125,959.901611328125,965.2401123046875,1232.5504150390625,1978.31201171875,2986.86279296875
1362,But the four planeloads of arms has vanished.,en_multilingual_blimp_incorrect_affected.test,22315.306640625,4528.48779296875,6162.890625,3460.327392578125,2963.474853515625,3255.991455078125,2700.26953125,3765.287841796875,3951.139404296875,5590.5068359375,4548.98291015625,3322.0439453125,5645.21826171875
1363,"The events of the last few years has amplified four issues, which have always existed, but have never been as rampant as in the present upheaval in the region.",en_multilingual_blimp_incorrect_affected.test,24969.16015625,1243.22607421875,987.2701416015625,1103.6337890625,786.5805053710938,600.7297973632812,562.8450927734375,506.7690734863281,595.7368774414062,474.5736999511719,534.8675537109375,561.86767578125,652.94970703125
1364,"I don't believe that we are quite at the point that we can say that all business controllers worldwide has reviewed, understand and have implemented these standards.",en_multilingual_blimp_incorrect_affected.test,24253.48046875,695.8768310546875,552.38525390625,487.32672119140625,519.1077270507812,432.3227233886719,503.5307922363281,441.65771484375,514.2799682617188,877.4412231445312,647.8202514648438,736.4571533203125,841.5947875976562
1365,"At this point, our IT contacts is backpedalling a bit and suggesting they can overcome the TIBCO and Terminal Server problems.",en_multilingual_blimp_incorrect_affected.test,21946.22265625,2445.652587890625,2390.658447265625,1515.3466796875,1419.904052734375,947.1580810546875,1440.64501953125,1862.05078125,1638.496826171875,1784.084228515625,2516.98193359375,2291.55322265625,2152.723388671875
1366,"Emergency teams in the southern US is battling to reach survivors of Hurricane Katrina, the most destructive storm to hit the country in decades.",en_multilingual_blimp_incorrect_affected.test,22256.5625,2175.156494140625,1515.4615478515625,1263.65576171875,757.5681762695312,619.8805541992188,591.13916015625,701.2457275390625,769.8262939453125,660.7996215820312,1002.4028930664062,872.4148559570312,938.2626342773438
1367,Some localized extinctions already has occurred across some of its habitat.,en_multilingual_blimp_incorrect_affected.test,23479.140625,4289.36279296875,2731.44140625,1472.003662109375,1162.978515625,788.0667724609375,627.6344604492188,840.550048828125,1421.7679443359375,973.094482421875,1706.0848388671875,1474.151611328125,1716.8385009765625
1368,Web giant Google is resisting an attempt by the US to force it to reveal what users is searching for.,en_multilingual_blimp_incorrect_affected.test,23862.91796875,1282.0445556640625,1035.0400390625,699.7459716796875,542.1513061523438,339.7995300292969,321.3450012207031,454.2362976074219,411.192138671875,500.5687561035156,473.1643981933594,446.5413513183594,622.8169555664062
1369,"""The impacts of global warming is affecting people now in the Arctic,"" said ACIA chair Robert Corell.",en_multilingual_blimp_incorrect_affected.test,23192.34375,5443.57861328125,3949.58740234375,3615.8349609375,4454.70166015625,5316.92529296875,3136.83642578125,3958.131591796875,4397.45654296875,5526.66162109375,5009.55859375,7306.73046875,6463.63916015625
1370,The AR/AP SAP data quality reviews for both businesses is continuing so as to provide a detailed analysis as at end Q1.,en_multilingual_blimp_incorrect_affected.test,31688.599609375,2440.614013671875,1834.4100341796875,1122.364990234375,1337.9068603515625,1409.83154296875,1117.874755859375,1957.084716796875,2162.74169921875,1569.7178955078125,2145.58154296875,2059.427490234375,3020.336669921875
1371,"Like the tens of billions of dollars that have been ""lost"" in Iraq, planeloads of arms doesn't just ""vanish""; not when the Pentagon contracts the work to an international criminal of Bout's untouchable stature.",en_multilingual_blimp_incorrect_affected.test,21717.408203125,2373.84423828125,2088.342529296875,1717.140625,1262.9593505859375,1218.49462890625,1267.522216796875,1390.847412109375,1622.223388671875,2140.861083984375,1769.90576171875,2065.937744140625,3148.693359375
1372,"My parents does not like me, They constantly reassure me that they will throw me out of home when I turn 18.",en_multilingual_blimp_incorrect_affected.test,24862.896484375,591.6967163085938,458.45733642578125,475.9914855957031,343.6746520996094,268.34033203125,257.01666259765625,277.7236328125,304.60491943359375,357.8582458496094,447.5306701660156,552.8466186523438,578.8911743164062
1373,All the guys at work is saying I shouldn't bother having it fixed I should just buy a new one.,en_multilingual_blimp_incorrect_affected.test,28410.05859375,553.5184936523438,528.1748046875,468.06036376953125,406.5555114746094,314.4592590332031,328.9013366699219,379.4620361328125,382.4896240234375,413.0367736816406,442.7932434082031,594.778076171875,533.1065673828125
1374,"The excellent windows has performed without any problems, but that's not why I'm writing my review.",en_multilingual_blimp_incorrect_affected.test,29213.6015625,2838.772705078125,1950.8580322265625,2914.76611328125,1974.2154541015625,1747.674072265625,1464.6644287109375,1262.437255859375,1863.111328125,1154.563232421875,1356.805419921875,1625.6064453125,2342.06005859375
1375,Several related issues has resulted in an increase in the level of operating risk for the Merchanting Metals business.,en_multilingual_blimp_incorrect_affected.test,25326.59375,1184.311279296875,1072.9068603515625,756.7363891601562,486.87127685546875,301.49261474609375,339.8275451660156,313.732421875,368.9021911621094,272.53997802734375,305.9884948730469,320.38201904296875,323.9708251953125
1376,"(This is a largely Sunni Arab clan, and some Sunni observers has accused Shiite elements in the government of being behind the assassination; it is more likely the work of Sunni Arab guerrillas punishing the Batawi leaders for cooperating with the Dec. 15 elections.)",en_multilingual_blimp_incorrect_affected.test,24571.546875,2486.49462890625,1790.5032958984375,2015.1693115234375,1545.2437744140625,1432.58154296875,1548.78466796875,1603.6632080078125,1394.094970703125,1835.340087890625,1925.9307861328125,2238.43212890625,2659.0888671875
1377,"Thousands of people is already looking into your background, not just in Wichita, but from all over the U.S.",en_multilingual_blimp_incorrect_affected.test,29597.029296875,542.5004272460938,374.73333740234375,359.8374938964844,232.60845947265625,151.05909729003906,158.76145935058594,142.47377014160156,169.56639099121094,164.67242431640625,197.31764221191406,211.81089782714844,272.7196350097656
1378,"Walls keeping water out of the bowl-shaped city have been breached, and emergency teams is using helicopters to drop 1,350kg (3,000lb) sandbags and concrete barriers into the gaps.",en_multilingual_blimp_incorrect_affected.test,20007.662109375,2217.646484375,1744.54833984375,1628.970947265625,1423.1815185546875,1045.464111328125,924.0343017578125,962.4962768554688,961.6017456054688,977.8967895507812,982.7564086914062,1118.8602294921875,1337.39013671875
1379,"Your cycle of learning through the school of hard knocks has come to an end, Gemini, and now you're going to start reaping the rewards these ""lessons"" has left in their wake.",en_multilingual_blimp_incorrect_affected.test,22026.71875,1552.8355712890625,1543.65673828125,1399.41650390625,1567.9127197265625,1495.1129150390625,1415.6531982421875,1495.9080810546875,1582.5582275390625,1370.5509033203125,1829.400390625,1661.0108642578125,2765.108642578125
1380,"Nato and US officials has already voiced fears that Bosnian arms - sold by US, British and Swiss firms - are being passed to insurgents.",en_multilingual_blimp_incorrect_affected.test,22123.07421875,2940.55029296875,2218.745361328125,1477.4189453125,1289.4931640625,1292.8621826171875,1231.1307373046875,1211.983154296875,1241.8271484375,1207.2183837890625,1064.027099609375,1441.1905517578125,1672.2056884765625
1381,"The Superdome stadium is without power, and toilets is overflowing.",en_multilingual_blimp_incorrect_affected.test,28085.015625,6715.4765625,5639.212890625,4279.31201171875,4590.09912109375,5737.64013671875,4075.403564453125,5016.892578125,5894.478515625,5841.75048828125,8842.830078125,8339.623046875,10935.5810546875
1382,She basically said if the children getting off the bus isn't paying to enter her building she was going to let them wander around the streets.,en_multilingual_blimp_incorrect_affected.test,21491.77734375,494.9710388183594,562.7782592773438,674.081787109375,446.55859375,417.2651672363281,401.5268859863281,405.9062194824219,383.2109069824219,538.9371337890625,410.946533203125,499.7662353515625,548.9690551757812
1383,"Yep, the females is just getting to him... dads..",en_multilingual_blimp_incorrect_affected.test,26480.5546875,2530.5205078125,5167.001953125,8608.947265625,10826.2724609375,6250.10546875,6019.49609375,9227.8642578125,7517.3193359375,9744.3935546875,13470.8408203125,14170.3837890625,12473.5654296875
1384,"The neighbours is still interfering, but there are signs that rather than undermining Afghanistan ’s stability they may now be trying to strengthen it.",en_multilingual_blimp_incorrect_affected.test,25358.326171875,2082.499267578125,1535.94580078125,1007.8042602539062,749.029052734375,638.4674072265625,795.8145141601562,760.0742797851562,799.4032592773438,683.3157348632812,806.767578125,899.23095703125,1025.0263671875
1385,my lhasa apso hind legs is not working?,en_multilingual_blimp_incorrect_affected.test,24531.765625,6337.865234375,6518.32373046875,9519.5537109375,6407.74462890625,4450.33642578125,2968.583251953125,3792.51123046875,3883.125732421875,4999.66455078125,5791.26171875,7716.34912109375,6281.560546875
1386,Bumrungrad Hospital does some good work but all hospitals does have their problems from time to time.,en_multilingual_blimp_incorrect_affected.test,28974.759765625,1527.6016845703125,1292.5224609375,1776.0079345703125,1308.3408203125,835.7225952148438,839.1023559570312,804.7327880859375,819.4559326171875,941.783935546875,930.7266845703125,1248.839599609375,1324.5177001953125
1387,"And international donors has given only half of the relief aid that Darfur needs, according to the local UN officials.",en_multilingual_blimp_incorrect_affected.test,19821.19921875,1874.7740478515625,2127.637451171875,1919.5670166015625,1285.3800048828125,1195.3302001953125,1432.0201416015625,1468.927490234375,1618.992431640625,2236.833984375,2373.623291015625,1965.046142578125,3016.456298828125
1388,"if the computer is completely shut off, the USB ports isn't getting power, so they won't charge your phone",en_multilingual_blimp_incorrect_affected.test,21678.173828125,2548.453857421875,3159.678955078125,3677.17431640625,2834.7890625,2944.489013671875,2818.648193359375,4524.36083984375,4861.55615234375,3756.76953125,5114.31494140625,7860.44677734375,5466.55712890625
1389,"Increasingly, analysts are saying that China's efforts has gone beyond what is safe or even in its own interests.",en_multilingual_blimp_incorrect_affected.test,22120.75390625,1498.962646484375,734.6641235351562,473.08001708984375,408.9165954589844,371.41827392578125,305.626708984375,307.970458984375,383.36572265625,449.51171875,466.8547058105469,538.2537231445312,615.6372680664062
1390,Watch out the poles is coming.....my little butterfly,en_multilingual_blimp_incorrect_affected.test,19256.673828125,4945.720703125,7344.119140625,5887.94970703125,3841.273193359375,3330.269287109375,3532.14501953125,6569.77294921875,5396.7783203125,10869.69140625,7463.7646484375,8801.0419921875,20713.232421875
1391,"For example, students must trust that teachers has made appropriate decisions about the structure and content of the courses they teach, and teachers must trust that the assignments that students turn in are their own.",en_multilingual_blimp_incorrect_affected.test,21691.34765625,1294.9827880859375,1053.368896484375,911.6552124023438,690.5911865234375,729.7030029296875,806.3902587890625,690.1929321289062,859.8592529296875,817.482666015625,1035.8695068359375,1252.5955810546875,1110.8367919921875
1392,"As a result, north of the Andaman Islands, Bangladeshi coastal areas has become a nest of terrorists involved in the shipment of drugs and arms.",en_multilingual_blimp_incorrect_affected.test,22639.263671875,1873.7052001953125,1730.7039794921875,1459.17626953125,1260.962158203125,904.5304565429688,901.8546752929688,1022.8536987304688,905.2484130859375,971.2412109375,1031.4420166015625,1183.120361328125,1378.1602783203125
1393,"Although the apartments is facing Stokes Street and close to the Bascom Light Rail, the location is surprisingly quiet.",en_multilingual_blimp_incorrect_affected.test,18244.271484375,1921.9869384765625,2478.005615234375,2322.000732421875,2702.644775390625,2467.89306640625,2701.036865234375,3867.7802734375,3947.117431640625,5246.16357421875,4166.55810546875,4195.169921875,6113.58349609375
1394,"If you were of integrity, the program will continue and the money that so many others has received will come your way.",en_multilingual_blimp_incorrect_affected.test,23192.455078125,550.4634399414062,627.0514526367188,657.8164672851562,756.39404296875,1021.2824096679688,918.4514770507812,787.6205444335938,1128.9111328125,1014.9779663085938,1346.2408447265625,1637.010009765625,2619.61181640625
1395,"While they are extremely accurate, laser sights does not operate well when drunk or high because the beam often does not show up on the target.",en_multilingual_blimp_incorrect_affected.test,20679.32421875,1317.462890625,1016.7944946289062,1119.782470703125,1024.1328125,904.8121337890625,878.8515014648438,1137.3768310546875,981.257080078125,1058.070068359375,1255.9910888671875,1524.877685546875,1517.2279052734375
1396,"Mosques are calling for donating blood, food, and medicine for Fallujah, and several convoys has already headed out for Fallujah, most of them returned later though.",en_multilingual_blimp_incorrect_affected.test,22644.533203125,3142.7353515625,3393.0361328125,2481.004150390625,2513.229248046875,1493.1600341796875,1842.5286865234375,1665.8111572265625,2524.3896484375,2492.250732421875,3234.574462890625,2642.321533203125,4291.056640625
1397,4) If they is not going up by now you just got ta keep trying and keep trying.,en_multilingual_blimp_incorrect_affected.test,25987.42578125,921.6580200195312,686.8798217773438,502.1307678222656,550.4505615234375,508.14862060546875,451.2923583984375,773.1239013671875,636.0125732421875,670.4281005859375,1062.75244140625,795.58154296875,679.940673828125
1398,Shortages is already leading to power cuts in the big cities.,en_multilingual_blimp_incorrect_affected.test,25156.35546875,1084.9371337890625,964.2474365234375,1168.4403076171875,819.7482299804688,747.9561767578125,835.439697265625,688.6034545898438,1225.136962890625,1050.673095703125,978.449951171875,1063.1573486328125,1354.72119140625
1399,The wires has been humming since before the New Year with reports that the Bush administration is planning an attack on Iran.,en_multilingual_blimp_incorrect_affected.test,22335.7890625,1356.3138427734375,864.9246826171875,804.8079833984375,615.3482055664062,440.4450378417969,271.849853515625,335.4945373535156,280.9761657714844,274.8719482421875,279.8794250488281,219.35653686523438,318.75335693359375
1400,"As a parent, I can well imagine how painful it must be for those families whose children is succumbing to radiation poisoning.",en_multilingual_blimp_incorrect_affected.test,25891.123046875,1603.550048828125,1325.4705810546875,804.4450073242188,463.60406494140625,341.8429870605469,295.1781921386719,293.3635559082031,294.221923828125,207.16659545898438,248.49607849121094,277.71240234375,272.3287353515625
1401,Small polygamous groups has existed in the southwestern US under the watchful yet fairly benign eye of authorities ever since a sect known as the Fundamentalist Latter Day Saints (FLDS) separated itself from mainstream Mormonism in 1890.,en_multilingual_blimp_incorrect_affected.test,23179.01171875,3687.629150390625,2081.91357421875,1569.47607421875,1808.710693359375,1472.77734375,1228.42041015625,1146.128662109375,1256.5535888671875,1679.705810546875,1582.0111083984375,1592.80419921875,2163.124267578125
1402,"Right now, while we're sitting at our computers enjoying the internet, those innocent, beautiful, loving cats, is dying, somewhere in this troubled world a slow, agonizing death.",en_multilingual_blimp_incorrect_affected.test,21249.83984375,3755.515625,7971.099609375,8616.98046875,7628.1162109375,5233.62060546875,5855.11962890625,6363.27197265625,5603.46142578125,5953.91845703125,7969.4501953125,7209.09423828125,9114.435546875
1403,"As the survey cited in the above-linked article shows, most Google users doesn't intend to use Gmail, and Google isn't even as popular as Yahoo! and AOL.",en_multilingual_blimp_incorrect_affected.test,21487.6796875,2875.93408203125,2730.635498046875,2431.591796875,1629.6561279296875,1359.9091796875,1440.1759033203125,1617.7152099609375,1683.19921875,1579.90478515625,1811.657470703125,2883.333740234375,1980.4383544921875
1404,But supporters is pointing a few good things out:,en_multilingual_blimp_incorrect_affected.test,19127.400390625,2291.037841796875,2378.3173828125,1661.601806640625,1278.6702880859375,1939.368896484375,1827.1695556640625,2256.376953125,2060.1630859375,2920.8671875,2593.79443359375,2607.205078125,4690.18408203125
1405,"When you discussed it, i was trying to think back to our remedies and discussions but the 3 years has made it difficult.",en_multilingual_blimp_incorrect_affected.test,22131.15625,649.129150390625,553.01513671875,528.2528686523438,511.83331298828125,539.3978881835938,634.51220703125,692.0891723632812,986.6075439453125,1024.7518310546875,1175.497314453125,1459.325927734375,1886.66455078125
1406,Investors is asking what Edison intends for QFs and generators--asking about haircuts in particular--and Edison is side-stepping the questions.,en_multilingual_blimp_incorrect_affected.test,26770.5546875,4124.66650390625,3478.1767578125,3051.844482421875,1685.5975341796875,1312.0037841796875,1342.182861328125,1349.5908203125,2017.445068359375,1930.450927734375,2871.2314453125,2690.6103515625,3367.86767578125
1407,"the bird must know that when you open the cage door it means that you will put him in the cage, and birds doesn't usually like cages.",en_multilingual_blimp_incorrect_affected.test,21594.400390625,712.3616943359375,822.9409790039062,909.4378662109375,654.234375,608.8047485351562,590.1444702148438,658.5511474609375,575.3261108398438,764.7772216796875,713.4015502929688,1157.2259521484375,920.9718017578125
1408,"People does not go to Ireland on holiday for the weather, it is unpredictable.",en_multilingual_blimp_incorrect_affected.test,27400.64453125,961.6058959960938,1046.8753662109375,1064.489990234375,1015.739501953125,758.80029296875,816.91650390625,1385.179931640625,1643.908447265625,1426.87060546875,1638.50390625,2289.88427734375,3050.549560546875
1409,Cell phones does NOT work on board but they give you a 'walkie-talkie' kind of phone in your room that WILL work onboard.,en_multilingual_blimp_incorrect_affected.test,26119.009765625,2284.320068359375,1561.3837890625,1004.3458251953125,708.6614379882812,619.28759765625,667.7516479492188,774.838134765625,604.115966796875,664.5972900390625,755.760986328125,955.1062622070312,861.1994018554688
1410,these are short term transactions and requiring this documentation will cause us to lose business because competitive alternatives does not have such burdensome requirements.,en_multilingual_blimp_incorrect_affected.test,25092.884765625,3143.07421875,1435.7574462890625,1252.2923583984375,881.0648803710938,603.0964965820312,690.4700927734375,617.7831420898438,567.55419921875,588.5743408203125,596.052001953125,681.3797607421875,813.8616333007812
1411,"While some looters is stealing non-essential goods, others are simply trying to find food and water.",en_multilingual_blimp_incorrect_affected.test,24650.19921875,1484.6207275390625,1285.574951171875,1362.4139404296875,939.0540161132812,832.3775634765625,606.1990966796875,526.5782470703125,630.1090087890625,657.600341796875,845.6170043945312,710.6165161132812,1034.639892578125
1412,The credit guys is currently assuming that there is no correlation and may consequently be double dipping the credit reserve on this basis too.,en_multilingual_blimp_incorrect_affected.test,22984.37890625,2145.89990234375,1097.5780029296875,1117.8465576171875,589.99951171875,521.637451171875,480.9361877441406,539.5486450195312,530.339599609375,503.9280700683594,504.4774475097656,598.1920166015625,639.1503295898438
1413,"""When dandelions has set the mark of May on Wisconsin pastures, it is time to listen for the final proof of spring,"" wrote Aldo Leopold in ""A Sand County Almanac.""",en_multilingual_blimp_incorrect_affected.test,22578.783203125,2372.72265625,1962.37744140625,1919.216552734375,2453.95703125,2213.949462890625,1992.567626953125,2095.71728515625,2221.70654296875,2035.068359375,2666.202880859375,2780.833984375,2866.224853515625
1414,"Our Lecture Slides has greatly benefited from the previous classes taught by Dr. William Schroeder and Dr. Luis Ibanez at RPI,",en_multilingual_blimp_incorrect_affected.test,24617.14453125,2846.968505859375,934.05712890625,652.4837646484375,641.9935302734375,570.7158203125,539.0941772460938,500.6553955078125,688.9825439453125,639.3125,569.3250122070312,951.9834594726562,877.3450317382812
1415,"Not only are these people completely inefficient and ineffective, but they just doesn't give a darn.",en_multilingual_blimp_incorrect_affected.test,23770.453125,1768.0997314453125,1110.0902099609375,760.3204345703125,534.033935546875,512.3157958984375,526.12841796875,680.0084228515625,784.1683349609375,639.930419921875,897.4181518554688,1110.602783203125,1205.218505859375
1416,While Iran's conventional army is not what it was during the heyday of the Iran-Iraq war - their armaments has deteriorated and the veterans of that last war have retired - the nation enjoys substantial military strength nonetheless.,en_multilingual_blimp_incorrect_affected.test,23706.701171875,2555.13037109375,1743.15478515625,1581.65966796875,1079.9156494140625,776.0487670898438,769.975341796875,881.9597778320312,844.505615234375,1030.57275390625,962.1177368164062,1145.5516357421875,1342.7373046875
1417,They is invoicing for this and I don't have an invoice for it.,en_multilingual_blimp_incorrect_affected.test,23991.36328125,863.9365844726562,653.3985595703125,597.60302734375,560.2902221679688,809.539794921875,834.71142578125,891.1976928710938,938.0836791992188,1157.355712890625,919.0546875,1048.26953125,1260.27978515625
1418,They doesn't show it on RTE Player,en_multilingual_blimp_incorrect_affected.test,26502.8125,2011.0810546875,1910.3082275390625,2295.61083984375,4887.80810546875,5895.40625,5583.83056640625,9878.37109375,10753.1416015625,14511.6689453125,11656.607421875,13294.767578125,16911.2109375
1419,"Ever since the first whispers about Google's IPO, most investors has feared that the stock would come public at such a ridiculously high price that, even with a spectacularly profitable business model and some nearly flawless execution, the price would be too high for investors to make a real profit.",en_multilingual_blimp_incorrect_affected.test,22870.044921875,2001.705078125,1384.705810546875,1050.9210205078125,913.2489013671875,823.8447265625,739.6505126953125,696.2091064453125,795.830810546875,796.9347534179688,775.4942016601562,1183.4600830078125,1276.2427978515625
1420,Tree swallows is nesting nine days earlier.,en_multilingual_blimp_incorrect_affected.test,26383.4296875,5460.48681640625,2626.706298828125,1667.65576171875,1678.8377685546875,1206.367919921875,1039.10693359375,1222.30810546875,1265.072509765625,1545.4266357421875,1169.6873779296875,1041.1300048828125,1368.25439453125
1421,"Also, would those of you who have not responded to me via email confirming your acceptance of the terms upon which our four companies has agreed to assume cost responsibility for the TCA work on this.",en_multilingual_blimp_incorrect_affected.test,19446.021484375,1019.2528076171875,843.7118530273438,847.4168701171875,465.7076110839844,364.9675598144531,389.7583923339844,381.9658203125,374.090087890625,352.62884521484375,422.8125305175781,522.19091796875,516.3826904296875
1422,"in our case, they is only hedging.",en_multilingual_blimp_incorrect_affected.test,18405.275390625,4556.00732421875,6187.9560546875,5996.1142578125,7786.41162109375,4529.17822265625,4858.2978515625,4870.07568359375,5711.86572265625,6950.18359375,8453.72265625,8179.26416015625,9776.4404296875
1423,"Throughout history, tyrants has known that by denying the right of oppressed peoples to form and nurture families, they can kill the spirit of those peoples.",en_multilingual_blimp_incorrect_affected.test,22676.408203125,1829.0960693359375,1363.9005126953125,1157.517822265625,1254.1676025390625,1080.4822998046875,1241.1878662109375,1225.58740234375,1130.577880859375,1113.355712890625,1450.652099609375,1552.8310546875,1887.77783203125
1424,"The problem is that the vast silent majority of these Moslems are not part of the terror and the incitement, but they also does not stand up against it.",en_multilingual_blimp_incorrect_affected.test,20099.0,552.0982055664062,497.9320068359375,428.4583435058594,331.85479736328125,246.7509307861328,340.4626770019531,372.26934814453125,467.59814453125,465.3857421875,488.05902099609375,535.0152587890625,627.1432495117188
1425,The employees doesn't really seem to enjoy what they are doing and it shows.,en_multilingual_blimp_incorrect_affected.test,21703.431640625,772.652099609375,586.47119140625,642.54443359375,487.27978515625,540.1285400390625,435.8500061035156,393.12225341796875,484.4911804199219,639.2786865234375,667.3034057617188,559.6099243164062,554.5516967773438
1426,"Increasingly, analysts is saying that China's efforts have gone beyond what is safe or even in its own interests.",en_multilingual_blimp_incorrect_affected.test,22316.9453125,1373.6954345703125,806.078857421875,451.5198974609375,411.0429992675781,375.9853820800781,309.0468444824219,324.2157897949219,405.45220947265625,476.825439453125,502.2196044921875,544.2610473632812,611.0770874023438
1427,"Unfair for the girl as boys doesn't have that kind of handicap, but that's the way our own rules work.",en_multilingual_blimp_incorrect_affected.test,21406.90625,772.6764526367188,934.8181762695312,904.0133666992188,569.9962158203125,644.7757568359375,632.4732666015625,572.7178955078125,513.4091796875,691.2119140625,712.1328125,928.4912719726562,1002.60888671875
1428,Relief agencies is trying to help hundreds of thousands of displaced people while authorities have vowed to restore security in New Orleans following a breakdown of law and order.,en_multilingual_blimp_incorrect_affected.test,18416.056640625,1292.390625,708.571533203125,582.705810546875,405.7664794921875,364.9967956542969,288.5216369628906,395.24468994140625,420.7673034667969,375.3734436035156,421.97021484375,390.20806884765625,550.9762573242188
1429,They doesn't let just anybody do it.,en_multilingual_blimp_incorrect_affected.test,22884.8828125,896.08447265625,2321.28466796875,2360.752197265625,2572.016845703125,4100.97998046875,5072.4296875,6513.5634765625,5529.439453125,9215.623046875,7690.349609375,8158.08984375,5488.80078125
1430,"""Other friends has flown before —",en_multilingual_blimp_incorrect_affected.test,13571.263671875,6648.623046875,4308.74755859375,4366.64453125,2497.677978515625,2880.08544921875,2032.55078125,3038.12060546875,3493.911865234375,5722.79736328125,7633.92333984375,4581.33056640625,7148.64208984375
1431,"We understand that the pipe fitters is also planning to picket the Lake Worth, Florida project as well.",en_multilingual_blimp_incorrect_affected.test,19672.50390625,1562.819091796875,1271.4139404296875,1394.9295654296875,1214.1268310546875,1227.640380859375,1369.49658203125,1461.0548095703125,1723.337890625,1860.716796875,2848.041015625,3692.805908203125,3044.239990234375
1432,"On the morrow he will leave me, as my Hopes has flown before.""",en_multilingual_blimp_incorrect_affected.test,23256.33203125,1488.9715576171875,1603.7772216796875,1604.1611328125,2043.674560546875,1836.84326171875,1580.9825439453125,2237.174072265625,2814.7705078125,2452.575439453125,2497.56494140625,2951.986083984375,4731.3896484375
1433,"U.S. officials has said the plot, thwarted by Britain, to blow up several aircraft over the Atlantic bore many of the hallmarks of al Qaeda.",en_multilingual_blimp_incorrect_affected.test,21615.29296875,1618.32470703125,1105.7913818359375,1010.4859619140625,812.5311889648438,616.427734375,513.6893310546875,442.4097900390625,474.4065246582031,414.5347595214844,453.5179748535156,644.8335571289062,680.195556640625
1434,"Today's weapons does not have that kind of problem, and are much more reliable.",en_multilingual_blimp_incorrect_affected.test,19696.720703125,843.2167358398438,945.417236328125,784.751953125,364.4371337890625,322.6103820800781,443.7820739746094,403.8907775878906,423.57916259765625,457.6247863769531,571.330078125,529.961669921875,740.9054565429688
1435,"All the regional countries has publicly backed the Karzai government and supported the electoral process, but serious undercurrents remain as they all have their favourite contenders in Afghanistan.",en_multilingual_blimp_incorrect_affected.test,23897.193359375,2592.30322265625,1880.81884765625,2153.749267578125,2159.213623046875,1765.9898681640625,1652.4962158203125,1461.3382568359375,1659.439453125,1521.9466552734375,1600.8699951171875,2198.457763671875,2262.37548828125
1436,The multiple planetary afflictions is taking their toll.,en_multilingual_blimp_incorrect_affected.test,23024.482421875,5372.70361328125,6986.560546875,4673.61865234375,2189.695556640625,1817.4078369140625,1158.9178466796875,1692.12451171875,1612.5560302734375,1235.28759765625,2540.057373046875,1934.260986328125,2599.787353515625
1437,"My neighbourhood has been surrounded by American troops for three days now, helicopters has been circling over our heads non-stop.",en_multilingual_blimp_incorrect_affected.test,24897.25390625,1816.7493896484375,755.4619140625,532.2371215820312,442.62860107421875,357.4726257324219,318.1274719238281,328.12701416015625,287.6474304199219,370.0708312988281,459.1576232910156,394.9747009277344,449.7881164550781
1438,are my two cats is or playing?,en_multilingual_blimp_incorrect_affected.test,26214.8125,3888.050537109375,4500.8544921875,5795.43310546875,2830.6259765625,2413.67919921875,2829.095703125,5217.15576171875,3482.0,3509.838623046875,5343.25634765625,4506.83349609375,4592.52490234375
1439,"These changes is occurring across all species, Parmesan told UPI's Climate.",en_multilingual_blimp_incorrect_affected.test,24090.892578125,5111.10693359375,2596.907958984375,1930.908447265625,2433.787841796875,1658.256103515625,1709.12451171875,1903.76904296875,2791.121826171875,2850.510986328125,2984.83251953125,4756.84765625,5640.4931640625
1440,Emails from Zawahiri to Atef in the Spring of 1999 indicates that Ayman was a close student of the USAMRIID anthrax program.,en_multilingual_blimp_incorrect_affected.test,22254.609375,1726.7720947265625,922.2418823242188,855.444091796875,789.8123779296875,697.7847290039062,721.8147583007812,722.3350219726562,776.707763671875,945.182861328125,1094.320556640625,1060.5906982421875,1280.2821044921875
1441,All arguments that the Bush administration would be insane to attack Iran and risk a global conflagration for the sake of political cover runs into one unavoidable truth.,en_multilingual_blimp_incorrect_affected.test,20581.40234375,1671.5838623046875,1048.6004638671875,821.1084594726562,659.4888916015625,393.4087829589844,395.5799255371094,419.4977722167969,354.5722351074219,363.00921630859375,386.7557067871094,397.6128845214844,521.9248046875
1442,Some countries like Malaysia and Singapore promotes trading for foreign visitors during some part of the year.,en_multilingual_blimp_incorrect_affected.test,21388.806640625,2134.9453125,1234.4691162109375,924.6099243164062,599.9977416992188,409.0127258300781,438.4573059082031,515.7234497070312,494.2931823730469,560.2261352539062,699.06396484375,967.5931396484375,1191.668701171875
1443,"Realists, and this even includes members of the U.S. Democratic foreign policy establishment such as Strobe Talbott, who have long sought to divest India of its defensive capability against another nuclear power in Asia, understands the only feasible solution for Kashmir is the acceptance of the status quo.",en_multilingual_blimp_incorrect_affected.test,24679.837890625,1813.2080078125,1075.8763427734375,867.6981201171875,659.9381103515625,493.6513366699219,509.1964111328125,518.811279296875,555.7887573242188,607.791015625,666.3626098632812,658.6610717773438,820.7639770507812
1444,"Certain elements of the travelling community engages in this activity, but overall no not really.",en_multilingual_blimp_incorrect_affected.test,21435.201171875,2857.747314453125,2661.45849609375,3276.83154296875,1523.4539794921875,1532.3765869140625,1491.6627197265625,1387.8165283203125,1621.808837890625,1569.63623046875,1897.21337890625,1977.78466796875,2175.62548828125
1445,Workers who do these introductions looks at the interaction objectively; and it's good to see they are able and willing to say no if they feel there would be a problem.,en_multilingual_blimp_incorrect_affected.test,19676.162109375,633.1998901367188,448.94793701171875,511.896240234375,344.99249267578125,324.1227111816406,330.703857421875,320.3456726074219,412.7916564941406,401.3645935058594,409.41217041015625,423.80242919921875,474.7303466796875
1446,either way you also need to keep an eye on the temperature if you are using a dry fish tank as UV lights in my experience ups the temperature significantly and without proper ventilation it can become an oven.,en_multilingual_blimp_incorrect_affected.test,19818.1015625,917.1385498046875,887.16552734375,566.2310180664062,437.8138427734375,379.0211486816406,358.0577697753906,453.3370056152344,519.4511108398438,537.9619750976562,646.310546875,621.8516845703125,757.332763671875
1447,"Some parts of this same outer circle actually operates as a result of fear from, or blackmail by, the inner circles.",en_multilingual_blimp_incorrect_affected.test,23985.072265625,2516.21044921875,3060.147705078125,3547.7890625,2798.232666015625,1675.3079833984375,1723.6854248046875,1788.183349609375,1426.7603759765625,1331.6153564453125,1877.0889892578125,1529.0155029296875,2632.962646484375
1448,"They, above – the Council in Europe, you know – means him to be.",en_multilingual_blimp_incorrect_affected.test,25714.3671875,1427.7525634765625,2332.993896484375,2415.748291015625,4316.35595703125,4983.1513671875,4441.00048828125,7079.02197265625,4544.3388671875,8017.8046875,7600.24658203125,8765.826171875,11745.1298828125
1449,some members of the traveler community bare knuckle boxes.,en_multilingual_blimp_incorrect_affected.test,24315.572265625,3766.681640625,2113.15869140625,2536.8125,1358.0164794921875,1246.8135986328125,814.9718627929688,1022.7936401367188,809.5896606445312,957.5902099609375,1188.76513671875,813.180419921875,1181.7220458984375
1450,"PS: I took the liberty of buying the corporate phone directory and locating information on your outstanding disputed credit accounts from an internet dealer today, and can probably make you better known to your customers than the security measures you enact at your company indicates you would like.",en_multilingual_blimp_incorrect_affected.test,21477.66015625,1030.9483642578125,918.2044677734375,807.3921508789062,759.2954711914062,611.904296875,608.6146240234375,691.02734375,688.0780029296875,585.6339721679688,814.6210327148438,1074.1553955078125,1010.0750732421875
1451,"Our distinguished colleagues in this business transaction includes the sitting vice-president of the United States of America, Richard Cheney, who is an original partner in the Iraq venture and former head of the Halliburton oil company, and Condoleeza Rice, whose professional dedication to the venture was demonstrated in the naming of a Chevron oil tanker after her.",en_multilingual_blimp_incorrect_affected.test,21764.412109375,2041.7518310546875,1756.3441162109375,1411.6531982421875,1433.2593994140625,1080.517822265625,1101.7440185546875,956.9265747070312,852.6284790039062,812.7757568359375,955.167724609375,960.35400390625,1379.18310546875
1452,"The decision to sidestep the obvious to satisfy the need to avoid confrontation does not bring peace, but only delays the eventual conflict as the predators of Hamas and Hezbollah exploits the inherent weakness of the internationals and the media.",en_multilingual_blimp_incorrect_affected.test,18151.822265625,1435.4671630859375,878.879150390625,731.228271484375,704.6314086914062,470.2432861328125,476.9894104003906,452.0256652832031,399.8263244628906,435.8142395019531,464.11279296875,519.2218627929688,513.217041015625
1453,"The papers found at headquarters of the Mukhabarat, Iraq's secret police, shows that an entourage from Al Qaeda group was sent to the Iraqi capital in March 1998 from Sudan.",en_multilingual_blimp_incorrect_affected.test,24376.9375,3099.6083984375,2275.4501953125,1720.558349609375,1086.5618896484375,792.845703125,773.7227783203125,890.5108642578125,799.4371948242188,761.6652221679688,980.9352416992188,932.4204711914062,1051.186767578125
1454,"The dangers implicit in any attack upon that nation, however, seems to significantly offset whatever gains could be made in the so-called ""War on Terror.""",en_multilingual_blimp_incorrect_affected.test,19776.431640625,3717.799560546875,2716.504150390625,2329.4365234375,2150.788330078125,1629.9771728515625,1598.8179931640625,1607.599365234375,1779.4256591796875,1033.8824462890625,1425.9971923828125,1492.5023193359375,1851.3726806640625
1455,Indoor cats that are well cared for typically lives 11-15 years.,en_multilingual_blimp_incorrect_affected.test,23096.8828125,5119.31689453125,2400.279296875,1979.7755126953125,1406.873291015625,1362.69140625,1387.6875,1707.8006591796875,1830.10009765625,2641.492431640625,2256.5888671875,2746.009033203125,3821.130126953125
1456,Police in the Indian capital Delhi says they have arrested the suspected co-ordinator and financier of last month's deadly bomb blasts in the city.,en_multilingual_blimp_incorrect_affected.test,23255.689453125,1702.3387451171875,1022.5137939453125,848.8274536132812,635.0143432617188,560.1192626953125,485.6388854980469,513.9497680664062,501.6858825683594,536.3534545898438,595.8858032226562,590.7801513671875,689.5468139648438
1457,"+ As the implications of the Andaman Islands situation sinks in, Indian intelligence has inevitably come under scrutiny.",en_multilingual_blimp_incorrect_affected.test,22180.048828125,4499.0693359375,2723.5458984375,2043.3111572265625,1959.286376953125,2024.4759521484375,1967.512939453125,2413.26025390625,2483.777587890625,2351.795166015625,2997.726806640625,2626.745361328125,2958.0224609375
1458,X-rays taken including AP and lateral of the right knee demonstrates a healed medial tibial plateau fracture status post percutaneous screw fixation.,en_multilingual_blimp_incorrect_affected.test,22926.015625,8161.3271484375,5452.98291015625,4365.8115234375,4567.90625,4019.251708984375,3609.0859375,3986.20556640625,4635.18798828125,3777.271728515625,6131.33935546875,7116.203125,7898.41748046875
1459,"While the ominous possibilities of heightened Iraqi chaos, missiles in the Gulf, and Syrian involvement looms large if the US attacks Iran, all pale in comparison to the involvement of China in any US/Iran engagement.",en_multilingual_blimp_incorrect_affected.test,23454.140625,3881.15625,3849.296875,2689.92431640625,2260.33544921875,1821.242431640625,1900.280029296875,1936.3353271484375,2320.86279296875,2097.264892578125,2633.935791015625,2438.649169921875,4248.02685546875
1460,The civilians in the Department of Defense only knows how to blow things up.,en_multilingual_blimp_incorrect_affected.test,23150.25,976.6041259765625,764.5285034179688,612.582763671875,367.8549499511719,339.940673828125,188.4666748046875,157.59072875976562,162.0653839111328,155.32391357421875,221.7798614501953,192.5178985595703,197.85440063476562
1461,"But other people do like the way they think he will vote, and the ones who favor him seems to outnumber the ones who oppose him.",en_multilingual_blimp_incorrect_affected.test,20762.537109375,759.558349609375,630.0482788085938,527.3679809570312,395.1299133300781,299.63360595703125,285.5334777832031,273.4566345214844,305.0485534667969,268.3650207519531,387.1005554199219,334.3054504394531,514.9820556640625
1462,"Four guys around a large square open hibachi cooks your food, and when it's finished a server brings it to your table.",en_multilingual_blimp_incorrect_affected.test,24835.12109375,1393.3048095703125,1364.7364501953125,914.7678833007812,1088.4530029296875,1004.4627075195312,818.2532958984375,1113.46875,1692.4432373046875,1483.2501220703125,2352.018310546875,2354.933837890625,2623.6884765625
1463,"As the implications of the Andaman Islands situation sinks in, Indian intelligence has inevitably come under scrutiny.",en_multilingual_blimp_incorrect_affected.test,24447.17578125,4256.89208984375,2307.54833984375,1848.7532958984375,1442.9344482421875,1583.560546875,1343.4256591796875,1500.5323486328125,1927.0009765625,1790.816650390625,1861.1248779296875,2191.704345703125,2466.55419921875
1464,"Jurisdictions which are not approved to trade credit derivatives includes: Austria, Belgium, Canada, Croatia, Czech Republic, Denmark, France, Gibraltar, Ireland, Italy, Poland, Portugal, Romania, Scotland, Singapore, Slovenia, Spain, and The Netherlands.",en_multilingual_blimp_incorrect_affected.test,21810.4140625,6311.0673828125,7332.2294921875,6224.521484375,5016.212890625,3071.52099609375,4554.13525390625,3917.831298828125,4713.08251953125,3984.282470703125,5003.748046875,6982.67041015625,11426.55859375
1465,Acts that violate this trust undermines the educational process.,en_multilingual_blimp_incorrect_affected.test,25208.51953125,2300.90087890625,2040.0565185546875,911.2796630859375,673.7116088867188,429.76953125,545.6320190429688,691.2142333984375,658.8269653320312,695.3746337890625,968.3070678710938,1214.6265869140625,1487.300537109375
1466,Other shops around this city has MUCH NICER and more TRANSPARENT owners.,en_multilingual_blimp_incorrect_affected.test,26347.423828125,3855.78173828125,1169.38623046875,1064.6092529296875,1707.87890625,1206.0279541015625,942.8529663085938,1236.601806640625,1350.7529296875,1643.9202880859375,2544.59375,3537.795166015625,2641.943603515625
1467,"Princeton islamist scholar Bernard Lewis has explained that while islamists may disagree about whether killing innocents is sanctioned by the laws of jihad, extremists like Zawahiri agrees that notice must be given before biochemical weapons are used.",en_multilingual_blimp_incorrect_affected.test,20256.947265625,2776.1796875,1315.5130615234375,879.4144897460938,737.367919921875,690.6386108398438,740.9340209960938,671.847412109375,655.6162719726562,875.9613647460938,836.2759399414062,965.0243530273438,1237.6087646484375
1468,"The mysteries of the universe continues to attract and intrigue you, as you apply your mystical awareness to the important decisions upcoming in your life, especially concerning partnerships of all kinds.",en_multilingual_blimp_incorrect_affected.test,21148.814453125,1953.5286865234375,1388.0283203125,1348.9256591796875,949.2841186523438,682.3256225585938,685.850830078125,627.5509643554688,642.2975463867188,593.0047607421875,696.0321655273438,770.5343627929688,1188.8360595703125
1469,Damage estimates of more than $25bn suggests it could be the US insurance industry's most expensive natural disaster ever.,en_multilingual_blimp_incorrect_affected.test,21377.9375,2081.752685546875,1134.1513671875,932.8896484375,775.6588134765625,641.5723876953125,475.2623596191406,590.6503295898438,759.8626708984375,962.8795776367188,1091.231689453125,985.2451171875,1435.3056640625
1470,"Secular Arab nationalist groups also universally sympathizes with the Palestinians, and those in post-Saddam Iraq are no exception.",en_multilingual_blimp_incorrect_affected.test,25116.8984375,5187.482421875,1715.8712158203125,1592.76416015625,1548.586669921875,1361.9046630859375,1186.7991943359375,1052.0858154296875,1225.8955078125,1212.701171875,1343.35400390625,2107.485107421875,1567.2003173828125
1471,"When those lucky enough not to have Herpes creates a climate of shame and indignity for those of us who do, not only are they hurting us, but they are hurting themselves.",en_multilingual_blimp_incorrect_affected.test,21992.29296875,1291.13525390625,1278.461669921875,1237.2789306640625,1135.5372314453125,846.250244140625,745.3208618164062,687.9074096679688,711.4279174804688,838.4112548828125,831.4541015625,1067.549072265625,1004.1681518554688
1472,US and NATO military officers in Kabul says it is too early to say whether Bush ’s tough message was instrumental in persuading Musharraf and the ISI to pressure the Taliban to restrain from disrupting the elections.,en_multilingual_blimp_incorrect_affected.test,23453.783203125,2559.805908203125,1661.3411865234375,1360.552734375,1257.9696044921875,756.35400390625,675.4508666992188,748.2725830078125,726.811279296875,844.560791015625,836.0438232421875,919.0512084960938,1227.4010009765625
1473,Average campaigns for ANA results in CTR of 8–12%.,en_multilingual_blimp_incorrect_affected.test,20494.361328125,7639.72802734375,4949.97705078125,2688.940673828125,2651.497314453125,3298.707275390625,2993.193115234375,2928.38525390625,3449.868896484375,4850.60791015625,4228.4599609375,6408.63671875,8091.439453125
1474,However US military officers say regular army officers - many of them Pashtun - leading units of the Frontier Corps who are on the border remains deeply sympathetic to the Taliban and the mullahs of the JUI.,en_multilingual_blimp_incorrect_affected.test,21397.416015625,1611.001220703125,810.4567260742188,639.510986328125,438.0364074707031,390.4764404296875,349.2967224121094,431.95452880859375,545.2445068359375,486.71875,593.62890625,779.9518432617188,785.7843017578125
1475,"Let me try to break this down as simply as I can: diurnal (active during the day time) reptiles like the bearded dragon requires 3 types of ""light,"" UVA, UVB, and heat.",en_multilingual_blimp_incorrect_affected.test,23051.970703125,1760.7666015625,1506.5374755859375,1753.4320068359375,1607.8446044921875,1016.6456909179688,1016.8289184570312,1213.4947509765625,1287.8670654296875,1127.3382568359375,1136.149169921875,1440.9837646484375,1218.810791015625
1476,"Birds eats and sleep with their flock, not predators.",en_multilingual_blimp_incorrect_affected.test,31371.28125,4072.5478515625,5019.49609375,3351.91357421875,3913.839111328125,2920.736083984375,5573.2060546875,5944.642578125,5078.63525390625,8209.75,7232.0732421875,7940.5078125,17179.11328125
1477,"And the stars never rises, but I feel the bright eyes Of the beautiful ANNABEL LEE;",en_multilingual_blimp_incorrect_affected.test,18203.01171875,2500.1123046875,1529.0694580078125,1446.0579833984375,1177.6634521484375,1138.4990234375,1145.8121337890625,1286.1187744140625,2464.99169921875,2349.100830078125,2153.653564453125,3262.711669921875,4468.29150390625
1478,"In the final two steps, the dancers firmly stamps their feet on the ground.",en_multilingual_blimp_incorrect_affected.test,24164.662109375,1674.228271484375,1296.2337646484375,1485.7764892578125,1399.3912353515625,1327.3521728515625,1405.6910400390625,2145.009765625,2615.195068359375,1818.7412109375,3551.67236328125,3514.2197265625,3331.47607421875
1479,Can you recommend where these companies each fits within the new organization?,en_multilingual_blimp_incorrect_affected.test,24756.919921875,2670.76708984375,1689.2939453125,1612.748291015625,2711.54248046875,2159.83642578125,2123.231689453125,2185.49072265625,2261.856689453125,4246.6943359375,4973.7080078125,4191.123046875,6102.2890625
1480,"As a yoga studio, I'm sure you're all aware that all actions generates karma …",en_multilingual_blimp_incorrect_affected.test,27639.81640625,5818.48193359375,4466.33935546875,3501.660888671875,3101.592529296875,2621.52001953125,2300.58154296875,2391.474609375,2804.109375,1848.7657470703125,2466.26953125,3078.938232421875,3143.13720703125
1481,Intentions for 2005 shows that the remaining amount will also be completely consumed.,en_multilingual_blimp_incorrect_affected.test,17433.759765625,1926.5885009765625,1046.3009033203125,747.4249267578125,595.901123046875,543.0263061523438,555.8285522460938,547.5496826171875,708.2462768554688,530.1019897460938,916.7327880859375,1008.9581909179688,1036.9833984375
1482,Company's transaction fees depends on the method of payment (e.g. ACH - US or WIRE - US).,en_multilingual_blimp_incorrect_affected.test,28616.41796875,1724.37841796875,893.9041137695312,766.6721801757812,679.1470947265625,486.1724853515625,532.3350830078125,587.7979736328125,629.8518676757812,580.0198364257812,678.6912841796875,882.753662109375,1091.4102783203125
1483,"Older males often tends to have urinary tract issues, so your cat has done very well.",en_multilingual_blimp_incorrect_affected.test,26136.927734375,2905.00732421875,2373.4345703125,2807.50244140625,1325.8232421875,1080.6878662109375,870.4925537109375,1047.21484375,1316.4913330078125,1554.729248046875,3107.71240234375,2880.81201171875,3037.958251953125
1484,"The two hands when upraised and folded together represents: ""Now I am trying to establish a link with Parama Purus'a (Supreme Consciousness).""",en_multilingual_blimp_incorrect_affected.test,25897.24609375,2237.275634765625,2049.564208984375,1441.6339111328125,1356.9600830078125,1000.0888061523438,997.5364379882812,1278.277587890625,1452.497314453125,1782.3231201171875,1712.0225830078125,2352.1025390625,2053.699462890625
1485,"The 22 member countries of the Arab league, from Mauritania to the Gulf States, has a total population of 300 millions, larger than the US and almost as large as the EU before its expansion.",en_multilingual_blimp_incorrect_affected.test,21823.39453125,1555.4737548828125,1879.93212890625,1626.8076171875,1097.519287109375,758.6045532226562,636.7162475585938,559.9537353515625,622.8211669921875,637.5142822265625,692.8330688476562,707.550537109375,744.18408203125
1486,An Iraq in which armed fundamentalist and nationalist militias proliferates is inevitably a security worry for Israel.,en_multilingual_blimp_incorrect_affected.test,24310.5859375,3858.5771484375,2448.78564453125,1526.4970703125,1323.3612060546875,1026.43408203125,1039.8870849609375,963.5267333984375,730.1533813476562,991.2410278320312,851.2647094726562,1019.9188232421875,1754.8555908203125
1487,It is a curb bit with a ported mouth piece and some horses appreciates this to give them more room in their mouths for their tongues.,en_multilingual_blimp_incorrect_affected.test,25006.072265625,937.6051635742188,512.025146484375,559.7471313476562,488.44970703125,408.24017333984375,417.79217529296875,618.858642578125,490.06365966796875,636.4351806640625,886.97265625,882.3779296875,1163.139892578125
1488,Alike...both were fought for securities reasons by the US (no matter what the liberal revisionist historians tells you).,en_multilingual_blimp_incorrect_affected.test,24987.21484375,3933.292724609375,2401.525146484375,2537.24658203125,2136.057373046875,2052.505126953125,2474.72314453125,2309.192626953125,2145.19287109375,2537.4306640625,2871.95166015625,2833.297119140625,4035.02880859375
1489,These economists belongs to the monetarist school.,en_multilingual_blimp_incorrect_affected.test,28533.603515625,2243.1689453125,2024.9249267578125,2141.9609375,1635.04638671875,1544.18017578125,1023.346435546875,1365.9591064453125,2162.784912109375,1726.3668212890625,2347.791748046875,3477.34765625,5428.3369140625
1490,Is this how your clients usually evaluates these properties?,en_multilingual_blimp_incorrect_affected.test,26622.98828125,5500.87451171875,3503.0634765625,1426.524169921875,1271.9232177734375,689.8385620117188,813.6703491210938,865.0206909179688,1077.0748291015625,1032.106689453125,798.269287109375,1114.228759765625,1481.2392578125
1491,"The Jihad ""soldiers"" joins packaged death tours to Iraq and other hotspots, while some of their leaders ski in Switzerland.",en_multilingual_blimp_incorrect_affected.test,24439.71484375,4945.0556640625,2828.588623046875,2507.49072265625,2390.568359375,1685.8868408203125,1889.0394287109375,1446.3814697265625,1434.5673828125,1377.2437744140625,1320.97998046875,1667.8856201171875,1576.263671875
1492,The frequent reports from Algeria about the murders of hundreds of civilians in one village or another by other Algerians has nothing to do with Israel.,en_multilingual_blimp_incorrect_affected.test,20674.84765625,956.4502563476562,809.8815307617188,568.4536743164062,407.12335205078125,329.8160095214844,311.6513977050781,329.4103088378906,290.69720458984375,293.07244873046875,375.1624450683594,473.4490051269531,444.4190673828125
1493,"Marriage is, in and of itself, a noble concept, but it too often leads to kids and kids flat out sucks.",en_multilingual_blimp_incorrect_affected.test,23156.298828125,3170.03125,4109.263671875,4691.72265625,4001.63525390625,3537.626220703125,3655.628662109375,5344.72900390625,6737.15185546875,4634.462890625,8119.79296875,7223.13330078125,8762.9765625
1494,"I am seeking anecdotes (first name, last initial) from dieters who successfully used a natural supplement to assist their weight loss; the therapeutic agents under discussion includes HCA, MCT, green or oolong tea extract, CLA, chromium, starch-blockers, chitosan, 5-HTP, hoodia and caralluma, HMB, and BCAA.",en_multilingual_blimp_incorrect_affected.test,25941.888671875,3758.188720703125,3836.81005859375,3730.482421875,3857.767822265625,2449.92919921875,2760.177978515625,2654.490234375,3473.376953125,2597.944580078125,3746.422607421875,4493.51611328125,5015.28515625
1495,"For the quality, the prices ($4-$6) has to be the best in town.",en_multilingual_blimp_incorrect_affected.test,19477.685546875,1342.6514892578125,1034.6744384765625,980.6986083984375,1016.2297973632812,1076.1251220703125,1430.7882080078125,1964.9412841796875,2068.428466796875,2426.90380859375,2183.364990234375,2116.895263671875,2330.91455078125
1496,Can you recommend where these companies each fits within the new organization?,en_multilingual_blimp_incorrect_affected.test,24756.919921875,2670.76708984375,1689.293212890625,1612.7474365234375,2711.5439453125,2159.83642578125,2123.233642578125,2185.49072265625,2261.857666015625,4246.68994140625,4973.7080078125,4191.123046875,6102.28369140625
1497,"These 22 countries, with all their oil and natural resources, has a combined GDP smaller than that of Netherlands plus Belgium and equal to half of the GDP of California alone.",en_multilingual_blimp_incorrect_affected.test,26937.7890625,1780.6693115234375,1815.6434326171875,1988.343994140625,1775.8487548828125,1491.759521484375,1470.8634033203125,1557.1531982421875,1462.6182861328125,1547.5391845703125,1835.8145751953125,2236.050048828125,2026.2877197265625
1498,Both bathrooms looks like they were flooded and the wood cabinets are thrashed at the bottom and they slapped some pieces of wood over to try to cover it up.,en_multilingual_blimp_incorrect_affected.test,20968.73046875,832.3450317382812,355.64813232421875,319.7486572265625,230.40968322753906,180.4507598876953,181.73609924316406,184.521484375,162.88304138183594,235.4105224609375,211.97325134277344,272.7507019042969,241.60501098632812
1499,Heterosexuals increasingly backs gay marriage,en_multilingual_blimp_incorrect_affected.test,18255.93359375,31148.55859375,23758.755859375,21996.783203125,25376.302734375,16063.765625,16540.888671875,12901.0380859375,15074.7314453125,10479.671875,14272.931640625,11561.6923828125,25041.3203125
1500,Do not put your fish tank close to the sun or algae grows in your tank.,en_multilingual_blimp_incorrect_affected.test,24409.0625,992.2620239257812,876.6599731445312,808.6482543945312,599.2023315429688,478.86724853515625,453.2135925292969,537.7860717773438,650.7835693359375,591.843994140625,477.3518981933594,878.7744140625,759.8101196289062
1501,Right Courts robs me I rob Court citizen sounds reasonable to me and just as wrong as Court in handling this case at issue wrongly.,en_multilingual_blimp_incorrect_affected.test,22963.740234375,2741.466552734375,2181.10791015625,2428.060302734375,2268.15673828125,2343.5224609375,2662.515869140625,2882.974853515625,3634.396484375,3554.721923828125,4643.52783203125,3700.523193359375,4491.72119140625
1502,"Climate: Humans fusses, animals adjust",en_multilingual_blimp_incorrect_affected.test,28449.802734375,17856.80859375,42450.76953125,28615.599609375,18406.029296875,15820.3310546875,20151.03125,24246.865234375,21056.822265625,25282.939453125,28165.5078125,26311.416015625,38253.83203125
1503,His co-workers loves him.,en_multilingual_blimp_incorrect_affected.test,21683.341796875,5261.42529296875,2163.1396484375,1973.23486328125,949.889892578125,395.5633239746094,289.9605712890625,336.6422424316406,434.80523681640625,339.0791015625,513.7655029296875,738.8897705078125,687.8811645507812
1504,"On the one hand, the IPN report agreed ""Climate models generally predicts that the temperature rises in the Arctic will substantially exceed the global rise.",en_multilingual_blimp_incorrect_affected.test,19111.974609375,3636.993408203125,2209.417724609375,1876.1968994140625,1600.0367431640625,1192.0147705078125,1088.7073974609375,883.4552612304688,1030.8956298828125,1006.3991088867188,967.4002685546875,1468.7679443359375,1278.8330078125
1505,"The Neocons in the CPA has all sorts of ulterior motives and social experiments they want to impose on the Iraqi people, including Polish-style economic shock therapy, some sort of sweetheart deal for Israel, and maybe even breaking the country up into three parts.",en_multilingual_blimp_incorrect_affected.test,23194.646484375,1704.824462890625,1508.327392578125,1558.006591796875,1260.7030029296875,1132.35302734375,967.7952270507812,1049.0445556640625,1215.453857421875,1182.7999267578125,1173.0118408203125,1514.700927734375,1345.9949951171875
1506,"I mean, I don't care if he doesn't know, but if he pretends to know and tells me BS to my face, there's no way I'm going to trust him when matters turns to the price of the car and financing.",en_multilingual_blimp_incorrect_affected.test,21336.080078125,768.7522583007812,744.0166015625,882.0156860351562,758.5032958984375,650.3309326171875,801.3828735351562,750.1453247070312,807.8558349609375,1051.074462890625,1151.5096435546875,1367.53173828125,1579.3572998046875
1507,"The findings demonstrates the inhibitory network is central to controlling not only the amplitude, extent and duration of activation of recurrent excitatory cortical networks, but also the precise timing of action potentials, and, thus, network synchronization...""",en_multilingual_blimp_incorrect_affected.test,20386.2890625,5728.61865234375,4234.291015625,3539.81005859375,2442.4208984375,2130.701416015625,2093.689697265625,1982.5606689453125,1850.316162109375,1656.244140625,2259.367919921875,1957.51220703125,2742.354248046875
1508,"Ounces measure weight, pints measures volume.",en_multilingual_blimp_incorrect_affected.test,30327.05859375,14156.76953125,33089.8046875,26153.53125,24077.82421875,19146.892578125,41701.81640625,45273.80078125,39472.2421875,63247.12109375,88348.2734375,85311.046875,370877.96875
1509,"As the Pew report concluded, ""Sufficient studies now exists to conclude that the consequences of climate change are already detectable within U.S. ecosystems.""",en_multilingual_blimp_incorrect_affected.test,26307.001953125,2136.785888671875,1501.0155029296875,893.9808349609375,559.0674438476562,530.2349243164062,572.0764770507812,601.685302734375,631.084716796875,561.3931274414062,577.6373901367188,652.8628540039062,648.72509765625
1510,"Feel free to cut and paste and leave your comments, as these viewpoints covers the entire gamut surrounding the event.",en_multilingual_blimp_incorrect_affected.test,22108.712890625,2112.68408203125,1984.6859130859375,1998.326171875,1405.1429443359375,1112.0150146484375,895.6483154296875,987.6826171875,905.3472900390625,797.6468505859375,1073.6182861328125,1428.15087890625,1171.685302734375
1511,"King snakes sometimes stops eating, particularly during the cooler part of the year.",en_multilingual_blimp_incorrect_affected.test,20454.95703125,3773.246337890625,3349.373291015625,3294.171142578125,2369.714111328125,2243.631103515625,2288.90185546875,2542.7587890625,2810.845947265625,2217.65478515625,3173.649169921875,3115.81103515625,5025.60791015625
1512,The water changes helps with that too.,en_multilingual_blimp_incorrect_affected.test,32568.59375,2533.189697265625,3497.63232421875,2618.7490234375,1472.392578125,2280.439453125,1823.0782470703125,2143.831787109375,2144.898193359375,1658.988525390625,1664.7081298828125,2303.330078125,2763.162109375
1513,Others argues that he was to be part of a second wave of airliners directed to targets on the West Coast.,en_multilingual_blimp_incorrect_affected.test,21469.263671875,631.14794921875,450.9776306152344,335.899658203125,332.26361083984375,278.06500244140625,284.6310119628906,322.95654296875,350.31201171875,279.7577209472656,324.121337890625,318.1902770996094,336.7173767089844
1514,"After Week 14, Participants builds a full-stack web application in the course of one month, from inception to production.",en_multilingual_blimp_incorrect_affected.test,28496.427734375,3731.3291015625,2615.98193359375,1682.6888427734375,1487.533935546875,1137.1854248046875,1086.236572265625,1313.180419921875,1756.882568359375,1920.15771484375,1978.5921630859375,1888.9727783203125,2533.98095703125
1515,"These islands sits aside the vital sea lanes of the Strait of Malacca, through which 300 tankers and merchant ships pass daily, bringing in oil for the Far East and Southeast Asia.",en_multilingual_blimp_incorrect_affected.test,23680.875,2910.475830078125,1891.9600830078125,1526.5596923828125,1224.3583984375,1157.5013427734375,1046.213623046875,1200.28564453125,1155.2598876953125,1167.9405517578125,1198.1258544921875,1445.233642578125,1453.651123046875
1516,"The reason for this is that India is emerging as an alternative investment destination to China, hence the favor that the generals in Islamabad does to their trusty supplier of nukes and missiles by creating a scare about war involving India when in fact the real flashpoints are the Taiwan Straits and North Korea.",en_multilingual_blimp_incorrect_affected.test,21870.482421875,1797.098876953125,1107.5364990234375,804.9093017578125,667.3114013671875,612.0300903320312,589.2578125,719.4873046875,675.1060180664062,710.0360107421875,867.6633911132812,903.7297973632812,1031.14990234375
1517,I told him that I would see his neurologist for evaluation or possibly a spinal surgeon if his symptoms progresses.,en_multilingual_blimp_incorrect_affected.test,24234.03515625,1138.0811767578125,645.2134399414062,519.2978515625,456.01629638671875,311.2061767578125,321.7361145019531,357.2044372558594,359.2217102050781,393.13726806640625,357.301025390625,301.3888244628906,412.9156799316406
1518,The current complaints alleges that HANO has not provided qualified former St. Thomas residents a preference with respect to available public housing units at River Garden per the 2003 agreement.,en_multilingual_blimp_incorrect_affected.test,24659.533203125,6180.11767578125,4230.81591796875,3443.69873046875,2831.5087890625,2322.1025390625,2059.641357421875,1803.8958740234375,1511.6588134765625,2080.2890625,1809.6336669921875,2723.718505859375,2203.363037109375
1519,Husbands marries mothers and teen daughters at the same time.,en_multilingual_blimp_incorrect_affected.test,24535.62890625,1994.16357421875,1412.47802734375,1893.612548828125,1149.0201416015625,857.7649536132812,1011.4168701171875,1104.2642822265625,981.6974487304688,1118.003173828125,1194.2603759765625,841.2293090820312,1314.6903076171875
1520,Because Large Fries gives you FOUR PIECES!,en_multilingual_blimp_incorrect_affected.test,24859.576171875,8694.8076171875,2030.2308349609375,1446.9326171875,1522.7958984375,1732.8668212890625,1511.7171630859375,2523.272705078125,3263.37451171875,3459.271240234375,2680.261474609375,6346.18115234375,4933.9384765625
1521,Traders over here seems to have a lot more respect for other humans.,en_multilingual_blimp_incorrect_affected.test,24119.7890625,452.3726501464844,380.1139831542969,294.1702880859375,202.8589630126953,156.36398315429688,116.17186737060547,126.11161041259766,141.55653381347656,162.3682861328125,160.74668884277344,129.21817016601562,172.52296447753906
1522,"Rodents requires special bedding in their cages to absorb their waste, and this needs to be cleaned regularly, or your hamster could suffer from problems due the buildup of ammonia from his urine.",en_multilingual_blimp_incorrect_affected.test,24526.294921875,2866.73876953125,1845.5931396484375,1398.4605712890625,1160.07568359375,1040.323486328125,955.9072265625,1056.974365234375,1263.324951171875,1185.2113037109375,1315.4171142578125,1490.816650390625,1952.2547607421875
1523,These appears to be extraarticular.,en_multilingual_blimp_incorrect_affected.test,32573.314453125,1249.689697265625,2382.421630859375,1374.650146484375,2390.61279296875,1421.0291748046875,1520.769287109375,1590.908935546875,2727.361328125,2809.917236328125,2460.537353515625,3150.9072265625,3719.263916015625
1524,"When the dancers starts the step with the beat of ""dhin, dhin..."", the mental ideation should also be kept.",en_multilingual_blimp_incorrect_affected.test,21029.1875,2390.512451171875,3977.22119140625,4284.75537109375,3875.131591796875,3286.737060546875,3075.35205078125,4003.467529296875,4159.80810546875,3676.30859375,5007.12744140625,5066.78271484375,4364.654296875
1525,There is a risk that observers underestimates the time that Al Qaeda has had to make progress in such recruitment and research and development.,en_multilingual_blimp_incorrect_affected.test,24787.064453125,1135.8800048828125,589.9862670898438,324.6455383300781,234.24354553222656,168.93077087402344,147.64820861816406,136.5060577392578,139.1970672607422,159.0171661376953,142.7899627685547,192.96987915039062,181.01670837402344
1526,"Compact's Corona dryers removes at least twice as much water as the previous dryers, allowing a production increase of over 10% and a significant energy saving.",en_multilingual_blimp_incorrect_affected.test,25606.984375,2397.43701171875,1623.4296875,1406.289794921875,1196.4615478515625,928.6475219726562,681.203369140625,939.5153198242188,1027.2958984375,867.060791015625,1341.6824951171875,1707.816162109375,1294.2586669921875
1527,I just hate to see the poor dears experiences a slow painful death that way :(.,en_multilingual_blimp_incorrect_affected.test,29584.583984375,1353.3671875,1479.53173828125,1536.26806640625,1163.6429443359375,1132.0274658203125,1331.6343994140625,1478.073486328125,1560.5523681640625,1729.1070556640625,1501.216552734375,2099.938720703125,1884.6873779296875
1528,"The days starts to shorten & it gets even wetter, windier & colder.",en_multilingual_blimp_incorrect_affected.test,29291.462890625,2383.0986328125,4105.88720703125,4395.77880859375,5338.68701171875,3717.93408203125,3898.435302734375,6441.80517578125,4640.4287109375,4826.25830078125,7616.92138671875,6667.62158203125,5820.4189453125
1529,Some cruise aficionados refuses to sail on one or the other.,en_multilingual_blimp_incorrect_affected.test,25810.0390625,2374.518798828125,1211.5665283203125,1429.4222412109375,1725.286376953125,1157.625,1271.395751953125,1245.1915283203125,1059.842529296875,1440.7652587890625,1127.9947509765625,1682.012451171875,1477.017333984375
1530,"But words also works in other ways, more subtle.",en_multilingual_blimp_incorrect_affected.test,26056.515625,2718.44775390625,3506.670166015625,4335.3369140625,1965.968505859375,2647.5732421875,2141.20947265625,3318.206298828125,3236.984619140625,3230.474365234375,3606.089111328125,3700.883056640625,5781.10791015625
1531,The price spikes poses real political risks for Davis and he and his folks need and want an easy way out.,en_multilingual_blimp_incorrect_affected.test,23316.76171875,1843.8153076171875,1019.0238647460938,1001.5681762695312,727.1506958007812,804.1087036132812,966.1707763671875,1081.5400390625,935.3336181640625,1106.794677734375,1239.9833984375,1215.4979248046875,1313.5048828125
1532,"Many details remains to be worked out, but we will keep you advised.",en_multilingual_blimp_incorrect_affected.test,25579.0625,1173.45263671875,1544.6160888671875,1357.04345703125,1417.2349853515625,1303.4085693359375,1414.3516845703125,1547.4920654296875,1426.376708984375,1805.7109375,1393.6103515625,1310.9500732421875,1948.5133056640625
1533,"If the negotiations stalls, it seems like I need to go ahead and cut off the utilities.",en_multilingual_blimp_incorrect_affected.test,24391.07421875,788.7844848632812,384.4386291503906,339.1867980957031,241.53854370117188,269.95355224609375,238.5082550048828,261.4677429199219,265.4040832519531,282.25390625,320.8545837402344,314.7139587402344,342.6558837890625
1534,Either way rec. and dom. white genes dilutes the black gene.,en_multilingual_blimp_incorrect_affected.test,29202.8203125,4823.71875,6195.5791015625,4356.9482421875,4060.998291015625,7898.251953125,10545.97265625,13681.173828125,18089.57421875,21643.181640625,23272.751953125,31660.720703125,35570.8046875
1535,When she goes to the zoo the elephants throws her peanuts.,en_multilingual_blimp_incorrect_affected.test,21409.58203125,1796.708984375,726.9107666015625,633.9575805664062,729.807373046875,639.4491577148438,570.1911010742188,446.0669860839844,455.41571044921875,542.833740234375,1016.9511108398438,666.7869262695312,805.5021362304688
1536,Clasp a rare and radiant maiden whom the angels names Lenore.',en_multilingual_blimp_incorrect_affected.test,28952.443359375,10355.7431640625,6918.8828125,9770.0,6733.6767578125,4304.23779296875,4345.5615234375,4363.62646484375,4801.98974609375,5264.5771484375,7833.484375,8033.65625,8424.8701171875
1537,"Like you said ""the kids eggs him on"".",en_multilingual_blimp_incorrect_affected.test,30087.3203125,2537.5673828125,3178.26513671875,3609.85693359375,2957.586669921875,2465.986328125,3389.986083984375,5724.15673828125,5497.3662109375,8101.80908203125,10674.5185546875,8274.447265625,16562.46484375
1538,"Loads of places has geographical hazards, if you are constantly paranoid, you 'll never get anywhere without a sense of adventure.",en_multilingual_blimp_incorrect_affected.test,23000.296875,2777.66015625,2537.62890625,1525.75341796875,1526.499267578125,995.9276123046875,912.1679077148438,984.94873046875,943.4285888671875,1016.9710083007812,1207.992919921875,1999.21826171875,2335.848876953125
1539,Workers who do these introductions look at the interaction objectively; and it's good to see they are able and willing to say no if they feels there would be a problem.,en_multilingual_blimp_incorrect_affected.test,19717.939453125,616.073974609375,439.95745849609375,533.8707275390625,372.8824462890625,350.02716064453125,352.46075439453125,340.2437438964844,437.2178039550781,409.2640380859375,400.47198486328125,439.4796142578125,505.94549560546875
