,Sentences,Categories,Perplexities (ckpt 0),Perplexities (ckpt 100),Perplexities (ckpt 200),Perplexities (ckpt 300),Perplexities (ckpt 400),Perplexities (ckpt 500),Perplexities (ckpt 600),Perplexities (ckpt 700),Perplexities (ckpt 800),Perplexities (ckpt 900),Perplexities (ckpt 1000),Perplexities (ckpt 1100),Perplexities (ckpt 1200)
0,"Yes, lovely creature, is n't she?",en_multilingual_blimp_correct_affected.test,45833.69140625,16680.716796875,70939.6171875,54870.9765625,37542.64453125,62819.35546875,73131.3984375,75980.6171875,67497.7265625,175722.296875,89416.125,207423.21875,165486.28125
1,There is no easy answer to the painful issue of abortion.,en_multilingual_blimp_correct_affected.test,64719.26171875,1072.8363037109375,817.9692993164062,383.8358154296875,399.293212890625,316.99359130859375,208.1082763671875,245.25567626953125,198.42921447753906,243.94459533691406,221.7687530517578,188.22276306152344,191.40382385253906
2,"Right up to a week after my birth he continued to say, 'How is he?'",en_multilingual_blimp_correct_affected.test,59986.390625,821.793212890625,878.4899291992188,927.780517578125,844.4996337890625,839.3380737304688,813.6920166015625,860.412109375,854.7012329101562,733.3925170898438,1152.6170654296875,1038.3218994140625,2413.832275390625
3,This is whale meat that I photographed in a grocery store in Tokyo - or is it?,en_multilingual_blimp_correct_affected.test,66199.96875,1424.9639892578125,852.1224365234375,643.6723022460938,643.9780883789062,409.7431945800781,292.6828308105469,275.58392333984375,369.119140625,309.4482116699219,310.43414306640625,327.16180419921875,321.5272521972656
4,Among them is the former cloister from the abbey church of St. Peter and Paul.,en_multilingual_blimp_correct_affected.test,52908.37890625,2129.726318359375,871.4468994140625,474.39813232421875,378.8702697753906,398.8703918457031,419.1098937988281,422.4405212402344,435.8608093261719,380.757080078125,486.2937316894531,500.8948974609375,472.7135925292969
5,how much is a flight from washington to montreal,en_multilingual_blimp_correct_affected.test,52374.078125,4168.17138671875,1958.5289306640625,3159.522216796875,3347.82421875,2580.104248046875,3400.626220703125,2431.114013671875,3829.867919921875,4429.33056640625,4461.09130859375,5225.75537109375,4662.578125
6,Among them is the former cloister from the abbey church of St. Peter and Paul.,en_multilingual_blimp_correct_affected.test,52908.37890625,2129.726318359375,871.4468994140625,474.39813232421875,378.8702697753906,398.8703918457031,419.1098937988281,422.4405212402344,435.8608093261719,380.757080078125,486.2937316894531,500.8948974609375,472.7135925292969
7,"Right up to a week after my birth he continued to say, 'How is he?'",en_multilingual_blimp_correct_affected.test,59986.390625,821.793212890625,878.4899291992188,927.780517578125,844.4996337890625,839.3380737304688,813.6920166015625,860.412109375,854.7012329101562,733.3925170898438,1152.6170654296875,1038.3218994140625,2413.832275390625
8,There is no easy answer to the painful issue of abortion.,en_multilingual_blimp_correct_affected.test,64719.26171875,1072.8363037109375,817.9692993164062,383.8358154296875,399.293212890625,316.9937438964844,208.1079864501953,245.25592041015625,198.4293212890625,243.94493103027344,221.7685546875,188.2230224609375,191.40365600585938
9,how much is a flight from washington to boston,en_multilingual_blimp_correct_affected.test,46991.44921875,3502.428955078125,1762.0406494140625,2340.631103515625,2549.2353515625,2239.034423828125,2787.383056640625,2098.95068359375,2663.75146484375,3422.440673828125,3498.3662109375,4540.65673828125,3639.366943359375
10,But here is a mushroom that's past its prime.,en_multilingual_blimp_correct_affected.test,51544.4453125,832.8595581054688,667.9977416992188,392.7233581542969,279.8285827636719,231.62525939941406,265.3059997558594,225.61895751953125,418.9434509277344,361.53277587890625,523.6693725585938,465.8229064941406,424.94854736328125
11,"Yes, lovely creature, is n't she?",en_multilingual_blimp_correct_affected.test,45833.69140625,16680.716796875,70939.6171875,54871.02734375,37542.60546875,62819.41015625,73131.3984375,75980.6953125,67497.859375,175722.125,89416.03125,207422.625,165486.28125
12,how much is a flight from washington to montreal,en_multilingual_blimp_correct_affected.test,52374.03125,4168.17138671875,1958.5289306640625,3159.522216796875,3347.8212890625,2580.104248046875,3400.626220703125,2431.114013671875,3829.867919921875,4429.32666015625,4461.08251953125,5225.76025390625,4662.57373046875
13,"For one thing, there is increasing concern, and that is undoubtedly true, on the part of experts too.",en_multilingual_blimp_correct_affected.test,59932.75390625,1255.76953125,3458.443359375,1945.7093505859375,2818.7568359375,3287.28564453125,3742.322998046875,2837.056640625,2773.2939453125,5012.416015625,3179.116943359375,3365.177001953125,5684.62890625
14,"Their minds are of the stay-at-home order, and their home is always with them – the ship; and so is their country – the sea.",en_multilingual_blimp_correct_affected.test,54946.328125,1684.247802734375,2196.943359375,2384.0126953125,2425.03564453125,2198.2490234375,2190.184326171875,1478.637451171875,1510.674560546875,1347.2510986328125,1646.6417236328125,2199.853515625,2631.739990234375
15,how much is a flight from washington to boston,en_multilingual_blimp_correct_affected.test,46991.44921875,3502.428955078125,1762.0406494140625,2340.631103515625,2549.2353515625,2239.034423828125,2787.383056640625,2098.95068359375,2663.75146484375,3422.440673828125,3498.3662109375,4540.65673828125,3639.366943359375
16,"Tindi Kente is a wonderful dancer, wonderful, is n't she... just like a snake brought out by music, and sometimes he 'll try with her.",en_multilingual_blimp_correct_affected.test,46678.0390625,2396.492919921875,3759.410888671875,3393.73828125,2242.2236328125,2987.025146484375,2461.263671875,2438.316650390625,2098.2021484375,2125.96923828125,2883.26513671875,3822.824951171875,3747.9306640625
17,"For one thing, there is increasing concern, and that is undoubtedly true, on the part of experts too.",en_multilingual_blimp_correct_affected.test,59932.81640625,1255.76953125,3458.443359375,1945.7093505859375,2818.7568359375,3287.2919921875,3742.322998046875,2837.052734375,2773.2939453125,5012.416015625,3179.119873046875,3365.177001953125,5684.62890625
18,In the corner is a girl in a headscarf and jeans who looks so unassuming I think it’s another assistant.,en_multilingual_blimp_correct_affected.test,58004.453125,956.0440063476562,680.2571411132812,451.32830810546875,493.6673278808594,503.388671875,557.1555786132812,493.59130859375,509.5340576171875,509.3329162597656,733.9291381835938,774.4794921875,721.0452270507812
19,"Their minds are of the stay-at-home order, and their home is always with them – the ship; and so is their country – the sea.",en_multilingual_blimp_correct_affected.test,54946.328125,1684.2469482421875,2196.9443359375,2384.0126953125,2425.03564453125,2198.2490234375,2190.184326171875,1478.637451171875,1510.673828125,1347.2510986328125,1646.6417236328125,2199.8544921875,2631.737548828125
20,This is whale meat that I photographed in a grocery store in Tokyo - or is it?,en_multilingual_blimp_correct_affected.test,66199.96875,1424.9639892578125,852.1224365234375,643.6723022460938,643.9783935546875,409.7431945800781,292.6831359863281,275.58404541015625,369.119140625,309.4482116699219,310.43414306640625,327.16180419921875,321.5272521972656
21,But here is a mushroom that's past its prime.,en_multilingual_blimp_correct_affected.test,51544.49609375,832.8595581054688,667.9977416992188,392.7233581542969,279.8285827636719,231.62525939941406,265.3057861328125,225.6188507080078,418.9428405761719,361.532470703125,523.6693725585938,465.8229064941406,424.9491882324219
22,In the corner is a girl in a headscarf and jeans who looks so unassuming I think it’s another assistant.,en_multilingual_blimp_correct_affected.test,58004.453125,956.0440063476562,680.2571411132812,451.32830810546875,493.6673278808594,503.388671875,557.1555786132812,493.59130859375,509.5340576171875,509.3329162597656,733.9291381835938,774.4794921875,721.0452270507812
23,"You say I cook chicken, is n't it?",en_multilingual_blimp_correct_affected.test,48393.77734375,4831.58642578125,11630.8115234375,12032.4208984375,10795.599609375,8534.5419921875,10570.4697265625,11637.61328125,9756.4345703125,7873.6064453125,8784.296875,13230.8544921875,8238.439453125
24,"Tindi Kente is a wonderful dancer, wonderful, is n't she... just like a snake brought out by music, and sometimes he 'll try with her.",en_multilingual_blimp_correct_affected.test,46678.0390625,2396.492919921875,3759.410888671875,3393.73828125,2242.2236328125,2987.025146484375,2461.263671875,2438.316650390625,2098.2021484375,2125.96923828125,2883.26513671875,3822.824951171875,3747.9306640625
25,"The answer is obvious, is n't it?",en_multilingual_blimp_correct_affected.test,64919.05078125,5433.93603515625,8132.1845703125,4648.294921875,9239.4619140625,6487.3525390625,9247.9248046875,7842.3193359375,12639.896484375,10464.87109375,12373.8994140625,12546.0302734375,13541.1279296875
26,"You say I cook chicken, is n't it?",en_multilingual_blimp_correct_affected.test,48393.77734375,4831.58642578125,11630.8115234375,12032.4208984375,10795.599609375,8534.5419921875,10570.4697265625,11637.61328125,9756.4345703125,7873.6064453125,8784.296875,13230.8544921875,8238.439453125
27,"The answer is obvious, is n't it?",en_multilingual_blimp_correct_affected.test,64919.05078125,5433.93603515625,8132.1845703125,4648.294921875,9239.4619140625,6487.3525390625,9247.9248046875,7842.3193359375,12639.896484375,10464.87109375,12373.8994140625,12546.0302734375,13541.1279296875
28,What do the new al-Qaeda videotape and audio speeches of Bin Laden and Ayman al-Zawahiri tell us about the hopes of the remaining top leadership of the organization?,en_multilingual_blimp_correct_affected.test,55807.1875,3526.490234375,2334.93359375,1618.8974609375,1349.4139404296875,1487.7161865234375,1441.1287841796875,2005.6759033203125,2257.292724609375,2058.311279296875,2244.180908203125,2681.86328125,2455.60400390625
29,What do other Holga owners do when they need to change film when they are traveling?,en_multilingual_blimp_correct_affected.test,55309.7734375,1277.58837890625,1220.5758056640625,1065.176025390625,917.5470581054688,840.897216796875,782.8797607421875,859.0477905273438,1369.582763671875,1761.1015625,1138.5771484375,1690.83154296875,1908.9896240234375
30,"Even the IP and ICDC have abandoned the neighbourhood, and those are trained and armed, so do n't expect scared civilians to do anything except to hide inside and pray a helicopter or a tank does n't bomb them, and also how are American soldiers going to distinguish the brave and valiant civilians from the Fedayeen?",en_multilingual_blimp_correct_affected.test,59039.72265625,2688.234130859375,2755.05908203125,2638.824951171875,2697.68017578125,2382.53173828125,2331.2333984375,2371.141357421875,2627.74365234375,2692.591064453125,4355.1328125,4938.1376953125,6778.53369140625
31,"When those lucky enough not to have Herpes create a climate of shame and indignity for those of us who do, not only are they hurting us, but they are hurting themselves.",en_multilingual_blimp_correct_affected.test,53901.66015625,1416.2325439453125,1835.8240966796875,1358.9862060546875,885.3125,691.1835327148438,522.5523681640625,456.1739807128906,537.5204467773438,576.0643310546875,691.51025390625,606.3965454101562,932.65478515625
32,Is there any other way to communicate or do your friends only understand text.,en_multilingual_blimp_correct_affected.test,61558.3359375,726.599609375,476.1186218261719,363.2871398925781,229.81529235839844,295.9427490234375,326.99261474609375,226.07115173339844,223.27685546875,216.01309204101562,337.0982666015625,385.5625,361.27740478515625
33,What do french men find sexy?,en_multilingual_blimp_correct_affected.test,62126.4609375,14076.490234375,33170.1484375,12097.763671875,33843.796875,28736.88671875,27715.201171875,33360.05078125,52532.40234375,59123.16796875,74823.5546875,73595.3359375,91401.265625
34,Also how much do compact system cameras drop on boxing day?,en_multilingual_blimp_correct_affected.test,58489.78515625,9603.1865234375,8446.703125,6593.99560546875,7501.3994140625,9743.59375,13640.708984375,16778.423828125,27652.15625,27977.76171875,29565.771484375,44214.3671875,49882.078125
35,How do these places stay in business.,en_multilingual_blimp_correct_affected.test,53911.37890625,812.3414306640625,562.3367309570312,447.10382080078125,626.8831176757812,839.2560424804688,818.422607421875,931.3846435546875,1076.0450439453125,931.0009765625,916.2586669921875,843.47216796875,1048.472900390625
36,How are things going with you?,en_multilingual_blimp_correct_affected.test,59912.015625,1013.297119140625,572.67529296875,661.34814453125,368.3003845214844,292.2335205078125,310.45220947265625,271.2593994140625,305.2525329589844,299.50433349609375,175.62542724609375,244.33993530273438,403.7207336425781
37,"It looks good on paper, but what do they really have?",en_multilingual_blimp_correct_affected.test,56225.58203125,1017.044189453125,1890.0584716796875,1275.3265380859375,1315.2415771484375,1443.04931640625,1259.1488037109375,1134.4937744140625,1979.476318359375,1677.7205810546875,1173.6282958984375,1114.4493408203125,2998.673095703125
38,"People like this will never have my sympathy, nor do they deserve my sympathy.",en_multilingual_blimp_correct_affected.test,58782.6328125,868.7882080078125,1335.4580078125,1137.497802734375,901.0830688476562,946.8347778320312,775.66357421875,726.3363647460938,1011.486328125,943.5882568359375,1587.006103515625,999.6949462890625,1316.150634765625
39,But do they know what they have heard?,en_multilingual_blimp_correct_affected.test,62602.796875,330.2618408203125,371.9366760253906,365.7994689941406,322.65655517578125,305.05218505859375,279.8260498046875,309.5775146484375,330.60198974609375,442.151611328125,303.3883056640625,463.6038818359375,669.978759765625
40,"Struggling against the currents of human nature and society, they may lose more often than they win - but only rarely do they give up.",en_multilingual_blimp_correct_affected.test,49853.30859375,1539.6710205078125,1280.22412109375,821.7904052734375,635.00439453125,526.326904296875,415.1493835449219,518.868408203125,448.5518493652344,462.40814208984375,492.0143127441406,640.7438354492188,931.9337158203125
41,What do they want to hear how you had to go round to the back door of the missionary 's house?,en_multilingual_blimp_correct_affected.test,55484.74609375,433.7270202636719,247.92041015625,240.97923278808594,151.15989685058594,139.87466430664062,181.67364501953125,154.8572540283203,146.81809997558594,131.8126983642578,167.68304443359375,243.56985473632812,263.73779296875
42,"The below site from the US government verifies this-it 's the same for Canada ,too.....",en_multilingual_blimp_correct_affected.test,64698.33984375,3238.485107421875,2097.7060546875,1634.83203125,1226.2386474609375,1852.2078857421875,2268.315673828125,1925.4432373046875,1635.5384521484375,1883.9398193359375,1592.40869140625,1835.3138427734375,3210.513916015625
43,"Typically, a developer creates an XSL transformation file that, when applied to an XML document during export, interprets or transforms the XML data into a presentation format that can be recognized by another application, such as Service Advertising Protocol (SAP) or a custom purchase order format.",en_multilingual_blimp_correct_affected.test,52472.421875,5148.998046875,5222.32763671875,2830.462646484375,2301.314453125,2529.633544921875,3138.081298828125,3605.68017578125,3387.636474609375,3270.634033203125,3844.916015625,4471.466796875,7570.1181640625
44,"In the best case, the clamoring for a ""refund"" subsides.",en_multilingual_blimp_correct_affected.test,49341.01171875,4068.3984375,5974.53173828125,3452.0146484375,4250.35302734375,4872.05029296875,5678.3544921875,5334.4833984375,5028.01904296875,6434.51708984375,6900.412109375,12113.904296875,13162.8056640625
45,Can you accept that the road we are travelling points toward a grim and painful future?,en_multilingual_blimp_correct_affected.test,68830.640625,2100.14599609375,1507.7354736328125,1224.0712890625,1441.018798828125,1424.2025146484375,1372.8468017578125,1255.758056640625,1692.718505859375,1406.0865478515625,1684.8148193359375,1985.630615234375,1680.20166015625
46,Scientific research to develop products like irradiated sterile insects or the Oxitec mosquitoes proceeds progressively from more to less contained conditions – from the laboratory to confined trials to limited field trials.,en_multilingual_blimp_correct_affected.test,59433.359375,7276.14794921875,5705.87646484375,4037.54638671875,2376.519287109375,2195.61767578125,2195.790283203125,2639.044921875,3223.728515625,4588.45751953125,4465.7138671875,6003.048828125,8949.908203125
47,"""Balzac's use of repeating characters, moving in and out of the Comédie's books, strengthens the realist representation.",en_multilingual_blimp_correct_affected.test,56484.0390625,5080.75732421875,6444.7236328125,7356.6318359375,5846.29248046875,6174.3330078125,8521.6435546875,8399.0537109375,13666.1650390625,15098.3994140625,12968.662109375,15493.6376953125,24161.689453125
48,"Like The Two Gentlemen of Verona, in which two friends appear to approve of rape, the Shrew's story of the taming of a woman's independent spirit by a man sometimes troubles modern critics and directors.",en_multilingual_blimp_correct_affected.test,53990.19921875,2259.099609375,3038.4365234375,2913.033447265625,2567.92236328125,2205.291748046875,1876.45361328125,1979.666015625,1953.2408447265625,2455.40966796875,2719.348876953125,3247.457275390625,3173.06494140625
49,The feeling of being swept along and of uncertainty as regards the future prevents you from seeing things in any perspective whatsoever.,en_multilingual_blimp_correct_affected.test,55429.16015625,2154.15576171875,1343.3948974609375,830.8191528320312,785.5264892578125,618.0795288085938,710.385498046875,635.5150756835938,693.6383056640625,899.687744140625,1391.0975341796875,796.8199462890625,1119.8524169921875
50,"750,000 - Tons of toxic waste the US military, the world 's biggest polluter, generates around the world each year.",en_multilingual_blimp_correct_affected.test,53296.80859375,2190.88525390625,2162.39404296875,1485.319580078125,1054.1884765625,1322.6060791015625,1050.8629150390625,1111.9693603515625,1497.9644775390625,1096.7764892578125,1034.834716796875,1736.676025390625,1776.3221435546875
51,"Your love life is full, and any dissatisfaction with career and money matters fades into the background.",en_multilingual_blimp_correct_affected.test,56700.4609375,2471.3623046875,2933.23876953125,2309.5966796875,1932.6871337890625,2891.601806640625,2911.1767578125,3352.751220703125,4005.136474609375,3560.805419921875,4519.60400390625,4730.9248046875,5606.8505859375
52,Examination of three views of the right foot demonstrates the second through fifth metatarsal head fractures.,en_multilingual_blimp_correct_affected.test,50422.92578125,7664.16015625,4889.29052734375,5203.83349609375,5162.603515625,6069.19580078125,6945.57861328125,6693.02197265625,9696.7802734375,8469.0791015625,12816.6806640625,15150.8447265625,21565.587890625
53,"In this scenario, pieces of option three remain stubbornly impervious to artificial intelligence and continue to be mind-numbingly boring, while option four – engaging in social reciprocity and negotiation – remains limited.",en_multilingual_blimp_correct_affected.test,54079.30078125,6312.26513671875,5674.9931640625,4080.94580078125,3484.252197265625,3546.80810546875,3524.335205078125,3487.160888671875,4228.431640625,5000.33203125,6057.11669921875,6043.60888671875,7899.509765625
54,"Yet a superficial fixation on China's headline GDP growth persists, so that a 25% deceleration, to a 7-8% annual rate, is perceived as somehow heralding the end of the modern world's greatest development story.",en_multilingual_blimp_correct_affected.test,68877.390625,3850.163330078125,4663.68994140625,2990.231689453125,2680.504150390625,2294.30322265625,1850.4874267578125,2348.693115234375,2497.59716796875,2582.979736328125,3237.561767578125,2855.543212890625,4412.71435546875
55,"Then every element of S strictly precedes x, as x is in T.",en_multilingual_blimp_correct_affected.test,52106.79296875,2539.17724609375,6174.92138671875,3006.301513671875,4661.4443359375,6717.9296875,9623.24609375,7846.56103515625,12532.337890625,11858.9638671875,15192.9345703125,13617.6513671875,23863.783203125
56,"Now, NASA engineers and astronauts are almost giddy with ""go"" fever as the tentative date for the first launch since the Columbia disaster approaches.",en_multilingual_blimp_correct_affected.test,57904.4140625,4928.04638671875,5247.16455078125,4276.90478515625,3299.453125,3336.19775390625,3691.893798828125,3876.380859375,4639.5439453125,4556.8203125,5505.376953125,5397.9619140625,8010.47509765625
57,"Your learning of concepts of all kinds combines with extensive group activity, bringing your mind into a whole new space this year.",en_multilingual_blimp_correct_affected.test,44874.546875,1479.3729248046875,1692.6112060546875,1406.7230224609375,1661.0631103515625,1492.058349609375,1472.1004638671875,1590.5599365234375,1724.8726806640625,1731.84814453125,1738.658935546875,1907.1744384765625,2253.416748046875
58,The default view – the view in which the object is open when you carry out the Save As command – determines the design of the data access page.,en_multilingual_blimp_correct_affected.test,68780.3125,1317.4251708984375,957.3715209960938,591.158935546875,462.27056884765625,446.3201904296875,531.6615600585938,563.5076293945312,515.8596801757812,501.1957092285156,612.643798828125,563.021728515625,666.6286010742188
59,"If the snake is not pregnant or shedding, and its enclosure is properly equipped, a loss of appetite probably signals a beginning of hibernation.",en_multilingual_blimp_correct_affected.test,66647.5078125,2121.85205078125,5115.78857421875,3305.774169921875,4897.10205078125,4325.833984375,4353.74169921875,3899.643798828125,4191.47900390625,4971.98681640625,6342.3759765625,7825.853515625,7904.23486328125
60,"Also, every element of S strictly precedes x, as x is in T.",en_multilingual_blimp_correct_affected.test,47622.19921875,3082.543212890625,9100.5908203125,5447.603515625,4915.25634765625,6476.8310546875,9749.6455078125,8782.1015625,15132.5205078125,12856.1591796875,13899.85546875,16110.7578125,23717.646484375
61,"The problem with this argument is that Bush lacked the experience necessary to be president when he ran in 2000, so this sort of cheap shot just hoists him by his own petard.",en_multilingual_blimp_correct_affected.test,58622.58203125,1244.8033447265625,1052.2603759765625,724.2826538085938,559.7719116210938,554.8489990234375,725.8941650390625,828.4609375,929.6581420898438,1012.7439575195312,1257.1510009765625,1405.6837158203125,1622.6395263671875
62,Our project of a Europe that aims to satisfy social needs envisages the convergence of living conditions towards the highest common denominator.,en_multilingual_blimp_correct_affected.test,48499.765625,3060.98828125,1869.379638671875,1337.1363525390625,1091.685546875,943.315673828125,784.0584716796875,899.5825805664062,1155.8990478515625,1174.6226806640625,1866.180419921875,1547.4012451171875,1705.9993896484375
63,"China 's strong hand in this even extends to the diplomatic realm; China is a permanent member of the United Nations Security Council, and could veto any actions against Iran proposed by the United States.",en_multilingual_blimp_correct_affected.test,56278.26171875,2196.35693359375,1398.265869140625,1104.6947021484375,1199.80615234375,878.5473022460938,803.380859375,1030.379150390625,1024.4322509765625,1063.2025146484375,1220.3338623046875,1690.3270263671875,2136.031005859375
64,"Let me join the chorus of annoyance over Google 's new toolbar , which, as noted in the linked article, commits just about every sin an online marketer could commit, and makes up a few new ones besides.",en_multilingual_blimp_correct_affected.test,66213.2265625,2471.350341796875,3551.465576171875,2679.626220703125,2409.854248046875,1915.8251953125,2000.1146240234375,2098.173095703125,2633.623046875,3171.2197265625,3029.931884765625,3238.982421875,4916.7236328125
65,"In the next week or so, we 'll be sending around a discussion paper which we hope crystallizes the issues, and we will try to talk to as many of you as possible before the meeting to go through it.",en_multilingual_blimp_correct_affected.test,55356.89453125,549.3676147460938,612.646728515625,508.9415588378906,448.4047546386719,382.58758544921875,372.05780029296875,408.9493408203125,408.7995910644531,467.3631896972656,468.0768737792969,525.7642822265625,696.6719970703125
66,"Indeed, its three-year plan for economic innovation, announced in February, aims to raise the female employment rate to 62% by 2017, through the provision of affordable, high-quality childcare facilities and expanded paid parental leave, among other measures.",en_multilingual_blimp_correct_affected.test,56108.91796875,5873.72119140625,7756.3662109375,5784.466796875,4066.803955078125,4414.0693359375,4179.009765625,4935.57177734375,5966.5771484375,6033.10498046875,6567.30517578125,7110.5791015625,9713.931640625
67,"Al Qaeda members and sympathizers feel that the FBI 's involvement in countries like Egypt, Saudi Arabia, Pakistan, Indonesia, and the Philippines interferes with the sovereignty of those countries.",en_multilingual_blimp_correct_affected.test,59820.94921875,4397.31787109375,3879.705322265625,3307.555908203125,2136.237548828125,1581.65673828125,1859.4776611328125,2230.450927734375,2455.612060546875,2438.272705078125,3082.737060546875,5371.53515625,4394.689453125
68,I have to say the value of this place always amazes me.,en_multilingual_blimp_correct_affected.test,82630.6484375,327.8389587402344,214.8936767578125,213.5758819580078,165.4580078125,144.91815185546875,174.11326599121094,145.6660919189453,133.00732421875,193.5335693359375,182.88735961914062,230.27052307128906,207.64407348632812
69,"The mycelium, in the right conditions, produces a mushroom - it bursts through with such ferocity that it can break asphalt.",en_multilingual_blimp_correct_affected.test,50564.0703125,3133.541748046875,4444.49169921875,2411.8212890625,2017.7913818359375,1518.5966796875,1901.6904296875,1912.4154052734375,2311.344970703125,2225.71240234375,2394.70166015625,1948.526123046875,3178.486328125
70,The title page of the 1594 edition of Titus Andronicus reveals that the play had been acted by three different troupes.,en_multilingual_blimp_correct_affected.test,58878.4609375,3525.9287109375,2051.72998046875,1766.44970703125,1327.863525390625,1721.966796875,1660.779541015625,1808.018310546875,1684.390625,1940.4281005859375,1839.6456298828125,2617.857421875,3288.455322265625
71,"In the photo on the couch, the pillow she is resting on clashes with everything else in the shot.",en_multilingual_blimp_correct_affected.test,62236.99609375,976.6604614257812,1346.8681640625,980.4947509765625,904.4954833984375,946.5499267578125,1190.7637939453125,1145.1004638671875,1025.146728515625,1475.6446533203125,1763.41064453125,2136.21923828125,2943.1005859375
72,"But Carney argues that, on the contrary, the rest of the British economy benefits from having a global financial center in its midst.",en_multilingual_blimp_correct_affected.test,57740.8046875,1482.797607421875,1716.036376953125,1584.080322265625,1102.11767578125,804.2628173828125,784.5760498046875,850.7243041992188,1006.3736572265625,1297.7421875,1525.215087890625,1637.882080078125,1893.8836669921875
73,"(11) The approach set out in the Green Paper on Integrated Product Policy, which is a major innovative element of the Sixth Community Environment Action Programme, aims to reduce the environmental impacts of products across the whole of their life cycle.",en_multilingual_blimp_correct_affected.test,61599.20703125,2102.75537109375,1288.948486328125,1010.3784790039062,996.650634765625,911.8721923828125,848.1033325195312,901.2863159179688,1092.81884765625,1304.9608154296875,1486.0606689453125,2031.73876953125,2057.647705078125
74,"Remember that what you do to yourself affects me and everybody else, remember that what you do to me and anyone else shapes your destiny.",en_multilingual_blimp_correct_affected.test,55856.59765625,534.960693359375,481.1003723144531,324.5871887207031,371.0238952636719,283.51727294921875,278.6584167480469,272.98724365234375,266.44769287109375,332.9849853515625,201.0630340576172,231.19041442871094,345.7251281738281
75,"Of course the paper written by Mr Eichelberger and his Egyptian collaborators states that the purpose of the Nasser seizure of power was ""to solve the pressing social and political problems which made the revolution necessary.""",en_multilingual_blimp_correct_affected.test,57068.26953125,2383.112060546875,1520.754638671875,1466.03759765625,1734.589599609375,1318.6695556640625,1056.597900390625,1182.0338134765625,1390.917724609375,1295.7567138671875,1473.850830078125,1652.4488525390625,1946.2716064453125
76,"Today, the dominant method for reducing insect populations – the so-called ""sterile insect technique"" (SIT) – relies on radiation to sterilize males, which are then released into infested areas to mate.",en_multilingual_blimp_correct_affected.test,53938.73828125,8472.73046875,8301.9462890625,6794.5390625,5535.7236328125,5858.91796875,4910.908203125,4912.04638671875,5271.0927734375,5353.53369140625,5217.81787109375,6036.7255859375,10679.732421875
77,"The name ""Caribbean"" derives from the Caribs, one of the dominant Native American groups in the region at the time of European contact during the late 15th century.",en_multilingual_blimp_correct_affected.test,62222.75,2131.723876953125,1219.0096435546875,1049.312255859375,620.9020385742188,498.1039123535156,386.82763671875,435.04168701171875,454.6378173828125,501.1813659667969,541.0394897460938,549.6220703125,701.7869262695312
78,"The centrality of a father in this novel matches Balzac's own position - not only as mentor to his troubled young secretary, Jules Sandeau, but also the fact that he had (most likely) fathered a child, Marie-Caroline, with his otherwise-married lover, Maria Du Fresnay.",en_multilingual_blimp_correct_affected.test,62442.40234375,6466.02490234375,9789.26953125,7808.087890625,6339.93896484375,4563.04736328125,3943.918701171875,4282.84326171875,5407.6796875,6234.15771484375,7600.48583984375,8290.7744140625,10573.4443359375
79,Another theme of the Skylark novels involves precursors of modern information technology.,en_multilingual_blimp_correct_affected.test,58126.66796875,6067.8935546875,3270.97412109375,2118.045166015625,1976.4091796875,1767.071533203125,1094.4114990234375,1346.5355224609375,1952.53955078125,2358.203857421875,1759.797119140625,2195.15380859375,3192.5703125
80,"Article 6 of the Gallup Compression Services Agreement (which I am sending to you separately) with ECS obligates ECS to ""work in good faith with CDEC"" to establish an automated system that would automatically have alerted us to peak loading conditions on CDEC 's system.",en_multilingual_blimp_correct_affected.test,59961.80078125,6214.95947265625,2516.77294921875,2235.42431640625,1981.6578369140625,1780.4578857421875,1748.7978515625,1914.1011962890625,2360.1826171875,3139.955322265625,2843.5400390625,3501.196533203125,4080.63818359375
81,"If you move the line downward, the distance between the moving line and the nearest parallel line below remains constant, and the perpendicular line above the moving line lengthens.",en_multilingual_blimp_correct_affected.test,60620.140625,3569.152099609375,4759.556640625,2952.96728515625,1630.8128662109375,1764.986328125,1687.3980712890625,1938.166259765625,2141.564697265625,1510.498046875,1934.9195556640625,4565.54150390625,3354.989990234375
82,"If you move the line to the right, the distance between the moving line and the nearest parallel line to the right remains constant, and the perpendicular line to the left of the moving line lengthens.",en_multilingual_blimp_correct_affected.test,58616.48828125,1276.1380615234375,1247.0181884765625,896.500732421875,517.063232421875,520.7010498046875,470.9789123535156,488.2836608886719,565.8142700195312,483.2821350097656,544.5224609375,858.5584106445312,795.4324340820312
83,"If you move the line to the left, the distance between the moving line and the nearest parallel line to the right remains constant, and the perpendicular line to the left of the moving line contracts.",en_multilingual_blimp_correct_affected.test,58974.33203125,1107.320556640625,1198.3892822265625,798.1136474609375,491.5947570800781,526.4303588867188,457.9847412109375,485.3668518066406,543.4617919921875,460.88372802734375,521.0077514648438,794.099609375,689.9954223632812
84,"A MILNET brief issued in February 2005 reports, ""Due to its position astride the Persian Gulf, Iran has constantly been a threat to the Gulf.",en_multilingual_blimp_correct_affected.test,67153.640625,5699.74169921875,4490.2177734375,4458.802734375,2931.52294921875,2753.7626953125,2537.511474609375,2557.422119140625,2537.74169921875,2357.81591796875,3186.796875,5064.52685546875,7505.70703125
85,The delicacy of the light also affects me.,en_multilingual_blimp_correct_affected.test,60341.09375,1683.7611083984375,1139.7701416015625,953.1285400390625,907.6827392578125,572.8861694335938,900.1665649414062,761.4338989257812,1146.08642578125,979.0977783203125,1383.9698486328125,1069.0579833984375,1466.1710205078125
86,"In Othello, the villain Iago stokes Othello's sexual jealousy to the point where he murders the innocent wife who loves him.",en_multilingual_blimp_correct_affected.test,59235.53515625,5037.455078125,5016.0791015625,3696.4033203125,2993.510009765625,2404.5615234375,1829.3629150390625,2177.947509765625,1980.2476806640625,2535.124267578125,2452.347412109375,4123.6279296875,4024.55224609375
87,"Furthermore, I would like to reiterate that RAC 's goal, prior to quoting any credit reserve, is to be 100% confident that: (i) the methodology that is being employed is consistent among the internal groups; and (ii) the inherent value of the price risk management contracts matches.",en_multilingual_blimp_correct_affected.test,66271.09375,3697.3271484375,4278.07568359375,4570.15478515625,3994.783447265625,3230.576171875,3478.236572265625,3924.835693359375,4667.7568359375,5676.0966796875,6122.201171875,6803.34423828125,10790.8955078125
88,"The ever increasing volume of goods passing through Europe entails all kinds of risks, known and unknown, for employees and the social environment.",en_multilingual_blimp_correct_affected.test,54277.03125,2694.123046875,4519.05224609375,2299.7939453125,2123.28125,2144.507568359375,1859.4315185546875,2412.660888671875,2655.6005859375,2505.797119140625,3165.744384765625,3237.169921875,5799.28125
89,"The media routinely obscures the lines between terrorism and legitimate resistance, as the recent article by Daniel Okrent of The New York Times demonstrates .",en_multilingual_blimp_correct_affected.test,56518.5234375,6423.5908203125,3199.733154296875,2462.42822265625,1663.9954833984375,1374.8658447265625,1129.4053955078125,1454.243896484375,1442.3758544921875,1491.44873046875,1399.0101318359375,1558.7236328125,2467.298828125
90,"Mr President, the priority given to financial and monetary criteria reinforces the increase in inequalities of every shape and form.",en_multilingual_blimp_correct_affected.test,50476.81640625,4402.21044921875,3064.440673828125,2576.33984375,2495.912353515625,2278.8935546875,3284.656494140625,3060.29052734375,4719.82080078125,5114.2568359375,6188.23291015625,9053.1962890625,10487.7900390625
91,"It is also a fact that almost everybody in the region blames this situation on the United States, on Israel, on Western Civilization, on Judaism and Christianity, on anyone and anything, except themselves.",en_multilingual_blimp_correct_affected.test,58225.48046875,1759.135986328125,3958.109130859375,3148.47119140625,2303.646484375,2133.78515625,2165.261474609375,2115.298095703125,2319.83056640625,2102.911865234375,2939.2607421875,2925.05810546875,4081.638916015625
92,"If you move the line upward, the distance between the moving line and the nearest parallel line below remains constant, and the perpendicular line above the moving line contracts.",en_multilingual_blimp_correct_affected.test,62405.7890625,3019.03759765625,4121.7685546875,2436.400146484375,1507.9224853515625,1782.274658203125,1561.97509765625,1776.901611328125,1786.2283935546875,1341.2257080078125,1544.1500244140625,3336.9453125,2806.152099609375
93,"As the hysteria of the 2016 Presidential election intensifies, a more troubling threat than bullshit preoccupies Karel.",en_multilingual_blimp_correct_affected.test,45455.24609375,14884.8896484375,9107.5712890625,7806.2490234375,7888.1875,4444.2880859375,3757.9267578125,3658.79931640625,5641.03662109375,5395.00732421875,5041.88623046875,7490.791015625,8217.17578125
94,"Mr President, I would once again like to congratulate Mr Koch on his magnificent work on this other report, which in a way supplements the debate which we held in October on rail transport.",en_multilingual_blimp_correct_affected.test,58069.1015625,1574.5531005859375,2100.916259765625,2107.685302734375,2027.3885498046875,1995.22412109375,2408.691650390625,2533.46875,2376.4775390625,3314.1171875,4531.0361328125,5283.8818359375,6018.19873046875
95,"As the hysteria of the 2016 Presidential election intensifies, a more troubling threat than bullshit preoccupies Karel.",en_multilingual_blimp_correct_affected.test,45455.24609375,14884.8896484375,9107.5712890625,7806.2490234375,7888.1875,4444.2880859375,3757.9267578125,3658.79931640625,5641.03662109375,5395.00732421875,5041.88623046875,7490.791015625,8217.17578125
96,"(And, a piece of shrapnel in the forearm that caused only a minor wound would have killed had it hit an eye and gone into the brain; the shrapnel being in your body demonstrates you were in mortal danger and did n't absent yourself from it.",en_multilingual_blimp_correct_affected.test,61435.34765625,2102.4404296875,1490.705078125,1286.9188232421875,1005.4119873046875,1006.0843505859375,1178.4466552734375,1011.8514404296875,1406.9068603515625,1307.3985595703125,1628.12060546875,2006.9224853515625,2158.905517578125
97,"Remember that what you do to yourself affects me and everybody else, remember that what you do to me and anyone else shapes your destiny.",en_multilingual_blimp_correct_affected.test,55856.59765625,534.960693359375,481.1003723144531,324.5871887207031,371.0238952636719,283.51727294921875,278.6584167480469,272.98724365234375,266.44769287109375,332.9849853515625,201.0630340576172,231.19041442871094,345.7251281738281
98,A nearly infinite reserve of energy propels the characters in Balzac's novels.,en_multilingual_blimp_correct_affected.test,49482.7578125,7427.6220703125,3961.2470703125,2321.851318359375,2447.526123046875,2323.68994140625,2770.328369140625,2972.013671875,4993.22216796875,5361.708984375,5474.35693359375,5616.595703125,7742.095703125
99,"A second set of problems concerns the need to ensure that the economic system is perceived as fundamentally fair, which is the key to its political sustainability.",en_multilingual_blimp_correct_affected.test,60337.58203125,1147.6451416015625,912.1878662109375,597.4754028320312,428.1471252441406,441.1830749511719,430.86651611328125,447.232177734375,433.4301452636719,510.2109375,497.0538024902344,657.1025390625,856.7177734375
100,South Korea's success over the last five decades owes much to the rapid growth of its well-educated labor force.,en_multilingual_blimp_correct_affected.test,64057.375,3058.411865234375,1086.298583984375,728.0596923828125,593.3096313476562,527.4258422851562,361.8361511230469,408.40252685546875,533.9721069335938,559.0687255859375,513.9174194335938,421.41705322265625,624.2572631835938
101,"The introduction of interim targets increases the predictability of the policy, allows for accommodating product development cycles and facilitates long term planning for interested parties.",en_multilingual_blimp_correct_affected.test,62133.98046875,7779.5615234375,5501.7978515625,2795.130615234375,2304.031005859375,2085.441650390625,1874.4647216796875,2087.015380859375,2663.644775390625,2463.890380859375,2026.7110595703125,2312.33837890625,3031.857177734375
102,"He always hugs me when he comes, but he gave me at least 5 tight, long, back rubbing hugs while he was there.",en_multilingual_blimp_correct_affected.test,66211.2109375,1980.7518310546875,3047.28125,3636.962158203125,3419.305419921875,3557.80126953125,3048.4267578125,2765.556884765625,3144.3603515625,3623.411865234375,3363.418701171875,4531.2998046875,6175.11572265625
103,The 1616 edition of Ben Jonson's Works names him on the cast lists for Every Man In His Humour (1598) and Sejanus His Fall (1603).,en_multilingual_blimp_correct_affected.test,60585.1796875,7145.79248046875,4810.505859375,4683.568359375,4985.68017578125,5546.08056640625,4310.32958984375,6635.14990234375,5755.14404296875,7194.67138671875,9996.3115234375,9933.181640625,13278.2822265625
104,"With the default installation of the Microsoft SQL Server 2000 Desktop Engine with integrated security, the user must be a member of the administrator group for the machine on which the Access project resides.",en_multilingual_blimp_correct_affected.test,62201.453125,2183.48779296875,1396.3983154296875,1144.997802734375,835.4994506835938,927.4363403320312,851.3402709960938,959.5753784179688,791.521728515625,903.5182495117188,1037.153564453125,1360.11474609375,1584.106689453125
105,"11. In Events of Default, clause (a) refers to a dispute section which I 'm not sure exists.",en_multilingual_blimp_correct_affected.test,69443.234375,3820.339599609375,3386.690185546875,3752.24365234375,3292.9775390625,3073.337890625,2854.449951171875,2708.0654296875,2597.5,2373.393798828125,5221.25732421875,6178.33251953125,6653.54541015625
106,"There 's holes everywhere in the ceiling, sewage constantly leaks through the ceiling, and the whole condition of the school is horrible.",en_multilingual_blimp_correct_affected.test,59957.68359375,1239.16650390625,2462.35791015625,1737.205322265625,1216.1326904296875,1065.39892578125,1107.016845703125,1169.1453857421875,1102.575927734375,1365.375,1388.838623046875,2219.28515625,2366.32080078125
107,"Which 's good, anything good counts.",en_multilingual_blimp_correct_affected.test,43330.328125,5353.181640625,12204.0947265625,6829.1572265625,12828.8837890625,20110.982421875,25329.34765625,23354.79296875,16845.232421875,24078.6953125,20652.44140625,19580.5078125,33896.546875
108,This Amendment amends the Transaction Fee referenced in subparagraph (c) of the Fee Schedule to the Subscription Agreement.,en_multilingual_blimp_correct_affected.test,74448.15625,14720.9765625,7311.6513671875,5579.396484375,6820.29296875,6168.7001953125,8349.443359375,10876.6494140625,13977.966796875,14439.5244140625,17074.3359375,16701.5703125,27331.275390625
109,"His cassock, dark red, swells with the body.",en_multilingual_blimp_correct_affected.test,49234.265625,4650.7119140625,16126.3291015625,8964.6357421875,6625.56396484375,9852.4609375,8869.21484375,9879.8603515625,13446.5439453125,12383.8505859375,14358.57421875,13301.84375,22957.171875
110,"No written contemporary description of Shakespeare's physical appearance survives, and no evidence suggests that he ever commissioned a portrait, so the Droeshout engraving, which Ben Jonson approved of as a good likeness, and his Stratford monument provide the best evidence of his appearance.",en_multilingual_blimp_correct_affected.test,51715.05859375,3532.862548828125,5937.4638671875,5291.3095703125,4490.49658203125,4421.61962890625,3887.305419921875,4836.94384765625,4838.56787109375,6000.90234375,7849.68212890625,11263.3623046875,11618.7265625
111,"It has two parts, both of which are timed for 90 seconds each and the differential between the resulting two scores determines the likelihood of having a learning disability or attention deficit disorder.",en_multilingual_blimp_correct_affected.test,48678.3984375,2540.291259765625,1964.8531494140625,1203.869873046875,1054.8336181640625,974.0885009765625,882.4422607421875,732.4911499023438,839.8961791992188,771.8048706054688,816.3207397460938,914.4464721679688,1320.1279296875
112,"As it stands, while the services sector accounts for more than 70% of employment in South Korea, its productivity-growth rate remains much lower than that of the manufacturing sector.",en_multilingual_blimp_correct_affected.test,51487.20703125,3252.338623046875,3111.558837890625,2002.9453125,1534.126220703125,1353.2169189453125,1285.2464599609375,2079.412353515625,1611.4000244140625,1810.20166015625,1841.54833984375,2068.878173828125,2649.544677734375
113,The historical city hall in Obermarsberg originates from the 13th century and was refurbished after the Thirty Years ' War.,en_multilingual_blimp_correct_affected.test,57368.828125,5691.3232421875,1774.018798828125,906.0473022460938,742.3341064453125,731.5958251953125,514.8607788085938,525.314208984375,715.0145263671875,457.7868957519531,504.7330017089844,645.4525146484375,597.5089721679688
114,Perhaps that 's why a surge of tears clouds his pupils while the syllable of time unearths his crop and surrenders his mystery to the bound waters.,en_multilingual_blimp_correct_affected.test,59400.609375,2820.6015625,2136.956787109375,2184.902099609375,2107.110595703125,1632.727783203125,1924.1822509765625,1796.100830078125,2544.66650390625,1493.083251953125,2359.663818359375,2232.683349609375,2710.71630859375
115,"I really like the MIUI, but a process crashes repeatedly about every 3 seconds.",en_multilingual_blimp_correct_affected.test,55064.45703125,3456.2177734375,3998.118408203125,3996.601318359375,5108.07080078125,4734.11962890625,4432.52099609375,5581.63671875,4822.3203125,5449.3232421875,6414.8369140625,8953.998046875,13094.2568359375
116,"This strength of design ensures that a Shakespeare play can survive translation, cutting and wide interpretation without loss to its core drama.",en_multilingual_blimp_correct_affected.test,58520.4140625,5127.515625,6253.53955078125,5213.95751953125,5612.248046875,7194.60986328125,6479.265625,7190.7265625,8095.58349609375,9454.4658203125,10838.2861328125,11480.2548828125,17162.248046875
117,"Meats are kept VERY cold, seafood smells fresh and the serving bar is VERY clean.",en_multilingual_blimp_correct_affected.test,62294.17578125,7863.19873046875,6429.06982421875,6519.11328125,7061.6728515625,7523.10009765625,6227.52587890625,5588.31591796875,6807.4072265625,9193.9580078125,9478.7431640625,13280.8408203125,17146.279296875
118,Someone observes that the Church is a worshiper of success and always follows the majorities.,en_multilingual_blimp_correct_affected.test,64808.078125,2828.63720703125,2167.486572265625,1544.3665771484375,1587.036376953125,1588.296142578125,1697.6160888671875,1443.7176513671875,1600.362548828125,1905.614501953125,2654.69287109375,1724.0618896484375,2129.380126953125
119,Entitlement to free abortions equates with women having the right to manage their lives and make decisions about their own bodies.,en_multilingual_blimp_correct_affected.test,63849.21484375,1995.957763671875,757.6596069335938,462.2652893066406,345.4418640136719,363.807373046875,283.546630859375,329.0164489746094,282.6524353027344,336.36737060546875,355.6640625,353.9305114746094,534.3143920898438
120,"As the American public gradually wearies of the Iraq crisis, some have begun worrying that the war could blow back on the US by creating the conditions for anti-American terrorism.",en_multilingual_blimp_correct_affected.test,52792.40625,1836.968505859375,1777.1820068359375,1479.0908203125,962.5949096679688,829.9274291992188,742.5308837890625,1016.27099609375,974.8779296875,1018.7507934570312,1272.9892578125,1387.6875,1331.7645263671875
121,"If you move the line upward, the distance between the moving line and the nearest parallel line below remains constant, and the perpendicular line above the moving line contracts.",en_multilingual_blimp_correct_affected.test,62405.7890625,3019.03759765625,4121.7685546875,2436.400146484375,1507.9224853515625,1782.274658203125,1561.97509765625,1776.901611328125,1786.2283935546875,1341.2257080078125,1544.1500244140625,3336.9453125,2806.152099609375
122,"He is pimply, his neck is thin, his blue eyes goggle, his underlip extrudes.",en_multilingual_blimp_correct_affected.test,65430.8359375,10079.287109375,27765.625,13367.62890625,9797.3291015625,15201.6884765625,14543.0771484375,14449.373046875,14308.3662109375,14357.5751953125,21051.181640625,31585.0546875,47366.19921875
123,Our letter agreement simply memorializes that we will charge the same negotiated rate whether the gas flows on primaries or alternates.,en_multilingual_blimp_correct_affected.test,58649.421875,5245.6279296875,3287.809326171875,1920.4488525390625,1842.919677734375,1778.541015625,2015.451904296875,2055.62548828125,2053.00048828125,2328.538330078125,1814.3875732421875,1992.87451171875,2757.0302734375
124,"Habitat destruction vastly increases an area 's vulnerability to natural disasters like flood and drought, crop failure, spread of disease, and water contamination.",en_multilingual_blimp_correct_affected.test,52296.16796875,12311.701171875,18344.556640625,13083.359375,9784.7607421875,10483.3505859375,10195.2109375,11963.458984375,9644.5078125,11151.978515625,10111.7919921875,9720.66015625,16067.150390625
125,"These include two operas by Giuseppe Verdi, Otello and Falstaff, whose critical standing compares with that of the source plays.",en_multilingual_blimp_correct_affected.test,55114.00390625,9803.3203125,11575.8359375,10701.427734375,8112.74169921875,5752.08203125,5778.96435546875,6888.748046875,8851.0732421875,7848.33544921875,9131.6796875,9360.8544921875,19384.01171875
126,"Even if local Palestinian leaders remain strong enough to keep al-Qaida out, the festering Israeli-Palestinian struggle remains among the best recruiting posters for al-Qaida with young Muslim men.",en_multilingual_blimp_correct_affected.test,52833.65625,6991.88623046875,5406.96240234375,4826.72314453125,4244.83544921875,5240.10791015625,5037.5078125,6501.5673828125,7548.2744140625,6693.947265625,10123.283203125,9898.4111328125,15614.0390625
127,What person(s) in London prepares credit for the English and Singapore financial transactions?,en_multilingual_blimp_correct_affected.test,53198.546875,8510.962890625,6797.7470703125,5389.8857421875,4862.3212890625,4915.2607421875,5037.76708984375,6936.4169921875,5670.83251953125,9346.3505859375,7591.62646484375,11163.21484375,11147.6298828125
128,"And though he is not permitted to sit beside women unrelated to him or to look at them or to communicate with them in any manner (all of which probably saves him a great deal of trouble), he seems a good-hearted young man and he is visibly enjoying himself.",en_multilingual_blimp_correct_affected.test,63333.55078125,1113.189453125,827.1109619140625,653.4935913085938,450.256103515625,443.9130554199219,345.33154296875,339.2210998535156,375.3544616699219,411.8605041503906,379.26251220703125,424.05609130859375,496.2112121582031
129,"As you sit above the world, the warmth of the golden sun penetrates your body and makes you feel warmer and warmer.",en_multilingual_blimp_correct_affected.test,48612.98828125,1028.8876953125,1378.6209716796875,891.7822265625,625.8094482421875,493.6014099121094,533.741943359375,504.4324645996094,469.7059326171875,540.158935546875,558.8875122070312,622.6349487304688,827.1377563476562
130,"The reported finding at Dugway undermines the argument of both the ""bomb Iraq"" crowd and the liberals focused on Dr. Steve Hatfill who object to US biodefense research because they view it as being useful for offensive purposes.",en_multilingual_blimp_correct_affected.test,53545.83203125,4738.1083984375,2644.32666015625,2477.242431640625,2392.85595703125,2366.84228515625,2062.92236328125,2325.567626953125,2324.41357421875,2253.71875,2481.05029296875,2449.443115234375,2882.794921875
131,Every student of political science debates how you prevent an anti-democratic force from winning a democratic election and abolishing democracy.,en_multilingual_blimp_correct_affected.test,61378.1875,6075.21240234375,2430.8115234375,943.5361328125,833.0354614257812,690.5184326171875,705.3555908203125,1086.7156982421875,1088.7744140625,1199.227783203125,1460.44873046875,1728.863037109375,1991.24462890625
132,"Edward Shinza 's one of the few who did his stretch and got his head split open that time by Her Majesty 's brave boys, and where 's he... back in the Bashi Flats among his old wives, for all I know, no one even mentions his name.",en_multilingual_blimp_correct_affected.test,55570.90625,2149.48828125,1956.10693359375,1854.1412353515625,1472.2696533203125,1532.758056640625,1528.2391357421875,1811.9234619140625,1966.119384765625,2344.796630859375,2373.532958984375,3344.524658203125,4079.661865234375
133,"""Look how the academy returns the pretty ones we send them!",en_multilingual_blimp_correct_affected.test,71940.0859375,2034.647216796875,1875.928466796875,1549.5616455078125,2230.607177734375,1932.6632080078125,2099.484130859375,2126.39990234375,2727.015625,1913.3922119140625,2576.414794921875,2683.943359375,5546.662109375
134,His art perfectly combines painting and Chinese calligraphy.,en_multilingual_blimp_correct_affected.test,76911.671875,15628.892578125,5390.67724609375,3668.771240234375,3967.07666015625,4908.27685546875,4991.47998046875,4975.15478515625,9619.6318359375,8640.2763671875,8528.87890625,18209.16015625,16792.89453125
135,Food is awful and the place caters to the yuppy crowd.,en_multilingual_blimp_correct_affected.test,69671.625,2536.0009765625,2019.9642333984375,1354.0262451171875,1258.0313720703125,1445.24462890625,1658.0157470703125,1340.1422119140625,1464.5101318359375,2234.2626953125,1523.0943603515625,2767.67578125,3664.211669921875
136,"The First Folio of 1623, however, lists Shakespeare as one of ""the Principal Actors in all these Plays"", some of which were first staged after Volpone, although we can not know for certain which roles he played.",en_multilingual_blimp_correct_affected.test,47378.34765625,5043.3916015625,5051.251953125,4462.56787109375,3906.056884765625,3510.4345703125,2815.033447265625,3698.113525390625,3635.682373046875,4369.93994140625,5941.41162109375,6600.1298828125,9769.8232421875
137,A 1971 evaluation called Bush “an exceptionally fine young officer and pilot” who “continually flies intercept missions with the unit to increase his proficiency even further.”,en_multilingual_blimp_correct_affected.test,62651.828125,14585.705078125,11068.591796875,10127.91796875,6694.375,7900.92626953125,6132.62060546875,7010.68896484375,7129.68701171875,9231.9931640625,9394.96484375,12119.2421875,12089.3330078125
138,Each poem narrates only a part of the war.,en_multilingual_blimp_correct_affected.test,47821.3984375,1957.536376953125,726.3765258789062,441.4181213378906,297.9598083496094,320.9110412597656,369.6087646484375,534.7105102539062,506.2879638671875,573.2955322265625,645.8204345703125,1265.1787109375,948.0265502929688
139,"It usually involves a low level of development, such as rustic picnic areas, benches and trails.",en_multilingual_blimp_correct_affected.test,48273.47265625,6049.29443359375,7805.6162109375,2520.73876953125,1736.4532470703125,2267.551025390625,2341.975341796875,2549.806884765625,3590.660400390625,4993.279296875,3204.729248046875,4186.46923828125,5556.14453125
140,It is a directive which safeguards the interests of rightholders and protects intellectual property.,en_multilingual_blimp_correct_affected.test,64181.4453125,3719.80322265625,2349.923095703125,1430.5799560546875,1552.1500244140625,1634.3759765625,2104.894287109375,2214.172119140625,2569.365234375,2338.256103515625,2614.936767578125,2335.999267578125,3761.078369140625
141,"For Kerber, the season finale nevertheless marks the end of an unbelievable year.",en_multilingual_blimp_correct_affected.test,57009.30078125,4486.32275390625,6737.25439453125,7179.35205078125,7738.91455078125,8291.5966796875,6629.236328125,6910.6591796875,7679.1728515625,6120.01220703125,12600.9375,10673.58203125,18525.267578125
142,"Fine lot these government chaps – are they not? he went on, speaking English with great precision and considerable bitterness.",en_multilingual_blimp_correct_affected.test,53597.83984375,5843.2548828125,10728.0771484375,7743.203125,7469.62548828125,5739.205078125,5838.54833984375,5999.42041015625,7263.1142578125,6448.1728515625,6063.75146484375,7201.10302734375,16098.33203125
143,"They really are milking the incompetence angle though, are n't they?",en_multilingual_blimp_correct_affected.test,73702.6640625,13419.294921875,17819.23046875,9273.501953125,5388.48779296875,5929.36669921875,7353.1533203125,8821.9912109375,17075.8828125,9900.12890625,21484.60546875,30807.078125,37782.5
144,Everybody I know at university intends to stay at uni for as long as possible until there are actually jobs available.,en_multilingual_blimp_correct_affected.test,55404.69140625,878.6021728515625,681.285888671875,565.5580444335938,566.4554443359375,488.4499206542969,459.3249206542969,447.87799072265625,505.27142333984375,493.7122802734375,680.31689453125,712.2224731445312,814.0502319335938
145,"It is also a fact that almost everybody in the region blames this situation on the United States, on Israel, on Western Civilization, on Judaism and Christianity, on anyone and anything, except themselves.",en_multilingual_blimp_correct_affected.test,58225.48046875,1759.135986328125,3958.109130859375,3148.47119140625,2303.646484375,2133.78515625,2165.261474609375,2115.298095703125,2319.83056640625,2102.911865234375,2939.2607421875,2925.05810546875,4081.638916015625
146,"The house of Annas, in which Jesus was questioned and struck, is within the compound.",en_multilingual_blimp_correct_affected.test,61975.8515625,1673.46435546875,3575.185302734375,3022.56103515625,2463.561767578125,2316.9970703125,1923.5841064453125,2203.56591796875,3159.594482421875,3640.303955078125,3228.7373046875,3146.736328125,4094.824462890625
147,"The best way I can explain it to you is by saying that, for a second or two, I felt as though, instead of going to the center of a continent, I were about to set off for the center of the earth.",en_multilingual_blimp_correct_affected.test,57916.34375,328.0694580078125,406.603759765625,361.5846862792969,257.14013671875,247.07447814941406,256.0709533691406,269.9789123535156,246.20806884765625,271.822509765625,350.3589782714844,342.7823486328125,466.5782775878906
148,"The house of Annas, in which Jesus was questioned and struck, is within the compound.",en_multilingual_blimp_correct_affected.test,61975.8515625,1673.46435546875,3575.185302734375,3022.56103515625,2463.561767578125,2316.9970703125,1923.5841064453125,2203.56591796875,3159.594482421875,3640.303955078125,3228.7373046875,3146.736328125,4094.824462890625
149,"In this scenario, pieces of option three remain stubbornly impervious to artificial intelligence and continue to be mind-numbingly boring, while option four – engaging in social reciprocity and negotiation – remains limited.",en_multilingual_blimp_correct_affected.test,54079.30078125,6312.26513671875,5674.9931640625,4080.94580078125,3484.252197265625,3546.80810546875,3524.335205078125,3487.15771484375,4228.431640625,5000.33203125,6057.11083984375,6043.60888671875,7899.517578125
150,"China 's strong hand in this even extends to the diplomatic realm; China is a permanent member of the United Nations Security Council, and could veto any actions against Iran proposed by the United States.",en_multilingual_blimp_correct_affected.test,56278.26171875,2196.35693359375,1398.265869140625,1104.6947021484375,1199.80615234375,878.5473022460938,803.380859375,1030.379150390625,1024.4322509765625,1063.2025146484375,1220.3338623046875,1690.3270263671875,2136.031005859375
151,The theory I present in the essay is that he is actually a combination of four different people.,en_multilingual_blimp_correct_affected.test,56391.140625,437.279296875,252.05320739746094,276.3658447265625,216.2878875732422,156.84646606445312,190.45907592773438,174.20993041992188,226.08506774902344,183.9322052001953,200.68467712402344,196.5906524658203,247.4894256591797
152,"What'll happen is that the Styrofoam peanuts will start moving through our society here, and they will accumulate in the drunkest, stingiest people.",en_multilingual_blimp_correct_affected.test,60433.125,1633.32421875,1907.451904296875,1285.2978515625,1078.418212890625,682.3897094726562,836.2862548828125,792.9307861328125,921.0491333007812,929.3178100585938,768.1622924804688,644.9239501953125,848.0159301757812
153,The title page of the 1594 edition of Titus Andronicus reveals that the play had been acted by three different troupes.,en_multilingual_blimp_correct_affected.test,58878.515625,3525.9287109375,2051.72802734375,1766.45068359375,1327.863525390625,1721.966796875,1660.779541015625,1808.0164794921875,1684.390625,1940.42724609375,1839.6456298828125,2617.85986328125,3288.455322265625
154,He naturally assumes you 'll come out of exile.,en_multilingual_blimp_correct_affected.test,64763.8984375,3147.6396484375,2314.798583984375,3339.16748046875,1756.7603759765625,2367.141357421875,2125.6669921875,1879.38720703125,3105.120361328125,2098.598388671875,1757.3040771484375,3849.256591796875,4189.45654296875
155,She may be out because in the past she always responds pretty quick.,en_multilingual_blimp_correct_affected.test,67476.5546875,768.5704345703125,607.0830688476562,676.8184814453125,704.4634399414062,907.355224609375,684.2821655273438,663.4406127929688,955.9337158203125,1451.19384765625,1012.0888671875,1643.079345703125,1374.8310546875
156,"What'll happen is that the Styrofoam peanuts will start moving through our society here, and they will accumulate in the drunkest, stingiest people.",en_multilingual_blimp_correct_affected.test,60433.125,1633.32421875,1907.451904296875,1285.2978515625,1078.418212890625,682.3897094726562,836.2862548828125,792.9307861328125,921.0491333007812,929.3178100585938,768.1622924804688,644.9239501953125,848.0159301757812
157,All that is needed now is to determine whether it works in practice.,en_multilingual_blimp_correct_affected.test,62240.19921875,725.33984375,277.4091796875,311.54351806640625,221.3463897705078,171.23931884765625,165.28366088867188,150.8308563232422,201.4650421142578,189.00863647460938,267.25238037109375,277.2364501953125,218.2868194580078
158,"Which 's good, anything good counts.",en_multilingual_blimp_correct_affected.test,43330.328125,5353.181640625,12204.107421875,6829.1513671875,12828.8720703125,20110.982421875,25329.298828125,23354.79296875,16845.201171875,24078.6953125,20652.44140625,19580.564453125,33896.609375
159,The article by Thompson assumes that the Maya were ultimately “peaceful” people since they lacked apparent defenses.,en_multilingual_blimp_correct_affected.test,58061.4609375,14355.548828125,8929.9921875,6679.115234375,6938.07080078125,9531.30859375,12036.25390625,8769.5390625,11731.70703125,14867.8642578125,15930.3828125,13801.44921875,24094.22265625
160,"The best way I can explain it to you is by saying that, for a second or two, I felt as though, instead of going to the center of a continent, I were about to set off for the center of the earth.",en_multilingual_blimp_correct_affected.test,57916.34375,328.0694580078125,406.603759765625,361.5846862792969,257.14013671875,247.07447814941406,256.0709533691406,269.9789123535156,246.20806884765625,271.822509765625,350.3589782714844,342.7823486328125,466.5782775878906
161,okay what i 'd like to do on this one is go from washington to atlanta i want a nonstop and i 'd like to leave around 5 pm,en_multilingual_blimp_correct_affected.test,56954.41796875,2132.810546875,1516.872802734375,1571.9866943359375,1776.83984375,1540.585205078125,1690.8533935546875,2260.124267578125,2177.504150390625,2687.75341796875,4103.51513671875,4460.33837890625,5383.0537109375
162,okay what i 'd like to do on this one is go from washington to atlanta i want a nonstop and i 'd like to leave around 5 pm,en_multilingual_blimp_correct_affected.test,56954.41796875,2132.810546875,1516.872802734375,1571.9866943359375,1776.83984375,1540.585205078125,1690.8533935546875,2260.124267578125,2177.504150390625,2687.75341796875,4103.51513671875,4460.33837890625,5383.0537109375
163,All that is needed now is to determine whether it works in practice.,en_multilingual_blimp_correct_affected.test,62240.140625,725.33984375,277.4093017578125,311.54351806640625,221.3463897705078,171.23922729492188,165.2837371826172,150.8308563232422,201.46485900878906,189.00863647460938,267.25238037109375,277.23687744140625,218.28662109375
164,The theory I present in the essay is that he is actually a combination of four different people.,en_multilingual_blimp_correct_affected.test,56391.140625,437.279296875,252.05320739746094,276.3658447265625,216.2878875732422,156.84646606445312,190.45907592773438,174.20993041992188,226.08506774902344,183.9322052001953,200.68467712402344,196.5906524658203,247.4894256591797
165,"So that, as they say in Chicago, is where the smart money is.",en_multilingual_blimp_correct_affected.test,72313.25,776.2548828125,1637.7142333984375,2176.4130859375,1960.0059814453125,1351.77734375,1678.175048828125,1662.929443359375,1392.5078125,979.66845703125,1283.26708984375,1311.248779296875,1574.8985595703125
166,"However, I seriously doubt that the introduction of free market principles, which the report so enthusiastically recommends, is the right solution.",en_multilingual_blimp_correct_affected.test,61944.71484375,2395.592529296875,5222.9755859375,3754.12255859375,3557.112548828125,3135.4638671875,3645.859375,3553.86083984375,3699.012939453125,4149.59375,3381.974609375,3757.177978515625,7144.30078125
167,"His actual date of birth remains unknown, but is traditionally observed on 23 April, Saint George's Day.",en_multilingual_blimp_correct_affected.test,63960.015625,5439.4111328125,5499.66259765625,3947.8173828125,4338.8486328125,4658.60888671875,3228.8359375,3098.8369140625,3194.43408203125,2876.38525390625,3356.65771484375,4578.17724609375,5347.26806640625
168,"(8) This Directive seeks to achieve a high level of protection for the environment by reducing the potential environmental impact of EUPs, which will ultimately be beneficial to consumers and other end-users.",en_multilingual_blimp_correct_affected.test,61755.90234375,2154.250244140625,1419.9400634765625,957.36279296875,687.90576171875,665.3272094726562,513.931396484375,543.2013549804688,713.7053833007812,795.5743408203125,811.6343383789062,937.3177490234375,1270.752685546875
169,"Linda is the rudest person you will ever talk to and she sticks up for all of the trashy, rude people that live there, not the nice ones that actually give a crap about respecting others.",en_multilingual_blimp_correct_affected.test,56969.51953125,969.002685546875,1111.6580810546875,929.92236328125,730.3110961914062,588.8884887695312,581.9932250976562,542.2293701171875,838.1126708984375,681.6810302734375,905.6282958984375,815.1187744140625,1095.987548828125
170,"So that, as they say in Chicago, is where the smart money is.",en_multilingual_blimp_correct_affected.test,72313.25,776.2548828125,1637.7142333984375,2176.4130859375,1960.0059814453125,1351.77734375,1678.175048828125,1662.929443359375,1392.5078125,979.66845703125,1283.26708984375,1311.248779296875,1574.8985595703125
171,"If you move the line to the right, the distance between the moving line and the nearest parallel line to the right remains constant, and the perpendicular line to the left of the moving line lengthens.",en_multilingual_blimp_correct_affected.test,58616.48828125,1276.1368408203125,1247.0181884765625,896.500732421875,517.063232421875,520.7015380859375,470.9789123535156,488.2839050292969,565.8142700195312,483.2819519042969,544.5224609375,858.56005859375,795.4324340820312
172,"If you move the line downward, the distance between the moving line and the nearest parallel line below remains constant, and the perpendicular line above the moving line lengthens.",en_multilingual_blimp_correct_affected.test,60620.140625,3569.148681640625,4759.556640625,2952.96728515625,1630.8114013671875,1764.986328125,1687.3980712890625,1938.166259765625,2141.564697265625,1510.497314453125,1934.9195556640625,4565.54150390625,3354.987060546875
173,It then proposes the creation of a European quality mark based on respect for the environmental criteria for production.,en_multilingual_blimp_correct_affected.test,48628.609375,1500.9969482421875,1049.0145263671875,824.750732421875,731.0110473632812,610.6075439453125,542.782470703125,494.6980285644531,649.4613647460938,522.6973876953125,604.5297241210938,672.623779296875,872.54296875
174,"Their correspondence reveals an intriguing balance of passion, propriety and patience;",en_multilingual_blimp_correct_affected.test,42853.4609375,15900.451171875,17123.76171875,9237.9814453125,6601.27587890625,3881.35595703125,3804.378662109375,4013.4794921875,5587.76708984375,8029.4970703125,6562.03369140625,7017.7392578125,8603.30859375
175,"If you move the line to the left, the distance between the moving line and the nearest parallel line to the right remains constant, and the perpendicular line to the left of the moving line contracts.",en_multilingual_blimp_correct_affected.test,58974.38671875,1107.320556640625,1198.390380859375,798.1136474609375,491.5947570800781,526.4303588867188,457.9847412109375,485.3668518066406,543.4617919921875,460.883544921875,521.0077514648438,794.099609375,689.9954223632812
176,"The person who best explains this, and helps me out the best with my question will be REWARDED WITH TEN POINTS!!!!!!!",en_multilingual_blimp_correct_affected.test,55250.41015625,4333.328125,1894.845703125,764.9613647460938,803.5307006835938,781.3846435546875,762.7202758789062,893.3438110351562,910.6975708007812,1337.9259033203125,1602.9063720703125,1542.9591064453125,1711.72705078125
177,"The second point I would like to make is that we would have preferred it if the guidelines had been added to the Regulation in the form of an annex, as we and Mrs Mccarthy, as rapporteurs for the general Regulation, had asked.",en_multilingual_blimp_correct_affected.test,61989.921875,1092.7735595703125,1302.6754150390625,1230.042236328125,1010.2470092773438,739.0811767578125,669.6395263671875,710.1785888671875,774.832275390625,811.8112182617188,1084.2271728515625,1057.6650390625,1225.5244140625
178,"She feeds well the baby on her own, the baby is ok but she does not go in the nest to stay with him at night...",en_multilingual_blimp_correct_affected.test,68808.71875,541.82568359375,637.9031982421875,582.0468139648438,502.2613220214844,520.4642333984375,561.9909057617188,518.5970458984375,531.0844116210938,520.99755859375,629.421875,894.6435546875,668.7244262695312
179,This procedure guarantees that all countries applying for membership are treated equally.,en_multilingual_blimp_correct_affected.test,47303.4921875,9175.01171875,6689.001953125,2529.322265625,2472.207275390625,2374.33984375,2144.12939453125,3053.346435546875,3398.214111328125,2511.313720703125,3499.864501953125,2607.23486328125,4608.17822265625
180,"This knee-jerk reaction presumes that China's current slowdown is but a prelude to more growth disappointments to come – a presumption that reflects widespread and longstanding fears of a broad array of disaster scenarios, ranging from social unrest and environmental catastrophes to housing bubbles and shadow-banking blow-ups.",en_multilingual_blimp_correct_affected.test,63311.08984375,8226.1220703125,5076.18994140625,3364.195068359375,2629.03955078125,2810.22021484375,2250.981201171875,2569.7783203125,3031.20947265625,3003.392578125,3885.5263671875,4194.99365234375,5144.978515625
181,The doctor begs them to stop intermarrying but they say they have to keep the blood pure.,en_multilingual_blimp_correct_affected.test,58182.296875,1358.6219482421875,895.45703125,827.6937866210938,774.2191772460938,611.7015380859375,670.632080078125,603.3245849609375,637.7827758789062,684.8096923828125,732.0299072265625,781.15771484375,955.15771484375
182,"As I recall, this bus drops you off near the Opera in Paris.",en_multilingual_blimp_correct_affected.test,51222.8828125,2149.704345703125,3554.16259765625,3051.760009765625,3203.427490234375,3046.3486328125,3878.784423828125,3822.376708984375,4664.32568359375,5266.35986328125,4950.38330078125,6844.06884765625,6535.16650390625
183,"Brass melts at just under 2000F which is a bright yellow heat, not red hot.",en_multilingual_blimp_correct_affected.test,58075.19140625,4781.5537109375,7358.0498046875,4405.150390625,5187.84326171875,6102.89404296875,5967.345703125,5654.5556640625,8036.36083984375,5426.2666015625,11820.3603515625,13677.5087890625,28205.505859375
184,"The Kerry camp blames Bush for the Swift boat veterans ’ attack, but anyone who has spent much time talking to the Swifties gets the sense that they are doing it entirely for their own reasons.",en_multilingual_blimp_correct_affected.test,54943.91796875,2858.8662109375,2579.4892578125,1745.8406982421875,1151.5909423828125,935.5784912109375,738.3326416015625,862.4112548828125,928.908447265625,1149.313232421875,1184.2740478515625,1302.8126220703125,1712.8701171875
185,"- With a view to enabling the assessment of the effect of the programme, among others on the convergence of high level training for trainers, the evaluator recommends the preparation of a strategy document, to be finalised before the new Pericles enters into effect.",en_multilingual_blimp_correct_affected.test,59078.640625,2042.048828125,1927.326416015625,1751.008056640625,1704.3870849609375,1612.3023681640625,1622.6148681640625,1728.5390625,1942.847412109375,2193.547607421875,2455.358154296875,2456.171875,3896.376220703125
186,"If you move the line upward, the distance between the moving line and the nearest parallel line below remains constant, and the perpendicular line above the moving line contracts.",en_multilingual_blimp_correct_affected.test,62405.7265625,3019.040771484375,4121.7685546875,2436.400146484375,1507.923828125,1782.2755126953125,1561.97509765625,1776.9024658203125,1786.2283935546875,1341.227783203125,1544.1500244140625,3336.9453125,2806.152099609375
187,"The second point I would like to make is that we would have preferred it if the guidelines had been added to the Regulation in the form of an annex, as we and Mrs Mccarthy, as rapporteurs for the general Regulation, had asked.",en_multilingual_blimp_correct_affected.test,61989.921875,1092.7735595703125,1302.6754150390625,1230.042236328125,1010.2470092773438,739.0811767578125,669.6395263671875,710.1785888671875,774.832275390625,811.8112182617188,1084.2271728515625,1057.6650390625,1225.5244140625
188,the difference is that when a bomb goes off in a West End restaurant the fundamental right of England to exist is not in dispute.,en_multilingual_blimp_correct_affected.test,60782.00390625,1012.316162109375,933.7810668945312,1057.7548828125,671.528076171875,518.6873168945312,486.0461730957031,442.4304504394531,480.6099548339844,489.22662353515625,488.2024230957031,398.3974609375,473.23931884765625
189,"a) Subject to earlier termination as provided below, this Service Agreement is for the total duration of the Company 's Offering (the ""Initial Term"") unless either party requests termination at least 30 days prior to the end of the then-current term.",en_multilingual_blimp_correct_affected.test,57453.74609375,4826.009765625,4187.94677734375,2823.615966796875,1966.9154052734375,1908.6181640625,1700.5042724609375,1936.8958740234375,2084.586669921875,2012.658935546875,2344.672607421875,3001.623046875,4095.047119140625
190,Eon’s fixed rate tariff costs £760 and Avro Energy customers would pay around £760 for its Simple and Select tariff.,en_multilingual_blimp_correct_affected.test,57051.2890625,6155.2900390625,3489.8623046875,4547.8330078125,3908.098876953125,4655.85498046875,4664.3125,4297.80224609375,6122.294921875,6042.83642578125,8287.6435546875,6792.044921875,8018.29443359375
191,"The Commission accepts all of the contributions of the parliamentary committee and the rapporteur, Mr Koch, which are contained in the various amendments, specifically four.",en_multilingual_blimp_correct_affected.test,59990.11328125,3510.4443359375,4522.259765625,3657.808349609375,2051.89453125,2096.535888671875,2085.084716796875,2861.8271484375,3025.903564453125,3450.5400390625,3701.8818359375,4894.84228515625,6778.404296875
192,"If a Turkish employee quits, then the Turkish work councils come.",en_multilingual_blimp_correct_affected.test,58623.25,12588.7451171875,28558.919921875,21290.083984375,16305.9677734375,13814.30078125,10745.1669921875,10656.484375,13987.1669921875,14761.28125,15442.775390625,17649.15625,27215.48046875
193,A level that in both cases is at the top of the EU.,en_multilingual_blimp_correct_affected.test,77088.859375,422.2671203613281,203.5033416748047,182.60528564453125,142.98631286621094,128.13392639160156,133.944580078125,105.26980590820312,115.20720672607422,115.16414642333984,124.25141906738281,124.98392486572266,155.71136474609375
194,It reminds me too much of the ARVN officers who were secretly working for the other side in Vietnam.,en_multilingual_blimp_correct_affected.test,60101.1484375,1089.7607421875,401.23138427734375,247.22344970703125,242.09744262695312,316.9381408691406,263.335205078125,302.34747314453125,362.770263671875,421.1982727050781,513.6126708984375,613.5592041015625,602.7529296875
195,And that explains the delay in the signing of a formal defense agreement that was at the heart of Sri Lankan President Chandrika Kumaratunga 's four-day visit to India recently.,en_multilingual_blimp_correct_affected.test,58038.15234375,3112.398681640625,1091.752685546875,766.3527221679688,792.76708984375,824.7747192382812,744.9965209960938,797.643798828125,908.2061767578125,873.2525634765625,1022.5225830078125,1105.400146484375,1352.44921875
196,Plus she plans a monthly breakfasts and other events at the clubhouse which is a nice added benefit.,en_multilingual_blimp_correct_affected.test,62750.9140625,1487.6260986328125,1361.9468994140625,1276.9873046875,1562.789306640625,1562.7706298828125,1540.89453125,1126.3990478515625,1391.3011474609375,1397.2901611328125,1601.53515625,2208.06005859375,2565.758544921875
197,Their report highlights one stark fact from the start:,en_multilingual_blimp_correct_affected.test,72643.3671875,10402.560546875,9996.025390625,9162.2197265625,16331.0078125,11065.9208984375,8172.25439453125,7839.470703125,8157.3359375,7743.42529296875,8128.96630859375,7476.3671875,8327.423828125
198,"Their service sucks to start off with, people are cruel and ignorant.",en_multilingual_blimp_correct_affected.test,70357.5546875,1757.1558837890625,2682.615234375,1069.5224609375,1650.67236328125,1258.7813720703125,1364.0130615234375,1489.46435546875,1418.467529296875,1717.9971923828125,1762.1273193359375,1210.0087890625,1550.5958251953125
199,"Even if local Palestinian leaders remain strong enough to keep al-Qaida out, the festering Israeli-Palestinian struggle remains among the best recruiting posters for al-Qaida with young Muslim men.",en_multilingual_blimp_correct_affected.test,52833.65625,6991.88623046875,5406.96240234375,4826.72314453125,4244.83544921875,5240.10791015625,5037.5078125,6501.5673828125,7548.2744140625,6693.947265625,10123.283203125,9898.4111328125,15614.0390625
200,"The latest figures relate to the 24th of October last year, and tell us that our diesel costs 1,335 euros per litre, compared with the eurozone average of 1,165 euros.",en_multilingual_blimp_correct_affected.test,62479.15234375,2895.607177734375,1574.907470703125,916.17431640625,635.1727294921875,534.7984619140625,537.0144653320312,628.4031982421875,611.992431640625,772.7490234375,803.0170288085938,1020.4982299804688,1002.7083129882812
201,The oldest known historical reference to the city is to be found on an inscription of conquered sites at Thutmose 's temple at Karnak.,en_multilingual_blimp_correct_affected.test,70484.421875,2053.29296875,1125.474365234375,979.0790405273438,1020.0199584960938,1192.807373046875,1123.9036865234375,878.5599365234375,901.1148681640625,1014.2971801757812,1144.126220703125,1305.60302734375,1647.0831298828125
202,The best there is are days when the jigsaw assumes its own meaning and I no longer care what picture is emerging.,en_multilingual_blimp_correct_affected.test,69545.890625,1485.5242919921875,1143.7803955078125,948.22998046875,885.6895141601562,720.3726806640625,653.4948120117188,583.6885986328125,802.674072265625,850.5226440429688,990.1766967773438,1069.333251953125,1207.6046142578125
203,The purpose of these CRTC hearings is to field responses from industry stakeholders and the public.,en_multilingual_blimp_correct_affected.test,65423.34765625,4238.72314453125,3073.1826171875,2738.80517578125,1845.90283203125,1867.2664794921875,1606.6905517578125,2300.1591796875,2474.512939453125,3113.67236328125,2238.765380859375,3542.731201171875,4471.1259765625
204,"The mycelium infuses all landscapes, it holds soils together, it's extremely tenacious.",en_multilingual_blimp_correct_affected.test,51695.18359375,9014.7119140625,17237.619140625,12993.0498046875,9198.517578125,11273.3984375,7513.05517578125,10556.900390625,16122.6689453125,11431.8662109375,15792.2177734375,10599.259765625,51124.5
205,"To a certain extent, this reminds me of my previous activity in the Committee on Budgets and in the Committee on Budgetary Control.",en_multilingual_blimp_correct_affected.test,58128.49609375,1640.7821044921875,1356.8201904296875,1401.89111328125,934.53076171875,1258.15673828125,1280.11669921875,1350.993896484375,1486.513427734375,1666.190185546875,2281.996826171875,2305.1474609375,3819.5380859375
206,"""The book -- I guess one way, one thing to think about it is -- one of the themes would be, I was given a charge to keep.",en_multilingual_blimp_correct_affected.test,69395.765625,360.2490234375,426.8132019042969,373.4066467285156,445.8728332519531,391.1400451660156,388.98638916015625,334.9686279296875,348.1070251464844,390.4239501953125,377.5944519042969,446.790771484375,589.6547241210938
207,The purpose of these CRTC hearings is to field responses from industry stakeholders and the public.,en_multilingual_blimp_correct_affected.test,65423.34765625,4238.72314453125,3073.1826171875,2738.80517578125,1845.90283203125,1867.2664794921875,1606.6905517578125,2300.1591796875,2474.512939453125,3113.67236328125,2238.765380859375,3542.731201171875,4471.1259765625
208,"The problem is that the rate drops sharply from 71% to 57% among women in their 30's, as inflexible working environments and a lack of affordable childcare undermine their ability to continue investing in their careers.",en_multilingual_blimp_correct_affected.test,62888.703125,4190.18798828125,3298.3330078125,2104.81591796875,1772.0701904296875,1442.9613037109375,1143.2874755859375,1124.904052734375,1570.56689453125,1673.3111572265625,1929.642822265625,1830.9241943359375,2304.6923828125
209,"Some writers mix the stella maris with the remora, a tiny fish that sticks to the rudder of a vessel and brings it to a halt.",en_multilingual_blimp_correct_affected.test,60848.52734375,1859.7542724609375,1449.06201171875,1266.08447265625,760.6424560546875,677.5870361328125,713.5492553710938,851.8909301757812,968.0384521484375,791.4058837890625,945.3077392578125,1216.13916015625,1534.088134765625
210,the difference is that when a bomb goes off in a West End restaurant the fundamental right of England to exist is not in dispute.,en_multilingual_blimp_correct_affected.test,60782.00390625,1012.316162109375,933.7810668945312,1057.75537109375,671.5283813476562,518.6873168945312,486.0461730957031,442.4306640625,480.6099548339844,489.22613525390625,488.2024230957031,398.3974609375,473.23907470703125
211,"You need a lot of money for hotels, airfare, seeing the sites, food, local transport - you name it but life costs.",en_multilingual_blimp_correct_affected.test,56272.953125,2076.612060546875,4867.92138671875,3110.26220703125,3741.962890625,3964.466796875,3751.606689453125,4113.5888671875,4648.60546875,4825.91748046875,5126.50341796875,5295.19677734375,7213.8330078125
212,"That band is involved in a local competition which promises a $5000 first prize, which they would like to win in order to donate it to the benefit fund which they have started.",en_multilingual_blimp_correct_affected.test,69453.5703125,830.10791015625,745.9423828125,663.0782470703125,492.8457946777344,467.2413330078125,425.3631286621094,511.8367004394531,603.5760498046875,614.764892578125,785.6456298828125,813.6268310546875,1200.007568359375
213,She is just being friendly in public because she does not want to offend you and she treats you like any other friend.,en_multilingual_blimp_correct_affected.test,61624.1796875,458.6174011230469,260.32568359375,214.72119140625,143.24755859375,139.24905395507812,109.65975952148438,117.20897674560547,130.4675750732422,125.9070053100586,117.08150482177734,143.51693725585938,180.7583770751953
214,"I believe ENE will continue to be range bound, but in case it is not, I do n't want to forgo 50% of my option premium.",en_multilingual_blimp_correct_affected.test,61983.2421875,1853.4501953125,2951.2470703125,2555.5849609375,2694.707763671875,2472.048095703125,2156.746826171875,2383.2236328125,2053.2568359375,2312.779541015625,2021.4654541015625,2917.68212890625,3848.804931640625
215,"Whereas my answer to the question ""Where do you get your laundry done?"" used to be, ""At the checkout line at WalMart,"" I can honestly say the answer now is, ""At The Laundry Tub.""",en_multilingual_blimp_correct_affected.test,51687.296875,1866.742919921875,2822.873046875,3027.4365234375,2437.564453125,1812.2095947265625,1709.00634765625,1756.882568359375,1691.418701171875,2182.49560546875,3079.622314453125,4115.3662109375,3423.521240234375
216,But a significant gender gap remains in terms of the return on human capital.,en_multilingual_blimp_correct_affected.test,62426.68359375,1315.803466796875,1025.6160888671875,915.5240478515625,761.1762084960938,832.7078247070312,729.1599731445312,951.6553344726562,1004.3056030273438,1128.2987060546875,1065.216552734375,1670.44287109375,1717.30517578125
217,"He needs a shower, and he picks his nose all the time.",en_multilingual_blimp_correct_affected.test,54219.8125,764.9552001953125,1105.538818359375,951.9022216796875,745.5430297851562,454.4215087890625,440.05145263671875,474.8116149902344,434.46600341796875,506.1247863769531,408.5392761230469,831.6134033203125,631.96044921875
218,And when I move it I guess he figures I 'm playing. x.x,en_multilingual_blimp_correct_affected.test,64631.30859375,1129.8994140625,1276.30419921875,1191.4202880859375,1742.519775390625,1792.979248046875,1064.17333984375,1470.149658203125,1654.80029296875,1776.7515869140625,1633.0836181640625,1205.789306640625,3068.426513671875
219,"Point is: You might be able to get a good deal on some nice furniture -- which I did -- but they 're not very communicative and god forbid something goes wrong, you 'll have to fight to get it resolved.",en_multilingual_blimp_correct_affected.test,56827.0234375,774.6870727539062,670.3685913085938,709.1434326171875,700.6296997070312,596.226806640625,544.0441284179688,576.5737915039062,657.8060913085938,673.731201171875,884.438232421875,855.3131713867188,800.21142578125
220,Peggy Banczak is the ENA lawyer who handles Mexico.,en_multilingual_blimp_correct_affected.test,52142.0390625,6496.658203125,3405.86767578125,2303.259765625,2055.9833984375,2611.480224609375,1958.8875732421875,2684.5244140625,2697.92431640625,3366.4033203125,3994.535888671875,3144.009521484375,3545.32373046875
221,"The probe began in June, focusing on Mr Winterkorn and brand chief Herbert Diess, who remains at the car maker.",en_multilingual_blimp_correct_affected.test,61309.15625,5927.37060546875,7118.70068359375,8793.44140625,6605.0478515625,7842.513671875,8985.7685546875,11301.3544921875,13021.904296875,15928.3466796875,17149.8125,20348.35546875,25379.181640625
222,"Paul Craig Roberts, writing for The American Conservative, said in July of 2005 that ""As a result of many years of persistent trade surpluses with the United States, the Japanese government holds dollar reserves of approximately $1 trillion.",en_multilingual_blimp_correct_affected.test,53038.671875,3245.31494140625,3074.346435546875,2436.36767578125,1616.623291015625,1749.80126953125,1578.8934326171875,2226.69970703125,2248.483642578125,1809.0841064453125,2257.187255859375,2500.44140625,3502.736083984375
223,"This holds up to 30,000 times its mass.",en_multilingual_blimp_correct_affected.test,71870.078125,1470.7056884765625,443.5165710449219,443.1808776855469,209.89576721191406,188.89321899414062,113.57462310791016,165.22109985351562,171.1795654296875,104.11597442626953,168.93873596191406,183.1067352294922,174.7274169921875
224,"(The only other choice for the Arabs is to leave their oil in the ground.) """,en_multilingual_blimp_correct_affected.test,76409.046875,464.7845458984375,467.2764892578125,539.533447265625,678.3124389648438,795.5018920898438,1065.088134765625,920.2918090820312,1143.706787109375,1050.1461181640625,1736.6090087890625,1260.4337158203125,1454.4969482421875
225,"But the lack of specific guidelines here is particularly to be regretted, as the idea of linking Social Fund assistance to the employment strategy will be put into effect for the first time during the 2000-2006 programme.",en_multilingual_blimp_correct_affected.test,56264.578125,1248.649658203125,1006.8306274414062,786.9834594726562,595.71044921875,553.7312622070312,581.209228515625,744.92431640625,677.5615234375,797.1867065429688,807.9490966796875,1076.158935546875,933.4302368164062
226,"This costs absolutely nothing, and will take about one minute of your time.",en_multilingual_blimp_correct_affected.test,55503.6953125,1088.04931640625,1675.510009765625,1389.5250244140625,1037.7996826171875,676.396484375,724.8133544921875,704.5592041015625,498.4907531738281,643.7457275390625,884.4794921875,1204.287841796875,1549.2498779296875
227,"This is because PivotTable views use the Microsoft Office PivotTable Component, and Excel PivotTable reports either do not support certain PivotTable list features, or they implement some features differently.",en_multilingual_blimp_correct_affected.test,62822.890625,11563.2255859375,9350.55859375,6127.802734375,7522.40380859375,5463.58642578125,6607.763671875,7550.09619140625,8404.5986328125,11942.7685546875,13606.94140625,18064.232421875,26342.7265625
228,The United States has shown that it holds negotiations in contempt.,en_multilingual_blimp_correct_affected.test,53381.91015625,2769.23876953125,1254.419921875,677.7938232421875,555.080322265625,414.7389831542969,413.4458923339844,646.3324584960938,618.3601684570312,608.7008056640625,715.8884887695312,558.5459594726562,1376.510986328125
229,"If the sets S and T considered are empty or singletons, the theorem holds vacuously or trivially.",en_multilingual_blimp_correct_affected.test,46234.6875,9353.1982421875,14526.498046875,17970.826171875,26532.32421875,23210.623046875,25508.61328125,28190.931640625,24596.775390625,26378.701171875,41124.375,36353.515625,44404.4765625
230,"If you want a doctor who will lie to you and say he will operate and then change his mind, and not know what he is talking about when he recommends procedures at other hospitals and says they are what you need, when they will not work for you, go to this doctor...he is the one for you.",en_multilingual_blimp_correct_affected.test,53698.5859375,364.99224853515625,420.0382080078125,373.55657958984375,274.46697998046875,325.6758117675781,296.58721923828125,297.4260559082031,289.9696960449219,304.7708435058594,332.8211669921875,339.8852233886719,439.3075866699219
231,"Some critics consider Balzac's writing exemplary of naturalism - a more pessimistic and analytical form of realism, which seeks to explain human behavior as intrinsically linked with the environment.",en_multilingual_blimp_correct_affected.test,54989.3125,3634.99951171875,2783.231201171875,2058.27490234375,1988.4881591796875,1935.0560302734375,2314.755615234375,2455.376708984375,2605.379150390625,2720.500732421875,2707.3359375,3540.6640625,4677.328125
232,Was wondering if anyone knew a rough estimate of how much it costs with travel and training,en_multilingual_blimp_correct_affected.test,69280.3046875,1139.435302734375,596.5379638671875,435.6846008300781,287.9194030761719,285.3172302246094,184.67921447753906,307.1049499511719,348.3100891113281,372.52685546875,395.1709899902344,289.05084228515625,408.2674255371094
233,"""Land of the kike home of the wop,"" says Compson to himself when he buys a bun from a small Italian girl.",en_multilingual_blimp_correct_affected.test,58168.1484375,2326.947509765625,2059.031494140625,2017.0247802734375,2271.73388671875,1880.3372802734375,2234.251220703125,1711.035888671875,2348.836669921875,2916.0087890625,2950.21875,3198.25341796875,2786.204345703125
234,The other path holds great opportunity:,en_multilingual_blimp_correct_affected.test,74420.046875,7951.80615234375,9451.6630859375,4247.1640625,7443.1083984375,6217.97705078125,4787.77294921875,5151.08544921875,6308.57568359375,8573.5283203125,8872.650390625,7764.3818359375,9012.5712890625
235,"“While much of the digital transition is unprecedented in the United States, the peaceful transition of power is not,” Obama special assistant Kori Schulman wrote in a blog post Monday.",en_multilingual_blimp_correct_affected.test,59887.109375,2591.46630859375,1516.0867919921875,1195.40673828125,1167.2080078125,1052.4876708984375,974.1116943359375,1147.6363525390625,1203.9822998046875,1221.782958984375,1266.1444091796875,1485.163818359375,1718.9765625
236,"The conclusion is that we must make the case for guidelines to be broad, indicative and flexible to assist our programme managers and fund-users and to get the maximum potential out of our new fields of regeneration.",en_multilingual_blimp_correct_affected.test,70159.296875,914.0640869140625,1046.96826171875,879.766845703125,635.6266479492188,726.46240234375,626.9342651367188,576.3203735351562,734.5859985351562,678.1239013671875,913.4562377929688,916.4124145507812,1096.3753662109375
237,PLEASE REMEMBER that this program remains successful because of the honesty and integrity of the participants and by their carefully adhering to directions.,en_multilingual_blimp_correct_affected.test,54781.40625,2807.9228515625,1605.69482421875,919.8377685546875,785.8711547851562,611.977294921875,552.8759155273438,686.4525146484375,682.7737426757812,676.96826171875,753.5590209960938,918.1921997070312,1127.22265625
238,This program remains successful because of the honesty and integrity of the participants.,en_multilingual_blimp_correct_affected.test,46989.12109375,1466.8375244140625,739.2623291015625,471.468505859375,449.62255859375,378.2152404785156,324.60284423828125,335.2666320800781,357.0695495605469,302.2769775390625,291.5306396484375,244.6261444091797,330.9684143066406
239,"Whereas my answer to the question ""Where do you get your laundry done?"" used to be, ""At the checkout line at WalMart,"" I can honestly say the answer now is, ""At The Laundry Tub.""",en_multilingual_blimp_correct_affected.test,51687.296875,1866.742919921875,2822.873046875,3027.4365234375,2437.564453125,1812.2095947265625,1709.00634765625,1756.882568359375,1691.418701171875,2182.49560546875,3079.622314453125,4115.3662109375,3423.521240234375
240,"But the lack of specific guidelines here is particularly to be regretted, as the idea of linking Social Fund assistance to the employment strategy will be put into effect for the first time during the 2000-2006 programme.",en_multilingual_blimp_correct_affected.test,56264.578125,1248.649658203125,1006.8306274414062,786.9834594726562,595.71044921875,553.7312622070312,581.209228515625,744.92431640625,677.5615234375,797.1867065429688,807.9490966796875,1076.158935546875,933.4302368164062
241,"""The book -- I guess one way, one thing to think about it is -- one of the themes would be, I was given a charge to keep.",en_multilingual_blimp_correct_affected.test,69395.765625,360.2490234375,426.8132019042969,373.4066467285156,445.8728332519531,391.1400451660156,388.98602294921875,334.9686279296875,348.107177734375,390.4239501953125,377.5944519042969,446.7909851074219,589.6544189453125
242,"But the opportunity for the renaissance of the railways is at hand, and that is what we should strive for.",en_multilingual_blimp_correct_affected.test,58208.8828125,391.62249755859375,490.4158935546875,429.598876953125,309.14471435546875,191.53895568847656,172.3250732421875,160.25930786132812,226.43862915039062,210.7869110107422,221.76759338378906,211.2692108154297,240.943359375
243,"Thanks to repeated deployments to Iraq and Afghanistan, recruiting is at an all-time low.",en_multilingual_blimp_correct_affected.test,65784.03125,4303.3017578125,6928.6083984375,7225.5791015625,5703.64599609375,4984.9482421875,3475.50439453125,3578.251953125,3316.60546875,3587.5458984375,5785.9560546875,6536.07080078125,8120.06396484375
244,"These 22 countries, with all their oil and natural resources, have a combined GDP smaller than that of Netherlands plus Belgium and equal to half of the GDP of California alone.",en_multilingual_blimp_correct_affected.test,52792.66015625,1835.7548828125,2418.806396484375,2145.27783203125,1781.52197265625,1399.4879150390625,1503.2567138671875,1807.564697265625,1580.2205810546875,1876.307861328125,2691.0390625,2115.546142578125,3930.135498046875
245,The feeling of being swept along and of uncertainty as regards the future prevents you from seeing things in any perspective whatsoever.,en_multilingual_blimp_correct_affected.test,55429.16015625,2154.15576171875,1343.3948974609375,830.8191528320312,785.5264892578125,618.0795288085938,710.385498046875,635.5150756835938,693.6383056640625,899.687744140625,1391.0975341796875,796.8199462890625,1119.8524169921875
246,The 1616 edition of Ben Jonson's Works names him on the cast lists for Every Man In His Humour (1598) and Sejanus His Fall (1603).,en_multilingual_blimp_correct_affected.test,60585.1796875,7145.79248046875,4810.505859375,4683.568359375,4985.68017578125,5546.08056640625,4310.32958984375,6635.14990234375,5755.14404296875,7194.67138671875,9996.3115234375,9933.181640625,13278.2822265625
247,"Edward Shinza 's one of the few who did his stretch and got his head split open that time by Her Majesty 's brave boys, and where 's he... back in the Bashi Flats among his old wives, for all I know, no one even mentions his name.",en_multilingual_blimp_correct_affected.test,55570.90625,2149.48828125,1956.10693359375,1854.1412353515625,1472.2696533203125,1532.758056640625,1528.2391357421875,1811.9234619140625,1966.119384765625,2344.796630859375,2373.532958984375,3344.524658203125,4079.661865234375
248,She answers all questions asked and provides the best service i have ever seen.,en_multilingual_blimp_correct_affected.test,70747.7421875,1747.4124755859375,1114.7894287109375,1279.7596435546875,973.6756591796875,887.220947265625,733.085205078125,703.1981811523438,872.685302734375,958.3754272460938,871.0086059570312,808.0156860351562,1041.376220703125
249,"It is also a fact that almost everybody in the region blames this situation on the United States, on Israel, on Western Civilization, on Judaism and Christianity, on anyone and anything, except themselves.",en_multilingual_blimp_correct_affected.test,58225.48046875,1759.135986328125,3958.109130859375,3148.47119140625,2303.646484375,2133.78515625,2165.261474609375,2115.298095703125,2319.83056640625,2102.911865234375,2939.2607421875,2925.05810546875,4081.638916015625
250,"He needs a shower, and he picks his nose all the time.",en_multilingual_blimp_correct_affected.test,54219.8125,764.9552001953125,1105.538818359375,951.9022216796875,745.5430297851562,454.4215087890625,440.05145263671875,474.8116149902344,434.46600341796875,506.1247863769531,408.5392761230469,831.6134033203125,631.96044921875
251,It concentrates on combating unemployment and ensuring that everyone has a job.,en_multilingual_blimp_correct_affected.test,53878.890625,4200.958984375,2190.993896484375,1270.642333984375,1708.6103515625,1911.1453857421875,1807.2545166015625,2323.884033203125,2033.2864990234375,3571.569580078125,3097.1796875,2622.3876953125,3880.9599609375
252,The frequent reports from Algeria about the murders of hundreds of civilians in one village or another by other Algerians have nothing to do with Israel.,en_multilingual_blimp_correct_affected.test,61658.5078125,1147.361083984375,717.357177734375,548.21875,481.45196533203125,356.06231689453125,348.24066162109375,341.4940185546875,384.05841064453125,317.2780456542969,498.56610107421875,494.87689208984375,642.2595825195312
253,It then proposes the creation of a European quality mark based on respect for the environmental criteria for production.,en_multilingual_blimp_correct_affected.test,48628.609375,1500.9969482421875,1049.0145263671875,824.750732421875,731.0110473632812,610.6075439453125,542.782470703125,494.6980285644531,649.4613647460938,522.6973876953125,604.5297241210938,672.623779296875,872.54296875
254,"Unemployent stays low because half the population oversees those ""out of the workforce"", the dregs, the rabble, the enemy?",en_multilingual_blimp_correct_affected.test,53827.9453125,7862.8916015625,14160.3740234375,11286.361328125,7573.22314453125,6610.61181640625,7547.4033203125,6910.31005859375,8884.8515625,7075.3779296875,8868.8515625,12593.4169921875,19864.498046875
255,"The Commission accepts all of the contributions of the parliamentary committee and the rapporteur, Mr Koch, which are contained in the various amendments, specifically four.",en_multilingual_blimp_correct_affected.test,59990.11328125,3510.4443359375,4522.259765625,3657.8154296875,2051.895263671875,2096.53515625,2085.084716796875,2861.82861328125,3025.903564453125,3450.54345703125,3701.8818359375,4894.84716796875,6778.404296875
256,iv) Customer authorizes the Company to take any of the following actions (in any particular order):,en_multilingual_blimp_correct_affected.test,70618.375,2726.591552734375,2137.245361328125,1708.0091552734375,1626.5701904296875,1466.099853515625,1860.4354248046875,1824.8150634765625,1360.621337890625,1529.087646484375,1343.67431640625,1643.566650390625,1762.7987060546875
257,"Her neck pushes forward in vein-accentuating confrontation, her hands shake.",en_multilingual_blimp_correct_affected.test,54195.51953125,19858.115234375,29413.763671875,15023.064453125,13598.8466796875,25686.818359375,16954.1328125,29251.458984375,43337.9296875,37234.53515625,38843.3125,64612.32421875,96619.859375
258,"""Land of the kike home of the wop,"" says Compson to himself when he buys a bun from a small Italian girl.",en_multilingual_blimp_correct_affected.test,58168.1484375,2326.947509765625,2059.031494140625,2017.0247802734375,2271.73388671875,1880.3372802734375,2234.251220703125,1711.035888671875,2348.836669921875,2916.0087890625,2950.21875,3198.25341796875,2786.204345703125
259,"Abortion kills human life - it matters not if you kill it at 6 weeks or at 26 weeks, it 's still the unnatural, violent death of a human baby for the sake of convenience.",en_multilingual_blimp_correct_affected.test,48254.09375,1431.161376953125,1620.612060546875,1478.191162109375,1695.493408203125,1249.30712890625,1329.4759521484375,1542.441162109375,1767.7515869140625,1287.312744140625,2071.180908203125,2081.145263671875,2639.0966796875
260,"Since then, I now use a professional horse hauling service with people who ride with my horse to keep an eye on him, stop every few hours for water, and their trailers all have super smooth suspension.",en_multilingual_blimp_correct_affected.test,48597.64453125,1476.1112060546875,2119.462646484375,1909.0733642578125,1686.9725341796875,1443.3900146484375,1318.177978515625,1517.8387451171875,1573.8819580078125,1823.13818359375,2433.419677734375,2547.44189453125,2736.87158203125
261,The setting of mandatory measures requires proper consultation of the parties involved.,en_multilingual_blimp_correct_affected.test,57562.61328125,6548.6552734375,4022.023681640625,3018.723876953125,2054.18505859375,2206.90966796875,1549.1953125,1213.30029296875,1153.0706787109375,1054.98046875,1410.933837890625,1674.1253662109375,2784.1923828125
262,"For the quality, the prices ($4-$6) have to be the best in town.",en_multilingual_blimp_correct_affected.test,65353.7578125,1315.1856689453125,1098.716796875,1109.7362060546875,815.5479736328125,1083.9976806640625,1218.0491943359375,1448.866455078125,1770.01708984375,1841.771484375,1685.2952880859375,1563.821044921875,2363.79345703125
263,"Both towns have airports that are served regularly from the larger cities such as Sao Paulo, Rio de Janeiro and Buenos Aires.",en_multilingual_blimp_correct_affected.test,58273.03515625,6595.9580078125,2643.342041015625,1290.849609375,883.476318359375,705.4597778320312,724.7600708007812,712.5883178710938,945.8654174804688,922.3175048828125,832.0679931640625,1266.827880859375,1262.201416015625
264,As the evaluation report also mentions (p. 14) that the organisation of Pericles actions covered all the areas relevant to the protection of the euro:,en_multilingual_blimp_correct_affected.test,59903.38671875,1727.4661865234375,1587.3558349609375,1702.1585693359375,1717.58447265625,1562.4652099609375,1707.0963134765625,1659.6832275390625,1591.5850830078125,1600.7730712890625,1940.28466796875,1625.614990234375,2102.031494140625
265,"a) Subject to earlier termination as provided below, this Service Agreement is for the total duration of the Company 's Offering (the ""Initial Term"") unless either party requests termination at least 30 days prior to the end of the then-current term.",en_multilingual_blimp_correct_affected.test,57453.74609375,4826.009765625,4187.94677734375,2823.615966796875,1966.9154052734375,1908.6181640625,1700.5042724609375,1936.8958740234375,2084.586669921875,2012.658935546875,2344.672607421875,3001.623046875,4095.047119140625
266,"She feeds well the baby on her own, the baby is ok but she does not go in the nest to stay with him at night...",en_multilingual_blimp_correct_affected.test,68808.71875,541.82568359375,637.9031982421875,582.0468139648438,502.2613220214844,520.4642333984375,561.9909057617188,518.5970458984375,531.0844116210938,520.99755859375,629.421875,894.6435546875,668.7244262695312
267,"Shakespeare's will scarcely mentions his wife, Anne, who was probably entitled to one third of his estate automatically.",en_multilingual_blimp_correct_affected.test,56317.88671875,4012.22412109375,4988.681640625,3735.056640625,2000.4532470703125,1602.8216552734375,1350.5423583984375,1762.438232421875,1541.5721435546875,1654.3165283203125,1871.922607421875,3251.49853515625,4677.34619140625
268,vii) Upon a force majeure event that materially prevents or impedes a party from performing its obligations hereunder for a period of more than 10 business days.,en_multilingual_blimp_correct_affected.test,50145.84375,5157.75146484375,2870.6728515625,1388.87109375,1547.990966796875,1240.483642578125,1204.1942138671875,1412.86328125,1509.0977783203125,1663.64013671875,2016.44677734375,2302.988525390625,3718.22119140625
269,"The 22 member countries of the Arab league, from Mauritania to the Gulf States, have a total population of 300 millions, larger than the US and almost as large as the EU before its expansion.",en_multilingual_blimp_correct_affected.test,63616.7890625,2273.121826171875,3175.641357421875,1884.5228271484375,990.846435546875,825.199951171875,710.7639770507812,838.1234741210938,724.82373046875,889.5228271484375,1050.2762451171875,1018.9849853515625,1449.2879638671875
270,Plus she plans a monthly breakfasts and other events at the clubhouse which is a nice added benefit.,en_multilingual_blimp_correct_affected.test,62750.9140625,1487.6260986328125,1361.9468994140625,1276.9873046875,1562.789306640625,1562.7706298828125,1540.89453125,1126.3990478515625,1391.302490234375,1397.288818359375,1601.5364990234375,2208.06005859375,2565.758544921875
271,"We know that the refiners already have refineries producing clean diesel, but not for Europe. For the United States and Japan.",en_multilingual_blimp_correct_affected.test,55247.1953125,1361.972900390625,1998.339599609375,2021.91943359375,1533.141845703125,1472.1405029296875,1325.2947998046875,1671.9521484375,1294.87646484375,1164.5966796875,1096.33984375,1970.8341064453125,2179.370849609375
272,"In the lower part, there are three palm trees overlooking the sea, which represent the love that the people of this Island have for their land.",en_multilingual_blimp_correct_affected.test,68212.3984375,897.7395629882812,1056.374267578125,801.228515625,804.1868896484375,715.3319702148438,734.2637939453125,717.9293823242188,737.326416015625,901.8064575195312,1060.907958984375,1072.4844970703125,1522.40673828125
273,which flights from pittsburgh to atlanta have the lowest coach class fares,en_multilingual_blimp_correct_affected.test,51938.5625,18168.341796875,11915.75,8313.513671875,11854.328125,20660.6953125,26466.263671875,22761.990234375,38002.10546875,35659.25,53311.90625,55682.046875,118269.9609375
274,"The Kerry camp blames Bush for the Swift boat veterans ’ attack, but anyone who has spent much time talking to the Swifties gets the sense that they are doing it entirely for their own reasons.",en_multilingual_blimp_correct_affected.test,54943.91796875,2858.8662109375,2579.4892578125,1745.8406982421875,1151.5909423828125,935.5784912109375,738.3326416015625,862.4124755859375,928.9102172851562,1149.313232421875,1184.27294921875,1302.810791015625,1712.8701171875
275,The points system acts as a guide to sort out the best candidates.,en_multilingual_blimp_correct_affected.test,52778.81640625,1969.166748046875,1125.9805908203125,843.154052734375,823.671142578125,912.4558715820312,816.4234619140625,1161.4677734375,1316.7633056640625,823.7606811523438,1310.1976318359375,715.235107421875,1153.034912109375
276,And when I move it I guess he figures I 'm playing. x.x,en_multilingual_blimp_correct_affected.test,64631.30859375,1129.8994140625,1276.30419921875,1191.4202880859375,1742.519775390625,1792.979248046875,1064.17333984375,1470.149658203125,1654.80029296875,1776.7515869140625,1633.0836181640625,1205.789306640625,3068.426513671875
277,Open the door and let him out and see how he acts.,en_multilingual_blimp_correct_affected.test,47787.20703125,404.5067443847656,229.33132934570312,219.5245819091797,120.63999938964844,82.46764373779297,93.0625,87.64915466308594,105.20933532714844,108.62281799316406,123.95015716552734,167.89122009277344,188.44358825683594
278,"The color of these is that of the ground itself, and on this strange deadness the melting air presses with an almost human weight.",en_multilingual_blimp_correct_affected.test,59737.3203125,1329.946533203125,1489.87353515625,1447.4088134765625,1101.686767578125,818.0106201171875,1056.9854736328125,1151.3619384765625,1347.716796875,1167.989013671875,1793.9669189453125,2117.406005859375,2385.330322265625
279,"But the evidence is clear, and it demands action.",en_multilingual_blimp_correct_affected.test,70845.90625,1741.1602783203125,3747.830322265625,1858.147216796875,2134.244140625,2520.997314453125,3995.412109375,3073.982666015625,3089.759765625,3964.735595703125,3781.4384765625,4103.4169921875,5038.8291015625
280,She is just being friendly in public because she does not want to offend you and she treats you like any other friend.,en_multilingual_blimp_correct_affected.test,61624.1796875,458.6174011230469,260.32568359375,214.72129821777344,143.24769592285156,139.24905395507812,109.65959930419922,117.20891571044922,130.4675750732422,125.9070053100586,117.0813980102539,143.51687622070312,180.75845336914062
281,We hope that those considering rejection of these amendments have very powerful reasons to offer to both Parliament and their citizens who are seeking employment.,en_multilingual_blimp_correct_affected.test,60672.484375,1535.0203857421875,1052.9058837890625,831.2470703125,721.0465698242188,659.7005615234375,527.5176391601562,516.7245483398438,540.1322021484375,751.0093383789062,780.5385131835938,769.560546875,943.7151489257812
282,"But air traffic controllers in Baghdad have no record of the flights, which supposedly took off between July 2004 and July 2005.",en_multilingual_blimp_correct_affected.test,61169.578125,3810.249755859375,2803.644287109375,1981.846923828125,2142.709716796875,2261.78662109375,1818.6337890625,2400.795654296875,2521.6357421875,2178.92822265625,2546.600341796875,1787.037841796875,4130.54345703125
283,It sounds like a firmware issue and the camera requires a re-boot just like what happens in a computer - needs a re-start from time to time but it should n't be happening in a camera.,en_multilingual_blimp_correct_affected.test,57561.296875,733.97119140625,541.3450927734375,452.0437927246094,394.372314453125,253.8644256591797,296.287109375,338.4353942871094,311.9689636230469,332.6477355957031,340.2950439453125,379.7058410644531,483.39141845703125
284,"The Neocons in the CPA have all sorts of ulterior motives and social experiments they want to impose on the Iraqi people, including Polish-style economic shock therapy, some sort of sweetheart deal for Israel, and maybe even breaking the country up into three parts.",en_multilingual_blimp_correct_affected.test,60811.7421875,2307.07177734375,2974.178466796875,2346.21826171875,2184.97900390625,2220.724609375,1794.52392578125,2087.7451171875,2026.6849365234375,2066.85595703125,2544.20556640625,2574.689208984375,3478.571533203125
285,"At times I suspect that the world would be glad to see the last of its Christianity, and that it is the persistency of the Jews that prevents it.",en_multilingual_blimp_correct_affected.test,58762.12109375,399.9557800292969,371.3948974609375,364.7640075683594,281.9594421386719,288.9349365234375,226.04701232910156,254.87930297851562,251.9093780517578,268.0452880859375,339.0098876953125,336.14031982421875,322.41522216796875
286,"Sustainable development also requires proper consideration of the health, social and economic impact of the measures envisaged.",en_multilingual_blimp_correct_affected.test,59628.1484375,4322.37841796875,3913.5517578125,1989.4765625,1332.0966796875,1305.3734130859375,1344.476806640625,1385.8267822265625,1281.9339599609375,1467.29150390625,1763.0181884765625,1823.5677490234375,2425.014892578125
287,We have shown that the future of the audio-visual industry is a debate which crosses all political and national boundaries.,en_multilingual_blimp_correct_affected.test,64801.08984375,1316.2943115234375,738.2073364257812,692.47607421875,582.038818359375,592.742431640625,511.0831298828125,689.7658081054688,698.3892822265625,696.3694458007812,693.7200317382812,643.96826171875,763.64208984375
288,It drives Mum mad.,en_multilingual_blimp_correct_affected.test,70153.4765625,68308.8125,54345.765625,40780.33984375,48952.9296875,28004.26953125,36028.53125,91803.8984375,164430.6875,254028.53125,278214.875,283436.34375,440526.375
289,"Many people at Enron already have this type of chair, but we rarely, if ever, have a surplus because they are so popular.",en_multilingual_blimp_correct_affected.test,50522.23046875,1499.7420654296875,3225.82568359375,3252.096923828125,3387.7626953125,2565.822265625,2214.91455078125,2270.64013671875,1716.69677734375,1778.52734375,2448.959716796875,2517.55810546875,4562.451171875
290,My boyfriend has one and when she 's hungry she attacks the pinkie right away.,en_multilingual_blimp_correct_affected.test,58528.671875,2880.72412109375,2050.506591796875,1326.8863525390625,1314.7982177734375,1340.091064453125,1250.3955078125,1887.26025390625,2109.232666015625,2015.9891357421875,2706.165283203125,2666.234619140625,3074.472412109375
291,I saw a site that charges $0.70 per mile.,en_multilingual_blimp_correct_affected.test,69035.6875,1470.6094970703125,956.78369140625,1356.251708984375,1775.1790771484375,1395.1064453125,1369.1680908203125,1517.4371337890625,1981.677734375,1842.0762939453125,1825.8211669921875,1426.468505859375,1781.2373046875
292,He mentions his wife 's death having an effect on him.,en_multilingual_blimp_correct_affected.test,56571.6953125,2862.639404296875,1190.401611328125,833.8310546875,552.268798828125,359.37127685546875,427.8499450683594,422.4495544433594,352.5755310058594,343.02435302734375,401.68603515625,683.412841796875,795.9287109375
293,"The yarns of seamen have a direct simplicity, the whole meaning of which lies within the shell of a cracked nut.",en_multilingual_blimp_correct_affected.test,63438.73046875,2535.014404296875,2204.36767578125,1935.80078125,1467.615478515625,1280.054931640625,1330.70703125,1883.3021240234375,2055.7666015625,1941.21484375,2533.055419921875,2511.823974609375,3203.794189453125
294,"There are many legends among seafaring people of a bright fish so hot that it shines in the deepest water, a star dropped and finned from God, an alchemical mystery, the union of fire and water, coniuntis oppositorum that transforms itself and others.",en_multilingual_blimp_correct_affected.test,56888.3515625,3980.1884765625,3604.514404296875,3243.05322265625,2761.834228515625,2729.709716796875,2659.857421875,2415.738037109375,2818.05419921875,3004.123046875,3954.852783203125,3539.06396484375,6090.39990234375
295,"Iron is an essential element the body requires to produce hemoglobin, the protein found in red blood cells that 's responsible for transporting oxygen to tissues in the body.",en_multilingual_blimp_correct_affected.test,69227.2109375,2251.115234375,1935.0330810546875,922.3403930664062,590.2145385742188,517.4464721679688,476.4109191894531,462.9619140625,576.7747802734375,574.82568359375,511.2486267089844,808.9478759765625,1018.4481811523438
296,"(8) This Directive seeks to achieve a high level of protection for the environment by reducing the potential environmental impact of EUPs, which will ultimately be beneficial to consumers and other end-users.",en_multilingual_blimp_correct_affected.test,61755.90234375,2154.250244140625,1419.9400634765625,957.36279296875,687.90576171875,665.3272094726562,513.931396484375,543.2013549804688,713.7053833007812,795.5743408203125,811.6343383789062,937.3177490234375,1270.752685546875
297,"When you open an Access file, if Access does n't find a referenced file in the specified location, it searches for the reference as follows.",en_multilingual_blimp_correct_affected.test,55109.8515625,3121.566162109375,3902.27783203125,2716.232177734375,2687.66650390625,2768.8994140625,3398.476806640625,3531.104248046875,4530.4267578125,3888.113525390625,5478.84326171875,3351.753662109375,7194.46533203125
298,Other shops around this city have MUCH NICER and more TRANSPARENT owners.,en_multilingual_blimp_correct_affected.test,65119.70703125,15415.6416015625,9724.3779296875,5739.23291015625,8108.3095703125,8256.6484375,10892.6767578125,10622.47265625,15231.65625,15511.79296875,14538.5146484375,27253.267578125,26180.26171875
299,"Some critics consider Balzac's writing exemplary of naturalism - a more pessimistic and analytical form of realism, which seeks to explain human behavior as intrinsically linked with the environment.",en_multilingual_blimp_correct_affected.test,54989.3125,3634.99951171875,2783.231201171875,2058.27490234375,1988.4881591796875,1935.0560302734375,2314.755615234375,2455.376708984375,2605.376953125,2720.501953125,2707.3359375,3540.66748046875,4677.328125
300,"Loads of places have geographical hazards, if you are constantly paranoid, you 'll never get anywhere without a sense of adventure.",en_multilingual_blimp_correct_affected.test,52691.609375,2194.7236328125,3271.3017578125,2575.5009765625,1776.6220703125,1707.37158203125,1733.293212890625,1482.638427734375,1514.4017333984375,1813.4578857421875,2415.79443359375,3112.47314453125,5400.64990234375
301,"Busy-minded people, with their head-culture that touches all surfaces, have heard of Einstein.",en_multilingual_blimp_correct_affected.test,49659.80078125,3256.814453125,4730.9560546875,4090.289306640625,3204.325927734375,6339.1220703125,5264.08984375,6106.8125,6583.8291015625,6837.1337890625,11334.447265625,9651.205078125,19811.76953125
302,The report mentions best practice and standards in health care.,en_multilingual_blimp_correct_affected.test,59425.140625,7185.96923828125,3902.08056640625,1694.990478515625,1527.939697265625,1893.5206298828125,1163.158203125,1210.18310546875,1163.978759765625,1130.83837890625,1590.619140625,1613.32666015625,2145.27587890625
303,"Note that the No ""Out"" version requires us to pay the premium on Tuesday!",en_multilingual_blimp_correct_affected.test,49350.28515625,2450.296142578125,4238.16943359375,3173.652099609375,2431.748291015625,1366.6920166015625,1472.1453857421875,1561.412109375,1646.173828125,1657.80859375,1978.6231689453125,1213.03955078125,1636.62744140625
304,This is a thought that sometimes crosses Jewish minds.,en_multilingual_blimp_correct_affected.test,51856.1015625,4777.65185546875,1945.6962890625,1877.7408447265625,1587.89404296875,1453.697509765625,1446.801513671875,1594.4061279296875,2132.32470703125,3237.830322265625,4108.42919921875,3883.174072265625,5116.82763671875
305,"It is not as precise as a pelham bit because it only uses one rein, though the modern ones have two or three slots on which to put the reins.",en_multilingual_blimp_correct_affected.test,51927.1171875,1596.5865478515625,1635.2686767578125,1227.4718017578125,1118.6004638671875,841.9259033203125,1013.860595703125,901.3473510742188,858.8900756835938,918.9276733398438,1543.650146484375,1364.302490234375,2019.7340087890625
306,"If Access does n't find a RefLibPaths key, it searches for the referenced file in the locations listed below in the following order:",en_multilingual_blimp_correct_affected.test,71294.53125,3932.18603515625,4808.18994140625,2713.0908203125,2883.093017578125,2138.82958984375,2279.082763671875,2536.94921875,3515.05078125,3488.96044921875,3822.55908203125,4531.291015625,8504.7802734375
307,"All of these problems have solutions, at least in the short to medium run.",en_multilingual_blimp_correct_affected.test,59714.3046875,1169.4246826171875,1822.7401123046875,1295.0235595703125,1241.6129150390625,1852.4862060546875,2654.743408203125,1546.7159423828125,2388.1767578125,3023.048095703125,1631.065673828125,2465.62060546875,4352.525390625
308,"The teachers all have favourites, that Hermione Granger –",en_multilingual_blimp_correct_affected.test,59573.6953125,15319.7490234375,51505.72265625,32485.923828125,20884.251953125,54462.453125,36212.09765625,49511.26953125,54320.48046875,64026.71484375,44111.9375,47161.73828125,81071.0
309,"It acts queerly on my nerves (through the feet, as it were), because I feel that a good part of this dust must be ground out of human bone.",en_multilingual_blimp_correct_affected.test,49676.6171875,985.4373168945312,1486.8863525390625,1916.30126953125,1692.00830078125,1538.9573974609375,1658.19921875,1649.0052490234375,1602.0384521484375,2002.7113037109375,2033.095458984375,2279.681396484375,3848.170166015625
310,Suicide murders also have nothing to do with poverty and despair.,en_multilingual_blimp_correct_affected.test,73879.7890625,1564.10595703125,781.6771850585938,459.4018249511719,330.6571960449219,407.91326904296875,324.6356201171875,254.9027557373047,247.9107208251953,362.4421081542969,421.0484619140625,251.3097381591797,395.29974365234375
311,"Many people at Enron already have this type of chair, but we rarely, if ever, have a surplus because they are so popular.",en_multilingual_blimp_correct_affected.test,50522.23046875,1499.7420654296875,3225.82568359375,3252.10009765625,3387.7626953125,2565.822265625,2214.912353515625,2270.64013671875,1716.6951904296875,1778.5291748046875,2448.958740234375,2517.55810546875,4562.451171875
312,I guess those guns will be located enroute to Venezuela or found in storage there by one of the US 's local stooges and they then have a pretext to ramp the spin up a notch or two.,en_multilingual_blimp_correct_affected.test,64362.08203125,1358.89990234375,906.3399047851562,810.9097900390625,688.8192138671875,683.4656372070312,598.5789184570312,551.1002807617188,745.9295654296875,723.7703247070312,1047.5859375,1250.213623046875,1329.6724853515625
313,And the national judges frequently have difficulty in understanding and applying the concept of indirect discrimination.,en_multilingual_blimp_correct_affected.test,71011.5625,2572.37255859375,1484.70703125,941.3426513671875,1184.541748046875,960.9641723632812,1062.28125,1061.7110595703125,1328.5684814453125,1205.9031982421875,1165.7135009765625,1297.134033203125,1722.03076171875
314,Pools The Mariner of the Seas and Liberty both had salt water pools - which most cruise ships have.,en_multilingual_blimp_correct_affected.test,55541.65625,7089.18310546875,4353.189453125,3433.356201171875,3954.781005859375,3294.4443359375,3338.549560546875,3778.100341796875,5100.10693359375,6179.646484375,13590.4970703125,12381.453125,9934.9921875
315,China 's insatiable demand for energy is prompting fears of financial and diplomatic collisions around the globe as it seeks reliable supplies of oil from as far away as Brazil and Sudan.,en_multilingual_blimp_correct_affected.test,54557.7421875,3335.182861328125,1481.9486083984375,1350.7890625,1237.1290283203125,1098.2962646484375,986.1066284179688,921.5750122070312,1192.12451171875,773.7128295898438,909.3737182617188,945.0692749023438,1287.083251953125
316,"Firstly, it proposes the adoption of a regulation improving the transparency and authenticity of quality marks.",en_multilingual_blimp_correct_affected.test,52135.078125,1840.435302734375,2920.109375,2528.555419921875,2635.078857421875,1655.9329833984375,2975.317626953125,3733.005615234375,3441.696044921875,3584.262939453125,5926.72607421875,4505.248046875,9841.9423828125
317,Mr. ARCHIBALD: People have different ways of starting the days in any office.,en_multilingual_blimp_correct_affected.test,64130.6640625,2318.432861328125,1133.827392578125,1030.449462890625,1262.059326171875,1238.5025634765625,1366.3115234375,2527.4873046875,2503.301025390625,3217.763427734375,4105.4482421875,5340.591796875,6549.12353515625
318,They have unbeatable price in town and deliver on time.,en_multilingual_blimp_correct_affected.test,55724.328125,1846.2012939453125,1155.7734375,621.2950439453125,596.5171508789062,839.2728271484375,872.002685546875,1163.946533203125,1462.6656494140625,1509.3201904296875,1986.0567626953125,1697.106201171875,1999.4576416015625
319,The cast members really have to have incredibly powerful voices to pull off a few of the most poignant numbers ( I think this could be your true calling).,en_multilingual_blimp_correct_affected.test,60621.30078125,760.4886474609375,695.5779418945312,676.7255249023438,645.3869018554688,611.3837280273438,550.3023071289062,594.158447265625,625.224853515625,726.248046875,632.32275390625,580.1080932617188,846.6058349609375
320,The EU is an inspiring political structure that seeks to break the mold of the nineteenth-century nation-state.,en_multilingual_blimp_correct_affected.test,61895.41015625,2653.072998046875,1309.1103515625,1524.935791015625,893.20068359375,927.8118286132812,913.5390625,967.3703002929688,1087.8309326171875,1230.2481689453125,949.2908935546875,1248.6092529296875,1196.59912109375
321,Sussexs have soft feathers.,en_multilingual_blimp_correct_affected.test,56220.16796875,10888.7197265625,12920.30859375,9318.146484375,10833.4501953125,17386.98828125,9434.5517578125,12734.0888671875,9450.2294921875,17917.962890625,31264.984375,26227.291015625,22387.140625
322,"It may also require establishing community childcare centers, so that women farmers have the option to spend more time farming.",en_multilingual_blimp_correct_affected.test,61133.1875,3288.05078125,3921.09423828125,2134.13134765625,1785.6944580078125,2024.0107421875,1597.746337890625,1097.503662109375,1244.205810546875,1394.8563232421875,1559.9876708984375,1760.5850830078125,2150.78125
323,These animals have the misfortune to produce a substance that is useful in the manufacture of perfume.,en_multilingual_blimp_correct_affected.test,58007.6640625,635.3124389648438,432.7181091308594,338.3643798828125,320.1955261230469,255.20851135253906,234.08810424804688,194.51805114746094,248.1292724609375,211.11041259765625,304.4396667480469,387.1583251953125,388.2788391113281
324,"Anyone else find it a little suspicious that there are not only 20 reviews for this dentist (a HUGE number compared to the others in the area), but that they all have the same unique grammar structure?",en_multilingual_blimp_correct_affected.test,63690.3046875,957.20263671875,757.3745727539062,770.01171875,732.46533203125,689.5132446289062,599.9539794921875,757.8203735351562,700.0806884765625,771.3328247070312,819.013671875,765.3313598632812,1091.0809326171875
325,Obviously the foreign offices have issues that may not apply in the US (although LA. is about as close as you can get to a third world country).,en_multilingual_blimp_correct_affected.test,68146.59375,1049.898193359375,722.3707885742188,496.7554931640625,556.864990234375,655.0228881835938,675.9885864257812,636.3680419921875,673.6537475585938,703.643310546875,910.03125,783.4133911132812,1070.8927001953125
326,"There should be a Pixel Mapping function in the menu that will get rid of them, most sensors have a few dead and flipped pixels, some only show up on long exposures.",en_multilingual_blimp_correct_affected.test,59548.4765625,1229.62939453125,1298.1253662109375,1184.4576416015625,1096.78173828125,1580.442138671875,1840.768798828125,2008.547119140625,2296.91943359375,3124.991455078125,3892.1015625,4055.142822265625,5326.91357421875
327,"It is true, but unhelpful, to say that governments have only themselves to blame for having recklessly rushed into this wild ride.",en_multilingual_blimp_correct_affected.test,48071.9765625,3387.37158203125,3454.263916015625,1339.2076416015625,1388.568603515625,1343.0496826171875,1242.5888671875,949.4249267578125,1147.529541015625,967.6600341796875,1086.5582275390625,1128.10888671875,1114.94677734375
328,"I think I was happy, in the maddening determined way that children have of being happy, and it was that happiness that worked as a magnet on both of my parents.",en_multilingual_blimp_correct_affected.test,56324.4921875,719.5051879882812,821.4268798828125,776.9711303710938,699.466064453125,748.6780395507812,715.6024780273438,854.88427734375,819.532470703125,1153.0733642578125,1162.3209228515625,1752.060546875,2055.901123046875
329,"When the apparently cognitively functional take actions that seem senseless and incompetent, it is a most certain sign that they have ulterior or hidden motives.",en_multilingual_blimp_correct_affected.test,45547.5859375,4174.54052734375,6195.55517578125,3818.2197265625,3434.125732421875,3033.748779296875,2239.799072265625,2805.6689453125,2694.93896484375,2927.604736328125,3559.6884765625,3873.4833984375,5267.27392578125
330,"Their selection is random, so what they have on a given week might never be available again at the store.",en_multilingual_blimp_correct_affected.test,62331.79296875,612.3859252929688,1003.3822021484375,584.6133422851562,898.2860107421875,787.2431640625,649.9238891601562,625.6005859375,567.9675903320312,772.6174926757812,784.5191650390625,717.7404174804688,1089.6380615234375
331,Developing countries have a lot to gain from attracting multinational firms.,en_multilingual_blimp_correct_affected.test,48885.140625,2847.42041015625,1181.17724609375,943.5554809570312,641.4573364257812,444.0043029785156,446.6936340332031,538.8893432617188,774.1239013671875,855.8084106445312,899.7894287109375,748.5248413085938,1100.87646484375
332,"""Time is the best teacher, except for the fact that it kills off its best students""",en_multilingual_blimp_correct_affected.test,53157.82421875,926.6327514648438,1112.3236083984375,796.382080078125,773.5313110351562,681.9795532226562,571.3167114257812,552.6096801757812,749.1815795898438,629.416259765625,717.0402221679688,900.2236938476562,780.6021728515625
333,I rarely listen to the news or to what politicians or lawyers say because so many tell lies that none have credibility so what 's the point?,en_multilingual_blimp_correct_affected.test,60543.36328125,1628.8319091796875,1097.8118896484375,864.2357788085938,1206.3011474609375,1131.088623046875,1166.3350830078125,1095.5496826171875,1483.2911376953125,1203.6488037109375,1141.5367431640625,1213.0087890625,1143.080322265625
334,8 - Number of members of the US Senate and House of Representatives who have a child serving in the military.,en_multilingual_blimp_correct_affected.test,51932.86328125,713.5128173828125,569.348876953125,454.5730285644531,265.9166259765625,195.3332977294922,204.50558471679688,181.23452758789062,175.46673583984375,178.93679809570312,244.34286499023438,238.1248321533203,320.57489013671875
335,what airlines have business class service between boston and san francisco,en_multilingual_blimp_correct_affected.test,58015.57421875,22273.189453125,14040.3447265625,14325.447265625,22815.759765625,20099.05859375,27179.5546875,25967.607421875,50292.109375,53330.05859375,60178.859375,72684.4609375,75088.46875
336,"Users have full functionality and interactivity with components, including run-time and design-time capabilities.",en_multilingual_blimp_correct_affected.test,52674.98046875,7935.15576171875,16116.212890625,10097.2685546875,9815.23828125,12800.2265625,8100.8818359375,8706.888671875,8033.7783203125,10547.2294921875,16818.6015625,14913.9765625,23586.34765625
337,These theme parks have all types of facilities.,en_multilingual_blimp_correct_affected.test,54084.8203125,3433.054931640625,3055.388427734375,1256.07421875,1488.41943359375,1370.6365966796875,1167.4700927734375,1607.526611328125,2301.80078125,2759.166259765625,3007.786865234375,3924.341552734375,6426.556640625
338,Also these cults have multimillions yet the women and kids live in poverty so the leaders can live the high life.,en_multilingual_blimp_correct_affected.test,55086.5703125,1368.857421875,1185.6939697265625,797.9755249023438,647.5182495117188,606.576416015625,735.1908569335938,820.587158203125,781.7088012695312,754.0748291015625,928.2008666992188,990.4302978515625,1222.3587646484375
339,Newer semi-automatic wangs have a rail built into the receiver under the shaft.,en_multilingual_blimp_correct_affected.test,56343.51171875,4859.42822265625,1794.2886962890625,1411.0911865234375,1853.335205078125,1621.4639892578125,1199.1534423828125,1905.890869140625,1767.9287109375,1584.5009765625,2364.8984375,1838.9984130859375,3336.289794921875
340,They have fabulous French toast too.,en_multilingual_blimp_correct_affected.test,72087.40625,8705.0966796875,14408.7802734375,8124.25439453125,8979.47265625,9641.52734375,11807.6171875,8056.3662109375,11397.9892578125,15786.1796875,12578.041015625,19188.404296875,18810.970703125
341,0 - Number of principal civilian or Pentagon staff members who planned the war who have immediate family members serving in uniform in Iraq.,en_multilingual_blimp_correct_affected.test,58245.52734375,3394.521484375,3238.729248046875,2265.500732421875,1360.135498046875,1318.61865234375,1546.834716796875,1545.4449462890625,1658.3992919921875,1376.5589599609375,1679.552001953125,1870.718994140625,2969.15087890625
342,"Also if they have diarrhea, check in with your foster coordinator.",en_multilingual_blimp_correct_affected.test,55421.97265625,3564.69580078125,4090.58984375,2533.561767578125,1685.538818359375,1840.19140625,1731.3701171875,1645.148193359375,1883.56982421875,2418.618408203125,2649.822509765625,3786.447265625,4796.10888671875
343,(3) Parents have a prior right to choose the kind of education that shall be given to their children.,en_multilingual_blimp_correct_affected.test,56854.78125,656.9447021484375,483.4515686035156,398.2327880859375,389.7089538574219,316.393798828125,335.0489501953125,300.4366455078125,410.9373474121094,654.043212890625,704.5514526367188,592.7105102539062,873.31298828125
344,"Some reporters (you know, the ones with journalistic ethics) have actually uncovered the truth about George Bush 's service in the Texas Air National Guard.",en_multilingual_blimp_correct_affected.test,61512.91015625,5312.55615234375,2751.60986328125,1984.9991455078125,1739.5859375,1835.7025146484375,1962.0809326171875,2294.7529296875,2468.814697265625,2408.55029296875,3515.221923828125,4197.03857421875,5307.7451171875
345,Two decades of pickling his nervous system in various highly toxic substances have left Bush damaged goods.,en_multilingual_blimp_correct_affected.test,67338.28125,12796.1376953125,3985.03857421875,2097.552978515625,1923.355712890625,2294.1630859375,2173.457275390625,2003.5557861328125,2764.68701171875,3036.588134765625,2995.780517578125,3798.527099609375,4793.6298828125
346,Their attempts to ingratiate themselves with India and other neutralist nations have gained them little.,en_multilingual_blimp_correct_affected.test,58834.51171875,5305.57958984375,2984.539306640625,3717.31005859375,3447.73095703125,2690.515380859375,1294.7239990234375,1217.0823974609375,1221.7545166015625,1409.454345703125,817.46435546875,1019.4520874023438,1365.658203125
347,"Busy-minded people, with their head-culture that touches all surfaces, have heard of Einstein.",en_multilingual_blimp_correct_affected.test,49659.80078125,3256.814453125,4730.9560546875,4090.289306640625,3204.325927734375,6339.1220703125,5264.08984375,6106.8125,6583.8291015625,6837.1337890625,11334.447265625,9651.205078125,19811.76953125
348,"A large number of them are Bangladeshis, who like millions of their countrymen have left their densely populated homeland to settle elsewhere.",en_multilingual_blimp_correct_affected.test,59197.01953125,2453.193115234375,3241.26611328125,1937.4085693359375,1597.3974609375,1641.9334716796875,1462.9056396484375,1847.765380859375,2629.01708984375,3012.9658203125,2612.390625,2522.250244140625,4441.267578125
349,Two vaunted economists - one a Nobel Prize winner and the other a nationally renowned budget expert - have analyzed the data at hand and put a price tag on the Iraq occupation.,en_multilingual_blimp_correct_affected.test,58978.2109375,3228.90673828125,1645.044677734375,1110.822998046875,902.632080078125,778.5684204101562,648.8924560546875,694.959228515625,740.935791015625,771.5211181640625,748.6844482421875,811.1870727539062,1150.7406005859375
350,Biographers attempting to account for this period have reported many apocryphal stories.,en_multilingual_blimp_correct_affected.test,50254.80859375,5408.6953125,3026.457763671875,1862.43701171875,1870.447021484375,1701.59130859375,1475.6988525390625,990.0935668945312,895.0536499023438,1145.011474609375,1231.0228271484375,1544.457763671875,1881.4710693359375
351,"I do n't believe that we are quite at the point that we can say that all business controllers worldwide have reviewed, understand and have implemented these standards.",en_multilingual_blimp_correct_affected.test,62057.8828125,1008.8399047851562,840.3308715820312,626.2566528320312,671.6500854492188,803.7066040039062,696.3063354492188,691.0379638671875,869.2096557617188,1141.030029296875,1325.4818115234375,1201.5447998046875,1446.490478515625
352,"Expressions such as ""with bated breath"" (Merchant of Venice) and ""a foregone conclusion"" (Othello) have found their way into everyday English speech.",en_multilingual_blimp_correct_affected.test,60535.1640625,11189.9365234375,8456.5849609375,5888.76416015625,5080.86865234375,4910.1025390625,3946.285400390625,4621.98046875,4345.4912109375,5161.53515625,4753.94970703125,7084.958984375,10279.3583984375
353,"As a result, Malthus's concerns about mass starvation have failed to materialize in any peaceful capitalist economy.",en_multilingual_blimp_correct_affected.test,66645.4765625,5931.64013671875,3508.84130859375,2964.492431640625,2301.44287109375,1718.3365478515625,1458.4423828125,1966.292724609375,2378.401123046875,2941.081787109375,3879.02099609375,3836.857666015625,5503.6708984375
354,Some speakers have already mentioned unemployment and the fall in population.,en_multilingual_blimp_correct_affected.test,76205.4296875,2384.818603515625,1790.0447998046875,2035.9476318359375,1426.112060546875,1130.7542724609375,918.7405395507812,935.5325927734375,1250.21240234375,1091.9349365234375,1486.186767578125,1483.4000244140625,2469.70703125
355,Four students at Roma Tre University have developed a motorcycle helmet that can 'read thoughts' by helping to anticipate drivers ' actions.,en_multilingual_blimp_correct_affected.test,52278.171875,9771.939453125,6407.46337890625,6486.4990234375,6319.4990234375,7629.00341796875,8642.5927734375,7130.87744140625,6820.2802734375,6593.109375,9551.74609375,11796.98046875,14374.8369140625
356,At the same time I do know people who have had horses come back successfully after EPM.,en_multilingual_blimp_correct_affected.test,61845.078125,759.4439086914062,417.5384521484375,287.4996032714844,222.7025604248047,269.7026672363281,237.82400512695312,262.70648193359375,282.832275390625,293.3217468261719,380.398681640625,413.7888488769531,433.6264953613281
357,"Armed militias, many staffed by former Iraqi military men with substantial training and experience, have proliferated.",en_multilingual_blimp_correct_affected.test,46219.7890625,10357.8759765625,11640.2431640625,6190.55859375,4231.8125,4658.46240234375,5702.455078125,5584.72509765625,5795.19482421875,5673.1748046875,7144.69580078125,10291.7080078125,13556.310546875
358,"Many leading health researchers, including Kelly Brownell, David Ludwig, and Walter Willett, have documented these problems.",en_multilingual_blimp_correct_affected.test,56223.33203125,13918.0546875,54057.6953125,42757.6484375,19500.265625,12700.8330078125,19962.796875,20899.29296875,28474.55859375,30814.16015625,39995.390625,45915.50390625,68674.59375
359,"After every world war, the rules of international law have changed, and the same will happen after the present one.",en_multilingual_blimp_correct_affected.test,66603.7265625,607.2550659179688,1704.748779296875,984.0853271484375,1176.134765625,1180.6434326171875,1216.89501953125,1388.16796875,1155.886962890625,999.428955078125,1082.392333984375,1469.4508056640625,2342.61962890625
360,"While most U.S. secretaries of state -- save perhaps Dean Rusk -- have gobbled up credit for outcomes that they had little to do with, few have been as brazen as Colin Powell.",en_multilingual_blimp_correct_affected.test,61770.453125,3699.2529296875,2405.491455078125,2008.8037109375,1679.6529541015625,1326.41259765625,1385.6510009765625,1350.3201904296875,1862.641357421875,1611.20947265625,2196.576904296875,2155.947021484375,2950.433837890625
361,Projects implemented with support from the Union have had their effect watered down all too often by slow decision making and complicated administrative processes.,en_multilingual_blimp_correct_affected.test,50593.01171875,4158.3681640625,3208.5029296875,1940.7308349609375,2142.436767578125,1986.7850341796875,1876.9224853515625,1765.2667236328125,1831.3336181640625,2297.814453125,3486.4892578125,2849.8193359375,4300.791015625
362,"Your cycle of learning through the school of hard knocks has come to an end, Gemini, and now you 're going to start reaping the rewards these ""lessons"" have left in their wake.",en_multilingual_blimp_correct_affected.test,55633.69140625,1657.471923828125,1756.2879638671875,2149.751708984375,2012.431640625,1533.926513671875,1356.285400390625,1456.8021240234375,1879.0986328125,1798.846923828125,2646.71728515625,2565.9677734375,3347.90087890625
363,Perceptions of resilience have given way to fears of vulnerability.,en_multilingual_blimp_correct_affected.test,48992.81640625,3731.140380859375,3777.00146484375,3063.885498046875,3099.404296875,3903.22314453125,3153.54052734375,2453.423583984375,3909.985107421875,3329.526123046875,3783.018310546875,4166.8837890625,4650.5478515625
364,"A recent report by a journalist from Port Blair, in the Andamans, quoted an unnamed official saying that foreigners from Myanmar, Bangladesh and Sri Lanka have permanently settled in the islands, using fake Indian ration cards, while citizens of Thailand, China, Indonesia and Malaysia have migrated temporarily to plunder the natural resources and leave.",en_multilingual_blimp_correct_affected.test,51928.65234375,5929.68896484375,7860.27490234375,7114.0517578125,5187.5166015625,4246.3740234375,4203.0546875,4287.00732421875,5133.72021484375,4412.04541015625,7739.017578125,6133.7666015625,9807.4541015625
365,"And on the Jaffa Road, because of another bomb, six adolescents two on a break from night school stopping at a coffee shop to eat buns, have just died.",en_multilingual_blimp_correct_affected.test,62315.9296875,2644.324462890625,4838.79833984375,3888.47314453125,2735.633544921875,2765.47119140625,2825.361572265625,3193.9833984375,3197.1494140625,3253.862060546875,2836.36279296875,5435.662109375,6193.49951171875
366,"Government interventions to date, mainly in the form of enhanced education, have proved largely ineffective.",en_multilingual_blimp_correct_affected.test,61037.18359375,4420.6923828125,6627.1064453125,4468.49169921875,2822.486572265625,3110.0546875,3404.6953125,4526.3330078125,3361.318603515625,4649.05322265625,5486.236328125,6265.53271484375,8436.4072265625
367,"Key EU programmes between 1989, 1993, 1994 and 1999 have certainly helped to improve the economic competitiveness of peripheral countries and Objective 1 regions within Europe.",en_multilingual_blimp_correct_affected.test,66477.578125,5821.3291015625,3696.494873046875,2401.996826171875,1272.3902587890625,1662.929443359375,1524.4959716796875,2029.7012939453125,1814.0484619140625,1663.970947265625,2259.060791015625,2298.896240234375,3431.94189453125
368,"She added that recent visits to the island by India 's top military brass including army chief General Nirmal Chander Vij have ""caused apprehension among Tamils that preparations are under way for another war in the island"".",en_multilingual_blimp_correct_affected.test,53616.453125,5806.99609375,3281.2939453125,2992.882080078125,2711.88134765625,3499.444091796875,3369.930419921875,3743.59033203125,4820.646484375,7114.77783203125,6919.33154296875,7298.44970703125,9027.2548828125
369,"Frictions between the two partners have developed over a wide range of issues, including trade, the renminbi's exchange rate, regional security, intellectual property, and cyber attacks, among others.",en_multilingual_blimp_correct_affected.test,54700.17578125,4204.73486328125,10045.0107421875,4563.98291015625,3934.699462890625,3581.67626953125,5112.94921875,5779.50927734375,6350.4736328125,5998.46435546875,4523.7998046875,8957.5849609375,13399.486328125
370,"Thus far, none of the many ""human rights"" busybodies across the world have bothered to even notice such a development.",en_multilingual_blimp_correct_affected.test,50411.62890625,2257.40771484375,2630.000244140625,2005.2579345703125,1601.5321044921875,1534.2022705078125,1470.1243896484375,1442.2706298828125,1577.566650390625,1585.7474365234375,1677.9534912109375,1855.4547119140625,2418.02099609375
371,Some localized extinctions already have occurred across some of its habitat.,en_multilingual_blimp_correct_affected.test,80290.1875,5219.564453125,3637.53125,2261.201171875,1628.8931884765625,1327.871826171875,1018.956787109375,1604.3692626953125,1810.5718994140625,1701.5457763671875,2913.388916015625,2671.3642578125,3105.724365234375
372,But the four planeloads of arms have vanished.,en_multilingual_blimp_correct_affected.test,86098.6328125,5227.4853515625,5105.06591796875,3602.091796875,5014.1806640625,4459.330078125,4899.76953125,6262.44970703125,5429.5068359375,4565.3193359375,7328.685546875,5463.8212890625,5103.86328125
373,"A recent report by a journalist from Port Blair, in the Andamans, quoted an unnamed official saying that foreigners from Myanmar, Bangladesh and Sri Lanka have permanently settled in the islands, using fake Indian ration cards, while citizens of Thailand, China, Indonesia and Malaysia have migrated temporarily to plunder the natural resources and leave.",en_multilingual_blimp_correct_affected.test,51928.65234375,5929.68896484375,7860.27490234375,7114.0517578125,5187.5166015625,4246.3740234375,4203.0546875,4287.00732421875,5133.72021484375,4412.04541015625,7739.017578125,6133.7666015625,9807.4541015625
374,The Fed's huge monthly purchases of long-term assets – so-called quantitative easing – have benefited the world as a whole by propping up demand and economic activity in the US.,en_multilingual_blimp_correct_affected.test,64142.77734375,4638.85791015625,1811.2877197265625,1464.3280029296875,1554.24072265625,1569.6773681640625,1671.32958984375,1582.7325439453125,1841.1708984375,2441.989990234375,2808.159912109375,3128.632568359375,3326.87255859375
375,"Due to business reasons, previously scheduled interviewers from the Penn team have had to cancel their participation.",en_multilingual_blimp_correct_affected.test,56093.88671875,2941.212158203125,2213.19580078125,2106.146240234375,1502.88330078125,1489.81103515625,1266.399169921875,981.719482421875,1128.3062744140625,1197.3804931640625,1343.9068603515625,1058.0489501953125,2123.62158203125
376,"Students like Rai have been meeting with counsellors at the school to talk about what happened, but she said the biggest comfort has come from seeing her friends.",en_multilingual_blimp_correct_affected.test,53659.06640625,845.9251098632812,798.570068359375,767.6774291992188,605.7125244140625,735.318115234375,568.51171875,592.2274169921875,482.42724609375,504.1361999511719,528.4718017578125,616.3880615234375,710.8721313476562
377,"Over the centuries some readers have posited that Shakespeare's sonnets are autobiographical, and point to them as evidence of his love for a young man.",en_multilingual_blimp_correct_affected.test,66273.2421875,1933.5914306640625,1682.5804443359375,1614.439453125,1416.04541015625,1153.58984375,1168.5523681640625,1084.4453125,959.22900390625,1116.970458984375,1651.087158203125,1533.7896728515625,1937.18212890625
378,"Book readers evidently have n't got the passionate intensity of sports fans.""",en_multilingual_blimp_correct_affected.test,87433.71875,8462.3623046875,5457.59228515625,5798.52880859375,6335.9130859375,7139.1240234375,7209.78173828125,6903.7294921875,7437.98486328125,12424.6748046875,10546.404296875,11583.9208984375,7258.1494140625
379,"The last three years of the Iraq occupation, however, have sapped this confidence.",en_multilingual_blimp_correct_affected.test,63437.82421875,5278.1103515625,8726.5654296875,4464.0615234375,3905.61376953125,3276.828125,3334.35595703125,3352.0927734375,2614.646240234375,3836.0673828125,3661.671875,3281.068603515625,5005.1796875
380,"Scholars have identified 20,000 pieces of music linked to Shakespeare's works.",en_multilingual_blimp_correct_affected.test,68672.4921875,3539.56689453125,1216.1077880859375,797.6217041015625,479.563720703125,542.397216796875,407.25225830078125,306.4569091796875,317.46466064453125,363.7690734863281,478.42950439453125,445.67303466796875,509.8750305175781
381,"The overwhelming human and financial impacts of Hurricane Katrina are powerful evidence that political and economic decisions made in the United States and other countries have failed to account for our dependence on a healthy resource base, according to an assessment released today by the Worldwatch Institute.",en_multilingual_blimp_correct_affected.test,58705.265625,1983.1534423828125,1086.3033447265625,865.9125366210938,593.4528198242188,567.6159057617188,514.3204345703125,532.4130249023438,531.983642578125,523.7449951171875,448.623291015625,544.8447265625,656.37109375
382,We still have a lot of work to do in this area as recent events have proved.,en_multilingual_blimp_correct_affected.test,57209.51171875,291.2210998535156,245.59364318847656,254.6889190673828,116.66170501708984,134.72727966308594,107.26112365722656,116.62755584716797,121.94344329833984,112.15940856933594,93.37667846679688,106.52327728271484,146.60794067382812
383,"Whereas the peoples of the United Nations have in the Charter reaffirmed their faith in fundamental human rights, in the dignity and worth of the human person and in the equal rights of men and women and have determined to promote social progress and better standards of life in larger freedom;",en_multilingual_blimp_correct_affected.test,56672.73046875,977.7825317382812,583.0988159179688,380.91363525390625,330.0389099121094,281.3695373535156,256.93310546875,311.9283752441406,244.38047790527344,255.17286682128906,285.2334289550781,268.3572082519531,262.1109924316406
384,"The New York Times is sure to have it, but the Times as I see it is a government within a government It has a state department of its own, and its high councils have probably decided that it would be impolitic at this moment to call attention to Sadat 's admiration for Hitler.",en_multilingual_blimp_correct_affected.test,50893.96484375,1026.918212890625,748.9251098632812,652.85693359375,525.768310546875,551.038818359375,522.0208740234375,645.0473022460938,723.1134643554688,928.66259765625,874.7504272460938,1239.2197265625,1331.2789306640625
385,Dust storms usually start in desert margins rather than the deserts themselves where the finer materials have already been blown away.,en_multilingual_blimp_correct_affected.test,60548.5,4543.71484375,2245.6015625,1749.8421630859375,1273.52783203125,1224.326416015625,1162.2349853515625,1050.9937744140625,1550.9329833984375,1879.2554931640625,1592.950927734375,1540.236328125,2830.0146484375
386,While Iran 's conventional army is not what it was during the heyday of the Iran-Iraq war - their armaments have deteriorated and the veterans of that last war have retired - the nation enjoys substantial military strength nonetheless.,en_multilingual_blimp_correct_affected.test,57775.5625,3487.36376953125,2031.5662841796875,1766.9593505859375,1893.388671875,1825.701171875,1683.860595703125,2245.744873046875,2266.23779296875,1916.559814453125,2524.867431640625,3155.646728515625,2902.498291015625
387,"Thus far, none of the many ""human rights"" busybodies across the world have bothered to even notice such a development.",en_multilingual_blimp_correct_affected.test,50411.62890625,2257.41015625,2629.998779296875,2005.256103515625,1601.5321044921875,1534.2022705078125,1470.1236572265625,1442.2713623046875,1577.566650390625,1585.7474365234375,1677.9542236328125,1855.453857421875,2418.019775390625
388,PRINCETON – How quickly emerging markets' fortunes have turned.,en_multilingual_blimp_correct_affected.test,59272.0390625,9515.650390625,1693.173828125,1304.8680419921875,1718.86181640625,1952.177490234375,1606.9281005859375,2472.4677734375,2238.3330078125,3402.390625,3219.60205078125,3641.7451171875,4773.78955078125
389,"When it comes to public goods – such as education, the environment, health care, and equal opportunity – the record is not quite as impressive, and the political obstacles to improvement have seemed to grow as capitalist economies have matured.",en_multilingual_blimp_correct_affected.test,62638.44921875,2006.957763671875,3308.95361328125,1520.6103515625,1663.590087890625,1694.36181640625,1446.8671875,2084.705078125,1651.8707275390625,2039.355224609375,2597.333984375,2278.424072265625,3374.722412109375
390,"Again, despite a rising chorus of concern from researchers, political markets have seemed frozen.",en_multilingual_blimp_correct_affected.test,57441.41796875,6680.7841796875,19050.431640625,14679.171875,11491.3955078125,10108.041015625,13079.3291015625,11117.572265625,18645.279296875,23425.236328125,23472.84765625,22740.423828125,65308.7734375
391,"Well, said Fred, put it this way – house-elves have got powerful magic of their own, but they ca n't usually use it without their master 's permission.",en_multilingual_blimp_correct_affected.test,48394.98046875,2740.833984375,4669.9873046875,3869.126953125,4183.12890625,3842.423583984375,4213.798828125,4680.17529296875,4669.4755859375,4684.39501953125,5244.15283203125,7473.3798828125,9527.482421875
392,Researchers have been investigating potential for male hormonal contraceptives for around 20 years.,en_multilingual_blimp_correct_affected.test,64478.80859375,3437.753173828125,2679.484375,1681.8544921875,814.4696044921875,502.9287414550781,270.00775146484375,345.1071472167969,406.146484375,346.9079895019531,438.0301513671875,447.52935791015625,453.06536865234375
393,"All the regional countries have publicly backed the Karzai government and supported the electoral process, but serious undercurrents remain as they all have their favourite contenders in Afghanistan.",en_multilingual_blimp_correct_affected.test,54826.93359375,4511.96435546875,3172.4931640625,2979.421875,2180.147216796875,1791.78369140625,1622.5567626953125,2386.401123046875,2197.22314453125,2269.1953125,2965.095947265625,4368.48974609375,4440.416015625
394,"Whereas Member States have pledged themselves to achieve, in co-operation with the United Nations, the promotion of universal respect for and observance of human rights and fundamental freedoms;",en_multilingual_blimp_correct_affected.test,53101.1796875,3870.532958984375,2709.846923828125,1736.8905029296875,1163.65576171875,950.5396728515625,764.1461791992188,879.9652099609375,875.44482421875,925.86376953125,884.6216430664062,823.8812866210938,1221.6583251953125
395,"And international donors have given only half of the relief aid that Darfur needs, according to the local UN officials.",en_multilingual_blimp_correct_affected.test,60297.71875,2340.576416015625,3889.24853515625,2541.006103515625,2098.987548828125,2206.506591796875,2060.74560546875,2855.49853515625,2992.182861328125,3223.47314453125,2795.065185546875,3457.20361328125,3618.018310546875
396,"Al-Abbudi stated that ""His Emminence"" decided to openly support the list because ""others"" (obviously a reference to Allawi) have been abusing official state positions and media outlets in their campaigning.",en_multilingual_blimp_correct_affected.test,57241.6015625,6993.92041015625,8443.69921875,8573.029296875,8839.845703125,8224.8271484375,7442.2919921875,7816.02978515625,9243.20703125,9231.8515625,11649.0390625,10136.1318359375,17163.833984375
397,"Increasingly, analysts are saying that China 's efforts have gone beyond what is safe or even in its own interests.",en_multilingual_blimp_correct_affected.test,60949.6953125,1477.2188720703125,845.4940185546875,662.508056640625,776.8936157226562,741.4641723632812,673.7835693359375,624.9539184570312,637.4376831054688,821.0701293945312,1018.9441528320312,906.5330810546875,1109.571533203125
398,I have heard that the pipefitters have established a picket line at the Payne Creek site today.,en_multilingual_blimp_correct_affected.test,66199.71875,3206.4443359375,2411.155517578125,1996.98681640625,1533.303466796875,1506.308349609375,1292.62841796875,1562.1173095703125,1613.5228271484375,1847.01318359375,2183.784423828125,3076.4228515625,3355.271728515625
399,You will be seen like all the other hacks that have stooped to doing abortions when they were n't good enough to maintain a real practice.,en_multilingual_blimp_correct_affected.test,59676.390625,961.4036865234375,703.5000610351562,564.6326904296875,533.0470581054688,558.1995239257812,496.7640075683594,432.05645751953125,548.6487426757812,620.8303833007812,623.1351318359375,679.0723266601562,828.0841674804688
400,"All of us here are pleased that the courts have acquitted him and made it clear that in Russia, too, access to environmental information is a constitutional right.",en_multilingual_blimp_correct_affected.test,62353.9140625,1132.4814453125,1151.06005859375,1018.3283081054688,981.346923828125,771.8446044921875,924.36962890625,881.002685546875,914.3692016601562,928.9877319335938,1231.380859375,1299.4642333984375,1900.2646484375
401,"The events of the last few years have amplified four issues, which have always existed, but have never been as rampant as in the present upheaval in the region.",en_multilingual_blimp_correct_affected.test,62912.22265625,1592.402587890625,1638.0399169921875,980.7636108398438,752.3161010742188,585.0690307617188,494.94293212890625,482.72088623046875,415.64892578125,457.9462890625,467.3221740722656,522.6500244140625,727.192626953125
402,"It aims at the heart of the matter, as Agenda 2000 negotiations have reached a critical stage.",en_multilingual_blimp_correct_affected.test,48065.328125,1984.110595703125,2016.7535400390625,1463.290771484375,1470.17626953125,1416.6539306640625,979.57080078125,957.84912109375,1022.7059326171875,1099.9302978515625,1092.74951171875,1301.436767578125,1595.83544921875
403,Several related issues have resulted in an increase in the level of operating risk for the Merchanting Metals business.,en_multilingual_blimp_correct_affected.test,50510.04296875,2413.239501953125,1160.6162109375,617.1194458007812,480.15362548828125,437.29888916015625,414.333984375,507.0772705078125,509.5614929199219,406.97332763671875,482.2566223144531,379.98748779296875,511.74420166015625
404,The AKP 's Islamic conservatives have taken this refusal as justification for the questionings.,en_multilingual_blimp_correct_affected.test,49652.93359375,5331.26416015625,3705.138671875,2066.1669921875,2820.55712890625,2179.5068359375,2147.247802734375,2637.651123046875,2454.250732421875,3868.942626953125,4250.255859375,5273.783203125,7842.10302734375
405,"That in this Jerusalem street, coolly sweet with night flowers and dark green under the lamps, many other families have lost children.",en_multilingual_blimp_correct_affected.test,57449.63671875,2727.529052734375,4633.07958984375,4088.043212890625,5061.44580078125,6564.2431640625,7025.51416015625,5564.177734375,6907.66748046875,7482.9794921875,10719.5478515625,16652.837890625,12440.681640625
406,"My friend, white men have killed more people in Africa than Hitler ever did in Europe.",en_multilingual_blimp_correct_affected.test,50116.30078125,1346.2216796875,1363.6378173828125,731.7926025390625,491.742919921875,485.29998779296875,378.0542297363281,403.70245361328125,493.6037902832031,387.8863830566406,489.99169921875,641.33935546875,624.1494750976562
407,"Bangs said these animals are not equipped to survive in the wild, however, and they all almost certainly have died.",en_multilingual_blimp_correct_affected.test,58450.86328125,1193.2022705078125,1352.562744140625,1213.603515625,894.8026733398438,739.1378784179688,765.9775390625,809.3322143554688,711.466552734375,985.3480224609375,1266.56884765625,974.4151000976562,1462.92724609375
408,"In quick summary, Beyond Control, a local band in our area, is sponoring a benefit for a cancer victim whose benefits have run out.",en_multilingual_blimp_correct_affected.test,46127.84375,3087.020751953125,6697.2099609375,6971.69189453125,6304.93115234375,6639.3408203125,7316.79931640625,9805.162109375,10681.21875,11844.33984375,12181.3857421875,16093.0517578125,24910.5546875
409,"Our Lecture Slides have greatly benefited from the previous classes taught by Dr. William Schroeder and Dr. Luis Ibanez at RPI,",en_multilingual_blimp_correct_affected.test,58294.3203125,7881.52490234375,2878.709716796875,1487.877197265625,1302.5660400390625,1320.0877685546875,1159.2406005859375,1455.03662109375,1320.3438720703125,1480.9927978515625,3115.37451171875,2309.033935546875,2596.974853515625
410,"Some commentators have seen this change in mood as evidence of a more serene view of life on Shakespeare's part, but it may merely reflect the theatrical fashion of the day.",en_multilingual_blimp_correct_affected.test,53749.0,1449.76904296875,1559.87841796875,1162.7783203125,870.6610717773438,739.8290405273438,561.1666870117188,576.2689819335938,536.8434448242188,610.6608276367188,658.6956176757812,616.294921875,852.4866333007812
411,Tropical species have moved up to Florida and the Gulf Coast.,en_multilingual_blimp_correct_affected.test,67175.7421875,1344.5946044921875,669.7969970703125,695.9358520507812,426.7517395019531,514.6793823242188,401.64886474609375,398.555908203125,594.380859375,411.68792724609375,522.1351318359375,917.5904541015625,832.439453125
412,"When you discussed it, i was trying to think back to our remedies and discussions but the 3 years have made it difficult.",en_multilingual_blimp_correct_affected.test,47502.44921875,775.2745971679688,666.5751342773438,580.2494506835938,599.3864135742188,638.1590576171875,734.3566284179688,600.2532958984375,855.6162719726562,866.4486083984375,967.38232421875,981.3806762695312,1642.853759765625
413,"People have been fleeing this country at roughly a plane load per week for the past 20+ years, so it 's not anything new.",en_multilingual_blimp_correct_affected.test,65196.26171875,1344.7364501953125,1205.5340576171875,908.0671997070312,809.1337890625,1005.4777221679688,1188.463134765625,1203.880126953125,1173.856689453125,1422.57568359375,1442.399169921875,1792.7723388671875,3034.275146484375
414,"On the morrow he will leave me, as my Hopes have flown before.""",en_multilingual_blimp_correct_affected.test,58850.78515625,2027.2745361328125,2425.2080078125,2272.695068359375,1886.9840087890625,1729.209228515625,1945.886474609375,2380.108642578125,1973.719482421875,2806.358154296875,3161.23388671875,4752.93896484375,4171.73046875
415,"Some 20th-century scholars have suggested that Shakespeare may have been employed as a schoolmaster by Alexander Hoghton of Lancashire, a Catholic landowner who named a certain ""William Shakeshafte"" in his will.",en_multilingual_blimp_correct_affected.test,59600.6875,7256.7373046875,5084.33935546875,3336.760986328125,2929.125244140625,2997.44384765625,2410.82666015625,2499.902587890625,2963.52685546875,3221.030029296875,3060.614501953125,3756.59033203125,4629.95263671875
416,"I have been advised by our Construction Manager, Mr. Joe Osler that while he was visiting the City of Lake Worth Building Planning and Zoning dept regarding our permit status he learned that the pipefitters have inquired about permit requirements to picket our site.",en_multilingual_blimp_correct_affected.test,61919.671875,3800.43701171875,2812.611572265625,2643.11279296875,3116.167724609375,3607.981201171875,3806.243896484375,4456.5029296875,6108.36181640625,7008.369140625,8565.7890625,9628.0751953125,10587.419921875
417,I 've pasted the email for those who have n't seen or would like to re-read it.,en_multilingual_blimp_correct_affected.test,65382.375,1800.4088134765625,954.701904296875,825.1566772460938,780.8724975585938,676.5690307617188,746.724609375,768.1912231445312,671.70703125,700.9133911132812,581.7296752929688,733.5149536132812,923.4951171875
418,"My neighbourhood has been surrounded by American troops for three days now, helicopters have been circling over our heads non-stop.",en_multilingual_blimp_correct_affected.test,56198.40625,1988.8162841796875,1585.0760498046875,1025.1666259765625,947.2262573242188,796.1135864257812,689.1211547851562,749.1815795898438,793.5223999023438,740.42333984375,738.8246459960938,753.9379272460938,1029.6817626953125
419,"The excellent windows have performed without any problems, but that 's not why I 'm writing my review.",en_multilingual_blimp_correct_affected.test,46057.81640625,2360.596923828125,1942.4259033203125,1960.382568359375,1785.444091796875,1244.057373046875,1197.0609130859375,1365.302734375,1315.2760009765625,1736.2073974609375,1982.686279296875,2736.889892578125,3193.980224609375
420,"In addition to their awareness and training content, the Pericles actions have led to a number of structural and other improvements in Member Sates and in third countries.",en_multilingual_blimp_correct_affected.test,66540.3671875,1865.01953125,1545.8997802734375,1077.6065673828125,982.97021484375,1150.246337890625,1134.219970703125,1427.359130859375,1430.7908935546875,1623.890380859375,1386.607421875,1893.31103515625,2407.6845703125
421,"Ingenious, really, how many ways Muggles have found of getting along without magic.",en_multilingual_blimp_correct_affected.test,62279.68359375,6671.95263671875,13296.1240234375,5939.462890625,4591.17138671875,3791.184326171875,6409.7431640625,6168.953125,7890.56494140625,9426.87109375,8390.1279296875,13476.6357421875,23891.814453125
422,"""When dandelions have set the mark of May on Wisconsin pastures, it is time to listen for the final proof of spring,"" wrote Aldo Leopold in ""A Sand County Almanac.""",en_multilingual_blimp_correct_affected.test,56950.61328125,3638.2978515625,3910.8056640625,4629.09619140625,5789.42236328125,4941.5673828125,4469.267578125,4247.75927734375,5032.1162109375,5523.60546875,7435.16259765625,6684.17431640625,7697.62109375
423,"In the Netherlands, authorities have taken a lower-tech approach to tracking drones.",en_multilingual_blimp_correct_affected.test,72989.3359375,3472.731201171875,3521.492919921875,2736.48291015625,1439.236083984375,1392.2122802734375,1378.3363037109375,1542.380859375,1553.376220703125,2446.975341796875,2613.041015625,2685.27587890625,3559.810546875
424,"For example, students must trust that teachers have made appropriate decisions about the structure and content of the courses they teach, and teachers must trust that the assignments that students turn in are their own.",en_multilingual_blimp_correct_affected.test,58089.65234375,1130.2987060546875,1127.6318359375,822.4830932617188,721.3306274414062,704.3402099609375,709.6328735351562,581.2449951171875,522.7008666992188,869.7930297851562,808.4697265625,746.5675659179688,1122.7225341796875
425,"Throughout history, tyrants have known that by denying the right of oppressed peoples to form and nurture families, they can kill the spirit of those peoples.",en_multilingual_blimp_correct_affected.test,47484.37890625,1785.2833251953125,1880.1365966796875,1697.657470703125,1616.7159423828125,1524.989013671875,1379.744873046875,1249.770751953125,1444.763671875,1816.6514892578125,1537.744873046875,1610.1495361328125,2313.052978515625
426,While Iran 's conventional army is not what it was during the heyday of the Iran-Iraq war - their armaments have deteriorated and the veterans of that last war have retired - the nation enjoys substantial military strength nonetheless.,en_multilingual_blimp_correct_affected.test,57775.5625,3487.36376953125,2031.5662841796875,1766.9593505859375,1893.388671875,1825.701171875,1683.860595703125,2245.744873046875,2266.23779296875,1916.559814453125,2524.867431640625,3155.646728515625,2902.498291015625
427,"Nato and US officials have already voiced fears that Bosnian arms - sold by US, British and Swiss firms - are being passed to insurgents.",en_multilingual_blimp_correct_affected.test,56317.34765625,6602.7177734375,5454.93896484375,4548.94384765625,3043.880126953125,3488.375,2962.139892578125,4123.36865234375,4285.392578125,4162.05419921875,4956.8173828125,5031.15625,7857.05224609375
428,"In addition, the police forces have successfully conducted a number of operations to dismantle workshops and seize large numbers of counterfeit banknotes and coins before they enter into circulation.",en_multilingual_blimp_correct_affected.test,69787.8671875,3332.877685546875,2288.973876953125,1288.1177978515625,786.1792602539062,847.0714721679688,682.1779174804688,766.5435180664062,857.9163818359375,946.4506225585938,875.6046752929688,1168.8214111328125,1397.7706298828125
429,"Ever since the first whispers about Google 's IPO, most investors have feared that the stock would come public at such a ridiculously high price that, even with a spectacularly profitable business model and some nearly flawless execution, the price would be too high for investors to make a real profit.",en_multilingual_blimp_correct_affected.test,55770.6875,2213.77099609375,1729.1070556640625,1448.293212890625,1157.6177978515625,913.4732055664062,985.6788940429688,1035.054931640625,997.22021484375,925.3204345703125,1340.7039794921875,1201.7506103515625,1988.938720703125
430,The ACIA found Arctic winter temperatures have increased 4 degrees to 7 degrees Fahrenheit in the last 50 years and should go up about twice that much in the next 100 years.,en_multilingual_blimp_correct_affected.test,72146.28125,1868.7913818359375,945.64501953125,646.2750854492188,429.2067565917969,326.35906982421875,262.926025390625,289.27764892578125,366.1581115722656,420.2824401855469,424.39532470703125,560.531005859375,654.8470458984375
431,"The consulted sources have said that it is ""100% Cospedal"".",en_multilingual_blimp_correct_affected.test,49741.04296875,4198.263671875,3355.611083984375,3890.1015625,3324.7255859375,6246.357421875,4813.498046875,4626.63330078125,6584.45068359375,5560.384765625,6761.9208984375,8983.02734375,11385.908203125
432,Several analysts have suggested Huawei is best placed to benefit from Samsung 's setback.,en_multilingual_blimp_correct_affected.test,58209.26953125,9569.279296875,6904.76953125,4182.0595703125,2249.700927734375,3199.742431640625,3423.62890625,2636.91796875,3061.175048828125,3164.168701171875,4945.1171875,4905.93212890625,6675.4853515625
433,Relief agencies are trying to help hundreds of thousands of displaced people while authorities have vowed to restore security in New Orleans following a breakdown of law and order.,en_multilingual_blimp_correct_affected.test,66406.2890625,1503.7091064453125,784.0498657226562,595.3600463867188,345.12591552734375,341.8381042480469,325.9974670410156,303.65374755859375,385.3786926269531,338.2854919433594,447.1236572265625,393.7548522949219,447.01580810546875
434,They have messed up my order and.... The food was just not good!,en_multilingual_blimp_correct_affected.test,55058.68359375,1169.7291259765625,1656.9637451171875,1335.326171875,1544.0181884765625,1446.2939453125,1483.30322265625,2066.030029296875,2288.7392578125,2497.623291015625,3051.768798828125,3829.885986328125,3555.88134765625
435,"""Other friends have flown before —",en_multilingual_blimp_correct_affected.test,55223.2265625,8688.30859375,5429.1240234375,5547.24462890625,5482.9775390625,7667.39111328125,7231.8662109375,10010.62109375,14090.8359375,8759.9521484375,14784.865234375,10748.42578125,12208.9140625
436,"By and large, most advanced economies have fulfilled this promise, with living standards rising over recent generations, despite setbacks from wars and financial crises.",en_multilingual_blimp_correct_affected.test,53184.75,6501.48046875,11304.2099609375,5903.56396484375,6408.8994140625,5630.07275390625,5464.44091796875,4908.3515625,5609.369140625,5770.37841796875,8086.1396484375,6917.806640625,13816.7392578125
437,"As a result, north of the Andaman Islands, Bangladeshi coastal areas have become a nest of terrorists involved in the shipment of drugs and arms.",en_multilingual_blimp_correct_affected.test,47912.87890625,1670.3782958984375,2142.230712890625,1804.5574951171875,1590.6092529296875,1632.9388427734375,1109.9229736328125,1424.8233642578125,1741.856201171875,1799.951171875,2169.1552734375,2142.466552734375,2632.6162109375
438,"(This is a largely Sunni Arab clan, and some Sunni observers have accused Shiite elements in the government of being behind the assassination; it is more likely the work of Sunni Arab guerrillas punishing the Batawi leaders for cooperating with the Dec. 15 elections.)",en_multilingual_blimp_correct_affected.test,61176.40234375,4433.6962890625,4509.3916015625,5032.8115234375,4336.73095703125,4106.2275390625,4506.84228515625,5103.1044921875,6902.13671875,7903.85009765625,9090.2421875,9724.48828125,11472.845703125
439,"These wolf packs have flourished, and now there are an estimated 850 wolves roaming the northern Rockies, where merely 10 years ago there were none.",en_multilingual_blimp_correct_affected.test,60737.328125,5693.201171875,6410.55615234375,4274.02978515625,4060.308837890625,2984.539306640625,2981.188232421875,3068.85107421875,3362.536865234375,2657.36767578125,4458.73876953125,4444.1650390625,7880.59326171875
440,"The events of the last few years have amplified four issues, which have always existed, but have never been as rampant as in the present upheaval in the region.",en_multilingual_blimp_correct_affected.test,62912.22265625,1592.402587890625,1638.0399169921875,980.7636108398438,752.3161010742188,585.0690307617188,494.94293212890625,482.72088623046875,415.64892578125,457.9462890625,467.3221740722656,522.6500244140625,727.192626953125
441,"""In the foreign policy field the Soviets have had an almost uninterrupted series of defeats and disappointments.",en_multilingual_blimp_correct_affected.test,63737.1484375,3203.42138671875,3545.725830078125,2379.291748046875,1857.079833984375,2217.4296875,2556.009033203125,2434.17529296875,3232.69970703125,3012.198974609375,3389.429931640625,4435.39599609375,6720.31982421875
442,Some Armenian prelates have joined us for coffee and take part in the discussion.,en_multilingual_blimp_correct_affected.test,59179.2421875,1671.6253662109375,1515.398681640625,927.9459228515625,1267.2327880859375,801.5904541015625,865.5885009765625,622.39453125,638.4619140625,677.0509033203125,1029.0264892578125,641.4008178710938,912.5376586914062
443,"If these weapons have gone missing it 's a terrifying prospect.""",en_multilingual_blimp_correct_affected.test,65062.78125,3130.901123046875,1854.7354736328125,1507.039794921875,1713.6920166015625,1361.7442626953125,1341.89501953125,1435.1947021484375,1808.66845703125,1697.14990234375,1948.3533935546875,1992.8251953125,4902.66748046875
444,"""Realism is nothing if not urban"", notes critic Peter Brooks;",en_multilingual_blimp_correct_affected.test,43885.51953125,23187.72265625,40770.7734375,30611.38671875,45027.41796875,42251.0078125,47879.125,36445.95703125,49579.78515625,45963.875,47919.87109375,30968.826171875,27358.44921875
445,How is the site doing?,en_multilingual_blimp_correct_affected.test,52598.4765625,2642.78271484375,3800.73779296875,2446.31396484375,1586.6474609375,2307.389892578125,2884.724365234375,2026.8154296875,2196.274169921875,2074.056884765625,1404.6270751953125,1872.00830078125,2972.876708984375
446,Compounding this is the well-based suspicion that Syria has perhaps the most advanced chemical weapons capability in the Persian Gulf.,en_multilingual_blimp_correct_affected.test,64525.06640625,4149.7080078125,1448.8560791015625,962.6114501953125,838.9691162109375,722.51416015625,666.0445556640625,689.5303955078125,778.5543212890625,568.5127563476562,850.7193603515625,979.083740234375,1126.02685546875
447,"""Most striking is the disappointing performance of Soviet foreign and domestic policy since the late 1950s, ""they wrote in 1972.",en_multilingual_blimp_correct_affected.test,52022.1875,4450.61181640625,2945.970458984375,2711.27490234375,2406.114501953125,1925.4488525390625,1901.24072265625,1690.750244140625,1639.1126708984375,1898.5491943359375,2412.82421875,2695.111083984375,3890.18701171875
448,on the earliest flight from san francisco to atlanta on delta is a meal being served,en_multilingual_blimp_correct_affected.test,60307.0390625,5431.0400390625,5001.38134765625,4835.6982421875,4023.896240234375,4850.18212890625,5523.92138671875,4487.99609375,7174.5205078125,6121.8271484375,10329.1796875,9200.791015625,16294.0458984375
449,Does she have any interest in meeting one-on-one or is she just looking for a public hanging?,en_multilingual_blimp_correct_affected.test,61473.03125,1549.792236328125,1203.49609375,979.2658081054688,616.2317504882812,615.2542724609375,618.7577514648438,462.32635498046875,556.94970703125,502.837158203125,514.9513549804688,668.4680786132812,775.7749633789062
450,what is fare code qo mean,en_multilingual_blimp_correct_affected.test,75181.3359375,15329.6865234375,9359.66796875,10665.7158203125,15945.7802734375,24346.17578125,24289.474609375,38735.92578125,74234.3359375,66787.1015625,79869.3125,165063.703125,170637.796875
451,Compounding this is the well-based suspicion that Syria has perhaps the most advanced chemical weapons capability in the Persian Gulf.,en_multilingual_blimp_correct_affected.test,64525.06640625,4149.71240234375,1448.8560791015625,962.6114501953125,838.9691162109375,722.51416015625,666.0452270507812,689.5303955078125,778.5551147460938,568.5127563476562,850.7193603515625,979.083740234375,1126.02685546875
452,"""Most striking is the disappointing performance of Soviet foreign and domestic policy since the late 1950s, ""they wrote in 1972.",en_multilingual_blimp_correct_affected.test,52022.1875,4450.6162109375,2945.970458984375,2711.27490234375,2406.114501953125,1925.4505615234375,1901.24169921875,1690.74853515625,1639.1126708984375,1898.5482177734375,2412.82080078125,2695.112548828125,3890.18310546875
453,what is fare code qo mean,en_multilingual_blimp_correct_affected.test,75181.3359375,15329.6865234375,9359.66796875,10665.7158203125,15945.7802734375,24346.17578125,24289.474609375,38735.92578125,74234.3359375,66787.1015625,79869.3125,165063.703125,170637.796875
454,"But getting past who should get them, is who has them, and who is really close.",en_multilingual_blimp_correct_affected.test,48319.39453125,832.9532470703125,2242.554931640625,2131.85986328125,2857.5224609375,2233.942138671875,2296.34228515625,1475.7861328125,1848.2333984375,1835.082763671875,1476.20263671875,1701.9508056640625,1841.2666015625
455,Why is it stil doing this even though I do n't have the other phone connected?,en_multilingual_blimp_correct_affected.test,50492.51171875,1657.08544921875,1003.8124389648438,715.6639404296875,992.6605224609375,1117.3701171875,1452.9517822265625,1886.349853515625,1824.60546875,1643.0582275390625,2276.962158203125,2630.880615234375,5073.048828125
456,How is it going?,en_multilingual_blimp_correct_affected.test,48518.17578125,2498.21533203125,1538.6009521484375,721.2786865234375,226.4244842529297,336.59295654296875,500.4580383300781,688.5394897460938,345.52520751953125,294.9029846191406,240.45994567871094,426.7938537597656,392.32879638671875
457,How is the site doing?,en_multilingual_blimp_correct_affected.test,52598.4765625,2642.78271484375,3800.73779296875,2446.31396484375,1586.6474609375,2307.389892578125,2884.724365234375,2026.8173828125,2196.274169921875,2074.058837890625,1404.6324462890625,1872.01025390625,2972.876708984375
458,Does she have any interest in meeting one-on-one or is she just looking for a public hanging?,en_multilingual_blimp_correct_affected.test,61473.03125,1549.7930908203125,1203.49609375,979.2662963867188,616.2308349609375,615.2537231445312,618.7586669921875,462.32611083984375,556.9505004882812,502.8376159667969,514.9520874023438,668.4680786132812,775.7749633789062
459,what is fare code y mean,en_multilingual_blimp_correct_affected.test,75955.984375,10835.1650390625,11944.1357421875,23639.537109375,35708.96875,38199.37109375,38750.0390625,54624.796875,89477.5390625,81403.59375,66943.40625,160727.234375,228432.046875
460,Why is it stil doing this even though I do n't have the other phone connected?,en_multilingual_blimp_correct_affected.test,50492.4609375,1657.0870361328125,1003.8124389648438,715.6639404296875,992.6605224609375,1117.3701171875,1452.9505615234375,1886.348876953125,1824.60546875,1643.057373046875,2276.962158203125,2630.8779296875,5073.04443359375
461,How is it going?,en_multilingual_blimp_correct_affected.test,48518.17578125,2498.21533203125,1538.6009521484375,721.2786865234375,226.4244842529297,336.59295654296875,500.4580383300781,688.5394897460938,345.52520751953125,294.9029846191406,240.45994567871094,426.7938537597656,392.32879638671875
462,"This is, after all, his business, and if he wants you to remain a customer why on earth is he doing shoddy work?",en_multilingual_blimp_correct_affected.test,47269.04296875,1582.992919921875,2700.999755859375,1722.6099853515625,1651.6131591796875,1379.311279296875,1439.4638671875,1279.5826416015625,1173.3004150390625,1483.2105712890625,1339.4298095703125,1776.4542236328125,1619.990966796875
463,"Not only is the army facing serious political fallout, growing anti-Americanism and anti-army feeling in the tribal areas but it is also taking heavy casualties -between 400-500 Pakistani soldiers have been killed in the region since March.",en_multilingual_blimp_correct_affected.test,55188.109375,3387.16796875,2372.934326171875,1793.5521240234375,1073.1873779296875,1280.9508056640625,1055.5469970703125,990.9281005859375,1051.3857421875,1212.5849609375,1225.9971923828125,1263.1580810546875,1507.48974609375
464,"This is, after all, his business, and if he wants you to remain a customer why on earth is he doing shoddy work?",en_multilingual_blimp_correct_affected.test,47269.04296875,1582.992919921875,2700.999755859375,1722.6099853515625,1651.6131591796875,1379.311279296875,1439.4638671875,1279.5826416015625,1173.3004150390625,1483.2105712890625,1339.4298095703125,1776.4542236328125,1619.990966796875
465,on the earliest flight from san francisco to atlanta on delta is a meal being served,en_multilingual_blimp_correct_affected.test,60306.9765625,5431.03466796875,5001.38134765625,4835.6982421875,4023.896240234375,4850.19189453125,5523.916015625,4487.99609375,7174.5205078125,6121.8271484375,10329.1796875,9200.791015625,16294.0458984375
466,"But getting past who should get them, is who has them, and who is really close.",en_multilingual_blimp_correct_affected.test,48319.484375,832.9532470703125,2242.554931640625,2131.85986328125,2857.52490234375,2233.942138671875,2296.34228515625,1475.7861328125,1848.2342529296875,1835.082763671875,1476.20263671875,1701.952392578125,1841.2666015625
467,"Not only is the army facing serious political fallout, growing anti-Americanism and anti-army feeling in the tribal areas but it is also taking heavy casualties -between 400-500 Pakistani soldiers have been killed in the region since March.",en_multilingual_blimp_correct_affected.test,55188.109375,3387.16796875,2372.934326171875,1793.5521240234375,1073.1873779296875,1280.9508056640625,1055.5469970703125,990.9281005859375,1051.3857421875,1212.5849609375,1225.9971923828125,1263.1580810546875,1507.48974609375
468,what is fare code y mean,en_multilingual_blimp_correct_affected.test,75955.984375,10835.1650390625,11944.1357421875,23639.537109375,35708.96875,38199.37109375,38750.0390625,54624.796875,89477.5390625,81403.59375,66943.40625,160727.234375,228432.046875
469,all right what i 'd like to do is find the cheapest one way fare from boston to denver,en_multilingual_blimp_correct_affected.test,68675.2421875,2087.010498046875,1682.1143798828125,1633.8360595703125,1216.89208984375,1564.953369140625,1439.527099609375,1650.1630859375,2394.779296875,1919.8756103515625,2321.436279296875,2787.464111328125,2901.71923828125
470,"It is never over, especially when a real solution, a real treatment for our sickness, is yet to begin.",en_multilingual_blimp_correct_affected.test,56295.70703125,1345.359130859375,3660.135986328125,2846.676513671875,4268.4130859375,3190.30615234375,4717.62890625,3738.9521484375,4041.38720703125,3872.84423828125,3884.603759765625,4918.35107421875,6635.4921875
471,"Of course, the potential of educated, empowered women to drive sustained economic growth is not limited to South Korea.",en_multilingual_blimp_correct_affected.test,55891.60546875,2360.523681640625,1797.5548095703125,921.9885864257812,767.0272216796875,679.777587890625,586.0731201171875,575.4309692382812,601.6470947265625,512.3626708984375,609.2296142578125,651.3125,689.8816528320312
472,"It is never over, especially when a real solution, a real treatment for our sickness, is yet to begin.",en_multilingual_blimp_correct_affected.test,56295.65625,1345.359130859375,3660.135986328125,2846.676513671875,4268.4130859375,3190.31201171875,4717.62451171875,3738.9521484375,4041.383056640625,3872.84423828125,3884.603759765625,4918.35595703125,6635.4921875
473,"Of course, the potential of educated, empowered women to drive sustained economic growth is not limited to South Korea.",en_multilingual_blimp_correct_affected.test,55891.60546875,2360.524658203125,1797.5548095703125,921.9880981445312,767.0272216796875,679.7769775390625,586.0731201171875,575.4306640625,601.647705078125,512.3629150390625,609.2298583984375,651.3118896484375,689.8822631835938
474,"I heard that a company (here is a link: http://news.yahoo.com/nestl-purina-releases-commercial-aimed-dogs-183443091.html ) is trying to make a dog food commercial aimed at dogs, complete with squeaky chew-toy sounds, and high pitched sounds that humans ca n't hear.",en_multilingual_blimp_correct_affected.test,67717.9765625,4924.64501953125,2887.519287109375,1972.88671875,2133.778076171875,1998.914306640625,2024.9337158203125,2408.65966796875,2826.475830078125,2380.745361328125,3174.13037109375,3391.796875,4486.8662109375
475,"I heard that a company (here is a link: http://news.yahoo.com/nestl-purina-releases-commercial-aimed-dogs-183443091.html ) is trying to make a dog food commercial aimed at dogs, complete with squeaky chew-toy sounds, and high pitched sounds that humans ca n't hear.",en_multilingual_blimp_correct_affected.test,67717.9765625,4924.64501953125,2887.519287109375,1972.88671875,2133.778076171875,1998.914306640625,2024.9337158203125,2408.65966796875,2826.475830078125,2380.745361328125,3174.13037109375,3391.796875,4486.8662109375
476,all right what i 'd like to do is find the cheapest one way fare from boston to denver,en_multilingual_blimp_correct_affected.test,68675.2421875,2087.010498046875,1682.1143798828125,1633.8360595703125,1216.89208984375,1564.953369140625,1439.5264892578125,1650.1622314453125,2394.781494140625,1919.8756103515625,2321.437255859375,2787.46533203125,2901.71923828125
477,"The investigative committee, headed by state Sen. Joe Dunn, D-Santa Ana, is focusing on a series of events last fall filled with enough Shakespearean plot twists and intrigue that it has earned a name around the Capitol: ""the palace coup.""",en_multilingual_blimp_correct_affected.test,46405.28515625,5246.478515625,5656.91796875,5586.8876953125,4538.01171875,4480.47802734375,4282.83935546875,4581.95947265625,4849.97412109375,4980.5576171875,6385.0830078125,7688.01025390625,10043.162109375
478,"My group, the Liberal group, is presently focusing its attention on non-European Union nationals.",en_multilingual_blimp_correct_affected.test,73359.6796875,7547.42529296875,14417.177734375,7927.078125,5067.93798828125,7687.8046875,8046.03857421875,14253.2900390625,12112.8994140625,17548.658203125,17798.2890625,15790.01953125,20859.33203125
479,what kind of plane is used on the earliest flight from boston to san francisco afternoon,en_multilingual_blimp_correct_affected.test,60108.140625,3060.734375,3935.9267578125,2912.9736328125,2653.857421875,3141.162353515625,2936.20556640625,2083.774658203125,4009.7763671875,5219.78857421875,7588.1953125,7059.92919921875,6955.62060546875
480,"The former Iraqi leader Saddam Hussein is refusing to enter the Baghdad courtroom, in protest at how his trial is being conducted.",en_multilingual_blimp_correct_affected.test,68259.7734375,5995.72509765625,6556.8916015625,4356.2255859375,3267.921630859375,2445.02392578125,1537.52490234375,2161.494140625,2431.404052734375,2901.535400390625,2216.774169921875,2680.166748046875,3966.475341796875
481,"The dynamics of change in the state of health of children affected by the Chernobyl accident in all three countries - Belarus, Russia, and Ukraine - in the post-accident period is characterized by persistent negative tendencies: the morbidity rate is going up, the number of really healthy children is dropping, and disability is increasing .",en_multilingual_blimp_correct_affected.test,55555.3828125,1791.692138671875,1976.6580810546875,1820.885498046875,1325.53369140625,1299.891845703125,1187.717529296875,1354.96728515625,1310.5699462890625,1685.161865234375,1961.2325439453125,1973.5859375,2932.511474609375
482,"He sits down, saying that the influence of Yasir Arafat is evidently weakening and fading.",en_multilingual_blimp_correct_affected.test,56826.80859375,5614.5283203125,4342.6572265625,3544.576416015625,3273.33642578125,3621.197265625,3770.343505859375,3952.5263671875,4562.44287109375,5249.96728515625,6240.26611328125,5031.84716796875,7222.79541015625
483,"China 's economy is exploding, hampered only by their great thirst for petroleum and natural gas to fuel their industry.",en_multilingual_blimp_correct_affected.test,60542.20703125,3922.912353515625,2649.55712890625,2167.33154296875,1620.677734375,1213.3646240234375,1185.375244140625,1193.2841796875,1614.4625244140625,1244.402099609375,1680.7618408203125,1264.048583984375,1470.1348876953125
484,My kid is making wonderful grades and has reassured me she will graduate within the four year period.,en_multilingual_blimp_correct_affected.test,72863.03125,2135.403564453125,1633.3670654296875,917.1459350585938,1212.50341796875,1123.2071533203125,607.9573974609375,674.8259887695312,863.5247192382812,1100.7493896484375,1183.4227294921875,1148.667236328125,1762.5347900390625
485,"The investigative committee, headed by state Sen. Joe Dunn, D-Santa Ana, is focusing on a series of events last fall filled with enough Shakespearean plot twists and intrigue that it has earned a name around the Capitol: ""the palace coup.""",en_multilingual_blimp_correct_affected.test,46405.28515625,5246.478515625,5656.91796875,5586.8876953125,4538.01171875,4480.47802734375,4282.83935546875,4581.95947265625,4849.97412109375,4980.5576171875,6385.0830078125,7688.01025390625,10043.162109375
486,"""Across the United States, the northern edge of species ' range is expanding,"" she said.",en_multilingual_blimp_correct_affected.test,58373.7109375,2373.561279296875,3615.517578125,2969.823486328125,3243.07470703125,3249.90478515625,3175.744384765625,3016.528076171875,3966.316162109375,5165.927734375,4834.849609375,7860.4697265625,15124.7001953125
487,"""Across the United States, the northern edge of species ' range is expanding,"" she said.",en_multilingual_blimp_correct_affected.test,58373.7109375,2373.561279296875,3615.517578125,2969.823486328125,3243.07470703125,3249.90478515625,3175.744384765625,3016.528076171875,3966.316162109375,5165.927734375,4834.849609375,7860.4697265625,15124.7001953125
488,"But a scan has shown the tumour in Ms Pugh 's right lung is growing, and she has had to leave the trial.",en_multilingual_blimp_correct_affected.test,57948.609375,1637.1700439453125,1751.6861572265625,1548.9471435546875,1644.519287109375,1488.1070556640625,1401.3001708984375,1468.1187744140625,1840.4150390625,1919.684326171875,2364.3955078125,2832.26904296875,3889.44482421875
489,"Mr President, ladies and gentlemen, the present proposal for a regulation is certainly to be welcomed.",en_multilingual_blimp_correct_affected.test,56262.00390625,2266.19775390625,3208.916259765625,2279.550048828125,1999.70068359375,1780.7601318359375,2208.850830078125,1925.4698486328125,2063.159423828125,1940.6529541015625,2226.982177734375,2685.58447265625,3250.02880859375
490,a rare form of retardation is showing up in that group more than anywhere else in the world.,en_multilingual_blimp_correct_affected.test,77668.8203125,1156.812255859375,580.8238525390625,357.1029357910156,222.44805908203125,246.18328857421875,175.99807739257812,210.7879180908203,203.28009033203125,218.68771362304688,248.61331176757812,281.06005859375,334.32171630859375
491,Increased car usage in China is creating a high demand for petrol,en_multilingual_blimp_correct_affected.test,61888.5,2691.017333984375,895.4232788085938,692.8790283203125,540.3696899414062,469.1190185546875,296.2403564453125,359.6453857421875,353.4515380859375,352.06732177734375,308.1502685546875,365.18218994140625,353.9750671386719
492,Now imagine that infinite happiness is surrounding you in every direction.,en_multilingual_blimp_correct_affected.test,50567.828125,2659.459228515625,2322.85791015625,1456.5992431640625,1392.355712890625,752.13818359375,699.7429809570312,933.388427734375,939.0983276367188,1004.0313110351562,1225.2374267578125,1075.0399169921875,1364.9818115234375
493,"Mr President, ladies and gentlemen, the present proposal for a regulation is certainly to be welcomed.",en_multilingual_blimp_correct_affected.test,56262.00390625,2266.19775390625,3208.916259765625,2279.550048828125,1999.70068359375,1780.7601318359375,2208.850830078125,1925.4698486328125,2063.159423828125,1940.6529541015625,2226.982177734375,2685.58447265625,3250.02880859375
494,Our son Stephen is looking after it tonight.,en_multilingual_blimp_correct_affected.test,61142.33984375,2194.169189453125,1879.8477783203125,1437.35546875,2270.833984375,1935.385498046875,2152.5263671875,1796.1658935546875,1691.196044921875,2868.125244140625,3824.673828125,2064.630859375,2916.80859375
495,"OBSERVATION--The pressure to finger somebody for ""price gouging"" is increasing.",en_multilingual_blimp_correct_affected.test,58274.08984375,13491.44921875,8919.0302734375,7480.19677734375,8547.126953125,7591.822265625,6721.56982421875,9162.3505859375,14265.8564453125,13424.1337890625,17476.525390625,20407.53125,27567.37109375
496,"OBSERVATION--The pressure to finger somebody for ""price gouging"" is increasing.",en_multilingual_blimp_correct_affected.test,58274.08984375,13491.44921875,8919.0302734375,7480.19677734375,8547.126953125,7591.822265625,6721.56982421875,9162.3505859375,14265.8564453125,13424.1337890625,17476.525390625,20407.53125,27567.37109375
497,"You can go further and feel that your unit consciousness, a dot in the Infinite Consciousness, is merging with Infinity.",en_multilingual_blimp_correct_affected.test,57261.3125,3319.608642578125,5000.7900390625,3251.947998046875,3393.44384765625,3339.15478515625,3421.533447265625,4438.69677734375,5210.4130859375,5662.23486328125,5626.25634765625,6670.92822265625,9886.86328125
498,"And the Raven, never flitting, still is sitting, still is sitting On the pallid bust of Pallas just above my chamber door;",en_multilingual_blimp_correct_affected.test,45460.26953125,8972.4365234375,14264.455078125,10561.5126953125,7179.11279296875,9171.0576171875,8990.697265625,12148.3330078125,14647.6103515625,12029.919921875,15449.123046875,27194.076171875,31064.48828125
499,"But a scan has shown the tumour in Ms Pugh 's right lung is growing, and she has had to leave the trial.",en_multilingual_blimp_correct_affected.test,57948.609375,1637.1700439453125,1751.6861572265625,1548.9471435546875,1644.519287109375,1488.1070556640625,1401.3001708984375,1468.1187744140625,1840.4150390625,1919.684326171875,2364.3955078125,2832.26904296875,3889.44482421875
500,"My group, the Liberal group, is presently focusing its attention on non-European Union nationals.",en_multilingual_blimp_correct_affected.test,73359.6796875,7547.42529296875,14417.19140625,7927.078125,5067.93798828125,7687.8046875,8046.03857421875,14253.3046875,12112.8994140625,17548.673828125,17798.306640625,15790.0048828125,20859.33203125
501,"The air, the very air, is thought-nourishing in Jerusalem, the Sages themselves said so.",en_multilingual_blimp_correct_affected.test,60499.953125,3376.45068359375,11867.732421875,8084.22705078125,11914.5458984375,8743.0341796875,9502.1123046875,11552.5556640625,12480.8486328125,15107.7041015625,22968.361328125,35704.8828125,47978.17578125
502,"At the same time, the number of counterfeit euro coins is continuing to increase but also remains low by historical standards.",en_multilingual_blimp_correct_affected.test,59807.0859375,2229.168701171875,2382.53173828125,1841.6705322265625,1132.27783203125,894.1991577148438,779.75732421875,999.6792602539062,1145.863037109375,1219.0537109375,973.1585693359375,1433.957275390625,1768.0086669921875
503,"Then k is strictly increasing, by the construction of ⪯.",en_multilingual_blimp_correct_affected.test,75021.1875,6112.08544921875,5146.2392578125,3873.361572265625,9096.234375,8772.6845703125,10782.9013671875,11888.2353515625,13884.1435546875,19076.322265625,30146.859375,34996.29296875,39002.85546875
504,"Bullet-proof vests, automatic weapons, helicopters, tanks, robots ... the testosterone is oozing through the streets, more prisons, longer sentences, tighten the belt, spartan conditions, task forces, gang units, gun courts.",en_multilingual_blimp_correct_affected.test,49322.2421875,11614.1083984375,61680.5078125,36997.09765625,23866.900390625,25645.05859375,25922.697265625,29058.7734375,38721.2265625,26946.369140625,64993.44921875,81730.7734375,134674.6875
505,"The air, the very air, is thought-nourishing in Jerusalem, the Sages themselves said so.",en_multilingual_blimp_correct_affected.test,60500.015625,3376.45068359375,11867.732421875,8084.22705078125,11914.5341796875,8743.04296875,9502.1201171875,11552.5556640625,12480.82421875,15107.7041015625,22968.361328125,35704.8828125,47978.17578125
506,"The worst thing that can happen for any restaurant like Zahav is to have too many people write hyperbolic reviews making claims that ""everyone"" is going to ""love"" the food, decor and service.",en_multilingual_blimp_correct_affected.test,63804.71875,2668.73779296875,2986.74609375,2609.322998046875,2923.55615234375,2614.029296875,2538.57177734375,2720.824951171875,3360.66796875,4306.04052734375,4782.1875,4882.82763671875,6666.05078125
507,This is not to say that everyone else is living pleasantly and well under a decent regime.,en_multilingual_blimp_correct_affected.test,65706.6015625,729.4089965820312,454.7104797363281,353.5483093261719,363.93060302734375,376.6358337402344,311.0572204589844,367.98248291015625,374.9696350097656,408.4802551269531,495.5838623046875,431.8972473144531,595.0824584960938
508,"But its potential for sustained growth is faltering, owing to the imminent decline of its working-age population – projected to fall by 25% by 2050 – and rising competition from China and other emerging economies.",en_multilingual_blimp_correct_affected.test,60074.38671875,3820.00439453125,3355.748779296875,2453.388427734375,1359.4903564453125,1316.8172607421875,1090.31640625,1170.3082275390625,1223.88330078125,1303.9525146484375,1778.71484375,1396.2344970703125,1925.8233642578125
509,"You can go further and feel that your unit consciousness, a dot in the Infinite Consciousness, is merging with Infinity.",en_multilingual_blimp_correct_affected.test,57261.3125,3319.608642578125,5000.7900390625,3251.947998046875,3393.44384765625,3339.15771484375,3421.533447265625,4438.69677734375,5210.4130859375,5662.23974609375,5626.26171875,6670.92822265625,9886.86328125
510,"The worst thing that can happen for any restaurant like Zahav is to have too many people write hyperbolic reviews making claims that ""everyone"" is going to ""love"" the food, decor and service.",en_multilingual_blimp_correct_affected.test,63804.71875,2668.73779296875,2986.74609375,2609.322998046875,2923.55615234375,2614.029296875,2538.57177734375,2720.824951171875,3360.66796875,4306.04052734375,4782.1875,4882.82763671875,6666.05078125
511,"Steve, I noticed that our allocation from 2000 to 2001 is going up by 21% year on year (ie) $13.9M from $11.5M.",en_multilingual_blimp_correct_affected.test,66684.703125,1584.34912109375,1312.5526123046875,1358.597412109375,1639.7880859375,1449.897705078125,1289.19921875,1557.001708984375,1782.556884765625,1756.4085693359375,3683.78369140625,2087.177734375,2972.39208984375
512,"The former Iraqi leader Saddam Hussein is refusing to enter the Baghdad courtroom, in protest at how his trial is being conducted.",en_multilingual_blimp_correct_affected.test,68259.7734375,5995.72509765625,6556.8916015625,4356.2255859375,3267.921630859375,2445.02392578125,1537.52490234375,2161.494140625,2431.404052734375,2901.535400390625,2216.774169921875,2680.166748046875,3966.475341796875
513,"He sits down, saying that the influence of Yasir Arafat is evidently weakening and fading.",en_multilingual_blimp_correct_affected.test,56826.80859375,5614.5283203125,4342.6572265625,3544.576416015625,3273.33642578125,3621.197265625,3770.343505859375,3952.5263671875,4562.44287109375,5249.96728515625,6240.26611328125,5031.84716796875,7222.79541015625
514,It looks like the war between Microsoft and Google is quickly brewing on the horizon.,en_multilingual_blimp_correct_affected.test,55983.734375,1098.322509765625,975.7545776367188,757.2583618164062,809.4371337890625,757.682373046875,563.9955444335938,601.2899780273438,808.6810302734375,647.7056884765625,612.8889770507812,477.46636962890625,780.838623046875
515,"According to news accounts, the company is struggling.",en_multilingual_blimp_correct_affected.test,55853.0859375,1828.7672119140625,5914.03955078125,4110.43603515625,2218.321044921875,5108.04638671875,3774.2685546875,5533.923828125,5106.01025390625,3556.173095703125,4778.49951171875,3366.239501953125,4211.19140625
516,Our son Stephen is looking after it tonight.,en_multilingual_blimp_correct_affected.test,61142.33984375,2194.16796875,1879.8470458984375,1437.356201171875,2270.8349609375,1935.386474609375,2152.5263671875,1796.1651611328125,1691.193603515625,2868.12646484375,3824.673828125,2064.630859375,2916.80859375
517,Hope your pre Chanukah planning is going well.,en_multilingual_blimp_correct_affected.test,60528.98828125,6586.1650390625,4603.3291015625,2949.91064453125,4679.66162109375,5494.7138671875,5663.18505859375,5821.95068359375,6573.61474609375,7147.66064453125,7732.009765625,10279.671875,14213.0712890625
518,"Glad to hear that they are all healthy and were a good size, and that Mom is doing well.",en_multilingual_blimp_correct_affected.test,50928.14453125,415.31707763671875,651.4271240234375,468.7974548339844,422.97406005859375,616.7099609375,375.666015625,399.8402099609375,434.0212097167969,583.79296875,467.65411376953125,599.0977783203125,822.3792114257812
519,"Steve, I noticed that our allocation from 2000 to 2001 is going up by 21% year on year (ie) $13.9M from $11.5M.",en_multilingual_blimp_correct_affected.test,66684.703125,1584.34912109375,1312.5526123046875,1358.597412109375,1639.7880859375,1449.897705078125,1289.19921875,1557.001708984375,1782.556884765625,1756.4085693359375,3683.78369140625,2087.177734375,2972.39208984375
520,a rare form of retardation is showing up in that group more than anywhere else in the world.,en_multilingual_blimp_correct_affected.test,77668.8203125,1156.812255859375,580.8238525390625,357.1029357910156,222.44805908203125,246.1831817626953,175.99815368652344,210.78781127929688,203.28009033203125,218.6876220703125,248.61331176757812,281.0599365234375,334.3215637207031
521,"At the same time, the number of counterfeit euro coins is continuing to increase but also remains low by historical standards.",en_multilingual_blimp_correct_affected.test,59807.0859375,2229.168701171875,2382.530517578125,1841.6705322265625,1132.27783203125,894.1982421875,779.75732421875,999.6792602539062,1145.863037109375,1219.0526123046875,973.1585693359375,1433.955322265625,1768.0096435546875
522,"The sender probably is announcing that he is of either Egyptian Islamic Jihad, Egyptian Islamic Group or Jihad-al Qaeda, which is actually the full name of the group after the merger of the Egyptian Islamic Jihad and al Qaeda.",en_multilingual_blimp_correct_affected.test,74685.8203125,3162.473388671875,2239.664306640625,1725.0535888671875,1512.741943359375,1123.0421142578125,932.5213012695312,834.490966796875,893.365966796875,908.9925537109375,1085.258544921875,998.060302734375,1285.908447265625
523,on the flight from baltimore to san francisco on us air leaving at 420 what type of aircraft is used,en_multilingual_blimp_correct_affected.test,58722.625,4356.5869140625,5635.03564453125,5060.02734375,4703.37060546875,4887.74267578125,5314.51708984375,4298.28564453125,6908.9853515625,8673.109375,13520.275390625,8571.04296875,12542.8955078125
524,"The review is also investigating inflammatory Facebook posts from September, alleged to come from police officers in the northern Ontario city.",en_multilingual_blimp_correct_affected.test,63474.921875,5053.0009765625,3585.49365234375,2229.822509765625,1207.1568603515625,1428.5118408203125,1246.666748046875,1650.91162109375,1691.564697265625,1710.658935546875,1594.7559814453125,2580.44140625,2708.39208984375
525,It looks like the war between Microsoft and Google is quickly brewing on the horizon.,en_multilingual_blimp_correct_affected.test,55983.734375,1098.322509765625,975.7545776367188,757.2583618164062,809.4371337890625,757.682373046875,563.9955444335938,601.2899780273438,808.6810302734375,647.7056884765625,612.8889770507812,477.46636962890625,780.838623046875
526,"Barb does an AMAZING JOB, she is always learning new things on how to use her hands and body, to give every person an AWESOME MASSAGE, CALL TODAY AND SCHEDULE YOU MUST SEE HER, YOU WILL FALL IN LOVE SHE IS THE BEST OF THE BEST !",en_multilingual_blimp_correct_affected.test,54728.5078125,7516.40185546875,2236.96728515625,1286.82177734375,997.2886962890625,871.3829345703125,825.0984497070312,1142.3006591796875,1503.85107421875,1505.8580322265625,1838.22607421875,2161.142822265625,3398.29833984375
527,"And the Raven, never flitting, still is sitting, still is sitting On the pallid bust of Pallas just above my chamber door;",en_multilingual_blimp_correct_affected.test,45460.26953125,8972.4365234375,14264.455078125,10561.5126953125,7179.10595703125,9171.06640625,8990.7060546875,12148.3330078125,14647.595703125,12029.9423828125,15449.123046875,27194.126953125,31064.48828125
528,"The sender probably is announcing that he is of either Egyptian Islamic Jihad, Egyptian Islamic Group or Jihad-al Qaeda, which is actually the full name of the group after the merger of the Egyptian Islamic Jihad and al Qaeda.",en_multilingual_blimp_correct_affected.test,74685.8203125,3162.473388671875,2239.664306640625,1725.0535888671875,1512.741943359375,1123.0421142578125,932.5213012695312,834.490966796875,893.365966796875,908.9925537109375,1085.258544921875,998.060302734375,1285.908447265625
529,The municipality of Jerusalem is planning to build a new road and will tear the Jordanian one up.,en_multilingual_blimp_correct_affected.test,62419.12109375,1465.521728515625,1030.40478515625,919.16162109375,646.2325439453125,641.2901000976562,589.169921875,686.8143310546875,773.92724609375,1136.44287109375,1098.1654052734375,1420.7412109375,1604.5849609375
530,what type of aircraft is used on american airline flight 315,en_multilingual_blimp_correct_affected.test,63975.19921875,3600.364501953125,2606.677978515625,2262.945068359375,1219.2344970703125,962.9673461914062,955.7103271484375,848.1178588867188,1475.6474609375,1375.85546875,872.381103515625,1117.1383056640625,946.931884765625
531,"The man told him that a war between the two universes is coming, as he and Walter had predicted; it is for this reason that Olivia, among others, was trained as a child.",en_multilingual_blimp_correct_affected.test,50093.36328125,1203.51220703125,1999.284912109375,1759.436279296875,1561.455322265625,1213.4508056640625,1254.179443359375,1644.4501953125,1970.4884033203125,2201.623779296875,2451.268310546875,3161.484130859375,2787.662109375
532,My kid is making wonderful grades and has reassured me she will graduate within the four year period.,en_multilingual_blimp_correct_affected.test,72863.03125,2135.403564453125,1633.3670654296875,917.1459350585938,1212.50341796875,1123.2071533203125,607.9573974609375,674.8259887695312,863.5247192382812,1100.7493896484375,1183.4227294921875,1148.667236328125,1762.5347900390625
533,Hope your pre Chanukah planning is going well.,en_multilingual_blimp_correct_affected.test,60528.98828125,6586.1650390625,4603.3291015625,2949.91064453125,4679.66162109375,5494.7138671875,5663.18505859375,5821.95068359375,6573.61474609375,7147.66064453125,7732.009765625,10279.671875,14213.0712890625
534,It may be a problem because the temperature is constantly changing.,en_multilingual_blimp_correct_affected.test,52147.01171875,529.6605224609375,253.97607421875,204.23826599121094,181.64010620117188,194.7128448486328,182.39044189453125,176.0692596435547,191.26824951171875,225.3116912841797,174.79283142089844,195.14590454101562,276.0165710449219
535,"As I have gone through many reviews sites to see if any provider is providing better services or not, and I have realized that there were many good reviews about Liquidweb also Steven never faced any server issues in his whole hosting.",en_multilingual_blimp_correct_affected.test,66197.0,1495.4765625,1399.5714111328125,1109.44189453125,985.2305297851562,954.319580078125,963.1344604492188,971.3278198242188,1045.7901611328125,1327.3590087890625,1411.951416015625,1716.6748046875,2546.069580078125
536,you are not just moving house - your cat is losing his territory.,en_multilingual_blimp_correct_affected.test,55043.14453125,751.06982421875,809.232666015625,888.5134887695312,846.9559936523438,1187.8251953125,1187.51708984375,1060.6630859375,1649.71142578125,1777.3328857421875,2014.7811279296875,1606.4254150390625,2117.764404296875
537,China 's insatiable demand for energy is prompting fears of financial and diplomatic collisions around the globe as it seeks reliable supplies of oil from as far away as Brazil and Sudan.,en_multilingual_blimp_correct_affected.test,54557.7421875,3335.182861328125,1481.9486083984375,1350.7890625,1237.1290283203125,1098.2962646484375,986.1066284179688,921.5750122070312,1192.12451171875,773.7128295898438,909.3737182617188,945.0692749023438,1287.083251953125
538,China 's insatiable demand for energy is prompting fears of financial and diplomatic collisions around the globe as it seeks reliable supplies of oil from as far away as Brazil and Sudan.,en_multilingual_blimp_correct_affected.test,54557.7421875,3335.182861328125,1481.9486083984375,1350.7890625,1237.1290283203125,1098.2962646484375,986.1066284179688,921.5750122070312,1192.12451171875,773.7128295898438,909.3737182617188,945.0692749023438,1287.083251953125
539,"My dad is having surgery in Ft. Worth, so I will be heading that way on Monday.",en_multilingual_blimp_correct_affected.test,62277.4296875,1242.364990234375,1058.677734375,744.20751953125,726.5306396484375,685.635986328125,689.192138671875,762.2734375,816.3031616210938,892.742919921875,1063.6102294921875,1531.4774169921875,2141.710693359375
540,"Your camera is n't acting normally, you got warranty, let Canon deal with it.",en_multilingual_blimp_correct_affected.test,63955.25390625,7190.5419921875,22267.115234375,15181.85546875,20096.56640625,19064.84375,20276.119140625,18935.107421875,17025.9921875,17923.740234375,17809.037109375,24590.748046875,25734.876953125
541,"What, for instance, is 'appropriate after-sales service'?",en_multilingual_blimp_correct_affected.test,46920.38671875,10654.818359375,39853.14453125,23801.9609375,20325.8984375,30118.23828125,38773.10546875,39144.53125,77142.265625,79980.828125,57442.3515625,68628.8984375,162563.84375
542,"But its potential for sustained growth is faltering, owing to the imminent decline of its working-age population – projected to fall by 25% by 2050 – and rising competition from China and other emerging economies.",en_multilingual_blimp_correct_affected.test,60074.38671875,3820.00439453125,3355.748779296875,2453.388427734375,1359.4903564453125,1316.8172607421875,1090.31640625,1170.3082275390625,1223.88330078125,1303.9525146484375,1778.71484375,1396.2344970703125,1925.8233642578125
543,The good news is that Park's government is working to change this.,en_multilingual_blimp_correct_affected.test,80800.765625,590.0411987304688,568.1065673828125,438.78692626953125,408.8680419921875,203.5866241455078,207.46376037597656,195.78985595703125,195.5703125,197.58456420898438,204.0201416015625,209.69239807128906,255.82208251953125
544,what type of aircraft is used for the american flight leaving at 419 pm,en_multilingual_blimp_correct_affected.test,60757.77734375,2869.110107421875,1865.8673095703125,1351.48291015625,1279.2672119140625,1459.0455322265625,1199.1763916015625,1090.3111572265625,2055.933349609375,1716.5921630859375,1550.209228515625,1998.1717529296875,1803.9423828125
545,Which wonderful contact of mine is thumbs upping all my best answers ^^?,en_multilingual_blimp_correct_affected.test,45208.1796875,7937.34326171875,8117.42333984375,5456.20263671875,7465.203125,9770.140625,6934.392578125,7471.44921875,14232.521484375,12799.1396484375,12061.798828125,13655.8466796875,12498.2373046875
546,what kind of aircraft is used on a flight from cleveland to dallas,en_multilingual_blimp_correct_affected.test,56334.64453125,1872.22900390625,1519.8709716796875,1731.89453125,1494.2662353515625,1220.2930908203125,1461.869384765625,1395.1077880859375,2562.32421875,3062.161865234375,2847.826416015625,3924.34521484375,3760.203369140625
547,"Robb says it is ""like an experimental novel in which the female protagonist is always trying to pull in extraneous realities but which the hero is determined to keep on course, whatever tricks he has to use.",en_multilingual_blimp_correct_affected.test,68443.7890625,1772.079345703125,1304.488525390625,1206.1077880859375,1124.3292236328125,841.9688720703125,706.1995849609375,704.7460327148438,693.3460083007812,777.0322265625,987.8051147460938,832.7943725585938,1196.63623046875
548,"The man told him that a war between the two universes is coming, as he and Walter had predicted; it is for this reason that Olivia, among others, was trained as a child.",en_multilingual_blimp_correct_affected.test,50093.36328125,1203.51220703125,1999.284912109375,1759.436279296875,1561.455322265625,1213.4508056640625,1254.179443359375,1644.4501953125,1970.4884033203125,2201.623779296875,2451.268310546875,3161.484130859375,2787.662109375
549,"Then k is strictly increasing, by the construction of ⪯.",en_multilingual_blimp_correct_affected.test,75021.1875,6112.08544921875,5146.244140625,3873.361572265625,9096.2265625,8772.6845703125,10782.912109375,11888.2470703125,13884.1572265625,19076.357421875,30146.859375,34996.328125,39002.85546875
550,Mrs. Wentz had the tone of voice that sounds as if the speaker is addressing noone but himself.,en_multilingual_blimp_correct_affected.test,50843.85546875,2611.1513671875,1547.1363525390625,1108.782470703125,970.3001098632812,688.3828735351562,512.00830078125,476.8240661621094,566.6163940429688,675.2093505859375,689.1766967773438,607.4482421875,766.4755249023438
551,The dispute is becoming increasingly bitter and is beginning to look like a trade war.,en_multilingual_blimp_correct_affected.test,49239.7109375,1745.957275390625,924.27978515625,619.2556762695312,450.239990234375,402.59210205078125,359.68206787109375,395.83392333984375,430.44122314453125,482.9080810546875,362.55303955078125,492.20697021484375,503.6107482910156
552,"Crosstab queries calculate a sum, average, count, or other type of total for data that is grouped by two types of information – one down the left side of the datasheet and another across the top.",en_multilingual_blimp_correct_affected.test,49744.265625,1842.56298828125,1597.7021484375,1271.059326171875,807.6817626953125,725.3028564453125,701.8609008789062,807.114990234375,831.9815063476562,842.8320922851562,963.785888671875,1034.1871337890625,1992.5999755859375
553,on continental flight 1765 from boston to san francisco what type of meal is served,en_multilingual_blimp_correct_affected.test,55776.16796875,11728.798828125,10613.06640625,11428.4873046875,7047.24169921875,7093.294921875,6802.79296875,6987.93994140625,10286.3505859375,11365.1337890625,15718.7724609375,19881.83984375,27293.21875
554,Increased car usage in China is creating a high demand for petrol,en_multilingual_blimp_correct_affected.test,61888.5625,2691.017333984375,895.4232788085938,692.8790283203125,540.3694458007812,469.1187744140625,296.2403564453125,359.64520263671875,353.4518737792969,352.06732177734375,308.1496887207031,365.18218994140625,353.9755554199219
555,"I understand the imminent cold weather is making things crazy, so now may not be the best time to be in your way.",en_multilingual_blimp_correct_affected.test,74604.09375,584.7926635742188,695.7059326171875,513.489013671875,528.2984619140625,544.1260986328125,571.9381713867188,612.2883911132812,578.759521484375,641.4320068359375,651.0684204101562,772.281982421875,875.7708740234375
556,The situation in Iraq is only going to get better this way.,en_multilingual_blimp_correct_affected.test,65157.91015625,328.9756774902344,345.6026611328125,287.64154052734375,224.81932067871094,218.20626831054688,231.64195251464844,215.1103057861328,226.09950256347656,246.4521484375,238.38113403320312,243.80992126464844,254.50816345214844
557,"I guess if you have a schtick that is a resounding success once, you ca n't help but trot it out every time your act is going sour.",en_multilingual_blimp_correct_affected.test,58634.9921875,2324.9755859375,1933.6116943359375,1075.47265625,991.3441162109375,1038.299560546875,942.1311645507812,982.0321655273438,1036.1822509765625,1353.80615234375,1449.545654296875,1581.395751953125,1971.435791015625
558,"What, for instance, is 'appropriate after-sales service'?",en_multilingual_blimp_correct_affected.test,46920.38671875,10654.818359375,39853.14453125,23801.9609375,20325.8984375,30118.23828125,38773.10546875,39144.53125,77142.265625,79980.828125,57442.3515625,68628.8984375,162563.84375
559,This is not to say that everyone else is living pleasantly and well under a decent regime.,en_multilingual_blimp_correct_affected.test,65706.6015625,729.4089965820312,454.7104797363281,353.5483093261719,363.93060302734375,376.6358337402344,311.0572204589844,367.98248291015625,374.9696350097656,408.4802551269531,495.5838623046875,431.8972473144531,595.0824584960938
560,"And of all the people who the county is getting to find a replacement...is none other than Lee Brown, the original supervisor of the Atlanta PD, who was in office during the murders and the subsequent investigation.",en_multilingual_blimp_correct_affected.test,55767.55078125,1444.405517578125,1867.4864501953125,1477.3223876953125,1176.1695556640625,1043.991943359375,1132.974609375,1450.416259765625,1435.4775390625,1564.1156005859375,1922.5653076171875,2168.183349609375,2724.8486328125
561,"Now, however, he is to go before the courts once more because the public prosecutor is appealing.",en_multilingual_blimp_correct_affected.test,57306.8203125,1595.0244140625,2405.9287109375,2029.978271484375,1793.7215576171875,1832.5513916015625,2168.46875,1824.3653564453125,2644.441650390625,2066.10498046875,2557.841552734375,1831.546630859375,2844.43212890625
562,My foot is covering approximately 300 miles of mycelium.,en_multilingual_blimp_correct_affected.test,62036.94140625,3588.27099609375,1561.27734375,1198.96142578125,1442.638671875,777.9011840820312,763.8631591796875,643.4041748046875,1093.8870849609375,1389.4036865234375,1724.07666015625,1065.1998291015625,2726.530517578125
563,This cute little stunt is only going to prove just how fanatic the extremist Muslims are.,en_multilingual_blimp_correct_affected.test,61859.52734375,3396.150390625,1920.65478515625,1363.80224609375,1511.0146484375,1088.47900390625,1189.26806640625,1182.082763671875,1521.8529052734375,1319.980712890625,1229.0379638671875,1529.14306640625,1710.0987548828125
564,If a pair is n't leaving eggs... check the following:,en_multilingual_blimp_correct_affected.test,64009.74609375,5323.98828125,5376.609375,7326.546875,14502.109375,13158.5126953125,16959.56640625,11906.2421875,16344.8603515625,14471.3818359375,24425.595703125,26655.9140625,26376.712890625
565,"My vet told me when a dog is vomiting a lot, it could be a sign of obstruction.",en_multilingual_blimp_correct_affected.test,56125.9375,956.8092651367188,1403.550537109375,841.0303955078125,815.5274047851562,747.535400390625,643.7152709960938,730.4646606445312,1002.4707641601562,964.609375,1376.7249755859375,1372.468505859375,1612.0670166015625
566,Which wonderful contact of mine is thumbs upping all my best answers ^^?,en_multilingual_blimp_correct_affected.test,45208.1796875,7937.34326171875,8117.42333984375,5456.20263671875,7465.203125,9770.140625,6934.392578125,7471.44921875,14232.521484375,12799.1396484375,12061.798828125,13655.8466796875,12498.2373046875
567,"The rapporteur is asking for a threshold of 50 to 30 ppm, which would also involve excessive cost without appreciable benefit.",en_multilingual_blimp_correct_affected.test,58876.5546875,5241.6025390625,3686.563720703125,2279.208740234375,2385.5205078125,2325.81494140625,2120.851806640625,2529.67333984375,2978.247314453125,3539.860595703125,3752.258056640625,4091.124267578125,6553.17236328125
568,"He said those things to my mother, I heard them, but to me he said, by the sun-dial, 'I 'm forty-one and the sea is dying.'",en_multilingual_blimp_correct_affected.test,58844.38671875,1168.5450439453125,2264.399169921875,2879.242431640625,2282.332275390625,2571.782470703125,2087.57470703125,2203.135009765625,2075.06591796875,2360.051025390625,2884.92236328125,4503.5166015625,4163.45947265625
569,"All of the staff at Hudson have contributed in some way to this work, as have the thousands of people with whom we have discussed these issues at meetings, seminars, and briefings at the Institute and other locations around the world. """,en_multilingual_blimp_correct_affected.test,60311.6953125,789.0128173828125,1098.298828125,984.47119140625,590.8286743164062,621.8078002929688,554.5408935546875,511.6578369140625,553.2636108398438,659.50146484375,713.927001953125,795.1688842773438,1359.124267578125
570,"She added that recent visits to the island by India 's top military brass including army chief General Nirmal Chander Vij have ""caused apprehension among Tamils that preparations are under way for another war in the island"".",en_multilingual_blimp_correct_affected.test,53616.453125,5806.99609375,3281.2939453125,2992.882080078125,2711.88134765625,3499.444091796875,3369.930419921875,3743.59033203125,4820.646484375,7114.78515625,6919.33154296875,7298.45703125,9027.263671875
571,Two vaunted economists - one a Nobel Prize winner and the other a nationally renowned budget expert - have analyzed the data at hand and put a price tag on the Iraq occupation.,en_multilingual_blimp_correct_affected.test,58978.2109375,3228.90673828125,1645.044677734375,1110.822998046875,902.6324462890625,778.5687866210938,648.8921508789062,694.9602661132812,740.9354248046875,771.5204467773438,748.6844482421875,811.1870727539062,1150.7412109375
572,"The overwhelming human and financial impacts of Hurricane Katrina are powerful evidence that political and economic decisions made in the United States and other countries have failed to account for our dependence on a healthy resource base, according to an assessment released today by the Worldwatch Institute.",en_multilingual_blimp_correct_affected.test,58705.265625,1983.1534423828125,1086.3033447265625,865.9125366210938,593.4528198242188,567.6159057617188,514.3204345703125,532.4130249023438,531.983642578125,523.7449951171875,448.623291015625,544.8447265625,656.37109375
573,Soldiers with vital training and know-how are refusing to re-enlist.,en_multilingual_blimp_correct_affected.test,57707.5546875,2345.36376953125,1492.2882080078125,1857.89111328125,1483.728271484375,2448.1845703125,2369.067626953125,2219.657470703125,1810.5640869140625,3240.660400390625,4367.123046875,3128.13720703125,4959.90966796875
574,"Al-Abbudi stated that ""His Emminence"" decided to openly support the list because ""others"" (obviously a reference to Allawi) have been abusing official state positions and media outlets in their campaigning.",en_multilingual_blimp_correct_affected.test,57241.4921875,6993.9140625,8443.69921875,8573.029296875,8839.8544921875,8224.8203125,7442.2919921875,7816.02294921875,9243.20703125,9231.8515625,11649.0390625,10136.1318359375,17163.833984375
575,Two decades of pickling his nervous system in various highly toxic substances have left Bush damaged goods.,en_multilingual_blimp_correct_affected.test,67338.28125,12796.1376953125,3985.03857421875,2097.551025390625,1923.355712890625,2294.16748046875,2173.455322265625,2003.5557861328125,2764.681640625,3036.588134765625,2995.780517578125,3798.523681640625,4793.634765625
576,While Iran 's conventional army is not what it was during the heyday of the Iran-Iraq war - their armaments have deteriorated and the veterans of that last war have retired - the nation enjoys substantial military strength nonetheless.,en_multilingual_blimp_correct_affected.test,57775.5625,3487.3671875,2031.5662841796875,1766.9593505859375,1893.388671875,1825.701171875,1683.8623046875,2245.744873046875,2266.23779296875,1916.55712890625,2524.867431640625,3155.646728515625,2902.495849609375
577,"The last three years of the Iraq occupation, however, have sapped this confidence.",en_multilingual_blimp_correct_affected.test,63437.82421875,5278.1103515625,8726.5654296875,4464.0615234375,3905.61376953125,3276.828125,3334.35595703125,3352.0927734375,2614.6474609375,3836.07470703125,3661.668701171875,3281.068603515625,5005.1796875
578,"While most U.S. secretaries of state -- save perhaps Dean Rusk -- have gobbled up credit for outcomes that they had little to do with, few have been as brazen as Colin Powell.",en_multilingual_blimp_correct_affected.test,61770.453125,3699.2529296875,2405.491455078125,2008.8037109375,1679.6529541015625,1326.41259765625,1385.6510009765625,1350.3201904296875,1862.641357421875,1611.20947265625,2196.576904296875,2155.947021484375,2950.433837890625
579,"One has to wonder whether the bright fellows in our government and military who set up the deals with these people do n't know what they are, do n't care, or know perfectly well.",en_multilingual_blimp_correct_affected.test,57490.02734375,1164.6722412109375,960.0421752929688,810.1843872070312,806.6890869140625,1186.922607421875,1271.4466552734375,1212.2999267578125,1179.6451416015625,1114.64697265625,1342.7257080078125,1294.4178466796875,1587.1976318359375
580,"Due to business reasons, previously scheduled interviewers from the Penn team have had to cancel their participation.",en_multilingual_blimp_correct_affected.test,56093.88671875,2941.212158203125,2213.19580078125,2106.146240234375,1502.88330078125,1489.81103515625,1266.399169921875,981.719482421875,1128.3062744140625,1197.3804931640625,1343.9068603515625,1058.0489501953125,2123.62158203125
581,"Armed militias, many staffed by former Iraqi military men with substantial training and experience, have proliferated.",en_multilingual_blimp_correct_affected.test,46219.7890625,10357.8759765625,11640.2431640625,6190.55859375,4231.8125,4658.46240234375,5702.455078125,5584.72509765625,5795.19482421875,5673.1748046875,7144.69580078125,10291.7080078125,13556.310546875
582,"Again, decades of this sort of behavior do not leave a person untouched.",en_multilingual_blimp_correct_affected.test,50478.01953125,713.9637451171875,1129.0699462890625,995.34033203125,1077.834228515625,757.1771240234375,891.1560668945312,1000.7308349609375,1173.4122314453125,1477.489990234375,1188.796875,1178.1319580078125,1749.9505615234375
583,"A recent report by a journalist from Port Blair, in the Andamans, quoted an unnamed official saying that foreigners from Myanmar, Bangladesh and Sri Lanka have permanently settled in the islands, using fake Indian ration cards, while citizens of Thailand, China, Indonesia and Malaysia have migrated temporarily to plunder the natural resources and leave.",en_multilingual_blimp_correct_affected.test,51928.65234375,5929.68896484375,7860.27490234375,7114.0517578125,5187.5166015625,4246.3740234375,4203.0546875,4287.00732421875,5133.72021484375,4412.04541015625,7739.017578125,6133.7666015625,9807.4541015625
584,"Two top Iraqi scientists, code named Charlie and Alpha, are helping the coalition to learn more about Iraqi 's anthrax program, according to Dr. David Kay, head of the Iraq survey group in charge of the hunt for WMD.",en_multilingual_blimp_correct_affected.test,59196.3984375,2952.913818359375,3097.802734375,3010.711181640625,1665.0416259765625,1715.0277099609375,1601.06005859375,1718.5953369140625,1898.2178955078125,1758.0751953125,2085.732177734375,3174.10302734375,4675.5712890625
585,"A recent report by a journalist from Port Blair, in the Andamans, quoted an unnamed official saying that foreigners from Myanmar, Bangladesh and Sri Lanka have permanently settled in the islands, using fake Indian ration cards, while citizens of Thailand, China, Indonesia and Malaysia have migrated temporarily to plunder the natural resources and leave.",en_multilingual_blimp_correct_affected.test,51928.65234375,5929.68896484375,7860.27490234375,7114.0517578125,5187.5166015625,4246.3740234375,4203.0546875,4287.00732421875,5133.72021484375,4412.04541015625,7739.017578125,6133.7666015625,9807.4541015625
586,"Some reporters (you know, the ones with journalistic ethics) have actually uncovered the truth about George Bush 's service in the Texas Air National Guard.",en_multilingual_blimp_correct_affected.test,61512.91015625,5312.55615234375,2751.60986328125,1984.9991455078125,1739.5859375,1835.7025146484375,1962.0809326171875,2294.7529296875,2468.814697265625,2408.55029296875,3515.221923828125,4197.03857421875,5307.7451171875
587,"If sites next to you do n't have what you want, contact your nearest comp.sources.unix archive, or the moderator.",en_multilingual_blimp_correct_affected.test,66090.2734375,2770.810546875,3786.99951171875,2580.355224609375,2099.881591796875,3412.060791015625,4159.828125,3239.390380859375,4901.8212890625,4135.02099609375,5074.60205078125,4414.9326171875,10759.9541015625
588,"Further to my voicemail, our colleagues in credit are calculating the reserve on the PSE swap.",en_multilingual_blimp_correct_affected.test,52988.11328125,2437.97265625,3788.061767578125,3706.82080078125,2912.202880859375,3075.243408203125,3034.639892578125,3644.708740234375,3622.29248046875,5272.154296875,7434.0849609375,6880.822265625,7706.82470703125
589,do babies this small hibernate?,en_multilingual_blimp_correct_affected.test,57834.3828125,16944.7421875,19496.658203125,20095.93359375,36061.52734375,43370.22265625,62185.19921875,57501.8203125,106401.9140625,81462.84375,170603.796875,126853.6875,176266.109375
590,"Since lots of people are still living there, then it must be fine to visit.",en_multilingual_blimp_correct_affected.test,52522.9375,550.532958984375,640.8284912109375,469.58477783203125,442.6828308105469,421.8935852050781,437.915283203125,380.8974609375,405.36810302734375,468.0231018066406,476.24603271484375,544.4315795898438,690.5457763671875
591,"After every world war, the rules of international law have changed, and the same will happen after the present one.",en_multilingual_blimp_correct_affected.test,66603.7265625,607.2550659179688,1704.748779296875,984.0853271484375,1176.134765625,1180.6434326171875,1216.89501953125,1388.16796875,1155.886962890625,999.428955078125,1082.392333984375,1469.4508056640625,2342.61962890625
592,But the four planeloads of arms have vanished.,en_multilingual_blimp_correct_affected.test,86098.6328125,5227.4853515625,5105.06591796875,3602.091796875,5014.1806640625,4459.330078125,4899.76953125,6262.44970703125,5429.5068359375,4565.3193359375,7328.685546875,5463.8212890625,5103.86328125
593,"The events of the last few years have amplified four issues, which have always existed, but have never been as rampant as in the present upheaval in the region.",en_multilingual_blimp_correct_affected.test,62912.22265625,1592.402587890625,1638.0399169921875,980.7636108398438,752.3161010742188,585.0690307617188,494.94293212890625,482.72088623046875,415.64892578125,457.9462890625,467.3221740722656,522.6500244140625,727.192626953125
594,"I do n't believe that we are quite at the point that we can say that all business controllers worldwide have reviewed, understand and have implemented these standards.",en_multilingual_blimp_correct_affected.test,62057.8828125,1008.8399047851562,840.3308715820312,626.2566528320312,671.6500854492188,803.7066040039062,696.3063354492188,691.0379638671875,869.2096557617188,1141.030029296875,1325.4818115234375,1201.5447998046875,1446.490478515625
595,"At this point, our IT contacts are backpedalling a bit and suggesting they can overcome the TIBCO and Terminal Server problems.",en_multilingual_blimp_correct_affected.test,43873.296875,3778.183349609375,3940.907470703125,2516.414306640625,2506.091064453125,2567.185546875,2606.705322265625,2995.317626953125,2569.9794921875,3344.145263671875,4646.6865234375,3712.467041015625,4172.55859375
596,"Emergency teams in the southern US are battling to reach survivors of Hurricane Katrina, the most destructive storm to hit the country in decades.",en_multilingual_blimp_correct_affected.test,73252.296875,2308.53662109375,2123.012939453125,2017.4288330078125,1724.71728515625,1523.9981689453125,1316.58056640625,1194.9410400390625,1769.16748046875,1615.2525634765625,2085.500244140625,2838.706298828125,2764.86083984375
597,Some localized extinctions already have occurred across some of its habitat.,en_multilingual_blimp_correct_affected.test,80290.1875,5219.564453125,3637.53125,2261.201171875,1628.8931884765625,1327.871826171875,1018.956787109375,1604.3692626953125,1810.5718994140625,1701.5457763671875,2913.388916015625,2671.3642578125,3105.724365234375
598,Web giant Google is resisting an attempt by the US to force it to reveal what users are searching for.,en_multilingual_blimp_correct_affected.test,65413.93359375,1760.0831298828125,1017.2755737304688,787.8109130859375,804.1055908203125,528.1135864257812,605.2297973632812,673.55419921875,790.8151245117188,803.1368408203125,993.5801391601562,870.0613403320312,1275.0201416015625
599,"""The impacts of global warming are affecting people now in the Arctic,"" said ACIA chair Robert Corell.",en_multilingual_blimp_correct_affected.test,58461.453125,6054.03857421875,7103.03564453125,4429.57958984375,4689.94677734375,3400.41845703125,3349.149658203125,3374.326416015625,3802.01025390625,4173.6806640625,3289.32421875,3125.6591796875,6698.5771484375
600,The AR/AP SAP data quality reviews for both businesses are continuing so as to provide a detailed analysis as at end Q1.,en_multilingual_blimp_correct_affected.test,55005.94140625,3103.8974609375,1784.1683349609375,1101.8311767578125,1424.7445068359375,1328.6065673828125,1054.9622802734375,1281.5469970703125,1191.63232421875,1291.563232421875,1257.1810302734375,1352.6807861328125,1491.3712158203125
601,"Like the tens of billions of dollars that have been ""lost"" in Iraq, planeloads of arms do n't just ""vanish""; not when the Pentagon contracts the work to an international criminal of Bout 's untouchable stature.",en_multilingual_blimp_correct_affected.test,59159.265625,4038.412841796875,3268.01513671875,2853.8837890625,2851.601318359375,2701.203369140625,2577.36474609375,2728.044189453125,3301.637451171875,3820.295654296875,3944.343994140625,4850.1962890625,5854.8515625
602,"My parents do not like me, They constantly reassure me that they will throw me out of home when I turn 18.",en_multilingual_blimp_correct_affected.test,67496.6328125,597.3528442382812,460.34912109375,321.7548522949219,319.70001220703125,307.5511779785156,232.77288818359375,215.82508850097656,238.59356689453125,263.96453857421875,290.95611572265625,427.4849548339844,371.24810791015625
603,All the guys at work are saying I should n't bother having it fixed I should just buy a new one.,en_multilingual_blimp_correct_affected.test,49437.4296875,777.0196533203125,644.0640869140625,621.2633666992188,406.8529968261719,326.81207275390625,313.2252197265625,314.35760498046875,312.94439697265625,388.0382385253906,455.399169921875,548.7274780273438,617.147705078125
604,"The excellent windows have performed without any problems, but that 's not why I 'm writing my review.",en_multilingual_blimp_correct_affected.test,46057.81640625,2360.596923828125,1942.4259033203125,1960.382568359375,1785.444091796875,1244.057373046875,1197.0609130859375,1365.302734375,1315.2760009765625,1736.2073974609375,1982.686279296875,2736.889892578125,3193.980224609375
605,Several related issues have resulted in an increase in the level of operating risk for the Merchanting Metals business.,en_multilingual_blimp_correct_affected.test,50509.9921875,2413.236083984375,1160.6162109375,617.119140625,480.15411376953125,437.29931640625,414.3337707519531,507.0775451660156,509.5614929199219,406.973876953125,482.257080078125,379.9873046875,511.74420166015625
606,"(This is a largely Sunni Arab clan, and some Sunni observers have accused Shiite elements in the government of being behind the assassination; it is more likely the work of Sunni Arab guerrillas punishing the Batawi leaders for cooperating with the Dec. 15 elections.)",en_multilingual_blimp_correct_affected.test,61176.40234375,4433.6962890625,4509.3916015625,5032.8115234375,4336.73095703125,4106.2275390625,4506.84228515625,5103.1044921875,6902.13671875,7903.85009765625,9090.2421875,9724.48828125,11472.845703125
607,"Thousands of people are already looking into your background, not just in Wichita, but from all over the U.S.",en_multilingual_blimp_correct_affected.test,64749.7578125,594.8072509765625,561.0465698242188,380.1453552246094,321.60052490234375,326.1764221191406,310.3821716308594,330.7767028808594,309.9664306640625,376.4415588378906,370.3061218261719,386.5936279296875,550.976806640625
608,"Walls keeping water out of the bowl-shaped city have been breached, and emergency teams are using helicopters to drop 1,350kg (3,000lb) sandbags and concrete barriers into the gaps.",en_multilingual_blimp_correct_affected.test,63826.5078125,3833.660888671875,2413.3271484375,2131.4443359375,1644.081787109375,1668.1265869140625,1344.2401123046875,1266.1702880859375,1295.905517578125,1360.6019287109375,1338.219482421875,1993.7642822265625,2522.526611328125
609,"Your cycle of learning through the school of hard knocks has come to an end, Gemini, and now you 're going to start reaping the rewards these ""lessons"" have left in their wake.",en_multilingual_blimp_correct_affected.test,55633.69140625,1657.471923828125,1756.2879638671875,2149.751708984375,2012.431640625,1533.926513671875,1356.285400390625,1456.8021240234375,1879.0986328125,1798.846923828125,2646.71728515625,2565.9677734375,3347.90087890625
610,"Nato and US officials have already voiced fears that Bosnian arms - sold by US, British and Swiss firms - are being passed to insurgents.",en_multilingual_blimp_correct_affected.test,56317.34765625,6602.7109375,5454.93896484375,4548.94384765625,3043.880126953125,3488.37841796875,2962.14111328125,4123.36865234375,4285.39697265625,4162.05810546875,4956.8173828125,5031.1513671875,7857.06005859375
611,"The Superdome stadium is without power, and toilets are overflowing.",en_multilingual_blimp_correct_affected.test,55881.4296875,8943.2880859375,18218.57421875,9583.9921875,8204.7255859375,7246.39892578125,6426.18896484375,6462.23974609375,7584.8671875,6579.0087890625,18365.0,15941.978515625,17168.89453125
612,She basically said if the children getting off the bus are n't paying to enter her building she was going to let them wander around the streets.,en_multilingual_blimp_correct_affected.test,64437.25390625,711.3783569335938,635.25244140625,660.3076782226562,588.4949340820312,485.54095458984375,514.5758056640625,460.85736083984375,553.2269287109375,503.933837890625,685.5653686523438,663.7874755859375,703.1495361328125
613,"Yep, the females are just getting to him... dads..",en_multilingual_blimp_correct_affected.test,57781.23828125,5106.93115234375,11443.9638671875,6108.68798828125,8128.5869140625,11225.486328125,11581.998046875,16023.724609375,19205.265625,19243.236328125,19093.15625,29298.0,42394.69140625
614,"The neighbours are still interfering, but there are signs that rather than undermining Afghanistan ’s stability they may now be trying to strengthen it.",en_multilingual_blimp_correct_affected.test,64219.34375,2821.61865234375,2387.25341796875,1681.6837158203125,1365.3958740234375,1571.2581787109375,1227.6304931640625,1165.4166259765625,1742.2340087890625,2198.629638671875,1999.630126953125,2128.11328125,3335.901611328125
615,my lhasa apso hind legs are not working?,en_multilingual_blimp_correct_affected.test,66141.03125,23756.71875,11660.287109375,6057.37646484375,8049.169921875,7757.97216796875,8401.2734375,5985.63525390625,7242.46044921875,8740.6259765625,8215.419921875,6332.83251953125,5107.1162109375
616,Bumrungrad Hospital does some good work but all hospitals do have their problems from time to time.,en_multilingual_blimp_correct_affected.test,61150.4453125,1915.2388916015625,1261.44384765625,1341.452880859375,1679.449462890625,1348.3037109375,949.7495727539062,1113.5467529296875,1273.34375,1185.43115234375,1043.0162353515625,905.8486328125,2125.502685546875
617,"And international donors have given only half of the relief aid that Darfur needs, according to the local UN officials.",en_multilingual_blimp_correct_affected.test,60297.71875,2340.576416015625,3889.24853515625,2541.006103515625,2098.987548828125,2206.506591796875,2060.74560546875,2855.49853515625,2992.182861328125,3223.47314453125,2795.065185546875,3457.20361328125,3618.018310546875
618,"if the computer is completely shut off, the USB ports are n't getting power, so they wo n't charge your phone",en_multilingual_blimp_correct_affected.test,49512.6875,3736.670654296875,4000.09765625,2811.79638671875,3872.057861328125,3147.369384765625,4961.9775390625,4905.77783203125,4948.1552734375,4170.6171875,4954.68115234375,5866.0576171875,9163.6435546875
619,"Increasingly, analysts are saying that China 's efforts have gone beyond what is safe or even in its own interests.",en_multilingual_blimp_correct_affected.test,60949.6953125,1477.2188720703125,845.4940185546875,662.508056640625,776.8936157226562,741.4641723632812,673.7835693359375,624.9539184570312,637.4376831054688,821.0701293945312,1018.9441528320312,906.5330810546875,1109.571533203125
620,Watch out the poles are coming.....my little butterfly,en_multilingual_blimp_correct_affected.test,57946.28515625,5335.11962890625,9106.841796875,5607.21923828125,7512.25244140625,11011.537109375,8343.6962890625,6020.7705078125,12505.009765625,13299.0537109375,13612.677734375,11821.2275390625,24085.126953125
621,"For example, students must trust that teachers have made appropriate decisions about the structure and content of the courses they teach, and teachers must trust that the assignments that students turn in are their own.",en_multilingual_blimp_correct_affected.test,58089.65234375,1130.2987060546875,1127.6318359375,822.4827880859375,721.3309936523438,704.3405151367188,709.6328735351562,581.2449951171875,522.7008666992188,869.7938232421875,808.4700927734375,746.5675659179688,1122.7225341796875
622,"As a result, north of the Andaman Islands, Bangladeshi coastal areas have become a nest of terrorists involved in the shipment of drugs and arms.",en_multilingual_blimp_correct_affected.test,47912.87890625,1670.379150390625,2142.230712890625,1804.556640625,1590.6092529296875,1632.9388427734375,1109.92236328125,1424.8233642578125,1741.856201171875,1799.950439453125,2169.154541015625,2142.465576171875,2632.612548828125
623,"Although the apartments are facing Stokes Street and close to the Bascom Light Rail, the location is surprisingly quiet.",en_multilingual_blimp_correct_affected.test,60375.57421875,3883.363037109375,4211.41650390625,4654.62548828125,3888.043212890625,4205.59716796875,4184.55712890625,4764.8974609375,5912.33056640625,7882.05908203125,8679.232421875,8324.4296875,13705.1767578125
624,"If you were of integrity, the program will continue and the money that so many others have received will come your way.",en_multilingual_blimp_correct_affected.test,67767.265625,582.4494018554688,772.7626342773438,540.4555053710938,547.5591430664062,576.2404174804688,615.5609741210938,542.5867919921875,518.021728515625,623.9039916992188,685.6591796875,821.092041015625,952.8267822265625
625,"While they are extremely accurate, laser sights do not operate well when drunk or high because the beam often does not show up on the target.",en_multilingual_blimp_correct_affected.test,49468.41796875,1467.6988525390625,1373.79296875,920.1184692382812,999.1426391601562,1160.3577880859375,1155.0352783203125,848.8003540039062,902.27490234375,992.84228515625,949.4326171875,1045.4854736328125,1230.938720703125
626,"Mosques are calling for donating blood, food, and medicine for Fallujah, and several convoys have already headed out for Fallujah, most of them returned later though.",en_multilingual_blimp_correct_affected.test,48311.8828125,6120.41455078125,9768.56640625,7809.8310546875,6922.2685546875,5591.8505859375,5388.31298828125,5762.10205078125,6740.6416015625,6522.37158203125,8238.345703125,7849.48046875,12195.9384765625
627,4) If they are not going up by now you just got ta keep trying and keep trying.,en_multilingual_blimp_correct_affected.test,50833.13671875,904.97265625,722.0181884765625,486.8255310058594,608.8854370117188,556.3516845703125,577.1707153320312,570.9368286132812,651.279296875,583.2704467773438,731.0699462890625,817.20556640625,1406.7928466796875
628,Shortages are already leading to power cuts in the big cities.,en_multilingual_blimp_correct_affected.test,77541.6640625,1604.817626953125,1184.78466796875,837.7806396484375,657.8992309570312,931.2176513671875,598.6360473632812,636.734130859375,787.6760864257812,731.733642578125,1169.9947509765625,939.092041015625,959.4042358398438
629,The wires have been humming since before the New Year with reports that the Bush administration is planning an attack on Iran.,en_multilingual_blimp_correct_affected.test,59752.2421875,2098.498291015625,845.3964233398438,599.3560791015625,501.4522399902344,469.146728515625,421.0625305175781,503.010009765625,470.7480773925781,525.5324096679688,638.7073974609375,667.0781860351562,683.4483642578125
630,"As a parent, I can well imagine how painful it must be for those families whose children are succumbing to radiation poisoning.",en_multilingual_blimp_correct_affected.test,58216.43359375,1932.6217041015625,1499.5111083984375,937.5349731445312,615.15869140625,470.63427734375,373.5469665527344,375.8254699707031,395.232666015625,424.7327880859375,423.6355285644531,457.099609375,444.4309387207031
631,Small polygamous groups have existed in the southwestern US under the watchful yet fairly benign eye of authorities ever since a sect known as the Fundamentalist Latter Day Saints (FLDS) separated itself from mainstream Mormonism in 1890.,en_multilingual_blimp_correct_affected.test,63709.07421875,8503.263671875,3459.97412109375,2212.166015625,2424.780029296875,2107.6640625,2060.277099609375,1980.860595703125,2446.528564453125,2233.0517578125,3247.838134765625,3629.689208984375,4019.163330078125
632,"Right now, while we 're sitting at our computers enjoying the internet, those innocent, beautiful, loving cats, are dying, somewhere in this troubled world a slow, agonizing death.",en_multilingual_blimp_correct_affected.test,50789.72265625,4914.77783203125,14499.771484375,12861.00390625,9000.6318359375,10991.2353515625,10260.2216796875,10882.1796875,10893.5908203125,10559.4482421875,13170.087890625,16784.80859375,23166.259765625
633,"As the survey cited in the above-linked article shows, most Google users do n't intend to use Gmail, and Google is n't even as popular as Yahoo! and AOL.",en_multilingual_blimp_correct_affected.test,56217.21875,3987.3310546875,3153.904541015625,2896.078125,1949.829345703125,1917.6925048828125,2196.231201171875,2146.068603515625,2035.167236328125,2248.352783203125,2571.91015625,2902.8916015625,3749.95068359375
634,But supporters are pointing a few good things out:,en_multilingual_blimp_correct_affected.test,46262.65234375,1823.5059814453125,1808.9962158203125,2622.150146484375,3434.83642578125,3764.59130859375,3582.17138671875,4428.3212890625,6702.85888671875,7733.55859375,6410.23828125,8471.1552734375,7906.5869140625
635,"When you discussed it, i was trying to think back to our remedies and discussions but the 3 years have made it difficult.",en_multilingual_blimp_correct_affected.test,47502.44921875,775.2745971679688,666.5751342773438,580.2494506835938,599.3864135742188,638.1590576171875,734.3566284179688,600.2532958984375,855.6162719726562,866.4486083984375,967.38232421875,981.3806762695312,1642.853759765625
636,Investors are asking what Edison intends for QFs and generators--asking about haircuts in particular--and Edison is side-stepping the questions.,en_multilingual_blimp_correct_affected.test,58719.43359375,8076.66748046875,8641.93359375,6216.3408203125,6670.76318359375,6595.5302734375,5734.0625,5860.15869140625,7458.69873046875,8233.0048828125,7709.86767578125,9193.8876953125,19404.9296875
637,"the bird must know that when you open the cage door it means that you will put him in the cage, and birds do n't usually like cages.",en_multilingual_blimp_correct_affected.test,66497.796875,900.9910888671875,1047.050537109375,1093.263427734375,886.0714111328125,827.3453369140625,827.5804443359375,883.2072143554688,1146.8687744140625,1059.2518310546875,1286.689208984375,1600.1893310546875,2082.530029296875
638,"People do not go to Ireland on holiday for the weather, it is unpredictable.",en_multilingual_blimp_correct_affected.test,59047.43359375,709.516845703125,1383.13330078125,1893.7462158203125,1012.0401000976562,1123.833984375,1353.4794921875,1533.4678955078125,1834.4598388671875,2531.768310546875,1678.312744140625,1788.7769775390625,2294.3173828125
639,Cell phones do NOT work on board but they give you a 'walkie-talkie' kind of phone in your room that WILL work onboard.,en_multilingual_blimp_correct_affected.test,61775.28125,2985.177001953125,2088.99072265625,1450.9197998046875,1098.467529296875,1089.1700439453125,1285.1219482421875,1163.9954833984375,1616.2186279296875,1962.974609375,2187.1787109375,1967.302734375,2273.24658203125
640,these are short term transactions and requiring this documentation will cause us to lose business because competitive alternatives do not have such burdensome requirements.,en_multilingual_blimp_correct_affected.test,59758.28515625,3413.398681640625,1890.683837890625,988.374755859375,928.9345092773438,1129.4178466796875,870.1920776367188,1123.6240234375,1145.5609130859375,1753.63525390625,1519.97021484375,1750.468017578125,1729.68017578125
641,"While some looters are stealing non-essential goods, others are simply trying to find food and water.",en_multilingual_blimp_correct_affected.test,65334.25,2385.112060546875,1866.2276611328125,1001.9388427734375,726.3436279296875,650.3799438476562,615.4998779296875,816.0728149414062,1046.916748046875,1034.2694091796875,1268.3856201171875,1078.058349609375,1860.2890625
642,The credit guys are currently assuming that there is no correlation and may consequently be double dipping the credit reserve on this basis too.,en_multilingual_blimp_correct_affected.test,59230.79296875,3326.0224609375,2242.43310546875,1829.1221923828125,1500.0609130859375,1073.6766357421875,1076.67431640625,1172.6158447265625,1314.2615966796875,1425.701416015625,1808.6812744140625,1872.9227294921875,2774.216064453125
643,"""When dandelions have set the mark of May on Wisconsin pastures, it is time to listen for the final proof of spring,"" wrote Aldo Leopold in ""A Sand County Almanac.""",en_multilingual_blimp_correct_affected.test,56950.61328125,3638.2978515625,3910.8095703125,4629.09619140625,5789.42822265625,4941.5673828125,4469.267578125,4247.75927734375,5032.12060546875,5523.60546875,7435.16259765625,6684.17431640625,7697.62841796875
644,"Our Lecture Slides have greatly benefited from the previous classes taught by Dr. William Schroeder and Dr. Luis Ibanez at RPI,",en_multilingual_blimp_correct_affected.test,58294.3203125,7881.52490234375,2878.709716796875,1487.877197265625,1302.5660400390625,1320.0877685546875,1159.2406005859375,1455.03662109375,1320.3438720703125,1480.9927978515625,3115.37451171875,2309.033935546875,2596.974853515625
645,"Not only are these people completely inefficient and ineffective, but they just do n't give a darn.",en_multilingual_blimp_correct_affected.test,52995.64453125,1641.31982421875,1784.9674072265625,1839.636962890625,1709.081298828125,1900.953369140625,2019.9930419921875,1874.430908203125,2304.376953125,2425.68212890625,2180.628662109375,2243.465087890625,2945.05322265625
646,While Iran 's conventional army is not what it was during the heyday of the Iran-Iraq war - their armaments have deteriorated and the veterans of that last war have retired - the nation enjoys substantial military strength nonetheless.,en_multilingual_blimp_correct_affected.test,57775.5625,3487.3671875,2031.5662841796875,1766.9593505859375,1893.388671875,1825.701171875,1683.8623046875,2245.744873046875,2266.23779296875,1916.55712890625,2524.867431640625,3155.646728515625,2902.495849609375
647,They are invoicing for this and I do n't have an invoice for it.,en_multilingual_blimp_correct_affected.test,54900.703125,1208.3707275390625,918.1085815429688,730.1912841796875,758.5608520507812,682.2403564453125,756.7767944335938,641.5996704101562,708.2732543945312,632.7706909179688,478.28924560546875,679.7594604492188,544.644775390625
648,They do n't show it on RTE Player,en_multilingual_blimp_correct_affected.test,54660.8046875,3284.73779296875,2232.843017578125,1757.9141845703125,1741.0150146484375,2363.962646484375,2873.8818359375,3226.14892578125,3931.818603515625,6240.10546875,5392.2763671875,6489.828125,6976.16064453125
649,"Ever since the first whispers about Google 's IPO, most investors have feared that the stock would come public at such a ridiculously high price that, even with a spectacularly profitable business model and some nearly flawless execution, the price would be too high for investors to make a real profit.",en_multilingual_blimp_correct_affected.test,55770.6875,2213.77099609375,1729.1070556640625,1448.293212890625,1157.6177978515625,913.4732055664062,985.6788940429688,1035.054931640625,997.22021484375,925.3204345703125,1340.7039794921875,1201.7506103515625,1988.938720703125
650,Tree swallows are nesting nine days earlier.,en_multilingual_blimp_correct_affected.test,58953.41015625,18178.671875,7954.34765625,2954.474365234375,4334.89453125,7305.28076171875,6005.14404296875,4180.15771484375,3179.33837890625,4549.919921875,11152.7646484375,5090.40380859375,8676.8740234375
651,"Also, would those of you who have not responded to me via email confirming your acceptance of the terms upon which our four companies have agreed to assume cost responsibility for the TCA work on this.",en_multilingual_blimp_correct_affected.test,54739.78515625,1103.7301025390625,955.3244018554688,766.1898193359375,476.8634338378906,413.1853332519531,496.4128723144531,597.8869018554688,648.9304809570312,738.4797973632812,809.291259765625,950.4450073242188,1043.40771484375
652,"in our case, they are only hedging.",en_multilingual_blimp_correct_affected.test,51444.80078125,3692.034912109375,8010.44482421875,7083.8173828125,7839.24658203125,5911.56396484375,7368.3017578125,7509.5517578125,5134.998046875,4444.89404296875,7408.55615234375,8426.88671875,10797.5341796875
653,"Throughout history, tyrants have known that by denying the right of oppressed peoples to form and nurture families, they can kill the spirit of those peoples.",en_multilingual_blimp_correct_affected.test,47484.37890625,1785.2833251953125,1880.1365966796875,1697.657470703125,1616.7159423828125,1524.989013671875,1379.744873046875,1249.770751953125,1444.763671875,1816.6514892578125,1537.744873046875,1610.1495361328125,2313.052978515625
654,"The problem is that the vast silent majority of these Moslems are not part of the terror and the incitement, but they also do not stand up against it.",en_multilingual_blimp_correct_affected.test,61010.12109375,699.31201171875,611.7642822265625,473.599609375,335.8128662109375,266.7017822265625,290.9762268066406,353.85137939453125,428.56072998046875,466.427001953125,446.339111328125,561.4707641601562,690.8349609375
655,The employees do n't really seem to enjoy what they are doing and it shows.,en_multilingual_blimp_correct_affected.test,62550.640625,726.211669921875,585.5912475585938,443.5702819824219,601.1180419921875,571.445556640625,490.9505615234375,418.98541259765625,530.6690063476562,475.60150146484375,536.2859497070312,454.6057434082031,546.92578125
656,"Increasingly, analysts are saying that China 's efforts have gone beyond what is safe or even in its own interests.",en_multilingual_blimp_correct_affected.test,60949.6953125,1477.2188720703125,845.4940185546875,662.508056640625,776.8936157226562,741.4645385742188,673.7835693359375,624.9539184570312,637.4376831054688,821.0701293945312,1018.9446411132812,906.5330810546875,1109.571533203125
657,"Unfair for the girl as boys do n't have that kind of handicap, but that 's the way our own rules work.",en_multilingual_blimp_correct_affected.test,47477.62890625,1034.496826171875,1352.9259033203125,1238.146484375,1071.662353515625,785.4077758789062,752.307861328125,742.566650390625,1041.7139892578125,910.3025512695312,1129.839599609375,1574.2603759765625,1312.4949951171875
658,Relief agencies are trying to help hundreds of thousands of displaced people while authorities have vowed to restore security in New Orleans following a breakdown of law and order.,en_multilingual_blimp_correct_affected.test,66406.2265625,1503.7083740234375,784.0494384765625,595.3603515625,345.12591552734375,341.8381042480469,325.9974670410156,303.6535949707031,385.3786926269531,338.2854919433594,447.12408447265625,393.7548522949219,447.01580810546875
659,They do n't let just anybody do it.,en_multilingual_blimp_correct_affected.test,63711.3203125,671.6263427734375,1291.0614013671875,850.8776245117188,1326.8218994140625,1657.7572021484375,2878.1455078125,2080.587646484375,2659.63427734375,2817.98681640625,4006.763916015625,5102.4326171875,2386.178955078125
660,"""Other friends have flown before —",en_multilingual_blimp_correct_affected.test,55223.28125,8688.30859375,5429.1240234375,5547.23876953125,5482.98291015625,7667.38427734375,7231.8798828125,10010.640625,14090.8212890625,8759.9521484375,14784.837890625,10748.4150390625,12208.92578125
661,"We understand that the pipe fitters are also planning to picket the Lake Worth, Florida project as well.",en_multilingual_blimp_correct_affected.test,49625.3828125,2777.1953125,2435.0634765625,2370.526611328125,1597.7647705078125,1847.509033203125,1952.0555419921875,1786.9730224609375,2130.373291015625,1546.525634765625,2096.93603515625,2939.2646484375,2948.854248046875
662,"On the morrow he will leave me, as my Hopes have flown before.""",en_multilingual_blimp_correct_affected.test,58850.84375,2027.2755126953125,2425.2080078125,2272.697021484375,1886.9849853515625,1729.209228515625,1945.886474609375,2380.107421875,1973.7176513671875,2806.35546875,3161.23388671875,4752.9345703125,4171.72265625
663,"U.S. officials have said the plot, thwarted by Britain, to blow up several aircraft over the Atlantic bore many of the hallmarks of al Qaeda.",en_multilingual_blimp_correct_affected.test,66742.7265625,2018.7972412109375,1606.13818359375,1259.581787109375,727.4163208007812,713.4002075195312,684.6868896484375,676.5345458984375,679.9410400390625,650.5973510742188,769.9926147460938,816.3159790039062,1367.173828125
664,"Today 's weapons do not have that kind of problem, and are much more reliable.",en_multilingual_blimp_correct_affected.test,62259.2578125,826.2850952148438,1386.8638916015625,652.7754516601562,608.0606079101562,417.884033203125,445.9800109863281,479.4071044921875,382.1204833984375,395.12353515625,503.6546936035156,924.0404052734375,773.169921875
665,"All the regional countries have publicly backed the Karzai government and supported the electoral process, but serious undercurrents remain as they all have their favourite contenders in Afghanistan.",en_multilingual_blimp_correct_affected.test,54826.93359375,4511.96435546875,3172.4931640625,2979.421875,2180.147216796875,1791.78369140625,1622.5567626953125,2386.401123046875,2197.22314453125,2269.1953125,2965.095947265625,4368.48974609375,4440.416015625
666,The multiple planetary afflictions are taking their toll.,en_multilingual_blimp_correct_affected.test,57797.87890625,9400.4951171875,4744.54248046875,3443.731689453125,1688.8551025390625,2059.58349609375,1240.6546630859375,1954.6085205078125,1497.836669921875,2039.0186767578125,1954.9794921875,2019.77734375,2963.914306640625
667,"My neighbourhood has been surrounded by American troops for three days now, helicopters have been circling over our heads non-stop.",en_multilingual_blimp_correct_affected.test,56198.40625,1988.8182373046875,1585.0745849609375,1025.1666259765625,947.2254028320312,796.1132202148438,689.1215209960938,749.1815795898438,793.5223999023438,740.4240112304688,738.8246459960938,753.9371337890625,1029.6817626953125
668,are my two cats fighting or playing?,en_multilingual_blimp_correct_affected.test,41040.296875,8303.1337890625,10604.416015625,9720.4375,7314.39208984375,3907.949951171875,8315.78125,7274.8857421875,8768.6865234375,13305.6123046875,15481.64453125,13550.9072265625,15836.603515625
669,"These changes are occurring across all species, Parmesan told UPI 's Climate.",en_multilingual_blimp_correct_affected.test,50399.12890625,6414.36572265625,4392.89599609375,4128.2119140625,4122.7158203125,4339.90380859375,4028.146484375,8413.412109375,11359.0546875,14953.01171875,12866.732421875,18539.814453125,22223.728515625
670,Emails from Zawahiri to Atef in the Spring of 1999 indicate that Ayman was a close student of the USAMRIID anthrax program.,en_multilingual_blimp_correct_affected.test,61629.9375,3547.8671875,1757.957763671875,1467.3831787109375,1305.0908203125,1467.76806640625,1242.1298828125,2010.0714111328125,1740.8355712890625,1920.365478515625,2731.53125,2747.87158203125,3287.82177734375
671,All arguments that the Bush administration would be insane to attack Iran and risk a global conflagration for the sake of political cover run into one unavoidable truth.,en_multilingual_blimp_correct_affected.test,66417.8203125,2414.341064453125,1504.0740966796875,1458.9857177734375,1471.0367431640625,1150.3402099609375,884.8727416992188,979.6937255859375,884.35009765625,851.054931640625,873.6641235351562,735.9088134765625,1029.30029296875
672,Some countries like Malaysia and Singapore promote trading for foreign visitors during some part of the year.,en_multilingual_blimp_correct_affected.test,47402.2578125,1635.326416015625,1062.9267578125,881.9467163085938,561.7350463867188,568.0466918945312,534.4384765625,451.88665771484375,412.8058166503906,426.1864013671875,780.6807250976562,588.202880859375,843.9033813476562
673,"Realists, and this even includes members of the U.S. Democratic foreign policy establishment such as Strobe Talbott, who have long sought to divest India of its defensive capability against another nuclear power in Asia, understand the only feasible solution for Kashmir is the acceptance of the status quo.",en_multilingual_blimp_correct_affected.test,55104.6484375,2525.663330078125,2376.49560546875,1841.4290771484375,1512.1519775390625,1129.0419921875,1012.0353393554688,1278.0576171875,1380.778076171875,1481.8956298828125,2018.459228515625,1776.921142578125,2204.468505859375
674,"Certain elements of the travelling community engage in this activity, but overall no not really.",en_multilingual_blimp_correct_affected.test,60058.51953125,3053.640625,4939.0703125,3089.686279296875,2288.764404296875,2397.04931640625,2142.85888671875,1996.217529296875,1876.8375244140625,2041.4898681640625,2171.941650390625,2148.81298828125,2761.441650390625
675,Workers who do these introductions look at the interaction objectively; and it 's good to see they are able and willing to say no if they feel there would be a problem.,en_multilingual_blimp_correct_affected.test,54293.75390625,614.6016235351562,542.4171142578125,510.1889953613281,440.2508239746094,421.5969543457031,404.6797790527344,454.58538818359375,466.9410705566406,473.7152404785156,471.1731872558594,530.2172241210938,522.4185791015625
676,either way you also need to keep an eye on the temperature if you are using a dry fish tank as UV lights in my experience up the temperature significantly and without proper ventilation it can become an oven.,en_multilingual_blimp_correct_affected.test,53082.6953125,888.0250854492188,683.248291015625,528.7337036132812,446.2837829589844,418.5425109863281,457.5693359375,413.9441833496094,565.8291015625,489.1172180175781,681.0231323242188,751.4638671875,937.5358276367188
677,"Some parts of this same outer circle actually operate as a result of fear from, or blackmail by, the inner circles.",en_multilingual_blimp_correct_affected.test,41464.2734375,1692.7813720703125,2668.61328125,2073.381591796875,2622.168701171875,2469.424560546875,3018.5166015625,2253.986328125,2847.085205078125,2445.48583984375,3443.18017578125,5011.18798828125,5361.05419921875
678,"They, above – the Council in Europe, you know – mean him to be.",en_multilingual_blimp_correct_affected.test,57355.69921875,1543.406494140625,3109.864990234375,2021.9261474609375,2954.154541015625,3794.765380859375,3326.920166015625,3642.960693359375,3261.924560546875,3916.39306640625,2687.980224609375,4700.7294921875,6814.974609375
679,some members of the traveler community bare knuckle box.,en_multilingual_blimp_correct_affected.test,49928.05859375,9869.93359375,6700.8134765625,6298.75927734375,9396.640625,14686.369140625,7322.99853515625,4448.1044921875,6008.71337890625,6730.5498046875,6948.671875,8926.560546875,8907.044921875
680,"PS: I took the liberty of buying the corporate phone directory and locating information on your outstanding disputed credit accounts from an internet dealer today, and can probably make you better known to your customers than the security measures you enact at your company indicate you would like.",en_multilingual_blimp_correct_affected.test,62382.40234375,1407.226806640625,1337.6689453125,1301.9537353515625,1110.683837890625,895.7939453125,970.2238159179688,1045.936279296875,1049.7825927734375,1124.2081298828125,1670.141845703125,1663.41796875,2471.632080078125
681,"Our distinguished colleagues in this business transaction include the sitting vice-president of the United States of America, Richard Cheney, who is an original partner in the Iraq venture and former head of the Halliburton oil company, and Condoleeza Rice, whose professional dedication to the venture was demonstrated in the naming of a Chevron oil tanker after her.",en_multilingual_blimp_correct_affected.test,58559.44140625,3637.30908203125,2859.93798828125,2108.53076171875,1431.6015625,1195.38720703125,1115.7568359375,1350.1302490234375,1440.0330810546875,1652.248779296875,1619.1923828125,1739.2781982421875,2264.694091796875
682,"The decision to sidestep the obvious to satisfy the need to avoid confrontation does not bring peace, but only delays the eventual conflict as the predators of Hamas and Hezbollah exploit the inherent weakness of the internationals and the media.",en_multilingual_blimp_correct_affected.test,62773.71875,2502.20556640625,1598.3087158203125,1054.5765380859375,1065.8013916015625,872.6261596679688,953.0108642578125,990.6083984375,1190.1961669921875,991.38427734375,1389.42822265625,1319.8421630859375,1477.664794921875
683,"The papers found at headquarters of the Mukhabarat, Iraq 's secret police, show that an entourage from Al Qaeda group was sent to the Iraqi capital in March 1998 from Sudan.",en_multilingual_blimp_correct_affected.test,61609.546875,5180.6943359375,2467.289306640625,1820.138916015625,1200.1368408203125,1378.28173828125,1004.42822265625,1081.664794921875,1023.7041625976562,975.4884643554688,1316.74755859375,1307.1099853515625,1397.010986328125
684,"The dangers implicit in any attack upon that nation, however, seem to significantly offset whatever gains could be made in the so-called ""War on Terror.""",en_multilingual_blimp_correct_affected.test,60956.96484375,7150.2783203125,6621.75537109375,5266.2138671875,4066.3154296875,4189.8681640625,3619.236572265625,3815.147705078125,4036.7529296875,5786.326171875,4899.19482421875,6595.94580078125,7997.0029296875
685,Indoor cats that are well cared for typically live 11-15 years.,en_multilingual_blimp_correct_affected.test,68092.15625,2573.65576171875,1924.9429931640625,1522.7138671875,1369.189697265625,1318.880859375,1191.9119873046875,1617.0496826171875,1809.656982421875,2548.22900390625,2777.1171875,3883.68505859375,3596.9599609375
686,Police in the Indian capital Delhi say they have arrested the suspected co-ordinator and financier of last month 's deadly bomb blasts in the city.,en_multilingual_blimp_correct_affected.test,50188.4765625,3009.485595703125,1837.4986572265625,1145.892578125,934.283447265625,1094.243408203125,1010.1217041015625,1232.0479736328125,1171.0970458984375,1130.6824951171875,1265.1702880859375,1407.9483642578125,1771.416259765625
687,"+ As the implications of the Andaman Islands situation sink in, Indian intelligence has inevitably come under scrutiny.",en_multilingual_blimp_correct_affected.test,60177.76953125,4584.6083984375,8590.1171875,9934.16796875,7493.56982421875,6878.28369140625,7517.0830078125,7474.591796875,10605.1845703125,7142.16796875,9543.396484375,12828.11328125,12712.248046875
688,X-rays taken including AP and lateral of the right knee demonstrate a healed medial tibial plateau fracture status post percutaneous screw fixation.,en_multilingual_blimp_correct_affected.test,54623.85546875,16086.791015625,17458.6171875,17017.990234375,14213.517578125,15735.9169921875,17973.826171875,14755.3974609375,21169.599609375,18734.8984375,27265.408203125,36006.58203125,44271.28515625
689,"While the ominous possibilities of heightened Iraqi chaos, missiles in the Gulf, and Syrian involvement loom large if the US attacks Iran, all pale in comparison to the involvement of China in any US/Iran engagement.",en_multilingual_blimp_correct_affected.test,64219.1640625,4676.5478515625,7567.43994140625,5070.6640625,4155.39501953125,4120.09033203125,4214.70703125,5425.11279296875,5660.28564453125,6306.19970703125,6277.50048828125,7487.70556640625,9779.275390625
690,The civilians in the Department of Defense only know how to blow things up.,en_multilingual_blimp_correct_affected.test,62340.53515625,719.2359008789062,481.5706787109375,347.62530517578125,257.2851867675781,215.67530822753906,171.48715209960938,137.79794311523438,146.98208618164062,165.82781982421875,143.0149688720703,166.7317657470703,185.0394744873047
691,"But other people do like the way they think he will vote, and the ones who favor him seem to outnumber the ones who oppose him.",en_multilingual_blimp_correct_affected.test,48044.703125,516.0203857421875,657.4072265625,552.2314453125,453.5605773925781,342.07666015625,372.27874755859375,371.8765563964844,379.486083984375,379.0108642578125,458.6171569824219,595.3997802734375,805.1546020507812
692,"Four guys around a large square open hibachi cook your food, and when it 's finished a server brings it to your table.",en_multilingual_blimp_correct_affected.test,54893.0625,1928.1324462890625,1735.7255859375,1922.022705078125,1726.51513671875,1757.8404541015625,1792.0364990234375,2059.02197265625,2827.474853515625,2437.720458984375,3385.479248046875,3710.71142578125,7737.2763671875
693,"As the implications of the Andaman Islands situation sink in, Indian intelligence has inevitably come under scrutiny.",en_multilingual_blimp_correct_affected.test,52861.52734375,4133.45947265625,7799.0537109375,5623.52587890625,4889.66796875,5416.84130859375,4905.97412109375,5679.5732421875,7208.0771484375,5613.4580078125,6657.70947265625,8385.6962890625,7742.06640625
694,"Jurisdictions which are not approved to trade credit derivatives include: Austria, Belgium, Canada, Croatia, Czech Republic, Denmark, France, Gibraltar, Ireland, Italy, Poland, Portugal, Romania, Scotland, Singapore, Slovenia, Spain, and The Netherlands.",en_multilingual_blimp_correct_affected.test,46376.39453125,8739.4921875,20062.328125,22872.708984375,6372.56298828125,3260.248291015625,3916.11669921875,7345.3662109375,6562.32763671875,7999.0703125,13185.5087890625,15740.9296875,26372.763671875
695,Acts that violate this trust undermine the educational process.,en_multilingual_blimp_correct_affected.test,67998.453125,3430.544677734375,3370.033203125,1880.693359375,2086.8154296875,1786.5009765625,3661.434814453125,6123.830078125,4102.669921875,2904.58203125,6059.81494140625,4617.0244140625,9274.80078125
696,Other shops around this city have MUCH NICER and more TRANSPARENT owners.,en_multilingual_blimp_correct_affected.test,65119.70703125,15415.6416015625,9724.3779296875,5739.23291015625,8108.3095703125,8256.6484375,10892.6767578125,10622.47265625,15231.65625,15511.79296875,14538.5146484375,27253.267578125,26180.26171875
697,"Princeton islamist scholar Bernard Lewis has explained that while islamists may disagree about whether killing innocents is sanctioned by the laws of jihad, extremists like Zawahiri agree that notice must be given before biochemical weapons are used.",en_multilingual_blimp_correct_affected.test,64719.75390625,5927.7548828125,4708.32080078125,3293.71533203125,2777.427001953125,3238.08056640625,3558.541259765625,3521.301513671875,4049.546875,4268.23388671875,6297.29931640625,7820.7275390625,7927.3046875
698,"The mysteries of the universe continue to attract and intrigue you, as you apply your mystical awareness to the important decisions upcoming in your life, especially concerning partnerships of all kinds.",en_multilingual_blimp_correct_affected.test,51390.71484375,2234.861572265625,2356.335693359375,1955.2052001953125,1606.8675537109375,1361.7572021484375,1388.8433837890625,1170.3780517578125,1298.885009765625,1513.95849609375,1249.7772216796875,1518.3563232421875,1997.818359375
699,Damage estimates of more than $25bn suggest it could be the US insurance industry 's most expensive natural disaster ever.,en_multilingual_blimp_correct_affected.test,57176.62109375,3271.76025390625,1693.3643798828125,1386.5684814453125,1065.215087890625,1128.555908203125,1146.5833740234375,927.169677734375,1267.0025634765625,1359.9461669921875,1448.198486328125,1613.6651611328125,1947.3902587890625
700,"Secular Arab nationalist groups also universally sympathize with the Palestinians, and those in post-Saddam Iraq are no exception.",en_multilingual_blimp_correct_affected.test,60320.84375,8041.52001953125,5908.18798828125,5506.3017578125,3692.260009765625,4522.1865234375,3861.17626953125,4364.9375,3647.907958984375,5720.8115234375,5126.38623046875,6163.04931640625,12350.767578125
701,"When those lucky enough not to have Herpes create a climate of shame and indignity for those of us who do, not only are they hurting us, but they are hurting themselves.",en_multilingual_blimp_correct_affected.test,53901.66015625,1416.2325439453125,1835.8240966796875,1358.9862060546875,885.3125,691.1835327148438,522.5523681640625,456.1739807128906,537.5204467773438,576.0643310546875,691.51025390625,606.3965454101562,932.65478515625
702,US and NATO military officers in Kabul say it is too early to say whether Bush ’s tough message was instrumental in persuading Musharraf and the ISI to pressure the Taliban to restrain from disrupting the elections.,en_multilingual_blimp_correct_affected.test,61798.55859375,4220.318359375,2328.513671875,2359.973388671875,2015.2462158203125,2081.512451171875,1733.368408203125,2280.20556640625,2319.289794921875,2156.70263671875,2336.919677734375,3246.249755859375,3042.104248046875
703,Average campaigns for ANA result in CTR of 8–12%.,en_multilingual_blimp_correct_affected.test,69267.4296875,7366.65771484375,5989.30712890625,5048.41552734375,4229.86376953125,7316.380859375,6250.75537109375,7916.916015625,9597.96875,18012.091796875,19176.625,23986.353515625,24284.169921875
704,However US military officers say regular army officers - many of them Pashtun - leading units of the Frontier Corps who are on the border remain deeply sympathetic to the Taliban and the mullahs of the JUI.,en_multilingual_blimp_correct_affected.test,64601.23046875,2878.435302734375,1459.47900390625,964.2239990234375,807.7422485351562,662.903076171875,715.8628540039062,656.8162841796875,803.3139038085938,731.95556640625,947.0289916992188,1111.83740234375,1108.2078857421875
705,"Let me try to break this down as simply as I can: diurnal (active during the day time) reptiles like the bearded dragon require 3 types of ""light,"" UVA, UVB, and heat.",en_multilingual_blimp_correct_affected.test,49797.14453125,3510.096435546875,4291.75244140625,5161.13623046875,3883.532958984375,3624.241455078125,2640.417236328125,3194.32763671875,3464.689208984375,3810.26416015625,4987.43505859375,5025.87158203125,6278.4521484375
706,"Birds eat and sleep with their flock, not predators.",en_multilingual_blimp_correct_affected.test,48529.75,3082.513671875,6219.1630859375,2820.418701171875,3221.426513671875,2862.498779296875,4095.711181640625,5890.82568359375,7654.7080078125,6732.1806640625,9040.9794921875,8400.248046875,13479.9912109375
707,"And the stars never rise, but I feel the bright eyes Of the beautiful ANNABEL LEE;",en_multilingual_blimp_correct_affected.test,51737.55078125,4754.94287109375,3786.187255859375,2851.105224609375,3408.025146484375,3351.3447265625,3900.6484375,4526.78173828125,4378.654296875,6127.6220703125,7677.7744140625,13006.19140625,11695.4462890625
708,"In the final two steps, the dancers firmly stamp their feet on the ground.",en_multilingual_blimp_correct_affected.test,61249.19921875,2357.610107421875,3158.66064453125,1705.078857421875,1964.3594970703125,1494.3253173828125,2261.966796875,3205.337646484375,3460.281005859375,2913.063720703125,3812.485107421875,6003.8388671875,8505.2421875
709,Can you recommend where these companies each fit within the new organization?,en_multilingual_blimp_correct_affected.test,54628.6015625,2249.146484375,2072.51171875,1637.0770263671875,1636.9107666015625,1959.53955078125,1883.6531982421875,2008.2904052734375,2908.611328125,2181.544921875,2389.909423828125,2949.0625,3789.340576171875
710,"As a yoga studio, I 'm sure you 're all aware that all actions generate karma …",en_multilingual_blimp_correct_affected.test,51480.1875,4343.6884765625,5418.91845703125,4135.65576171875,6095.7978515625,4635.54150390625,3654.952392578125,4439.3916015625,4010.625244140625,4553.158203125,7020.97314453125,12683.173828125,9088.30078125
711,Intentions for 2005 show that the remaining amount will also be completely consumed.,en_multilingual_blimp_correct_affected.test,67024.8515625,1625.282470703125,1313.885009765625,907.1618041992188,1137.4832763671875,1014.3717041015625,1202.6070556640625,1366.004150390625,1861.99755859375,3051.498046875,4126.58642578125,3534.109375,3517.34423828125
712,Company 's transaction fees depend on the method of payment (e.g. ACH - US or WIRE - US).,en_multilingual_blimp_correct_affected.test,56000.0234375,1693.011474609375,819.0707397460938,861.7276611328125,1022.5151977539062,914.5628051757812,1220.83203125,1392.7608642578125,1624.7393798828125,1841.22705078125,2383.84326171875,2432.2470703125,2945.769775390625
713,"Older males often tend to have urinary tract issues, so your cat has done very well.",en_multilingual_blimp_correct_affected.test,58312.4453125,2964.045654296875,2994.560791015625,1915.111083984375,1094.8509521484375,1240.8883056640625,1121.5726318359375,978.47607421875,1192.001220703125,1263.69970703125,1215.0384521484375,1572.60595703125,2387.213623046875
714,"The two hands when upraised and folded together represent: ""Now I am trying to establish a link with Parama Purus'a (Supreme Consciousness).""",en_multilingual_blimp_correct_affected.test,65709.734375,3829.710693359375,3105.170654296875,2852.93408203125,2634.662109375,3629.180419921875,3120.73583984375,3998.087890625,4872.2822265625,4757.2880859375,5704.32080078125,6290.294921875,8518.669921875
715,"The 22 member countries of the Arab league, from Mauritania to the Gulf States, have a total population of 300 millions, larger than the US and almost as large as the EU before its expansion.",en_multilingual_blimp_correct_affected.test,63616.66796875,2273.121826171875,3175.641357421875,1884.5211181640625,990.846435546875,825.2008056640625,710.7639770507812,838.1238403320312,724.82373046875,889.523681640625,1050.27685546875,1018.9869384765625,1449.2864990234375
716,An Iraq in which armed fundamentalist and nationalist militias proliferate is inevitably a security worry for Israel.,en_multilingual_blimp_correct_affected.test,59576.48046875,6720.04443359375,6254.6904296875,4714.7822265625,4544.46875,5274.6533203125,4763.4208984375,5559.53662109375,5605.49755859375,4463.1845703125,5377.0556640625,6577.36474609375,5999.900390625
717,It is a curb bit with a ported mouth piece and some horses appreciate this to give them more room in their mouths for their tongues.,en_multilingual_blimp_correct_affected.test,61034.2109375,1025.9022216796875,818.796630859375,821.6051025390625,771.6995849609375,897.5872192382812,948.0379028320312,1158.3681640625,1498.7032470703125,1236.06005859375,1756.712646484375,1598.471923828125,2391.497314453125
718,Alike...both were fought for securities reasons by the US (no matter what the liberal revisionist historians tell you).,en_multilingual_blimp_correct_affected.test,66522.09375,5756.12646484375,4122.0712890625,3358.306884765625,3073.120849609375,5052.75048828125,4827.9111328125,4748.8115234375,6288.14208984375,6534.80517578125,7131.06103515625,8238.935546875,11960.5498046875
719,These economists belong to the monetarist school.,en_multilingual_blimp_correct_affected.test,72849.9765625,4296.89599609375,3705.79931640625,2992.687744140625,2720.0986328125,3937.045654296875,4237.06201171875,4426.37890625,3826.603759765625,4351.23876953125,5387.64501953125,7777.99560546875,7619.62353515625
720,Is this how your clients usually evaluate these properties?,en_multilingual_blimp_correct_affected.test,47402.34765625,5449.86328125,3364.4775390625,1729.4632568359375,2174.447265625,1296.028564453125,1727.4102783203125,1896.8353271484375,2496.428955078125,1661.387939453125,2248.8310546875,2478.791748046875,2794.8681640625
721,"The Jihad ""soldiers"" join packaged death tours to Iraq and other hotspots, while some of their leaders ski in Switzerland.",en_multilingual_blimp_correct_affected.test,49006.2265625,11386.6572265625,7587.970703125,6283.03466796875,6429.76904296875,6286.25927734375,5704.755859375,8342.7578125,7492.7197265625,10562.5595703125,11948.544921875,15197.86328125,17570.392578125
722,The frequent reports from Algeria about the murders of hundreds of civilians in one village or another by other Algerians have nothing to do with Israel.,en_multilingual_blimp_correct_affected.test,61658.5078125,1147.361083984375,717.357177734375,548.21875,481.45196533203125,356.06231689453125,348.24066162109375,341.4940185546875,384.05841064453125,317.2780456542969,498.56610107421875,494.87689208984375,642.2595825195312
723,"Marriage is, in and of itself, a noble concept, but it too often leads to kids and kids flat out suck.",en_multilingual_blimp_correct_affected.test,52232.51953125,3001.431396484375,5421.7822265625,4574.42822265625,5244.85791015625,4255.17919921875,5640.611328125,4631.07373046875,3977.016357421875,6412.06640625,6196.94384765625,6917.9521484375,13586.4931640625
724,"I am seeking anecdotes (first name, last initial) from dieters who successfully used a natural supplement to assist their weight loss; the therapeutic agents under discussion include HCA, MCT, green or oolong tea extract, CLA, chromium, starch-blockers, chitosan, 5-HTP, hoodia and caralluma, HMB, and BCAA.",en_multilingual_blimp_correct_affected.test,61627.765625,7915.82177734375,11233.58203125,10356.5322265625,7731.287109375,6758.9228515625,7048.73388671875,6616.53466796875,8397.419921875,8467.7548828125,9775.7236328125,13168.7939453125,16562.0390625
725,"For the quality, the prices ($4-$6) have to be the best in town.",en_multilingual_blimp_correct_affected.test,65353.7578125,1315.1856689453125,1098.716796875,1109.7362060546875,815.5479736328125,1083.9976806640625,1218.0491943359375,1448.866455078125,1770.01708984375,1841.771484375,1685.2952880859375,1563.821044921875,2363.79345703125
726,Can you recommend where these companies each fit within the new organization?,en_multilingual_blimp_correct_affected.test,54628.6015625,2249.146484375,2072.51171875,1637.0770263671875,1636.9107666015625,1959.53955078125,1883.6531982421875,2008.2904052734375,2908.611328125,2181.544921875,2389.909423828125,2949.0625,3789.340576171875
727,"These 22 countries, with all their oil and natural resources, have a combined GDP smaller than that of Netherlands plus Belgium and equal to half of the GDP of California alone.",en_multilingual_blimp_correct_affected.test,52792.66015625,1835.7540283203125,2418.803955078125,2145.27685546875,1781.522705078125,1399.4886474609375,1503.2567138671875,1807.5638427734375,1580.2197265625,1876.30859375,2691.03515625,2115.546142578125,3930.135498046875
728,Both bathrooms look like they were flooded and the wood cabinets are thrashed at the bottom and they slapped some pieces of wood over to try to cover it up.,en_multilingual_blimp_correct_affected.test,70190.4765625,976.0389404296875,533.1185302734375,462.8599548339844,402.5333557128906,385.3349609375,374.701171875,319.2568359375,386.00048828125,444.0458068847656,519.639404296875,440.1679382324219,404.0088195800781
729,Heterosexuals increasingly back gay marriage,en_multilingual_blimp_correct_affected.test,41916.5703125,27633.279296875,29157.181640625,16924.69921875,34648.46484375,41338.28125,14216.17578125,12519.6865234375,17756.109375,10519.8955078125,26027.28515625,28761.58984375,21240.376953125
730,Do not put your fish tank close to the sun or algae grow in your tank.,en_multilingual_blimp_correct_affected.test,57687.96484375,1074.270751953125,1235.1055908203125,1004.6068725585938,630.1849975585938,567.9646606445312,491.154052734375,491.7884216308594,748.3035888671875,667.4017333984375,506.1467590332031,473.2415771484375,514.173828125
731,Right Courts rob me I rob Court citizen sounds reasonable to me and just as wrong as Court in handling this case at issue wrongly.,en_multilingual_blimp_correct_affected.test,53055.515625,4419.8828125,4137.900390625,3292.32421875,3875.10546875,4763.8388671875,4531.01025390625,4886.8291015625,6383.96875,8523.89453125,9836.3408203125,10257.3154296875,11777.5673828125
732,"Climate: Humans fuss, animals adjust",en_multilingual_blimp_correct_affected.test,56165.078125,36929.875,624438.0,669401.8125,730240.4375,771943.3125,1312685.375,1076178.125,1129170.25,1334956.375,1667321.25,1255625.25,1997471.875
733,His co-workers love him.,en_multilingual_blimp_correct_affected.test,48565.67578125,5664.84912109375,2132.16796875,770.4612426757812,1410.6478271484375,945.0806274414062,466.8255310058594,637.5377197265625,571.1928100585938,447.63629150390625,537.7888793945312,356.28057861328125,420.4253234863281
734,"On the one hand, the IPN report agreed ""Climate models generally predict that the temperature rises in the Arctic will substantially exceed the global rise.",en_multilingual_blimp_correct_affected.test,64397.56640625,4141.46923828125,4632.173828125,2891.786376953125,2034.8092041015625,1689.785400390625,1703.2464599609375,1661.2864990234375,1521.814453125,1768.2515869140625,2170.358642578125,2700.21142578125,3144.798095703125
735,"The Neocons in the CPA have all sorts of ulterior motives and social experiments they want to impose on the Iraqi people, including Polish-style economic shock therapy, some sort of sweetheart deal for Israel, and maybe even breaking the country up into three parts.",en_multilingual_blimp_correct_affected.test,60811.7421875,2307.07177734375,2974.178466796875,2346.21826171875,2184.97900390625,2220.724609375,1794.52392578125,2087.7451171875,2026.6849365234375,2066.85595703125,2544.20556640625,2574.689208984375,3478.571533203125
736,"I mean, I do n't care if he does n't know, but if he pretends to know and tells me BS to my face, there 's no way I 'm going to trust him when matters turn to the price of the car and financing.",en_multilingual_blimp_correct_affected.test,56640.79296875,793.1954956054688,874.3271484375,965.8759765625,913.9908447265625,919.7767944335938,860.8914794921875,1028.97998046875,1164.9910888671875,1050.8624267578125,1145.06494140625,1482.788330078125,1325.7947998046875
737,"The findings demonstrate the inhibitory network is central to controlling not only the amplitude, extent and duration of activation of recurrent excitatory cortical networks, but also the precise timing of action potentials, and, thus, network synchronization...""",en_multilingual_blimp_correct_affected.test,54203.78515625,7445.3447265625,12174.2783203125,7859.5703125,5664.71923828125,4941.19970703125,5688.62060546875,5495.9033203125,6190.75927734375,5645.298828125,5907.44384765625,6800.3349609375,8221.74609375
738,"Ounces measure weight, pints measure volume.",en_multilingual_blimp_correct_affected.test,38713.17578125,26843.287109375,24961.134765625,23116.451171875,15274.669921875,22862.107421875,22685.53515625,52568.9375,86169.03125,86537.6484375,73342.75,81305.6796875,136430.96875
739,"As the Pew report concluded, ""Sufficient studies now exist to conclude that the consequences of climate change are already detectable within U.S. ecosystems.""",en_multilingual_blimp_correct_affected.test,51386.74609375,2988.7119140625,2405.894287109375,1394.5982666015625,1019.4700317382812,783.404052734375,743.7920532226562,891.6134643554688,784.7743530273438,947.2145385742188,1156.431640625,1179.2706298828125,1578.0045166015625
740,"Feel free to cut and paste and leave your comments, as these viewpoints cover the entire gamut surrounding the event.",en_multilingual_blimp_correct_affected.test,57576.1171875,2923.9716796875,2543.7724609375,2357.320068359375,1652.4300537109375,1605.3006591796875,1128.860595703125,1165.3265380859375,1599.619384765625,1319.8553466796875,1466.8095703125,1176.54150390625,1417.9759521484375
741,"King snakes sometimes stop eating, particularly during the cooler part of the year.",en_multilingual_blimp_correct_affected.test,44052.9140625,2609.92919921875,2634.123046875,2106.3681640625,1461.1585693359375,1602.61376953125,1383.842529296875,1718.1044921875,1976.495849609375,1391.7318115234375,2026.86767578125,2251.580078125,3064.192138671875
742,The water changes help with that too.,en_multilingual_blimp_correct_affected.test,66873.40625,1731.4451904296875,1428.691650390625,1574.8309326171875,1183.6112060546875,962.6734619140625,1105.435546875,1143.33984375,836.4003295898438,1458.73388671875,1203.7142333984375,1040.7686767578125,1587.3701171875
743,Others argue that he was to be part of a second wave of airliners directed to targets on the West Coast.,en_multilingual_blimp_correct_affected.test,67166.7109375,897.7579956054688,459.8978271484375,433.44317626953125,368.4270324707031,302.49267578125,276.7356262207031,271.6343688964844,322.5948486328125,269.48797607421875,348.2654113769531,377.5671081542969,410.7220458984375
744,"After Week 14, Participants build a full-stack web application in the course of one month, from inception to production.",en_multilingual_blimp_correct_affected.test,60812.09375,3938.43896484375,4167.634765625,3920.492431640625,3640.942626953125,3922.70263671875,4254.8994140625,5405.1376953125,4490.76611328125,5881.08056640625,7164.08642578125,7050.0986328125,7581.99609375
745,"These islands sit aside the vital sea lanes of the Strait of Malacca, through which 300 tankers and merchant ships pass daily, bringing in oil for the Far East and Southeast Asia.",en_multilingual_blimp_correct_affected.test,53765.6640625,5264.607421875,3347.428466796875,2377.161865234375,1375.120849609375,1531.958740234375,1514.8944091796875,2003.4945068359375,2510.76904296875,3143.43994140625,3707.457275390625,4199.67724609375,4246.9453125
746,"The reason for this is that India is emerging as an alternative investment destination to China, hence the favor that the generals in Islamabad do to their trusty supplier of nukes and missiles by creating a scare about war involving India when in fact the real flashpoints are the Taiwan Straits and North Korea.",en_multilingual_blimp_correct_affected.test,61818.6015625,2594.271728515625,1383.9354248046875,1109.266845703125,1136.38818359375,1034.759765625,1149.340087890625,1471.548828125,1352.560791015625,1449.095947265625,2088.17333984375,2205.1162109375,2584.96728515625
747,I told him that I would see his neurologist for evaluation or possibly a spinal surgeon if his symptoms progress.,en_multilingual_blimp_correct_affected.test,52524.98828125,1378.624267578125,1494.365966796875,923.9554443359375,977.1025390625,729.2361450195312,663.4640502929688,728.9764404296875,705.697021484375,729.7388305664062,681.9983520507812,840.0003051757812,990.8690795898438
748,The current complaints allege that HANO has not provided qualified former St. Thomas residents a preference with respect to available public housing units at River Garden per the 2003 agreement.,en_multilingual_blimp_correct_affected.test,55468.23828125,8521.3583984375,7217.34912109375,6443.05859375,5797.37841796875,4664.583984375,3879.12451171875,4494.30517578125,4424.16748046875,5795.3662109375,6344.25146484375,8653.8505859375,11972.337890625
749,Husbands marry mothers and teen daughters at the same time.,en_multilingual_blimp_correct_affected.test,62270.421875,2035.27685546875,1590.0352783203125,1130.5914306640625,772.9874877929688,656.2919311523438,409.0172424316406,495.6618957519531,393.00006103515625,631.5603637695312,426.0366516113281,1204.9771728515625,877.3495483398438
750,Because Large Fries give you FOUR PIECES!,en_multilingual_blimp_correct_affected.test,53660.03515625,19556.28515625,9575.697265625,8646.55859375,7340.5908203125,9347.4912109375,7976.1416015625,15146.1650390625,16870.779296875,28046.5,47493.84375,48709.60546875,95644.03125
751,Traders over here seem to have a lot more respect for other humans.,en_multilingual_blimp_correct_affected.test,75174.53125,848.6915283203125,467.176025390625,323.83367919921875,280.77716064453125,279.1988525390625,273.66888427734375,251.19351196289062,300.8221130371094,267.2634582519531,376.8075866699219,305.3850402832031,327.56890869140625
752,"Rodents require special bedding in their cages to absorb their waste, and this needs to be cleaned regularly, or your hamster could suffer from problems due the buildup of ammonia from his urine.",en_multilingual_blimp_correct_affected.test,58211.71484375,2551.875732421875,3524.2880859375,3016.49951171875,2601.001220703125,2042.6973876953125,2295.167724609375,2865.38720703125,3192.369384765625,3632.57373046875,4742.4296875,4634.95751953125,9327.6337890625
753,These appear to be extraarticular.,en_multilingual_blimp_correct_affected.test,60323.19921875,2146.94189453125,5907.83837890625,4612.63671875,5551.12841796875,4722.41845703125,5073.1455078125,6173.06103515625,7499.060546875,8440.7373046875,10150.61328125,14098.9404296875,14531.7490234375
754,"When the dancers start the step with the beat of ""dhin, dhin..."", the mental ideation should also be kept.",en_multilingual_blimp_correct_affected.test,50482.11328125,3201.314453125,4461.818359375,4761.4453125,3497.615478515625,3105.7333984375,3874.48828125,4453.15087890625,4769.06640625,4909.09619140625,4703.5859375,5571.181640625,8084.6279296875
755,There is a risk that observers underestimate the time that Al Qaeda has had to make progress in such recruitment and research and development.,en_multilingual_blimp_correct_affected.test,61509.6875,1282.0947265625,562.034912109375,399.6048278808594,307.70269775390625,260.4900817871094,219.95262145996094,251.00315856933594,263.1767578125,280.01611328125,266.8896789550781,305.9814758300781,407.9607238769531
756,"Compact 's Corona dryers remove at least twice as much water as the previous dryers, allowing a production increase of over 10% and a significant energy saving.",en_multilingual_blimp_correct_affected.test,52201.99609375,3835.573486328125,2144.2109375,2232.931396484375,1789.95703125,1232.879638671875,1218.283203125,1271.064697265625,1280.6826171875,1205.7576904296875,2088.343505859375,1371.03857421875,2715.328369140625
757,I just hate to see the poor dears experience a slow painful death that way :( .,en_multilingual_blimp_correct_affected.test,59916.4140625,1156.427734375,1148.83642578125,1297.8876953125,1482.3988037109375,1457.1905517578125,1672.2169189453125,1561.385986328125,1549.04833984375,1483.8712158203125,2057.353271484375,2064.07373046875,1662.4910888671875
758,"The days start to shorten & it gets even wetter, windier & colder.",en_multilingual_blimp_correct_affected.test,67316.25,5139.26025390625,9836.8759765625,14816.1435546875,11933.3994140625,18790.064453125,18566.087890625,18237.12109375,20013.025390625,28083.115234375,35296.91796875,27589.41015625,40683.578125
759,Some cruise aficionados refuse to sail on one or the other.,en_multilingual_blimp_correct_affected.test,53903.875,2473.614013671875,1523.9989013671875,1688.5513916015625,1386.5267333984375,1259.6591796875,1720.2252197265625,1212.5843505859375,1428.22314453125,1235.7176513671875,1718.0587158203125,1745.678466796875,1955.89892578125
760,"But words also work in other ways, more subtle.",en_multilingual_blimp_correct_affected.test,60292.0234375,1836.576171875,2990.528076171875,1984.7293701171875,1599.73388671875,2089.5126953125,2504.10107421875,1660.6678466796875,2139.815185546875,2276.776611328125,1045.701416015625,1466.0711669921875,3320.093017578125
761,The price spikes pose real political risks for Davis and he and his folks need and want an easy way out.,en_multilingual_blimp_correct_affected.test,48651.8046875,3208.640869140625,1873.7962646484375,1408.714599609375,1808.6046142578125,1669.2532958984375,1419.592041015625,1800.781494140625,2074.666259765625,1757.5472412109375,1934.9794921875,2461.64990234375,3866.20947265625
762,"Many details remain to be worked out, but we will keep you advised.",en_multilingual_blimp_correct_affected.test,57171.49609375,846.218017578125,1483.8712158203125,1333.4910888671875,1396.822509765625,1249.792724609375,2057.04931640625,1686.65234375,1935.208251953125,2855.78564453125,2998.298583984375,2123.84521484375,3883.84423828125
763,"If the negotiations stall, it seems like I need to go ahead and cut off the utilities.",en_multilingual_blimp_correct_affected.test,58242.3671875,820.857177734375,883.69287109375,580.8139038085938,763.7011108398438,771.7871704101562,698.7806396484375,962.7615966796875,788.3953247070312,674.690185546875,746.5651245117188,912.7947998046875,1088.8963623046875
764,Either way rec. and dom. white genes dilute the black gene.,en_multilingual_blimp_correct_affected.test,61182.0,4197.21484375,7758.4599609375,8575.212890625,20972.9296875,12344.7734375,15374.9716796875,15415.861328125,25775.650390625,33797.19140625,21348.212890625,17743.56640625,51011.80078125
765,When she goes to the zoo the elephants throw her peanuts.,en_multilingual_blimp_correct_affected.test,67306.171875,1610.0081787109375,1666.4522705078125,1833.2567138671875,1047.5164794921875,733.3631591796875,756.398681640625,774.9866943359375,1029.2154541015625,676.1917114257812,928.5531616210938,1478.442138671875,1704.50830078125
766,Clasp a rare and radiant maiden whom the angels name Lenore.',en_multilingual_blimp_correct_affected.test,57030.5078125,21384.400390625,8113.46923828125,6825.39404296875,6232.68896484375,4379.046875,5389.74169921875,6542.78076171875,5380.1689453125,6556.7041015625,15228.765625,13239.5771484375,11822.298828125
767,"Like you said ""the kids egg him on"".",en_multilingual_blimp_correct_affected.test,43899.125,3144.4892578125,4942.783203125,4833.82177734375,3779.58154296875,4529.2998046875,8211.65234375,5897.36279296875,6873.0244140625,6595.93310546875,6388.32861328125,9532.390625,10350.85546875
768,"Loads of places have geographical hazards, if you are constantly paranoid, you 'll never get anywhere without a sense of adventure.",en_multilingual_blimp_correct_affected.test,52691.609375,2194.7236328125,3271.3017578125,2575.5009765625,1776.6220703125,1707.37158203125,1733.293212890625,1482.638427734375,1514.4017333984375,1813.4578857421875,2415.79443359375,3112.47314453125,5400.64990234375
769,Workers who do these introductions look at the interaction objectively; and it 's good to see they are able and willing to say no if they feel there would be a problem.,en_multilingual_blimp_correct_affected.test,54293.75390625,614.6010131835938,542.4171142578125,510.1889953613281,440.2508239746094,421.5969543457031,404.6797790527344,454.58538818359375,466.94085693359375,473.7154846191406,471.17340087890625,530.2164916992188,522.4182739257812
770,"Yes, lovely creature, am n't she?",en_multilingual_blimp_incorrect_affected.test,42677.7578125,29528.236328125,75297.21875,54507.03515625,34601.70703125,74234.5390625,70307.453125,59191.0390625,47381.51171875,112840.8515625,72130.859375,127111.75,113203.9921875
771,There am no easy answer to the painful issue of abortion.,en_multilingual_blimp_incorrect_affected.test,60776.37890625,1335.556640625,1300.2706298828125,737.6461181640625,692.5692138671875,476.9466552734375,387.6334228515625,463.2898254394531,427.1089782714844,547.592529296875,622.856201171875,409.1900329589844,555.7135009765625
772,"Right up to a week after my birth he continued to say, 'How am he?'",en_multilingual_blimp_incorrect_affected.test,59176.984375,851.8868408203125,964.2023315429688,1082.582275390625,1071.48095703125,969.2554931640625,989.489501953125,1070.3504638671875,1238.945556640625,1008.508056640625,1740.9278564453125,1676.0582275390625,3443.5048828125
773,This is whale meat that I photographed in a grocery store in Tokyo - or am it?,en_multilingual_blimp_incorrect_affected.test,61111.38671875,1427.07470703125,1128.3675537109375,864.0239868164062,854.8907470703125,496.5333557128906,362.7564392089844,341.01983642578125,432.99591064453125,394.7049255371094,381.87420654296875,380.5997009277344,360.4947509765625
774,Among them am the former cloister from the abbey church of St. Peter and Paul.,en_multilingual_blimp_incorrect_affected.test,53737.828125,2372.85400390625,1337.073974609375,678.2257690429688,542.9903564453125,487.8447265625,599.5213012695312,609.9068603515625,713.9933471679688,674.9746704101562,760.124267578125,757.0279541015625,685.5986938476562
775,how much 'm a flight from washington to montreal,en_multilingual_blimp_incorrect_affected.test,55130.08984375,6032.2998046875,3389.100341796875,5319.24853515625,7383.56591796875,3814.990966796875,4754.384765625,4734.806640625,7268.8310546875,7021.8095703125,7294.462890625,9596.44921875,8159.234375
776,Among them 'm the former cloister from the abbey church of St. Peter and Paul.,en_multilingual_blimp_incorrect_affected.test,54155.8359375,2731.700927734375,1373.86962890625,761.149658203125,719.9241943359375,778.89404296875,885.53662109375,1082.0682373046875,1353.2679443359375,1174.5084228515625,1520.7415771484375,1600.265625,1499.4302978515625
777,"Right up to a week after my birth he continued to say, 'How 'm he?'",en_multilingual_blimp_incorrect_affected.test,61337.5234375,1324.9927978515625,1412.447021484375,1855.3388671875,1560.623046875,1229.8287353515625,1118.8868408203125,1155.762939453125,1283.39013671875,942.233154296875,1818.80029296875,1727.37158203125,3790.59130859375
778,There 'm no easy answer to the painful issue of abortion.,en_multilingual_blimp_incorrect_affected.test,75865.4921875,1809.2178955078125,1795.1949462890625,1172.790283203125,1121.120361328125,761.34716796875,713.7850952148438,759.7579345703125,591.4146118164062,867.1563110351562,866.09423828125,804.474609375,1153.9111328125
779,how much 'm a flight from washington to boston,en_multilingual_blimp_incorrect_affected.test,50821.65234375,5272.1689453125,3134.67724609375,4589.3984375,6598.65087890625,3438.923583984375,4092.90380859375,4225.4208984375,5955.60009765625,5505.23583984375,6484.27880859375,9654.7216796875,7653.583984375
780,But here am a mushroom that's past its prime.,en_multilingual_blimp_incorrect_affected.test,47193.28125,1247.3482666015625,1154.0970458984375,724.0167236328125,728.3826293945312,477.7690734863281,692.1984252929688,646.2735595703125,1151.07275390625,903.9755249023438,1080.1077880859375,1092.6485595703125,1139.25390625
781,"Yes, lovely creature, 'm n't she?",en_multilingual_blimp_incorrect_affected.test,41359.65234375,13966.0263671875,44363.671875,42027.8046875,22605.8671875,31440.677734375,49410.23046875,47374.734375,34229.546875,106707.890625,94171.0,180908.78125,200197.921875
782,how much am a flight from washington to montreal,en_multilingual_blimp_incorrect_affected.test,50015.125,5357.05810546875,2798.787841796875,4596.00341796875,6349.78955078125,4658.94189453125,7207.71923828125,5203.38671875,7946.12109375,7248.7763671875,7787.39990234375,12749.423828125,10592.236328125
783,"For one thing, there am increasing concern, and that is undoubtedly true, on the part of experts too.",en_multilingual_blimp_incorrect_affected.test,58820.54296875,1369.236083984375,4556.033203125,2839.188232421875,3516.64013671875,4469.0751953125,5528.09521484375,4115.6328125,4068.654296875,8462.966796875,4489.892578125,4737.47119140625,8665.2470703125
784,"Their minds are of the stay-at-home order, and their home is always with them – the ship; and so am their country – the sea.",en_multilingual_blimp_incorrect_affected.test,52853.9140625,1786.267578125,2384.50830078125,2455.53369140625,2495.928955078125,2314.81396484375,2328.154052734375,1773.80078125,1715.6175537109375,1471.5467529296875,2028.0113525390625,2798.5634765625,3185.09228515625
785,how much am a flight from washington to boston,en_multilingual_blimp_incorrect_affected.test,49396.09765625,4620.16064453125,2540.401611328125,3371.707763671875,5090.626953125,4079.723876953125,5945.43017578125,4830.375,6196.48291015625,5822.40087890625,6357.994140625,11830.318359375,8905.677734375
786,"Tindi Kente is a wonderful dancer, wonderful, 'm n't she... just like a snake brought out by music, and sometimes he 'll try with her.",en_multilingual_blimp_incorrect_affected.test,47223.26171875,2530.686767578125,3467.2177734375,3554.08447265625,2257.97509765625,2763.70361328125,2546.19580078125,2609.0966796875,2340.62548828125,2535.3671875,3565.675048828125,5220.40087890625,5521.15087890625
787,"For one thing, there 'm increasing concern, and that is undoubtedly true, on the part of experts too.",en_multilingual_blimp_incorrect_affected.test,57140.69921875,1792.23486328125,4697.525390625,4184.98388671875,4433.244140625,4733.56005859375,5713.5166015625,4167.4482421875,4391.59716796875,7995.775390625,4843.56298828125,5253.017578125,10839.330078125
788,In the corner 'm a girl in a headscarf and jeans who looks so unassuming I think it’s another assistant.,en_multilingual_blimp_incorrect_affected.test,54422.88671875,1387.365966796875,916.3761596679688,621.503662109375,712.1888427734375,833.4462890625,875.739990234375,751.0834350585938,770.0980224609375,733.978515625,1168.3104248046875,1164.23193359375,1182.013427734375
789,"Their minds are of the stay-at-home order, and their home is always with them – the ship; and so 'm their country – the sea.",en_multilingual_blimp_incorrect_affected.test,54720.83984375,1881.598388671875,2663.3564453125,2986.204833984375,3067.5517578125,2927.890869140625,3175.205078125,2490.505615234375,2688.252197265625,2478.491455078125,3182.23828125,4347.8994140625,5069.7890625
790,This is whale meat that I photographed in a grocery store in Tokyo - or 'm it?,en_multilingual_blimp_incorrect_affected.test,69750.2734375,1770.2213134765625,1283.794189453125,1127.92919921875,1092.938720703125,720.931396484375,518.04638671875,534.9775390625,643.220703125,636.5274047851562,658.4315185546875,728.601806640625,656.0606689453125
791,But here 'm a mushroom that's past its prime.,en_multilingual_blimp_incorrect_affected.test,48440.2265625,1606.05615234375,1721.85595703125,1313.9432373046875,1209.9505615234375,834.0250854492188,1029.974365234375,989.7584228515625,1380.1192626953125,1364.3428955078125,1839.7509765625,1397.4219970703125,1778.667236328125
792,In the corner am a girl in a headscarf and jeans who looks so unassuming I think it’s another assistant.,en_multilingual_blimp_incorrect_affected.test,59608.24609375,1157.1917724609375,865.044677734375,598.2744750976562,691.9525756835938,718.4656982421875,870.2227783203125,671.7720947265625,690.3518676757812,718.863525390625,1000.9384765625,1050.4000244140625,1073.15771484375
793,"You say I cook chicken, 'm n't it?",en_multilingual_blimp_incorrect_affected.test,41697.83984375,4442.38134765625,8507.9609375,9817.8310546875,8946.0,6620.02490234375,8750.841796875,9608.6015625,7586.77001953125,6616.62939453125,6711.4619140625,11946.5966796875,11899.7490234375
794,"Tindi Kente is a wonderful dancer, wonderful, am n't she... just like a snake brought out by music, and sometimes he 'll try with her.",en_multilingual_blimp_incorrect_affected.test,47694.09765625,2863.541748046875,3828.8125,3341.0498046875,2284.431396484375,3094.705322265625,2405.280517578125,2224.572998046875,2032.909423828125,2292.101806640625,3073.088623046875,3600.903564453125,3719.785400390625
795,"The answer is obvious, 'm n't it?",en_multilingual_blimp_incorrect_affected.test,59881.11328125,5081.2802734375,6996.8291015625,5008.80859375,6432.54150390625,4420.84375,5298.05078125,6165.17138671875,6979.67431640625,8984.826171875,8871.0849609375,11633.041015625,12326.9150390625
796,"You say I cook chicken, am n't it?",en_multilingual_blimp_incorrect_affected.test,45966.15234375,8506.013671875,12938.2978515625,13505.146484375,11917.033203125,11271.775390625,14795.21875,13632.7626953125,12878.8017578125,10046.7451171875,12678.9033203125,17779.408203125,14238.4677734375
797,"The answer is obvious, am n't it?",en_multilingual_blimp_incorrect_affected.test,64650.4765625,9750.3701171875,9112.5234375,5702.87353515625,11956.6044921875,10192.4404296875,13191.091796875,11142.431640625,13307.3505859375,14251.15625,18404.66015625,18266.275390625,24012.951171875
798,What does the new al-Qaeda videotape and audio speeches of Bin Laden and Ayman al-Zawahiri tell us about the hopes of the remaining top leadership of the organization?,en_multilingual_blimp_incorrect_affected.test,54475.85546875,3726.674072265625,2296.46484375,1710.0252685546875,1366.450927734375,1462.798828125,1420.34228515625,1949.0391845703125,2081.427978515625,1918.998779296875,2250.005615234375,2435.42919921875,2423.48193359375
799,What does other Holga owners do when they need to change film when they are traveling?,en_multilingual_blimp_incorrect_affected.test,58007.27734375,1504.0648193359375,1246.97119140625,1252.9462890625,786.5707397460938,754.431640625,729.8901977539062,777.7969970703125,1227.6650390625,1487.181396484375,1188.0318603515625,1569.2620849609375,1959.828369140625
800,"Even the IP and ICDC have abandoned the neighbourhood, and those are trained and armed, so do n't expect scared civilians to do anything except to hide inside and pray a helicopter or a tank does n't bomb them, and also how is American soldiers going to distinguish the brave and valiant civilians from the Fedayeen?",en_multilingual_blimp_incorrect_affected.test,59845.6015625,2688.431640625,2770.642578125,2727.469482421875,2845.177001953125,2526.210205078125,2458.13916015625,2432.865234375,2729.265869140625,2904.464599609375,4414.14990234375,5235.05859375,7156.10400390625
801,"When those lucky enough not to have Herpes create a climate of shame and indignity for those of us who do, not only is they hurting us, but they are hurting themselves.",en_multilingual_blimp_incorrect_affected.test,55293.26171875,1465.40087890625,1775.8436279296875,1491.5574951171875,1024.694091796875,742.8538818359375,555.7819213867188,491.0306091308594,580.1282958984375,623.3170166015625,738.3858032226562,619.0614624023438,911.0828857421875
802,Is there any other way to communicate or does your friends only understand text.,en_multilingual_blimp_incorrect_affected.test,63746.390625,856.97509765625,628.951171875,464.1705627441406,275.03753662109375,393.08551025390625,394.05126953125,257.6165466308594,274.25738525390625,271.0660705566406,394.4955139160156,416.5650329589844,478.2198791503906
803,What does french men find sexy?,en_multilingual_blimp_incorrect_affected.test,50562.140625,21544.826171875,37103.16796875,16345.4521484375,26173.869140625,26428.12890625,26225.314453125,30171.912109375,50491.11328125,57520.7421875,90839.2890625,69545.09375,91661.7421875
804,Also how much does compact system cameras drop on boxing day?,en_multilingual_blimp_incorrect_affected.test,58730.6328125,11141.34765625,8112.63330078125,7742.64208984375,7839.1416015625,8984.4921875,10973.9951171875,11884.5966796875,20571.986328125,20241.65234375,19397.56640625,34104.23046875,26152.634765625
805,How does these places stay in business.,en_multilingual_blimp_incorrect_affected.test,54537.5546875,1237.20458984375,764.2737426757812,759.53515625,721.3932495117188,858.6046752929688,922.2994384765625,887.2514038085938,937.7473754882812,834.3671875,841.6044311523438,1119.9171142578125,1121.9208984375
806,How is things going with you?,en_multilingual_blimp_incorrect_affected.test,61395.57421875,1224.4349365234375,658.7178955078125,1122.747802734375,576.5661010742188,566.8861083984375,677.6283569335938,541.9799194335938,584.1730346679688,532.4264526367188,351.61602783203125,640.5819702148438,1049.36474609375
807,"It looks good on paper, but what does they really have?",en_multilingual_blimp_incorrect_affected.test,63793.27734375,1268.3148193359375,2048.961181640625,1505.8409423828125,1381.465087890625,1860.234130859375,1578.410888671875,1611.9056396484375,2932.7548828125,2619.10595703125,1958.952880859375,1706.1036376953125,4576.98046875
808,"People like this will never have my sympathy, nor does they deserve my sympathy.",en_multilingual_blimp_incorrect_affected.test,61819.19140625,1050.2852783203125,1654.37744140625,1516.0838623046875,1117.2640380859375,1177.054443359375,965.0477905273438,1090.94091796875,1402.985107421875,1382.4805908203125,2423.76513671875,1639.5926513671875,2012.610107421875
809,But does they know what they have heard?,en_multilingual_blimp_incorrect_affected.test,65481.46875,453.9333801269531,480.7577819824219,633.9923095703125,395.7631530761719,482.8182678222656,428.9037780761719,437.2671813964844,436.6912841796875,612.295654296875,450.6835632324219,580.7368774414062,960.467529296875
810,"Struggling against the currents of human nature and society, they may lose more often than they win - but only rarely does they give up.",en_multilingual_blimp_incorrect_affected.test,50087.5390625,1639.0391845703125,1366.758544921875,886.8783569335938,681.372314453125,541.9652099609375,445.0518798828125,553.6409912109375,478.6729736328125,536.1663208007812,520.455810546875,679.7189331054688,1009.5458984375
811,What does they want to hear how you had to go round to the back door of the missionary 's house?,en_multilingual_blimp_incorrect_affected.test,56873.43359375,496.6143493652344,262.6821594238281,282.07171630859375,167.06411743164062,152.76693725585938,192.71343994140625,173.51487731933594,158.1571502685547,141.21714782714844,187.38946533203125,289.5105895996094,312.1687927246094
812,"The below site from the US government verify this-it 's the same for Canada ,too.....",en_multilingual_blimp_incorrect_affected.test,70615.421875,2643.25390625,2171.803955078125,2107.380859375,1560.3797607421875,2076.28125,2604.22412109375,2315.773193359375,2179.0859375,2341.56103515625,2510.116455078125,3162.114501953125,4832.0244140625
813,"Typically, a developer creates an XSL transformation file that, when applied to an XML document during export, interpret or transforms the XML data into a presentation format that can be recognized by another application, such as Service Advertising Protocol (SAP) or a custom purchase order format.",en_multilingual_blimp_incorrect_affected.test,58243.421875,5032.56689453125,5692.6416015625,3352.457275390625,2459.257568359375,2800.908935546875,3544.0322265625,4125.724609375,4002.646728515625,3638.38818359375,4540.2841796875,4690.3134765625,8987.0625
814,"In the best case, the clamoring for a ""refund"" subside.",en_multilingual_blimp_incorrect_affected.test,50947.578125,3676.417236328125,5123.74658203125,3007.738037109375,3408.311279296875,4224.4580078125,5499.42138671875,5209.3251953125,5569.2158203125,7055.2578125,7523.171875,13271.69921875,16290.796875
815,Can you accept that the road we are travelling point toward a grim and painful future?,en_multilingual_blimp_incorrect_affected.test,72228.2734375,2017.59228515625,1529.9212646484375,1278.8824462890625,1485.47607421875,1475.7904052734375,1444.47509765625,1272.5347900390625,1820.56591796875,1348.06396484375,1698.1019287109375,1898.1781005859375,1809.9141845703125
816,Scientific research to develop products like irradiated sterile insects or the Oxitec mosquitoes proceed progressively from more to less contained conditions – from the laboratory to confined trials to limited field trials.,en_multilingual_blimp_incorrect_affected.test,60592.28515625,7420.00390625,5434.15380859375,3723.31689453125,2193.518310546875,1963.0335693359375,1967.300048828125,2284.686279296875,2804.24072265625,3869.51806640625,3705.866455078125,5186.2802734375,7456.55810546875
817,"""Balzac's use of repeating characters, moving in and out of the Comédie's books, strengthen the realist representation.",en_multilingual_blimp_incorrect_affected.test,55496.01953125,5033.6904296875,6649.91015625,7503.1806640625,6350.37109375,6901.80078125,9189.9072265625,8557.91796875,12547.8251953125,13669.958984375,13347.169921875,15301.671875,24686.16796875
818,"Like The Two Gentlemen of Verona, in which two friends appear to approve of rape, the Shrew's story of the taming of a woman's independent spirit by a man sometimes trouble modern critics and directors.",en_multilingual_blimp_incorrect_affected.test,55280.6640625,2117.8857421875,2855.712158203125,2750.147216796875,2402.58447265625,2113.749267578125,1846.33154296875,2020.9420166015625,1988.182861328125,2336.6376953125,2785.700927734375,3361.2001953125,3224.435546875
819,The feeling of being swept along and of uncertainty as regards the future prevent you from seeing things in any perspective whatsoever.,en_multilingual_blimp_incorrect_affected.test,56894.80859375,2054.931884765625,1375.8751220703125,818.1947631835938,796.0639038085938,598.637451171875,665.3357543945312,597.504150390625,597.2673950195312,747.36083984375,1133.2047119140625,655.2184448242188,904.861328125
820,"750,000 - Tons of toxic waste the US military, the world 's biggest polluter, generate around the world each year.",en_multilingual_blimp_incorrect_affected.test,52578.21484375,2394.854736328125,2250.75146484375,1580.6207275390625,1066.99072265625,1337.17333984375,1096.3492431640625,1230.3326416015625,1663.6353759765625,1200.8873291015625,1325.1298828125,2008.0567626953125,2402.49853515625
821,"Your love life is full, and any dissatisfaction with career and money matters fade into the background.",en_multilingual_blimp_incorrect_affected.test,55176.4296875,2284.884521484375,3021.249755859375,2360.114013671875,1839.2220458984375,2743.16259765625,2794.971923828125,3332.16259765625,3758.665283203125,3177.822509765625,3921.389892578125,4339.46533203125,5147.525390625
822,Examination of three views of the right foot demonstrate the second through fifth metatarsal head fractures.,en_multilingual_blimp_incorrect_affected.test,51167.6171875,6832.4345703125,5093.14697265625,5611.02783203125,5309.587890625,6230.65673828125,6138.95166015625,6336.88623046875,8697.859375,8122.3798828125,12503.078125,15382.509765625,18755.474609375
823,"In this scenario, pieces of option three remain stubbornly impervious to artificial intelligence and continue to be mind-numbingly boring, while option four – engaging in social reciprocity and negotiation – remain limited.",en_multilingual_blimp_incorrect_affected.test,51028.0546875,6242.52197265625,5362.5888671875,3781.304931640625,3322.82666015625,3423.4755859375,3423.521240234375,3395.133544921875,4066.2880859375,4930.6650390625,5902.84326171875,6147.42333984375,7441.46875
824,"Yet a superficial fixation on China's headline GDP growth persist, so that a 25% deceleration, to a 7-8% annual rate, is perceived as somehow heralding the end of the modern world's greatest development story.",en_multilingual_blimp_incorrect_affected.test,67499.2734375,3925.831298828125,4587.23681640625,3051.926025390625,2674.84033203125,2333.848388671875,1904.6905517578125,2427.98046875,2633.606689453125,2771.176513671875,3629.08349609375,3460.16552734375,5083.10302734375
825,"Then every element of S strictly precede x, as x is in T.",en_multilingual_blimp_incorrect_affected.test,57439.9453125,2917.35791015625,3938.11962890625,1859.5797119140625,2472.66943359375,3996.2353515625,4486.66064453125,4156.25146484375,6348.5361328125,6504.33935546875,7161.90087890625,5259.08740234375,9718.6025390625
826,"Now, NASA engineers and astronauts are almost giddy with ""go"" fever as the tentative date for the first launch since the Columbia disaster approach.",en_multilingual_blimp_incorrect_affected.test,58961.90234375,4770.79052734375,5087.0400390625,4042.150146484375,2946.5126953125,3163.070556640625,3210.853759765625,3447.31005859375,3949.722900390625,3878.211181640625,4783.72900390625,4981.6640625,7288.642578125
827,"Your learning of concepts of all kinds combine with extensive group activity, bringing your mind into a whole new space this year.",en_multilingual_blimp_incorrect_affected.test,44821.515625,1452.3367919921875,1718.791259765625,1440.682861328125,1447.786376953125,1349.1165771484375,1254.254150390625,1408.195556640625,1588.9718017578125,1680.162353515625,1716.5830078125,2002.3590087890625,2523.9814453125
828,The default view – the view in which the object is open when you carry out the Save As command – determine the design of the data access page.,en_multilingual_blimp_incorrect_affected.test,69904.6328125,1338.778564453125,892.8135986328125,524.943603515625,422.526123046875,424.11859130859375,492.85516357421875,523.70703125,521.76806640625,517.7384643554688,637.5966796875,575.3831787109375,736.512939453125
829,"If the snake is not pregnant or shedding, and its enclosure is properly equipped, a loss of appetite probably signal a beginning of hibernation.",en_multilingual_blimp_incorrect_affected.test,63852.56640625,2118.751220703125,4834.43505859375,3137.0517578125,4537.72119140625,3872.427001953125,4073.962158203125,3888.576904296875,4049.226318359375,4566.4296875,5791.25048828125,7733.93408203125,7613.52197265625
830,"Also, every element of S strictly precede x, as x is in T.",en_multilingual_blimp_incorrect_affected.test,47518.171875,3208.9833984375,6089.1279296875,2916.912841796875,2629.3896484375,3177.362060546875,4163.3564453125,3989.423095703125,6534.61865234375,5565.48828125,5301.28564453125,5787.99853515625,8917.0478515625
831,"The problem with this argument is that Bush lacked the experience necessary to be president when he ran in 2000, so this sort of cheap shot just hoist him by his own petard.",en_multilingual_blimp_incorrect_affected.test,59121.3046875,1237.4134521484375,1003.085693359375,660.5441284179688,494.28045654296875,469.5816345214844,615.8493041992188,706.3639526367188,829.7996215820312,879.4992065429688,1106.4892578125,1263.9281005859375,1468.0257568359375
832,Our project of a Europe that aims to satisfy social needs envisage the convergence of living conditions towards the highest common denominator.,en_multilingual_blimp_incorrect_affected.test,49787.45703125,2977.3115234375,1805.732421875,1362.0255126953125,1162.5115966796875,1022.820556640625,905.6884155273438,1049.634521484375,1231.492431640625,1133.307373046875,1977.775146484375,1678.3448486328125,1755.3660888671875
833,"China 's strong hand in this even extend to the diplomatic realm; China is a permanent member of the United Nations Security Council, and could veto any actions against Iran proposed by the United States.",en_multilingual_blimp_incorrect_affected.test,55672.328125,2058.217041015625,1316.3564453125,982.7503662109375,1037.5626220703125,826.7269287109375,786.4807739257812,1021.4334106445312,1014.0926513671875,1068.4014892578125,1173.927734375,1566.1253662109375,1767.2999267578125
834,"Let me join the chorus of annoyance over Google 's new toolbar , which, as noted in the linked article, commit just about every sin an online marketer could commit, and makes up a few new ones besides.",en_multilingual_blimp_incorrect_affected.test,65424.59765625,2450.049560546875,3706.767578125,2820.841064453125,2434.92529296875,1975.8043212890625,1994.102783203125,2201.476806640625,2853.22119140625,3545.451904296875,3354.094482421875,3586.97802734375,5662.00244140625
835,"In the next week or so, we 'll be sending around a discussion paper which we hope crystallize the issues, and we will try to talk to as many of you as possible before the meeting to go through it.",en_multilingual_blimp_incorrect_affected.test,56030.20703125,524.531005859375,590.7474975585938,496.030029296875,418.78326416015625,350.6842346191406,356.56439208984375,379.1563720703125,364.6379089355469,398.3881530761719,426.1185302734375,481.24285888671875,620.824462890625
836,"Indeed, its three-year plan for economic innovation, announced in February, aim to raise the female employment rate to 62% by 2017, through the provision of affordable, high-quality childcare facilities and expanded paid parental leave, among other measures.",en_multilingual_blimp_incorrect_affected.test,54827.6640625,6319.59521484375,7587.65966796875,5547.826171875,3849.3154296875,4393.2939453125,4223.78515625,5341.9873046875,6578.4130859375,6564.048828125,6987.88671875,7307.45458984375,10455.6328125
837,"Al Qaeda members and sympathizers feel that the FBI 's involvement in countries like Egypt, Saudi Arabia, Pakistan, Indonesia, and the Philippines interfere with the sovereignty of those countries.",en_multilingual_blimp_incorrect_affected.test,59509.01953125,3862.929443359375,3639.69287109375,3486.309814453125,2323.767578125,1782.2271728515625,2003.9847412109375,2496.72412109375,2579.241943359375,2564.634521484375,2946.7529296875,5986.4462890625,4680.6572265625
838,I have to say the value of this place always amaze me.,en_multilingual_blimp_incorrect_affected.test,70142.234375,349.0273132324219,234.093017578125,273.1605529785156,260.0158996582031,235.37986755371094,293.2044372558594,198.89244079589844,174.0994873046875,245.06314086914062,211.48521423339844,261.7641296386719,291.3576354980469
839,"The mycelium, in the right conditions, produce a mushroom - it bursts through with such ferocity that it can break asphalt.",en_multilingual_blimp_incorrect_affected.test,51698.28515625,3360.943359375,4829.255859375,2500.1015625,2085.279541015625,1496.1170654296875,1882.5596923828125,1766.9180908203125,2118.028076171875,1940.7159423828125,2215.412109375,1882.5137939453125,2764.7119140625
840,The title page of the 1594 edition of Titus Andronicus reveal that the play had been acted by three different troupes.,en_multilingual_blimp_incorrect_affected.test,60240.01171875,3796.16259765625,2165.026123046875,1853.7718505859375,1408.0162353515625,1783.3153076171875,1797.6439208984375,2008.3038330078125,1995.62939453125,2091.9912109375,2069.318359375,3219.212158203125,3862.767333984375
841,"In the photo on the couch, the pillow she is resting on clash with everything else in the shot.",en_multilingual_blimp_incorrect_affected.test,60758.47265625,944.6863403320312,1576.0667724609375,1144.849365234375,1151.00244140625,1131.9378662109375,1420.322021484375,1297.238525390625,1026.1351318359375,1570.1041259765625,1661.4671630859375,2595.400146484375,3465.5087890625
842,"But Carney argues that, on the contrary, the rest of the British economy benefit from having a global financial center in its midst.",en_multilingual_blimp_incorrect_affected.test,58778.5390625,1459.59033203125,1662.2095947265625,1486.765869140625,976.361083984375,716.50390625,706.321533203125,824.43896484375,947.3401489257812,1171.756103515625,1369.6402587890625,1591.647216796875,1643.7227783203125
843,"(11) The approach set out in the Green Paper on Integrated Product Policy, which is a major innovative element of the Sixth Community Environment Action Programme, aim to reduce the environmental impacts of products across the whole of their life cycle.",en_multilingual_blimp_incorrect_affected.test,60983.0703125,2256.396240234375,1274.75927734375,1005.78125,948.1318969726562,883.8568115234375,799.2317504882812,869.761474609375,1047.965087890625,1244.3433837890625,1371.3372802734375,1884.64697265625,1913.5765380859375
844,"Remember that what you do to yourself affects me and everybody else, remember that what you do to me and anyone else shape your destiny.",en_multilingual_blimp_incorrect_affected.test,58339.703125,499.44720458984375,450.2142639160156,311.3148193359375,357.0716247558594,273.15716552734375,266.9145202636719,268.680908203125,260.21746826171875,309.3576354980469,188.24044799804688,211.83685302734375,302.5232849121094
845,"Of course the paper written by Mr Eichelberger and his Egyptian collaborators state that the purpose of the Nasser seizure of power was ""to solve the pressing social and political problems which made the revolution necessary.""",en_multilingual_blimp_incorrect_affected.test,56537.1796875,2361.737548828125,1507.077880859375,1474.6141357421875,1770.79296875,1270.8896484375,1003.2894897460938,1145.0103759765625,1378.263427734375,1278.75439453125,1538.377197265625,1740.547607421875,2083.006591796875
846,"Today, the dominant method for reducing insect populations – the so-called ""sterile insect technique"" (SIT) – rely on radiation to sterilize males, which are then released into infested areas to mate.",en_multilingual_blimp_incorrect_affected.test,52244.47265625,8603.6123046875,7825.80810546875,6384.650390625,5315.55126953125,5762.3271484375,5058.4638671875,4848.1708984375,5325.42041015625,5289.98291015625,5117.75927734375,6131.4912109375,10401.876953125
847,"The name ""Caribbean"" derive from the Caribs, one of the dominant Native American groups in the region at the time of European contact during the late 15th century.",en_multilingual_blimp_incorrect_affected.test,63926.2890625,2179.548583984375,1417.1248779296875,1274.6864013671875,710.5325317382812,643.20751953125,560.0394287109375,526.8999633789062,570.697021484375,674.4148559570312,671.3939208984375,756.648681640625,932.443115234375
848,"The centrality of a father in this novel match Balzac's own position - not only as mentor to his troubled young secretary, Jules Sandeau, but also the fact that he had (most likely) fathered a child, Marie-Caroline, with his otherwise-married lover, Maria Du Fresnay.",en_multilingual_blimp_incorrect_affected.test,61019.1953125,6357.83642578125,9616.6318359375,7840.5322265625,6226.86083984375,4655.01171875,3914.38427734375,4320.67626953125,5274.4267578125,6158.6015625,7426.04931640625,8300.1328125,9902.6787109375
849,Another theme of the Skylark novels involve precursors of modern information technology.,en_multilingual_blimp_incorrect_affected.test,57645.1796875,6475.90478515625,3448.6845703125,2305.01318359375,2156.50927734375,2069.7841796875,1270.749755859375,1653.31982421875,2281.099365234375,2694.476318359375,1931.87353515625,2793.891357421875,3714.259033203125
850,"Article 6 of the Gallup Compression Services Agreement (which I am sending to you separately) with ECS obligate ECS to ""work in good faith with CDEC"" to establish an automated system that would automatically have alerted us to peak loading conditions on CDEC 's system.",en_multilingual_blimp_incorrect_affected.test,59020.86328125,6130.5849609375,2440.713134765625,2132.866455078125,1893.89892578125,1687.75537109375,1635.849609375,1905.407470703125,2357.631591796875,3049.133056640625,2805.447021484375,3532.960205078125,3871.09423828125
851,"If you move the line downward, the distance between the moving line and the nearest parallel line below remain constant, and the perpendicular line above the moving line lengthens.",en_multilingual_blimp_incorrect_affected.test,60971.265625,3352.10546875,4490.384765625,2992.39404296875,1659.9364013671875,1732.7164306640625,1710.4664306640625,1894.51318359375,2127.417236328125,1605.2691650390625,2012.0296630859375,5044.38720703125,3629.806884765625
852,"If you move the line to the right, the distance between the moving line and the nearest parallel line to the right remain constant, and the perpendicular line to the left of the moving line lengthens.",en_multilingual_blimp_incorrect_affected.test,59738.96875,1265.5823974609375,1288.3751220703125,938.6734619140625,549.160400390625,552.936279296875,517.1068725585938,512.1458129882812,576.5479736328125,504.2319030761719,534.9451293945312,888.37158203125,793.6858520507812
853,"If you move the line to the left, the distance between the moving line and the nearest parallel line to the right remain constant, and the perpendicular line to the left of the moving line contracts.",en_multilingual_blimp_incorrect_affected.test,60182.9375,1099.327880859375,1240.49609375,841.7035522460938,525.168701171875,558.6986083984375,504.14727783203125,513.4216918945312,557.6515502929688,487.7900695800781,519.8054809570312,831.1892700195312,696.94873046875
854,"A MILNET brief issued in February 2005 report, ""Due to its position astride the Persian Gulf, Iran has constantly been a threat to the Gulf.",en_multilingual_blimp_incorrect_affected.test,63001.68359375,5821.2294921875,4568.61181640625,4333.03076171875,2888.239501953125,2586.549072265625,2542.531982421875,2596.272705078125,2534.511474609375,2337.812255859375,3292.484375,5242.8173828125,6646.94921875
855,The delicacy of the light also affect me.,en_multilingual_blimp_incorrect_affected.test,68282.3671875,1117.5203857421875,796.2381591796875,904.61328125,1040.3284912109375,762.6719360351562,1436.3948974609375,1233.0172119140625,1553.6368408203125,1368.941650390625,1762.5380859375,1552.1507568359375,2083.3017578125
856,"In Othello, the villain Iago stoke Othello's sexual jealousy to the point where he murders the innocent wife who loves him.",en_multilingual_blimp_incorrect_affected.test,62602.3203125,4855.3330078125,4886.1767578125,3846.181396484375,3027.341064453125,2434.08349609375,1889.010498046875,2310.83837890625,2112.5693359375,2876.265869140625,2917.765380859375,4432.32666015625,4443.99560546875
857,"Furthermore, I would like to reiterate that RAC 's goal, prior to quoting any credit reserve, is to be 100% confident that: (i) the methodology that is being employed is consistent among the internal groups; and (ii) the inherent value of the price risk management contracts match.",en_multilingual_blimp_incorrect_affected.test,65065.19921875,3645.313720703125,4171.15771484375,4341.916015625,3749.43212890625,3103.003662109375,3266.92431640625,3687.091064453125,4292.07177734375,5221.26708984375,5549.541015625,6061.68212890625,9568.7041015625
858,"The ever increasing volume of goods passing through Europe entail all kinds of risks, known and unknown, for employees and the social environment.",en_multilingual_blimp_incorrect_affected.test,56169.203125,2769.9267578125,4733.4970703125,2357.60693359375,2257.011962890625,2408.864013671875,2086.692138671875,2758.806884765625,3029.984130859375,2945.220458984375,3210.725341796875,3648.245361328125,6306.75341796875
859,"The media routinely obscures the lines between terrorism and legitimate resistance, as the recent article by Daniel Okrent of The New York Times demonstrate .",en_multilingual_blimp_incorrect_affected.test,55341.74609375,6641.71533203125,3205.677001953125,2586.861328125,1760.3585205078125,1503.781494140625,1234.564453125,1597.9993896484375,1580.5250244140625,1595.663330078125,1604.1802978515625,1682.515625,2764.03173828125
860,"Mr President, the priority given to financial and monetary criteria reinforce the increase in inequalities of every shape and form.",en_multilingual_blimp_incorrect_affected.test,53490.66015625,4176.02197265625,3011.38330078125,2603.943603515625,2602.437744140625,2349.52880859375,3255.47607421875,2999.946044921875,4797.9111328125,4904.8798828125,6565.044921875,10067.1455078125,10992.146484375
861,"It is also a fact that almost everybody in the region blame this situation on the United States, on Israel, on Western Civilization, on Judaism and Christianity, on anyone and anything, except themselves.",en_multilingual_blimp_incorrect_affected.test,55683.3203125,1628.8287353515625,3865.53466796875,3171.473876953125,2211.027099609375,1953.46240234375,2106.132080078125,2157.283935546875,2156.212158203125,2142.022216796875,2704.004638671875,2787.789794921875,3753.388916015625
862,"If you move the line upward, the distance between the moving line and the nearest parallel line below remain constant, and the perpendicular line above the moving line contracts.",en_multilingual_blimp_incorrect_affected.test,63275.05078125,2831.618408203125,3895.32470703125,2482.199462890625,1542.9163818359375,1748.4033203125,1591.4892578125,1747.294921875,1793.9771728515625,1443.1339111328125,1627.0225830078125,3766.731689453125,3119.890625
863,"As the hysteria of the 2016 Presidential election intensify, a more troubling threat than bullshit preoccupies Karel.",en_multilingual_blimp_incorrect_affected.test,46246.9921875,14479.9833984375,9710.05078125,7571.9375,7333.50927734375,4113.91796875,3450.87548828125,3879.920166015625,5850.59912109375,5668.41552734375,5082.91845703125,7023.4638671875,7822.51025390625
864,"Mr President, I would once again like to congratulate Mr Koch on his magnificent work on this other report, which in a way supplement the debate which we held in October on rail transport.",en_multilingual_blimp_incorrect_affected.test,57023.765625,1596.80810546875,2054.912109375,2104.333251953125,2109.472900390625,2063.085693359375,2413.3408203125,2560.3271484375,2371.60400390625,3294.551025390625,4339.52734375,5082.01220703125,5552.27783203125
865,"As the hysteria of the 2016 Presidential election intensifies, a more troubling threat than bullshit preoccupy Karel.",en_multilingual_blimp_incorrect_affected.test,44857.43359375,13328.2939453125,8264.0224609375,7696.66650390625,7494.935546875,4332.29931640625,3797.998291015625,3977.266845703125,5927.93603515625,4924.55126953125,4393.4658203125,7412.89599609375,8188.31005859375
866,"(And, a piece of shrapnel in the forearm that caused only a minor wound would have killed had it hit an eye and gone into the brain; the shrapnel being in your body demonstrate you were in mortal danger and did n't absent yourself from it.",en_multilingual_blimp_incorrect_affected.test,60307.15234375,1956.2440185546875,1493.7611083984375,1308.3658447265625,1005.7686767578125,1013.4434814453125,1198.9322509765625,1045.7528076171875,1427.0916748046875,1332.6590576171875,1697.8768310546875,2080.032958984375,2214.44677734375
867,"Remember that what you do to yourself affect me and everybody else, remember that what you do to me and anyone else shapes your destiny.",en_multilingual_blimp_incorrect_affected.test,58338.08984375,490.9803161621094,482.1834716796875,326.5170593261719,364.2384033203125,294.01995849609375,295.10400390625,292.5682678222656,279.573974609375,357.2352600097656,214.66232299804688,251.62271118164062,339.61419677734375
868,A nearly infinite reserve of energy propel the characters in Balzac's novels.,en_multilingual_blimp_incorrect_affected.test,52536.36328125,6994.23388671875,3403.731201171875,2066.31884765625,2145.533447265625,2104.531005859375,3256.51953125,3096.833740234375,4928.83154296875,6590.51318359375,8050.69775390625,6305.73095703125,11099.0859375
869,"A second set of problems concern the need to ensure that the economic system is perceived as fundamentally fair, which is the key to its political sustainability.",en_multilingual_blimp_incorrect_affected.test,58760.77734375,1184.462158203125,962.6803588867188,608.5255126953125,445.9091796875,439.443359375,432.93048095703125,490.4491271972656,481.3856506347656,551.2120361328125,576.2706298828125,739.75,980.0983276367188
870,South Korea's success over the last five decades owe much to the rapid growth of its well-educated labor force.,en_multilingual_blimp_incorrect_affected.test,64101.92578125,2897.878173828125,1003.4445190429688,674.75390625,555.6412353515625,515.9374389648438,355.36181640625,437.8296813964844,571.431396484375,583.5519409179688,506.0559997558594,411.1290283203125,647.6438598632812
871,"The introduction of interim targets increase the predictability of the policy, allows for accommodating product development cycles and facilitates long term planning for interested parties.",en_multilingual_blimp_incorrect_affected.test,62965.22265625,7494.47119140625,5254.6806640625,2790.318115234375,2366.18212890625,2227.578125,1905.4954833984375,2202.871337890625,2799.12255859375,2725.678955078125,2263.958740234375,2753.56298828125,3545.759765625
872,"He always hug me when he comes, but he gave me at least 5 tight, long, back rubbing hugs while he was there.",en_multilingual_blimp_incorrect_affected.test,66749.15625,1650.4613037109375,2655.10546875,3068.997314453125,2813.56396484375,3315.764404296875,2834.557861328125,3060.404296875,3370.2099609375,3640.751953125,3574.68408203125,4494.4208984375,5299.37451171875
873,The 1616 edition of Ben Jonson's Works name him on the cast lists for Every Man In His Humour (1598) and Sejanus His Fall (1603).,en_multilingual_blimp_incorrect_affected.test,61596.2109375,7019.7744140625,4438.85791015625,4189.6962890625,4513.134765625,5072.662109375,4114.734375,6331.51611328125,5939.349609375,7009.74609375,9859.388671875,10027.58203125,14272.619140625
874,"With the default installation of the Microsoft SQL Server 2000 Desktop Engine with integrated security, the user must be a member of the administrator group for the machine on which the Access project reside.",en_multilingual_blimp_incorrect_affected.test,62692.35546875,2258.830322265625,1443.0740966796875,1196.166748046875,836.9065551757812,911.9830322265625,878.9880981445312,1029.158447265625,818.4757080078125,871.53125,1020.9454956054688,1476.16259765625,1638.331298828125
875,"11. In Events of Default, clause (a) refers to a dispute section which I 'm not sure exist.",en_multilingual_blimp_incorrect_affected.test,66802.3359375,3653.70849609375,3396.4580078125,3972.285888671875,3290.635498046875,2958.407470703125,2674.00244140625,2704.263916015625,2490.693115234375,2347.997802734375,5247.64990234375,6098.5947265625,6747.0791015625
876,"There 's holes everywhere in the ceiling, sewage constantly leak through the ceiling, and the whole condition of the school is horrible.",en_multilingual_blimp_incorrect_affected.test,56274.2421875,1167.73681640625,2074.437744140625,1578.8052978515625,1210.591796875,1032.0599365234375,1169.349365234375,1308.8763427734375,1233.6387939453125,1506.720703125,1614.3377685546875,2632.778076171875,2743.175537109375
877,"Which 's good, anything good count.",en_multilingual_blimp_incorrect_affected.test,44364.4765625,5017.98828125,11610.0322265625,5737.3828125,10585.6728515625,15976.193359375,17372.169921875,14930.1572265625,10349.2265625,13574.953125,14503.9765625,14297.27734375,25221.9609375
878,This Amendment amend the Transaction Fee referenced in subparagraph (c) of the Fee Schedule to the Subscription Agreement.,en_multilingual_blimp_incorrect_affected.test,74935.6640625,13985.4189453125,5986.56640625,3424.96142578125,4517.96630859375,4178.6552734375,5592.3837890625,6113.2509765625,7437.3330078125,8546.001953125,8775.671875,8802.3681640625,13870.64453125
879,"His cassock, dark red, swell with the body.",en_multilingual_blimp_incorrect_affected.test,50177.1796875,4339.79638671875,16502.443359375,10801.119140625,6853.74853515625,8982.6162109375,9989.107421875,10288.0576171875,13612.431640625,14428.2919921875,13288.4169921875,13724.6787109375,22322.544921875
880,"No written contemporary description of Shakespeare's physical appearance survive, and no evidence suggests that he ever commissioned a portrait, so the Droeshout engraving, which Ben Jonson approved of as a good likeness, and his Stratford monument provide the best evidence of his appearance.",en_multilingual_blimp_incorrect_affected.test,54550.8203125,3651.879638671875,6036.2529296875,5584.708984375,4836.22412109375,4600.75732421875,4079.058837890625,5119.00390625,5272.9482421875,6670.54052734375,8873.2763671875,13051.169921875,12664.208984375
881,"It has two parts, both of which are timed for 90 seconds each and the differential between the resulting two scores determine the likelihood of having a learning disability or attention deficit disorder.",en_multilingual_blimp_incorrect_affected.test,49278.89453125,2508.23681640625,1849.9254150390625,1135.8929443359375,1008.4695434570312,942.0134887695312,863.9530639648438,740.4215698242188,855.2046508789062,775.6259155273438,859.6817016601562,974.0499267578125,1475.427978515625
882,"As it stands, while the services sector account for more than 70% of employment in South Korea, its productivity-growth rate remains much lower than that of the manufacturing sector.",en_multilingual_blimp_incorrect_affected.test,51898.75,3035.74853515625,3028.022705078125,1972.759765625,1562.9317626953125,1417.4580078125,1287.018798828125,2165.515625,1765.070556640625,1885.626708984375,1821.776611328125,2263.6533203125,2738.2763671875
883,The historical city hall in Obermarsberg originate from the 13th century and was refurbished after the Thirty Years ' War.,en_multilingual_blimp_incorrect_affected.test,57578.64453125,5720.958984375,1572.01513671875,1110.106689453125,1053.8109130859375,906.372314453125,673.2440185546875,682.1639404296875,843.7935791015625,639.5140991210938,743.39599609375,1162.974609375,1076.20361328125
884,Perhaps that 's why a surge of tears cloud his pupils while the syllable of time unearths his crop and surrenders his mystery to the bound waters.,en_multilingual_blimp_incorrect_affected.test,55537.0,2909.462890625,2022.5,2065.0126953125,2125.499755859375,1642.1097412109375,1872.4351806640625,1815.634765625,2390.937744140625,1357.372314453125,2179.630615234375,1895.4249267578125,2219.074462890625
885,"I really like the MIUI, but a process crash repeatedly about every 3 seconds.",en_multilingual_blimp_incorrect_affected.test,50141.0625,2985.988525390625,3848.51123046875,3948.48779296875,5218.0908203125,5572.21240234375,5293.9951171875,7249.08740234375,6480.0751953125,8097.537109375,9535.30078125,13416.4287109375,15568.7470703125
886,"This strength of design ensure that a Shakespeare play can survive translation, cutting and wide interpretation without loss to its core drama.",en_multilingual_blimp_incorrect_affected.test,57361.33203125,4830.32861328125,6354.58154296875,5490.224609375,5993.44970703125,7000.96728515625,6630.4697265625,7197.09375,8275.6787109375,9628.708984375,11230.5185546875,11797.982421875,18664.919921875
887,"Meats are kept VERY cold, seafood smell fresh and the serving bar is VERY clean.",en_multilingual_blimp_incorrect_affected.test,61755.25390625,8423.3515625,6292.81494140625,6071.974609375,6483.65380859375,7192.55078125,6267.49267578125,5747.56396484375,6663.08935546875,9345.5654296875,10289.166015625,15761.5546875,19014.185546875
888,Someone observe that the Church is a worshiper of success and always follows the majorities.,en_multilingual_blimp_incorrect_affected.test,66564.8046875,1702.4490966796875,1632.5223388671875,1883.6541748046875,2012.5372314453125,1641.807373046875,2034.2620849609375,1991.7042236328125,2216.10302734375,2458.42529296875,3223.80224609375,2365.16552734375,2599.33984375
889,Entitlement to free abortions equate with women having the right to manage their lives and make decisions about their own bodies.,en_multilingual_blimp_incorrect_affected.test,58595.13671875,1971.1602783203125,794.7109985351562,491.6918029785156,407.1101379394531,432.84893798828125,347.9659423828125,406.7314147949219,333.7576904296875,380.166015625,427.22857666015625,406.6419677734375,528.0370483398438
890,"As the American public gradually weary of the Iraq crisis, some have begun worrying that the war could blow back on the US by creating the conditions for anti-American terrorism.",en_multilingual_blimp_incorrect_affected.test,53320.80859375,1705.18701171875,1587.47607421875,1297.3671875,902.7228393554688,787.1207885742188,727.5579223632812,1066.5863037109375,847.9027099609375,864.2740478515625,1093.386474609375,1256.08984375,1568.2969970703125
891,"If you move the line upward, the distance between the moving line and the nearest parallel line below remains constant, and the perpendicular line above the moving line contract.",en_multilingual_blimp_incorrect_affected.test,62261.09765625,3077.185791015625,4080.595458984375,2399.581298828125,1513.4351806640625,1878.863037109375,1657.156494140625,1912.304931640625,2013.0496826171875,1497.205322265625,1688.3067626953125,3826.125732421875,3302.1474609375
892,"He is pimply, his neck is thin, his blue eyes goggle, his underlip extrude.",en_multilingual_blimp_incorrect_affected.test,66039.9296875,9388.23828125,25268.982421875,11357.029296875,8289.7548828125,13623.015625,13329.7431640625,12623.7294921875,13418.52734375,13409.6103515625,18847.548828125,27486.935546875,42167.15625
893,Our letter agreement simply memorialize that we will charge the same negotiated rate whether the gas flows on primaries or alternates.,en_multilingual_blimp_incorrect_affected.test,60818.703125,4886.63818359375,3035.81494140625,1648.3739013671875,1486.1923828125,1459.7747802734375,1877.802490234375,2011.2191162109375,2022.2066650390625,2128.7890625,1602.0994873046875,1803.7015380859375,2625.547119140625
894,"Habitat destruction vastly increase an area 's vulnerability to natural disasters like flood and drought, crop failure, spread of disease, and water contamination.",en_multilingual_blimp_incorrect_affected.test,53103.5078125,12028.69140625,16483.20703125,12707.1806640625,9771.798828125,11225.5830078125,11437.14453125,12314.6484375,9726.501953125,12555.9052734375,11399.119140625,11177.798828125,19776.884765625
895,"These include two operas by Giuseppe Verdi, Otello and Falstaff, whose critical standing compare with that of the source plays.",en_multilingual_blimp_incorrect_affected.test,57569.4765625,8996.1015625,11556.5888671875,9988.0205078125,7605.93896484375,4884.72314453125,5343.2919921875,6184.740234375,7901.1298828125,6818.517578125,8635.4658203125,8483.4521484375,17829.990234375
896,"Even if local Palestinian leaders remain strong enough to keep al-Qaida out, the festering Israeli-Palestinian struggle remain among the best recruiting posters for al-Qaida with young Muslim men.",en_multilingual_blimp_incorrect_affected.test,51809.5390625,6958.7587890625,5283.5087890625,4616.54931640625,4159.185546875,5012.58349609375,4940.09228515625,6299.2099609375,7226.419921875,6446.7158203125,9990.8408203125,10378.095703125,16171.53125
897,What person(s) in London prepare credit for the English and Singapore financial transactions?,en_multilingual_blimp_incorrect_affected.test,57285.1796875,7130.46240234375,6818.6279296875,4966.2431640625,4541.02490234375,4501.69189453125,5253.94921875,6479.271484375,5457.166015625,8222.5927734375,7914.3798828125,9552.15625,10477.802734375
898,"And though he is not permitted to sit beside women unrelated to him or to look at them or to communicate with them in any manner (all of which probably save him a great deal of trouble), he seems a good-hearted young man and he is visibly enjoying himself.",en_multilingual_blimp_incorrect_affected.test,62567.4609375,1011.5745849609375,767.1834716796875,611.2609252929688,431.0489501953125,431.7061767578125,347.59930419921875,354.8428649902344,389.4126892089844,418.8651428222656,382.81732177734375,434.7047424316406,526.5106811523438
899,"As you sit above the world, the warmth of the golden sun penetrate your body and makes you feel warmer and warmer.",en_multilingual_blimp_incorrect_affected.test,44484.66796875,938.2353515625,1367.1796875,969.1117553710938,700.11376953125,585.5524291992188,633.6686401367188,586.1099853515625,528.1229248046875,605.45751953125,605.9713134765625,693.3304443359375,836.743408203125
900,"The reported finding at Dugway undermine the argument of both the ""bomb Iraq"" crowd and the liberals focused on Dr. Steve Hatfill who object to US biodefense research because they view it as being useful for offensive purposes.",en_multilingual_blimp_incorrect_affected.test,54742.8125,5042.80517578125,2621.333740234375,2788.482421875,2578.598876953125,2638.748291015625,2302.0595703125,2636.348388671875,2582.732177734375,2510.3583984375,2935.029541015625,2920.28759765625,3397.22265625
901,Every student of political science debate how you prevent an anti-democratic force from winning a democratic election and abolishing democracy.,en_multilingual_blimp_incorrect_affected.test,60689.09765625,5337.0888671875,2192.5908203125,826.970947265625,737.8153076171875,598.63916015625,574.6505737304688,907.853759765625,911.1697387695312,917.8578491210938,1124.9454345703125,1340.23486328125,1519.8760986328125
902,"Edward Shinza 's one of the few who did his stretch and got his head split open that time by Her Majesty 's brave boys, and where 's he... back in the Bashi Flats among his old wives, for all I know, no one even mention his name.",en_multilingual_blimp_incorrect_affected.test,56471.97265625,1875.0477294921875,1814.416259765625,1705.724609375,1389.42431640625,1494.591064453125,1539.6981201171875,1849.1915283203125,1935.298828125,2315.341552734375,2455.82177734375,3378.740966796875,4271.5771484375
903,"""Look how the academy return the pretty ones we send them!",en_multilingual_blimp_incorrect_affected.test,71837.5234375,1753.293212890625,1955.2442626953125,1725.51171875,2915.404052734375,2797.037109375,3386.880615234375,3666.05712890625,5135.28173828125,2811.793701171875,4545.43115234375,5664.83837890625,9029.958984375
904,His art perfectly combine painting and Chinese calligraphy.,en_multilingual_blimp_incorrect_affected.test,73470.7890625,14728.6298828125,5308.55029296875,3140.4375,3922.1376953125,5079.08056640625,5013.19091796875,4535.0693359375,9335.5263671875,8324.779296875,8497.0146484375,18359.1171875,17761.42578125
905,Food is awful and the place cater to the yuppy crowd.,en_multilingual_blimp_incorrect_affected.test,63997.16796875,2307.76513671875,2168.771728515625,1549.2130126953125,1439.025390625,1422.1666259765625,1871.804931640625,1502.477783203125,1791.5904541015625,2721.33251953125,1633.5352783203125,3276.468994140625,5081.939453125
906,"The First Folio of 1623, however, list Shakespeare as one of ""the Principal Actors in all these Plays"", some of which were first staged after Volpone, although we can not know for certain which roles he played.",en_multilingual_blimp_incorrect_affected.test,46736.12109375,4888.46533203125,4935.275390625,4430.42041015625,3852.3671875,3462.099609375,2757.083984375,3634.534912109375,3506.730224609375,4137.72314453125,5591.3544921875,6034.36572265625,8601.6025390625
907,A 1971 evaluation called Bush “an exceptionally fine young officer and pilot” who “continually fly intercept missions with the unit to increase his proficiency even further.”,en_multilingual_blimp_incorrect_affected.test,63116.78515625,14562.5625,11270.3349609375,8948.5439453125,6133.3984375,6647.3486328125,5654.42626953125,6664.53125,6462.19677734375,7905.29736328125,8490.8740234375,10948.216796875,10720.22265625
908,Each poem narrate only a part of the war.,en_multilingual_blimp_incorrect_affected.test,47957.359375,2140.324462890625,697.0136108398438,386.8003234863281,345.7079772949219,379.51397705078125,513.5704956054688,687.4414672851562,752.7064819335938,779.1614990234375,908.7503051757812,1575.457275390625,1495.9949951171875
909,"It usually involve a low level of development, such as rustic picnic areas, benches and trails.",en_multilingual_blimp_incorrect_affected.test,48852.66015625,5286.7548828125,7438.205078125,2225.64990234375,1714.4342041015625,2325.913818359375,2658.418212890625,3101.4150390625,4342.59521484375,5395.8310546875,3738.025146484375,5131.287109375,6860.26171875
910,It is a directive which safeguard the interests of rightholders and protects intellectual property.,en_multilingual_blimp_incorrect_affected.test,63261.17578125,3204.380859375,1892.226318359375,1108.3115234375,1485.2452392578125,1506.5404052734375,1855.57861328125,2132.838134765625,2212.851806640625,2048.4453125,2485.162353515625,1804.37255859375,3492.762451171875
911,"For Kerber, the season finale nevertheless mark the end of an unbelievable year.",en_multilingual_blimp_incorrect_affected.test,59761.07421875,4563.04736328125,6228.208984375,6466.88818359375,7896.361328125,8069.06103515625,6526.42236328125,7722.392578125,8903.0283203125,6701.880859375,14184.3095703125,12168.798828125,23577.64453125
912,"Fine lot these government chaps – is they not? he went on, speaking English with great precision and considerable bitterness.",en_multilingual_blimp_incorrect_affected.test,51817.83984375,5775.255859375,11535.2822265625,8691.16796875,8838.16015625,6883.35595703125,6088.134765625,6669.1982421875,8162.705078125,7076.34228515625,6424.8291015625,8440.9619140625,16817.703125
913,"They really are milking the incompetence angle though, is n't they?",en_multilingual_blimp_incorrect_affected.test,71516.046875,12569.634765625,17797.576171875,10049.2177734375,5639.30419921875,5622.72705078125,7605.982421875,9466.0771484375,17435.87109375,11810.4892578125,21566.8828125,31119.7890625,36109.0546875
914,Everybody I know at university intend to stay at uni for as long as possible until there are actually jobs available.,en_multilingual_blimp_incorrect_affected.test,53551.859375,778.16943359375,725.6944580078125,591.9261474609375,539.2443237304688,492.6688232421875,413.9218444824219,406.6138610839844,462.017822265625,475.2972717285156,628.0718994140625,736.0007934570312,796.1477661132812
915,"It is also a fact that almost everybody in the region blame this situation on the United States, on Israel, on Western Civilization, on Judaism and Christianity, on anyone and anything, except themselves.",en_multilingual_blimp_incorrect_affected.test,55683.3203125,1628.8287353515625,3865.53466796875,3171.473876953125,2211.027099609375,1953.46240234375,2106.132080078125,2157.283935546875,2156.212158203125,2142.022216796875,2704.004638671875,2787.789794921875,3753.388916015625
916,"The house of Annas, in which Jesus was questioned and struck, am within the compound.",en_multilingual_blimp_incorrect_affected.test,64129.5625,2232.895263671875,4076.531005859375,3400.658447265625,2874.446533203125,2862.919189453125,2292.80810546875,2942.624755859375,3500.55224609375,4505.14453125,3823.2919921875,3403.646728515625,5345.89599609375
917,"The best way I can explain it to you 'm by saying that, for a second or two, I felt as though, instead of going to the center of a continent, I were about to set off for the center of the earth.",en_multilingual_blimp_incorrect_affected.test,57193.52734375,374.7129821777344,440.630126953125,443.3307189941406,329.1357116699219,312.304443359375,319.2652282714844,348.95428466796875,310.54876708984375,344.88818359375,456.4257507324219,420.0269775390625,643.4317626953125
918,"The house of Annas, in which Jesus was questioned and struck, 'm within the compound.",en_multilingual_blimp_incorrect_affected.test,64428.40625,1898.862548828125,3804.962890625,3444.119384765625,2818.33740234375,2640.461181640625,2410.562255859375,2741.649658203125,3477.50341796875,4370.6689453125,4050.8369140625,4587.17578125,5654.41064453125
919,"In this scenario, pieces of option three remain stubbornly impervious to artificial intelligence and continue to be mind-numbingly boring, while option four – engaging in social reciprocity and negotiation – remain limited.",en_multilingual_blimp_incorrect_affected.test,51028.0546875,6242.52197265625,5362.5888671875,3781.30126953125,3322.8203125,3423.4755859375,3423.521240234375,3395.133544921875,4066.2802734375,4930.6650390625,5902.84912109375,6147.42333984375,7441.46875
920,"China 's strong hand in this even extend to the diplomatic realm; China is a permanent member of the United Nations Security Council, and could veto any actions against Iran proposed by the United States.",en_multilingual_blimp_incorrect_affected.test,55672.328125,2058.217041015625,1316.3564453125,982.7503662109375,1037.5621337890625,826.7265625,786.4807739257812,1021.4334106445312,1014.0936279296875,1068.4014892578125,1173.927734375,1566.1253662109375,1767.2999267578125
921,The theory I present in the essay 'm that he is actually a combination of four different people.,en_multilingual_blimp_incorrect_affected.test,56789.58984375,663.3779907226562,427.1949768066406,567.7577514648438,434.12554931640625,333.4363708496094,346.9270324707031,271.57025146484375,349.4898376464844,359.1650085449219,416.14013671875,349.65283203125,483.4073181152344
922,"What'll happen am that the Styrofoam peanuts will start moving through our society here, and they will accumulate in the drunkest, stingiest people.",en_multilingual_blimp_incorrect_affected.test,60756.21484375,1790.41015625,2524.89501953125,1712.637451171875,1631.8109130859375,1090.111572265625,1322.9952392578125,1294.9129638671875,1751.408203125,1782.4046630859375,1410.9371337890625,1331.95703125,1850.7027587890625
923,The title page of the 1594 edition of Titus Andronicus reveal that the play had been acted by three different troupes.,en_multilingual_blimp_incorrect_affected.test,60240.01171875,3796.16259765625,2165.026123046875,1853.7718505859375,1408.0162353515625,1783.3153076171875,1797.6439208984375,2008.3038330078125,1995.62939453125,2091.9912109375,2069.318359375,3219.212158203125,3862.767333984375
924,He naturally assume you 'll come out of exile.,en_multilingual_blimp_incorrect_affected.test,66120.71875,1991.8304443359375,2037.244140625,2104.333251953125,2042.8677978515625,2425.536376953125,2638.646240234375,3089.3798828125,4900.84912109375,3177.877197265625,3070.870849609375,4996.10400390625,6471.8056640625
925,She may be out because in the past she always respond pretty quick.,en_multilingual_blimp_incorrect_affected.test,67663.3671875,540.2969970703125,585.3322143554688,578.4482421875,667.8971557617188,976.0133666992188,854.616455078125,829.3901977539062,1140.36376953125,1648.15625,1119.9368896484375,1831.858642578125,1843.5982666015625
926,"What'll happen 'm that the Styrofoam peanuts will start moving through our society here, and they will accumulate in the drunkest, stingiest people.",en_multilingual_blimp_incorrect_affected.test,63216.3046875,2075.4716796875,2368.6103515625,1931.667236328125,1779.598876953125,1016.764892578125,1322.04296875,1175.2288818359375,1501.72998046875,1563.0218505859375,1501.2330322265625,1138.9063720703125,1491.6578369140625
927,All that is needed now am to determine whether it works in practice.,en_multilingual_blimp_incorrect_affected.test,58262.02734375,710.7730712890625,395.6620178222656,476.8602294921875,403.9789733886719,343.06622314453125,345.0586242675781,364.6104431152344,554.9487915039062,609.294677734375,757.2485961914062,754.4805908203125,836.3540649414062
928,"Which 's good, anything good count.",en_multilingual_blimp_incorrect_affected.test,44364.4765625,5017.98828125,11610.0322265625,5737.3828125,10585.6728515625,15976.193359375,17372.169921875,14930.1572265625,10349.2265625,13574.953125,14503.9765625,14297.27734375,25221.9609375
929,The article by Thompson assume that the Maya were ultimately “peaceful” people since they lacked apparent defenses.,en_multilingual_blimp_incorrect_affected.test,55133.19140625,13015.8330078125,8440.9384765625,6632.05712890625,6753.86474609375,9830.8642578125,12285.7216796875,8800.4296875,12164.8544921875,13231.96484375,16429.939453125,13802.4228515625,27424.171875
930,"The best way I can explain it to you am by saying that, for a second or two, I felt as though, instead of going to the center of a continent, I were about to set off for the center of the earth.",en_multilingual_blimp_incorrect_affected.test,55721.94140625,329.1533203125,425.01239013671875,391.5989685058594,272.245361328125,279.8987731933594,304.6666564941406,324.6199951171875,310.7693176269531,345.6046447753906,440.5736083984375,435.8356628417969,589.7154541015625
931,okay what i 'd like to do on this one am go from washington to atlanta i want a nonstop and i 'd like to leave around 5 pm,en_multilingual_blimp_incorrect_affected.test,55864.640625,2363.477783203125,1757.3929443359375,1758.1573486328125,2042.838623046875,1767.6199951171875,1896.1904296875,2483.092041015625,2489.4951171875,2976.503662109375,4452.64111328125,5004.4208984375,6279.99169921875
932,okay what i 'd like to do on this one 'm go from washington to atlanta i want a nonstop and i 'd like to leave around 5 pm,en_multilingual_blimp_incorrect_affected.test,54404.4140625,2576.176513671875,1685.413330078125,2042.825927734375,1978.039306640625,1912.4927978515625,1811.052978515625,2446.468017578125,2486.76513671875,2903.9853515625,4419.70556640625,4316.693359375,6961.181640625
933,All that is needed now 'm to determine whether it works in practice.,en_multilingual_blimp_incorrect_affected.test,76933.8984375,987.3525390625,496.3778381347656,656.2493286132812,670.7046508789062,617.7274169921875,531.4803466796875,528.862548828125,669.1840209960938,873.59619140625,1155.6263427734375,1248.2359619140625,1710.9796142578125
934,The theory I present in the essay am that he is actually a combination of four different people.,en_multilingual_blimp_incorrect_affected.test,54183.11328125,557.4176025390625,381.6590270996094,419.2668151855469,387.1867370605469,281.776123046875,332.00262451171875,306.4333801269531,360.93817138671875,330.2437438964844,379.8391418457031,312.69842529296875,447.8816223144531
935,"So that, as they say in Chicago, 'm where the smart money is.",en_multilingual_blimp_incorrect_affected.test,63094.03515625,1026.9700927734375,1931.0621337890625,2667.76953125,2321.74853515625,1548.0980224609375,1703.3089599609375,1935.1123046875,1795.7325439453125,1892.7099609375,2465.61572265625,2320.150390625,3452.962890625
936,"However, I seriously doubt that the introduction of free market principles, which the report so enthusiastically recommend, is the right solution.",en_multilingual_blimp_incorrect_affected.test,61811.40625,2369.920654296875,4521.2548828125,3094.522216796875,2978.17919921875,2670.92626953125,3326.583984375,3832.027099609375,4038.431884765625,4853.15283203125,4175.59130859375,4992.64599609375,9675.166015625
937,"His actual date of birth remain unknown, but is traditionally observed on 23 April, Saint George's Day.",en_multilingual_blimp_incorrect_affected.test,62265.4296875,5597.15380859375,5505.29833984375,3885.285400390625,4469.25830078125,4952.0546875,3490.910888671875,2980.54150390625,3196.4423828125,2906.359619140625,3310.80029296875,5276.5048828125,5887.966796875
938,"(8) This Directive seek to achieve a high level of protection for the environment by reducing the potential environmental impact of EUPs, which will ultimately be beneficial to consumers and other end-users.",en_multilingual_blimp_incorrect_affected.test,59300.140625,2173.958984375,1445.720947265625,1018.873291015625,720.4197387695312,688.732177734375,568.5678100585938,619.009765625,749.7837524414062,775.06689453125,858.1090698242188,991.5662841796875,1379.99951171875
939,"Linda is the rudest person you will ever talk to and she stick up for all of the trashy, rude people that live there, not the nice ones that actually give a crap about respecting others.",en_multilingual_blimp_incorrect_affected.test,54722.9765625,901.6624145507812,1134.736083984375,964.8660888671875,763.2529296875,623.3434448242188,593.1648559570312,593.4149169921875,898.9647216796875,763.8208618164062,1012.4330444335938,1036.443115234375,1264.8475341796875
940,"So that, as they say in Chicago, am where the smart money is.",en_multilingual_blimp_incorrect_affected.test,67179.84375,1081.13525390625,2129.20947265625,2719.69921875,2693.704345703125,2025.32470703125,2372.323486328125,2546.47509765625,2582.401123046875,2088.8603515625,2521.517822265625,2319.778564453125,3059.044677734375
941,"If you move the line to the right, the distance between the moving line and the nearest parallel line to the right remain constant, and the perpendicular line to the left of the moving line lengthens.",en_multilingual_blimp_incorrect_affected.test,59738.96875,1265.5823974609375,1288.3751220703125,938.6734619140625,549.160400390625,552.9368286132812,517.1068725585938,512.1458129882812,576.5479736328125,504.23162841796875,534.9458618164062,888.37158203125,793.6858520507812
942,"If you move the line downward, the distance between the moving line and the nearest parallel line below remain constant, and the perpendicular line above the moving line lengthens.",en_multilingual_blimp_incorrect_affected.test,60971.265625,3352.10205078125,4490.38916015625,2992.39404296875,1659.935546875,1732.715576171875,1710.4664306640625,1894.51318359375,2127.415283203125,1605.2691650390625,2012.0296630859375,5044.38720703125,3629.80322265625
943,It then propose the creation of a European quality mark based on respect for the environmental criteria for production.,en_multilingual_blimp_incorrect_affected.test,48733.859375,1248.5751953125,970.1090698242188,683.882568359375,780.1300048828125,566.5974731445312,509.7906799316406,524.9782104492188,648.93359375,437.9639587402344,525.5414428710938,613.5380859375,866.3412475585938
944,"Their correspondence reveal an intriguing balance of passion, propriety and patience;",en_multilingual_blimp_incorrect_affected.test,40369.08984375,15845.3212890625,17181.669921875,8730.5703125,6980.1474609375,4657.609375,5329.09375,5799.5517578125,7715.8779296875,10143.974609375,9381.23046875,10776.548828125,11876.6884765625
945,"If you move the line to the left, the distance between the moving line and the nearest parallel line to the right remain constant, and the perpendicular line to the left of the moving line contracts.",en_multilingual_blimp_incorrect_affected.test,60182.9375,1099.327880859375,1240.49609375,841.7035522460938,525.168701171875,558.6986083984375,504.14727783203125,513.4216918945312,557.6515502929688,487.7900695800781,519.8054809570312,831.1892700195312,696.94873046875
946,"The person who best explain this, and helps me out the best with my question will be REWARDED WITH TEN POINTS!!!!!!!",en_multilingual_blimp_incorrect_affected.test,55803.35546875,4108.56640625,1966.670654296875,781.8694458007812,813.7339477539062,844.285400390625,795.973876953125,915.1456298828125,971.2527465820312,1400.2034912109375,1641.7791748046875,1606.7486572265625,1902.1103515625
947,"The second point I would like to make 'm that we would have preferred it if the guidelines had been added to the Regulation in the form of an annex, as we and Mrs Mccarthy, as rapporteurs for the general Regulation, had asked.",en_multilingual_blimp_incorrect_affected.test,63873.69921875,1219.996337890625,1449.5631103515625,1387.6431884765625,1135.5517578125,874.6332397460938,778.309326171875,854.4774780273438,892.4811401367188,1008.1541748046875,1392.661865234375,1275.969482421875,1794.1484375
948,"She feed well the baby on her own, the baby is ok but she does not go in the nest to stay with him at night...",en_multilingual_blimp_incorrect_affected.test,70420.7265625,478.322509765625,669.3880004882812,574.1473999023438,532.4315795898438,527.4929809570312,546.241943359375,486.80230712890625,553.3253173828125,545.2457885742188,570.64013671875,796.8697509765625,640.0177001953125
949,This procedure guarantee that all countries applying for membership are treated equally.,en_multilingual_blimp_incorrect_affected.test,49244.5,5767.484375,7506.22265625,3207.31298828125,3610.566162109375,2699.619140625,2475.5244140625,3516.81103515625,2823.406005859375,2413.860107421875,2993.775634765625,2754.554443359375,4496.3583984375
950,"This knee-jerk reaction presume that China's current slowdown is but a prelude to more growth disappointments to come – a presumption that reflects widespread and longstanding fears of a broad array of disaster scenarios, ranging from social unrest and environmental catastrophes to housing bubbles and shadow-banking blow-ups.",en_multilingual_blimp_incorrect_affected.test,64247.52734375,7167.0322265625,5125.291015625,3392.201171875,2802.10595703125,2965.013916015625,2543.933837890625,3011.926025390625,3768.003662109375,3402.744384765625,4368.435546875,4900.83056640625,5715.24365234375
951,The doctor beg them to stop intermarrying but they say they have to keep the blood pure.,en_multilingual_blimp_incorrect_affected.test,58573.84765625,1146.8995361328125,881.690673828125,785.9007568359375,779.3673706054688,648.7225341796875,680.1465454101562,627.7161865234375,808.5013427734375,715.5530395507812,748.5784301757812,851.443359375,1126.447265625
952,"As I recall, this bus drop you off near the Opera in Paris.",en_multilingual_blimp_incorrect_affected.test,48082.29296875,1802.09228515625,3152.076416015625,2607.23486328125,2587.8544921875,2606.899169921875,3395.28564453125,3048.551513671875,3642.595947265625,3576.78125,3206.646240234375,5663.67626953125,5426.5458984375
953,"Brass melt at just under 2000F which is a bright yellow heat, not red hot.",en_multilingual_blimp_incorrect_affected.test,56653.21875,4971.109375,7427.3525390625,4463.67822265625,4671.7783203125,5317.93408203125,5287.08251953125,5423.1005859375,7937.994140625,5547.33447265625,10026.8349609375,12360.3955078125,27666.3203125
954,"The Kerry camp blame Bush for the Swift boat veterans ’ attack, but anyone who has spent much time talking to the Swifties gets the sense that they are doing it entirely for their own reasons.",en_multilingual_blimp_incorrect_affected.test,55210.16796875,2661.601806640625,2621.453857421875,1839.808837890625,1138.96435546875,957.8624267578125,821.2952880859375,1000.364013671875,1083.6724853515625,1253.885986328125,1310.6187744140625,1471.6920166015625,1867.93701171875
955,"- With a view to enabling the assessment of the effect of the programme, among others on the convergence of high level training for trainers, the evaluator recommend the preparation of a strategy document, to be finalised before the new Pericles enters into effect.",en_multilingual_blimp_incorrect_affected.test,58553.015625,1919.762939453125,1926.3497314453125,1735.25146484375,1720.9112548828125,1691.6324462890625,1685.5693359375,1800.490234375,1968.0712890625,2247.38720703125,2412.8564453125,2605.246337890625,4051.864501953125
956,"If you move the line upward, the distance between the moving line and the nearest parallel line below remain constant, and the perpendicular line above the moving line contracts.",en_multilingual_blimp_incorrect_affected.test,63275.05078125,2831.618408203125,3895.32470703125,2482.199462890625,1542.9163818359375,1748.4033203125,1591.4892578125,1747.294921875,1793.9771728515625,1443.1339111328125,1627.0225830078125,3766.731689453125,3119.890625
957,"The second point I would like to make am that we would have preferred it if the guidelines had been added to the Regulation in the form of an annex, as we and Mrs Mccarthy, as rapporteurs for the general Regulation, had asked.",en_multilingual_blimp_incorrect_affected.test,59691.12890625,1141.97607421875,1453.6781005859375,1393.3818359375,1155.67919921875,874.4026489257812,793.6551513671875,839.1448364257812,888.8380737304688,990.917724609375,1362.3223876953125,1255.3204345703125,1478.1461181640625
958,the difference is that when a bomb goes off in a West End restaurant the fundamental right of England to exist 'm not in dispute.,en_multilingual_blimp_incorrect_affected.test,60411.515625,1525.1932373046875,1263.5616455078125,1577.27099609375,1028.754150390625,794.0745849609375,772.686767578125,733.678955078125,879.3943481445312,914.0401000976562,986.1936645507812,780.0325317382812,1153.1075439453125
959,"a) Subject to earlier termination as provided below, this Service Agreement is for the total duration of the Company 's Offering (the ""Initial Term"") unless either party request termination at least 30 days prior to the end of the then-current term.",en_multilingual_blimp_incorrect_affected.test,57384.9140625,4674.08642578125,4177.19287109375,2782.67919921875,1919.6082763671875,1845.765625,1749.1063232421875,2022.703369140625,2177.150146484375,2095.313720703125,2506.976806640625,3280.101806640625,4478.6025390625
960,Eon’s fixed rate tariff cost £760 and Avro Energy customers would pay around £760 for its Simple and Select tariff.,en_multilingual_blimp_incorrect_affected.test,56900.61328125,6031.1669921875,3560.706787109375,4494.5107421875,4001.509521484375,4628.12890625,4312.953125,4017.787841796875,5649.00390625,5633.8916015625,7955.2880859375,6373.572265625,7927.51611328125
961,"The Commission accept all of the contributions of the parliamentary committee and the rapporteur, Mr Koch, which are contained in the various amendments, specifically four.",en_multilingual_blimp_incorrect_affected.test,62794.796875,3043.656494140625,4573.55126953125,4194.31396484375,2378.275146484375,2575.648193359375,2810.45849609375,4096.98095703125,4351.54541015625,4913.99072265625,5267.16845703125,7368.498046875,10874.015625
962,"If a Turkish employee quit, then the Turkish work councils come.",en_multilingual_blimp_incorrect_affected.test,56735.0234375,13874.865234375,21698.982421875,14694.060546875,13709.4521484375,13401.25,9830.62109375,10235.2119140625,8778.7353515625,11813.7900390625,11820.0556640625,15488.8662109375,21726.06640625
963,A level that in both cases am at the top of the EU.,en_multilingual_blimp_incorrect_affected.test,74373.296875,514.8369750976562,297.91033935546875,256.7180480957031,210.33819580078125,184.5367889404297,233.6385955810547,208.87179565429688,226.4014892578125,209.75498962402344,238.38818359375,195.97499084472656,273.08892822265625
964,It remind me too much of the ARVN officers who were secretly working for the other side in Vietnam.,en_multilingual_blimp_incorrect_affected.test,63072.3828125,1018.1763305664062,465.70941162109375,288.8471984863281,284.6752624511719,333.7624816894531,291.46893310546875,353.3994445800781,469.5910339355469,532.654052734375,646.8577880859375,733.921142578125,778.0239868164062
965,And that explain the delay in the signing of a formal defense agreement that was at the heart of Sri Lankan President Chandrika Kumaratunga 's four-day visit to India recently.,en_multilingual_blimp_incorrect_affected.test,56917.7109375,2979.869384765625,1162.4168701171875,824.21923828125,900.2515869140625,933.6843872070312,869.185546875,906.896240234375,1071.352783203125,983.4718017578125,1198.01611328125,1263.190673828125,1558.97412109375
966,Plus she plan a monthly breakfasts and other events at the clubhouse which is a nice added benefit.,en_multilingual_blimp_incorrect_affected.test,59108.39453125,1395.0333251953125,1292.264892578125,1187.114013671875,1625.353759765625,1748.03662109375,2030.43896484375,1501.164306640625,1961.60009765625,1999.50439453125,2396.698486328125,3140.718994140625,3416.264404296875
967,Their report highlight one stark fact from the start:,en_multilingual_blimp_incorrect_affected.test,69078.6875,8890.9208984375,10879.7412109375,8482.287109375,12863.322265625,10870.396484375,11319.9072265625,9810.578125,8830.3662109375,11114.9970703125,13354.1728515625,12654.767578125,17587.830078125
968,"Their service suck to start off with, people are cruel and ignorant.",en_multilingual_blimp_incorrect_affected.test,74166.609375,1717.039794921875,3137.06396484375,1357.1334228515625,2057.760498046875,1770.212158203125,2270.61962890625,2236.177978515625,2199.17578125,2282.4453125,2402.635986328125,1445.4837646484375,1927.6453857421875
969,"Even if local Palestinian leaders remain strong enough to keep al-Qaida out, the festering Israeli-Palestinian struggle remain among the best recruiting posters for al-Qaida with young Muslim men.",en_multilingual_blimp_incorrect_affected.test,51809.58984375,6958.7587890625,5283.5087890625,4616.54931640625,4159.185546875,5012.58349609375,4940.09716796875,6299.2099609375,7226.41259765625,6446.7158203125,9990.8505859375,10378.076171875,16171.53125
970,"The latest figures relate to the 24th of October last year, and tell us that our diesel cost 1,335 euros per litre, compared with the eurozone average of 1,165 euros.",en_multilingual_blimp_incorrect_affected.test,63280.54296875,2894.835693359375,1515.7015380859375,908.742919921875,637.17333984375,525.7236328125,502.8851013183594,601.27685546875,564.7611694335938,720.4656982421875,767.6881103515625,1026.108154296875,953.7590942382812
971,The oldest known historical reference to the city am to be found on an inscription of conquered sites at Thutmose 's temple at Karnak.,en_multilingual_blimp_incorrect_affected.test,65475.84375,2197.292236328125,1336.197509765625,1256.5157470703125,1368.3895263671875,1673.0806884765625,1615.4444580078125,1262.783447265625,1267.8721923828125,1640.790771484375,1805.6859130859375,1983.460693359375,2425.536376953125
972,The best there is are days when the jigsaw assume its own meaning and I no longer care what picture is emerging.,en_multilingual_blimp_incorrect_affected.test,69112.4921875,1423.099365234375,1244.950439453125,952.2536010742188,1031.8419189453125,841.4105834960938,782.3412475585938,692.8516235351562,950.779052734375,1000.4102172851562,1217.8824462890625,1233.320556640625,1342.921630859375
973,The purpose of these CRTC hearings am to field responses from industry stakeholders and the public.,en_multilingual_blimp_incorrect_affected.test,60546.65625,5105.533203125,4633.00927734375,4228.96435546875,3450.280029296875,3746.619140625,3391.6513671875,4896.63525390625,4925.6787109375,7247.6083984375,5670.25390625,6791.66259765625,8562.595703125
974,"The mycelium infuses all landscapes, it hold soils together, it's extremely tenacious.",en_multilingual_blimp_incorrect_affected.test,49829.78125,8562.8818359375,18455.66796875,15553.314453125,10460.490234375,15191.0234375,10084.537109375,12989.96484375,22029.0078125,15102.77734375,20309.369140625,14304.5869140625,67025.6171875
975,"To a certain extent, this remind me of my previous activity in the Committee on Budgets and in the Committee on Budgetary Control.",en_multilingual_blimp_incorrect_affected.test,60009.10546875,1648.306396484375,1512.206787109375,1544.72802734375,1038.1787109375,1360.4560546875,1445.75537109375,1457.638671875,1610.495849609375,1649.03662109375,2209.002685546875,2344.689453125,3458.5654296875
976,"""The book -- I guess one way, one thing to think about it 'm -- one of the themes would be, I was given a charge to keep.",en_multilingual_blimp_incorrect_affected.test,72266.78125,445.66326904296875,537.532470703125,545.9937744140625,636.5067749023438,571.1437377929688,540.372802734375,438.56268310546875,563.298095703125,568.8801879882812,603.7127685546875,724.6512451171875,936.5841674804688
977,The purpose of these CRTC hearings 'm to field responses from industry stakeholders and the public.,en_multilingual_blimp_incorrect_affected.test,68867.875,5348.4921875,4651.5947265625,5109.654296875,4000.879638671875,4473.69775390625,4443.90673828125,5630.77587890625,5451.38671875,7835.7412109375,6958.87158203125,7059.228515625,9888.5888671875
978,"The problem is that the rate drop sharply from 71% to 57% among women in their 30's, as inflexible working environments and a lack of affordable childcare undermine their ability to continue investing in their careers.",en_multilingual_blimp_incorrect_affected.test,60437.55859375,4011.76513671875,3357.58935546875,2164.6494140625,1763.969970703125,1516.184326171875,1212.0311279296875,1197.6768798828125,1637.7572021484375,1698.4710693359375,2015.168212890625,1857.5465087890625,2347.149169921875
979,"Some writers mix the stella maris with the remora, a tiny fish that stick to the rudder of a vessel and brings it to a halt.",en_multilingual_blimp_incorrect_affected.test,58476.5078125,1797.1639404296875,1414.67333984375,1202.0423583984375,702.1444091796875,606.6689453125,690.9255981445312,846.706787109375,973.8511352539062,788.6032104492188,942.04443359375,1222.285888671875,1542.8619384765625
980,the difference is that when a bomb goes off in a West End restaurant the fundamental right of England to exist am not in dispute.,en_multilingual_blimp_incorrect_affected.test,55192.53515625,1117.6636962890625,1206.2625732421875,1339.9837646484375,919.7157592773438,680.5693359375,639.3652954101562,550.9547119140625,623.6586303710938,618.9696044921875,813.2265625,541.9755249023438,627.732666015625
981,"You need a lot of money for hotels, airfare, seeing the sites, food, local transport - you name it but life cost.",en_multilingual_blimp_incorrect_affected.test,55748.9921875,2060.1826171875,5312.1962890625,3212.131103515625,4046.62060546875,4447.98095703125,4069.205322265625,4418.21826171875,5415.9111328125,5491.623046875,5970.52734375,5821.76220703125,7838.5361328125
982,"That band is involved in a local competition which promise a $5000 first prize, which they would like to win in order to donate it to the benefit fund which they have started.",en_multilingual_blimp_incorrect_affected.test,70985.2265625,771.3052368164062,735.0885009765625,666.3504638671875,518.29296875,524.9573974609375,502.1892395019531,633.4260864257812,800.9390258789062,809.5899658203125,1042.8431396484375,1149.5850830078125,1670.0947265625
983,She is just being friendly in public because she does not want to offend you and she treat you like any other friend.,en_multilingual_blimp_incorrect_affected.test,62864.30078125,397.882568359375,265.19293212890625,213.39651489257812,151.13870239257812,144.06875610351562,106.72400665283203,123.08448791503906,128.79844665527344,119.18766784667969,121.19680786132812,165.15509033203125,155.75296020507812
984,"I believe ENE will continue to be range bound, but in case it am not, I do n't want to forgo 50% of my option premium.",en_multilingual_blimp_incorrect_affected.test,59506.69140625,2072.364501953125,3495.168212890625,3177.837890625,3345.53271484375,3046.99365234375,2699.4931640625,2981.16259765625,2770.3427734375,3031.885986328125,2781.023681640625,3769.36572265625,5058.17431640625
985,"Whereas my answer to the question ""Where do you get your laundry done?"" used to be, ""At the checkout line at WalMart,"" I can honestly say the answer now 'm, ""At The Laundry Tub.""",en_multilingual_blimp_incorrect_affected.test,52379.67578125,1862.1173095703125,2891.086181640625,3089.9130859375,2565.721923828125,1873.3173828125,1805.493896484375,1792.9364013671875,1697.4622802734375,2139.28564453125,3215.637451171875,4014.371337890625,3571.841796875
986,But a significant gender gap remain in terms of the return on human capital.,en_multilingual_blimp_incorrect_affected.test,55993.2421875,1296.4000244140625,1010.5963745117188,1059.4757080078125,817.633544921875,987.4302368164062,881.8230590820312,985.158203125,1030.6195068359375,1100.9925537109375,1111.556884765625,1503.6832275390625,1647.7845458984375
987,"He needs a shower, and he pick his nose all the time.",en_multilingual_blimp_incorrect_affected.test,55510.2578125,563.3969116210938,1195.891845703125,1146.525390625,824.42041015625,573.4035034179688,633.7734985351562,682.5432739257812,624.8382568359375,718.1163330078125,570.0394287109375,1116.4342041015625,803.8027954101562
988,And when I move it I guess he figure I 'm playing. x.x,en_multilingual_blimp_incorrect_affected.test,64059.6328125,900.3529052734375,1211.460205078125,1078.2017822265625,1567.98828125,1581.6573486328125,956.8402709960938,1305.1063232421875,1417.6370849609375,1870.67529296875,1664.323974609375,1552.7318115234375,3093.271240234375
989,"Point 'm: You might be able to get a good deal on some nice furniture -- which I did -- but they 're not very communicative and god forbid something goes wrong, you 'll have to fight to get it resolved.",en_multilingual_blimp_incorrect_affected.test,60470.19140625,763.3031616210938,660.369384765625,736.6931762695312,707.1835327148438,573.2523193359375,588.8295288085938,626.3097534179688,695.970703125,723.7199096679688,944.1090087890625,921.8629150390625,809.4754028320312
990,Peggy Banczak is the ENA lawyer who handle Mexico.,en_multilingual_blimp_incorrect_affected.test,50492.9921875,4387.13916015625,3351.66748046875,2452.00244140625,2730.63818359375,3361.3505859375,2897.533935546875,3851.768310546875,3694.211181640625,4462.43115234375,5509.7578125,4136.55517578125,5913.9208984375
991,"The probe began in June, focusing on Mr Winterkorn and brand chief Herbert Diess, who remain at the car maker.",en_multilingual_blimp_incorrect_affected.test,61204.8203125,5554.88330078125,6968.4345703125,8334.248046875,6868.20849609375,8016.99462890625,9613.541015625,11758.3984375,13542.1357421875,17155.83203125,19922.28515625,24244.021484375,31032.2421875
992,"Paul Craig Roberts, writing for The American Conservative, said in July of 2005 that ""As a result of many years of persistent trade surpluses with the United States, the Japanese government hold dollar reserves of approximately $1 trillion.",en_multilingual_blimp_incorrect_affected.test,53077.28125,3195.719970703125,3170.823486328125,2575.862060546875,1763.8648681640625,1911.69677734375,1730.7989501953125,2368.0849609375,2390.8076171875,1923.91796875,2303.072021484375,2717.328125,3587.552734375
993,"This hold up to 30,000 times its mass.",en_multilingual_blimp_incorrect_affected.test,65306.03125,1097.990478515625,479.4750061035156,637.3131103515625,378.0581970214844,260.0762939453125,171.65814208984375,257.0855712890625,208.91262817382812,141.04823303222656,204.556884765625,215.83395385742188,252.20120239257812
994,"(The only other choice for the Arabs 'm to leave their oil in the ground.) """,en_multilingual_blimp_incorrect_affected.test,68542.6171875,641.3732299804688,675.2470092773438,782.3573608398438,1089.8360595703125,1311.0888671875,1469.340087890625,1499.64111328125,1854.707275390625,1556.67724609375,3112.455078125,2446.406005859375,3349.271240234375
995,"But the lack of specific guidelines here 'm particularly to be regretted, as the idea of linking Social Fund assistance to the employment strategy will be put into effect for the first time during the 2000-2006 programme.",en_multilingual_blimp_incorrect_affected.test,54885.5234375,1445.73681640625,1228.624267578125,1090.691162109375,808.7088012695312,723.7230224609375,775.1278686523438,973.6668090820312,882.8201904296875,1151.69580078125,1105.9241943359375,1423.837890625,1364.9564208984375
996,"This cost absolutely nothing, and will take about one minute of your time.",en_multilingual_blimp_incorrect_affected.test,60516.98046875,939.845947265625,1806.533447265625,1567.216796875,1092.1297607421875,766.518310546875,800.0950317382812,780.3502197265625,492.9698791503906,652.2420654296875,939.027099609375,1263.7906494140625,1790.0577392578125
997,"This am because PivotTable views use the Microsoft Office PivotTable Component, and Excel PivotTable reports either do not support certain PivotTable list features, or they implement some features differently.",en_multilingual_blimp_incorrect_affected.test,59667.11328125,12904.2138671875,11495.296875,8004.70947265625,10003.6259765625,6681.05126953125,8054.115234375,10343.8583984375,11356.595703125,15676.720703125,18481.20703125,25414.51953125,38383.37890625
998,The United States has shown that it hold negotiations in contempt.,en_multilingual_blimp_incorrect_affected.test,47846.80859375,2458.383056640625,1332.50341796875,706.0191650390625,730.911376953125,545.2439575195312,717.3701782226562,882.4136962890625,1030.94189453125,1012.1405639648438,1132.3890380859375,892.95751953125,1774.5687255859375
999,"If the sets S and T considered are empty or singletons, the theorem hold vacuously or trivially.",en_multilingual_blimp_incorrect_affected.test,49041.2890625,9468.8310546875,15417.8759765625,22610.654296875,29909.74609375,25410.49609375,26585.513671875,28635.939453125,25100.927734375,24941.099609375,37440.66796875,39672.94140625,45417.50390625
1000,"If you want a doctor who will lie to you and say he will operate and then change his mind, and not know what he is talking about when he recommend procedures at other hospitals and says they are what you need, when they will not work for you, go to this doctor...he is the one for you.",en_multilingual_blimp_incorrect_affected.test,53185.81640625,339.5084533691406,403.4549865722656,365.4178771972656,276.7613525390625,335.85003662109375,314.3692932128906,319.1786193847656,312.35211181640625,323.2124328613281,349.4723205566406,372.455810546875,474.75433349609375
1001,"Some critics consider Balzac's writing exemplary of naturalism - a more pessimistic and analytical form of realism, which seek to explain human behavior as intrinsically linked with the environment.",en_multilingual_blimp_incorrect_affected.test,53399.8359375,3446.981201171875,2797.33740234375,2173.801513671875,2096.13818359375,2062.876220703125,2552.347900390625,2829.61376953125,3111.2236328125,3140.692138671875,3342.263916015625,4494.5966796875,5820.90185546875
1002,Was wondering if anyone knew a rough estimate of how much it cost with travel and training,en_multilingual_blimp_incorrect_affected.test,66952.46875,1145.7225341796875,650.0952758789062,419.74908447265625,288.3032531738281,272.37872314453125,192.56637573242188,302.78533935546875,355.02056884765625,345.9830322265625,368.5681457519531,292.3601989746094,500.48095703125
1003,"""Land of the kike home of the wop,"" says Compson to himself when he buy a bun from a small Italian girl.",en_multilingual_blimp_incorrect_affected.test,56547.640625,1989.6083984375,2041.673828125,1979.3837890625,2229.686279296875,1934.9278564453125,2280.603515625,1847.68359375,2477.501220703125,2975.643798828125,3124.7919921875,3426.67333984375,3164.748291015625
1004,The other path hold great opportunity:,en_multilingual_blimp_incorrect_affected.test,63905.80859375,5380.80029296875,14201.0400390625,11242.3916015625,18279.974609375,22582.638671875,14487.0693359375,20549.8671875,25028.427734375,27363.14453125,21346.115234375,20996.42578125,25693.849609375
1005,"“While much of the digital transition is unprecedented in the United States, the peaceful transition of power am not,” Obama special assistant Kori Schulman wrote in a blog post Monday.",en_multilingual_blimp_incorrect_affected.test,58992.1640625,2883.572998046875,1786.3067626953125,1447.076171875,1397.763916015625,1256.06591796875,1169.2288818359375,1389.1094970703125,1512.545654296875,1579.8800048828125,1683.5765380859375,1916.4210205078125,2268.403076171875
1006,"The conclusion 'm that we must make the case for guidelines to be broad, indicative and flexible to assist our programme managers and fund-users and to get the maximum potential out of our new fields of regeneration.",en_multilingual_blimp_incorrect_affected.test,68326.7890625,1079.528564453125,1359.3983154296875,1266.4794921875,1002.1276245117188,1126.4080810546875,955.2893676757812,888.1585083007812,1065.5960693359375,1049.3167724609375,1504.48876953125,1426.564453125,2024.47412109375
1007,PLEASE REMEMBER that this program remain successful because of the honesty and integrity of the participants and by their carefully adhering to directions.,en_multilingual_blimp_incorrect_affected.test,51123.47265625,2565.95068359375,1527.892333984375,905.8157958984375,807.7830810546875,652.8541870117188,629.3477783203125,787.5457763671875,746.7626953125,730.1387939453125,779.9020385742188,944.0432739257812,1094.4510498046875
1008,This program remain successful because of the honesty and integrity of the participants.,en_multilingual_blimp_incorrect_affected.test,49349.01171875,1342.1566162109375,762.7239379882812,482.70684814453125,455.5123291015625,426.7608642578125,416.2850341796875,425.27532958984375,388.4581298828125,345.58123779296875,280.8592224121094,245.2336883544922,300.2971496582031
1009,"Whereas my answer to the question ""Where do you get your laundry done?"" used to be, ""At the checkout line at WalMart,"" I can honestly say the answer now am, ""At The Laundry Tub.""",en_multilingual_blimp_incorrect_affected.test,51035.55078125,1910.3427734375,3058.3125,3377.091796875,2781.210693359375,2093.573974609375,1977.3160400390625,1974.2691650390625,1965.724609375,2625.783447265625,3606.51904296875,4804.4677734375,4296.6748046875
1010,"But the lack of specific guidelines here am particularly to be regretted, as the idea of linking Social Fund assistance to the employment strategy will be put into effect for the first time during the 2000-2006 programme.",en_multilingual_blimp_incorrect_affected.test,55956.40625,1371.3681640625,1196.1529541015625,996.2591552734375,782.2864379882812,722.7874145507812,791.2523193359375,993.400634765625,894.298095703125,1034.9921875,1027.9112548828125,1304.5465087890625,1253.7645263671875
1011,"""The book -- I guess one way, one thing to think about it am -- one of the themes would be, I was given a charge to keep.",en_multilingual_blimp_incorrect_affected.test,69136.296875,402.31402587890625,507.2799377441406,473.7109375,564.331787109375,505.6348876953125,524.6065673828125,442.5842590332031,472.8824768066406,511.2520446777344,504.6658630371094,612.5418701171875,817.5200805664062
1012,"But the opportunity for the renaissance of the railways am at hand, and that is what we should strive for.",en_multilingual_blimp_incorrect_affected.test,56367.8046875,471.9577331542969,614.8577880859375,573.9823608398438,435.5877990722656,278.22308349609375,285.5741882324219,250.17855834960938,376.3035583496094,352.6851806640625,339.8787536621094,295.9008483886719,376.4930725097656
1013,"Thanks to repeated deployments to Iraq and Afghanistan, recruiting am at an all-time low.",en_multilingual_blimp_incorrect_affected.test,65463.046875,5488.78466796875,8549.9638671875,9892.9658203125,7467.0537109375,6168.2822265625,4174.5244140625,4356.4580078125,3825.180908203125,5154.35302734375,7899.140625,8356.541015625,10813.36328125
1014,"These 22 countries, with all their oil and natural resources, 've a combined GDP smaller than that of Netherlands plus Belgium and equal to half of the GDP of California alone.",en_multilingual_blimp_incorrect_affected.test,54818.40625,1901.4373779296875,2620.533935546875,2754.13037109375,2119.573974609375,1568.42041015625,1687.5186767578125,1961.44580078125,1867.9119873046875,2042.436279296875,2958.50341796875,2541.12109375,4490.8046875
1015,The feeling of being swept along and of uncertainty as regards the future prevent you from seeing things in any perspective whatsoever.,en_multilingual_blimp_incorrect_affected.test,56894.80859375,2054.931884765625,1375.8751220703125,818.1947631835938,796.0639038085938,598.637451171875,665.3357543945312,597.504150390625,597.2673950195312,747.36083984375,1133.2047119140625,655.2184448242188,904.861328125
1016,The 1616 edition of Ben Jonson's Works name him on the cast lists for Every Man In His Humour (1598) and Sejanus His Fall (1603).,en_multilingual_blimp_incorrect_affected.test,61596.2109375,7019.7744140625,4438.853515625,4189.6962890625,4513.13916015625,5072.662109375,4114.73046875,6331.52197265625,5939.35546875,7009.7392578125,9859.388671875,10027.58203125,14272.60546875
1017,"Edward Shinza 's one of the few who did his stretch and got his head split open that time by Her Majesty 's brave boys, and where 's he... back in the Bashi Flats among his old wives, for all I know, no one even mention his name.",en_multilingual_blimp_incorrect_affected.test,56471.97265625,1875.0477294921875,1814.416259765625,1705.724609375,1389.42431640625,1494.591064453125,1539.6981201171875,1849.1915283203125,1935.298828125,2315.341552734375,2455.82177734375,3378.740966796875,4271.5771484375
1018,She answer all questions asked and provides the best service i have ever seen.,en_multilingual_blimp_incorrect_affected.test,72324.421875,1435.3062744140625,1098.9112548828125,1413.6207275390625,1067.3953857421875,1146.645751953125,946.9296264648438,991.5964965820312,1387.4222412109375,1561.9608154296875,1312.5550537109375,1327.288818359375,1758.76611328125
1019,"It is also a fact that almost everybody in the region blame this situation on the United States, on Israel, on Western Civilization, on Judaism and Christianity, on anyone and anything, except themselves.",en_multilingual_blimp_incorrect_affected.test,55683.3203125,1628.8287353515625,3865.53466796875,3171.473876953125,2211.027099609375,1953.46240234375,2106.132080078125,2157.283935546875,2156.212158203125,2142.022216796875,2704.004638671875,2787.789794921875,3753.388916015625
1020,"He needs a shower, and he pick his nose all the time.",en_multilingual_blimp_incorrect_affected.test,55510.2578125,563.3969116210938,1195.891845703125,1146.525390625,824.4201049804688,573.4029541015625,633.7734985351562,682.5432739257812,624.837646484375,718.1146240234375,570.0399169921875,1116.4342041015625,803.8027954101562
1021,It concentrate on combating unemployment and ensuring that everyone has a job.,en_multilingual_blimp_incorrect_affected.test,56962.62109375,2347.3955078125,1751.2904052734375,1399.8843994140625,1410.8779296875,1341.6038818359375,1104.22802734375,1353.6893310546875,1557.852783203125,1953.8564453125,1968.865478515625,1837.00634765625,2443.048828125
1022,The frequent reports from Algeria about the murders of hundreds of civilians in one village or another by other Algerians 've nothing to do with Israel.,en_multilingual_blimp_incorrect_affected.test,58866.953125,1383.5106201171875,1115.62158203125,869.9008178710938,795.183349609375,549.271728515625,580.11279296875,548.6649169921875,643.8187255859375,497.2372741699219,825.2680053710938,814.51611328125,1152.5555419921875
1023,It then propose the creation of a European quality mark based on respect for the environmental criteria for production.,en_multilingual_blimp_incorrect_affected.test,48733.91015625,1248.5751953125,970.1090698242188,683.882568359375,780.1295776367188,566.5974731445312,509.79095458984375,524.9783935546875,648.9338989257812,437.96417236328125,525.5419921875,613.5374755859375,866.3408203125
1024,"Unemployent stay low because half the population oversees those ""out of the workforce"", the dregs, the rabble, the enemy?",en_multilingual_blimp_incorrect_affected.test,53484.4375,7401.0849609375,14128.1884765625,12210.2880859375,7608.0927734375,6142.34228515625,7072.66552734375,6574.22314453125,8468.7236328125,6395.29052734375,7832.37890625,10825.5595703125,16625.259765625
1025,"The Commission accept all of the contributions of the parliamentary committee and the rapporteur, Mr Koch, which are contained in the various amendments, specifically four.",en_multilingual_blimp_incorrect_affected.test,62794.796875,3043.656494140625,4573.55126953125,4194.31396484375,2378.275146484375,2575.648193359375,2810.45849609375,4096.98095703125,4351.54541015625,4913.99072265625,5267.16845703125,7368.498046875,10874.015625
1026,iv) Customer authorize the Company to take any of the following actions (in any particular order):,en_multilingual_blimp_incorrect_affected.test,77194.296875,2841.130126953125,2172.89990234375,2000.9188232421875,1778.1678466796875,1646.2083740234375,2266.1728515625,2174.466064453125,1547.469970703125,1602.575439453125,2082.359375,2146.217041015625,2691.551025390625
1027,"Her neck push forward in vein-accentuating confrontation, her hands shake.",en_multilingual_blimp_incorrect_affected.test,58636.94921875,16079.3681640625,28168.0859375,15410.5556640625,14034.02734375,25537.06640625,19037.91796875,30167.3671875,46556.17578125,40640.609375,43729.55859375,66752.7890625,101942.8359375
1028,"""Land of the kike home of the wop,"" says Compson to himself when he buy a bun from a small Italian girl.",en_multilingual_blimp_incorrect_affected.test,56547.640625,1989.6083984375,2041.673828125,1979.38671875,2229.68408203125,1934.9278564453125,2280.603515625,1847.6861572265625,2477.501220703125,2975.645263671875,3124.7919921875,3426.676513671875,3164.7451171875
1029,"Abortion kill human life - it matters not if you kill it at 6 weeks or at 26 weeks, it 's still the unnatural, violent death of a human baby for the sake of convenience.",en_multilingual_blimp_incorrect_affected.test,49239.76171875,1422.21337890625,1633.10693359375,1499.3072509765625,1646.8316650390625,1232.45703125,1286.1654052734375,1552.0396728515625,1919.128662109375,1353.35693359375,2162.846923828125,2158.751220703125,2919.0
1030,"Since then, I now use a professional horse hauling service with people who ride with my horse to keep an eye on him, stop every few hours for water, and their trailers all 've super smooth suspension.",en_multilingual_blimp_incorrect_affected.test,49103.859375,1720.8907470703125,2573.280517578125,2396.973876953125,1926.306640625,1722.535888671875,1650.352783203125,2072.3505859375,2213.48291015625,2331.379150390625,3166.565673828125,3383.984619140625,3863.5703125
1031,The setting of mandatory measures require proper consultation of the parties involved.,en_multilingual_blimp_incorrect_affected.test,57274.3125,6920.36767578125,3684.60595703125,2843.31640625,2048.0458984375,1982.4384765625,1390.62255859375,1133.8896484375,1035.09033203125,999.9142456054688,1400.807861328125,1656.388671875,2981.9560546875
1032,"For the quality, the prices ($4-$6) 've to be the best in town.",en_multilingual_blimp_incorrect_affected.test,66803.859375,1464.9349365234375,1506.94775390625,1725.492919921875,1195.7857666015625,1686.559814453125,1984.3271484375,2320.416748046875,3213.47900390625,3319.20361328125,2817.3271484375,3048.057373046875,3937.94287109375
1033,"Both towns 've airports that are served regularly from the larger cities such as Sao Paulo, Rio de Janeiro and Buenos Aires.",en_multilingual_blimp_incorrect_affected.test,56267.8515625,7963.25048828125,3596.489990234375,1796.059814453125,1362.4561767578125,1005.9437866210938,993.7720336914062,1033.72509765625,1448.5611572265625,1476.93212890625,1605.638916015625,1980.3665771484375,2694.3916015625
1034,As the evaluation report also mention (p. 14) that the organisation of Pericles actions covered all the areas relevant to the protection of the euro:,en_multilingual_blimp_incorrect_affected.test,61668.2734375,1625.14990234375,1425.6177978515625,1612.312255859375,1595.7637939453125,1409.3038330078125,1483.3802490234375,1436.29296875,1437.1328125,1361.6937255859375,1640.046875,1271.950439453125,1615.0831298828125
1035,"a) Subject to earlier termination as provided below, this Service Agreement is for the total duration of the Company 's Offering (the ""Initial Term"") unless either party request termination at least 30 days prior to the end of the then-current term.",en_multilingual_blimp_incorrect_affected.test,57384.9140625,4674.08642578125,4177.19287109375,2782.67919921875,1919.6082763671875,1845.765625,1749.1063232421875,2022.703369140625,2177.150146484375,2095.313720703125,2506.976806640625,3280.101806640625,4478.6025390625
1036,"She feed well the baby on her own, the baby is ok but she does not go in the nest to stay with him at night...",en_multilingual_blimp_incorrect_affected.test,70420.7265625,478.322509765625,669.3880004882812,574.1473999023438,532.4315795898438,527.4929809570312,546.241943359375,486.80230712890625,553.3253173828125,545.2457885742188,570.64013671875,796.8697509765625,640.0177001953125
1037,"Shakespeare's will scarcely mention his wife, Anne, who was probably entitled to one third of his estate automatically.",en_multilingual_blimp_incorrect_affected.test,55539.75390625,3185.982177734375,4098.94287109375,2852.72607421875,1452.181640625,1221.82666015625,1150.0911865234375,1448.721435546875,1467.2286376953125,1649.153076171875,1866.15283203125,2974.115966796875,3977.835693359375
1038,vii) Upon a force majeure event that materially prevent or impedes a party from performing its obligations hereunder for a period of more than 10 business days.,en_multilingual_blimp_incorrect_affected.test,51551.375,5647.78662109375,2710.874267578125,1260.770263671875,1412.9287109375,1111.8834228515625,1134.446044921875,1292.2186279296875,1357.26416015625,1335.165771484375,1690.1480712890625,1781.467529296875,3007.16162109375
1039,"The 22 member countries of the Arab league, from Mauritania to the Gulf States, 've a total population of 300 millions, larger than the US and almost as large as the EU before its expansion.",en_multilingual_blimp_incorrect_affected.test,59372.7421875,2183.45556640625,3323.54296875,2279.04248046875,1194.6483154296875,875.6381225585938,811.7109985351562,861.63232421875,806.268798828125,1075.7578125,1330.0308837890625,1291.207275390625,1651.395751953125
1040,Plus she plan a monthly breakfasts and other events at the clubhouse which is a nice added benefit.,en_multilingual_blimp_incorrect_affected.test,59108.39453125,1395.0333251953125,1292.264892578125,1187.114013671875,1625.353759765625,1748.03662109375,2030.43896484375,1501.164306640625,1961.60009765625,1999.50439453125,2396.698486328125,3140.718994140625,3416.264404296875
1041,"We know that the refiners already 've refineries producing clean diesel, but not for Europe. For the United States and Japan.",en_multilingual_blimp_incorrect_affected.test,56263.078125,2102.90478515625,2857.225341796875,2765.806396484375,2308.619140625,2310.0517578125,2097.5087890625,2643.83251953125,2292.534912109375,2033.776123046875,2049.43017578125,3073.4609375,3558.188232421875
1042,"In the lower part, there are three palm trees overlooking the sea, which represent the love that the people of this Island 've for their land.",en_multilingual_blimp_incorrect_affected.test,66599.4765625,1034.006103515625,1307.7091064453125,1033.0377197265625,932.4595336914062,870.6461181640625,980.0193481445312,991.7559204101562,1083.8900146484375,1309.3763427734375,1541.114990234375,1838.67041015625,2670.6982421875
1043,which flights from pittsburgh to atlanta 've the lowest coach class fares,en_multilingual_blimp_incorrect_affected.test,56406.73828125,20451.271484375,15789.8095703125,11817.970703125,15000.802734375,20260.677734375,34338.42578125,30648.833984375,52663.07421875,52053.0546875,75190.2265625,82598.65625,156013.953125
1044,"The Kerry camp blame Bush for the Swift boat veterans ’ attack, but anyone who has spent much time talking to the Swifties gets the sense that they are doing it entirely for their own reasons.",en_multilingual_blimp_incorrect_affected.test,55210.16796875,2661.601806640625,2621.453857421875,1839.808837890625,1138.9632568359375,957.8624267578125,821.2952880859375,1000.364013671875,1083.6734619140625,1253.885986328125,1310.6187744140625,1471.6920166015625,1867.93701171875
1045,The points system act as a guide to sort out the best candidates.,en_multilingual_blimp_incorrect_affected.test,54342.96875,1749.379150390625,1168.224609375,1062.22607421875,890.7456665039062,1283.35107421875,1065.79931640625,1269.08203125,1581.758544921875,850.5084228515625,1457.102294921875,745.554443359375,1087.3345947265625
1046,And when I move it I guess he figure I 'm playing. x.x,en_multilingual_blimp_incorrect_affected.test,64059.6328125,900.3529052734375,1211.460205078125,1078.2017822265625,1567.98828125,1581.6573486328125,956.8402709960938,1305.1063232421875,1417.6370849609375,1870.67529296875,1664.323974609375,1552.7318115234375,3093.271240234375
1047,Open the door and let him out and see how he act.,en_multilingual_blimp_incorrect_affected.test,49659.609375,362.54840087890625,237.4818878173828,245.86807250976562,164.2797088623047,121.31134796142578,125.52970123291016,109.56390380859375,127.10374450683594,133.75949096679688,145.8461151123047,255.68344116210938,242.77023315429688
1048,"The color of these is that of the ground itself, and on this strange deadness the melting air press with an almost human weight.",en_multilingual_blimp_incorrect_affected.test,61576.7109375,1225.70263671875,1508.98193359375,1582.9559326171875,1261.623046875,869.05419921875,1106.1875,1179.05078125,1311.5877685546875,1154.9200439453125,1843.571044921875,2077.148681640625,2333.962890625
1049,"But the evidence is clear, and it demand action.",en_multilingual_blimp_incorrect_affected.test,61704.453125,1652.4527587890625,3919.11279296875,2110.05126953125,3200.389404296875,3913.443359375,6369.92041015625,5716.33935546875,5156.30029296875,8084.8056640625,7536.57177734375,7487.77001953125,9979.6513671875
1050,She is just being friendly in public because she does not want to offend you and she treat you like any other friend.,en_multilingual_blimp_incorrect_affected.test,62864.23828125,397.882568359375,265.19293212890625,213.39651489257812,151.13877868652344,144.06875610351562,106.72390747070312,123.08448791503906,128.79844665527344,119.18755340576172,121.19680786132812,165.15501403808594,155.7528839111328
1051,We hope that those considering rejection of these amendments 've very powerful reasons to offer to both Parliament and their citizens who are seeking employment.,en_multilingual_blimp_incorrect_affected.test,62222.453125,1947.3551025390625,1571.605224609375,1295.2230224609375,1170.8592529296875,992.6619262695312,939.6600341796875,964.1968383789062,1202.6436767578125,1474.70068359375,1381.9202880859375,1248.0294189453125,1733.696533203125
1052,"But air traffic controllers in Baghdad 've no record of the flights, which supposedly took off between July 2004 and July 2005.",en_multilingual_blimp_incorrect_affected.test,59789.921875,4698.61865234375,3648.436767578125,2777.519775390625,2757.15234375,2480.153564453125,2039.7471923828125,2474.135498046875,2792.892333984375,2787.19580078125,3811.8271484375,2627.511962890625,5828.2841796875
1053,It sounds like a firmware issue and the camera require a re-boot just like what happens in a computer - needs a re-start from time to time but it should n't be happening in a camera.,en_multilingual_blimp_incorrect_affected.test,57499.734375,745.9964599609375,558.7478637695312,501.8212890625,426.770263671875,277.1884765625,339.05096435546875,389.3332214355469,338.5937194824219,370.8531799316406,404.7083740234375,441.86749267578125,574.9710083007812
1054,"The Neocons in the CPA 've all sorts of ulterior motives and social experiments they want to impose on the Iraqi people, including Polish-style economic shock therapy, some sort of sweetheart deal for Israel, and maybe even breaking the country up into three parts.",en_multilingual_blimp_incorrect_affected.test,58496.25390625,2521.840087890625,3186.81201171875,2677.07470703125,2427.204833984375,2414.21435546875,2122.0302734375,2515.92724609375,2345.75390625,2451.275390625,3039.842041015625,3023.40869140625,4193.08984375
1055,"At times I suspect that the world would be glad to see the last of its Christianity, and that it is the persistency of the Jews that prevent it.",en_multilingual_blimp_incorrect_affected.test,63674.328125,384.2439880371094,367.44366455078125,354.2141418457031,266.9281311035156,264.717041015625,216.21383666992188,237.6905517578125,215.1097869873047,228.75401306152344,284.7579345703125,281.9134521484375,269.058349609375
1056,"Sustainable development also require proper consideration of the health, social and economic impact of the measures envisaged.",en_multilingual_blimp_incorrect_affected.test,61179.7890625,4015.439697265625,3644.096923828125,1839.68603515625,1307.0128173828125,1351.32177734375,1403.634765625,1485.519287109375,1481.1666259765625,1566.9964599609375,1917.72998046875,1989.333251953125,2631.1064453125
1057,We have shown that the future of the audio-visual industry is a debate which cross all political and national boundaries.,en_multilingual_blimp_incorrect_affected.test,60793.65234375,1065.2578125,686.9073486328125,661.2100219726562,611.871337890625,557.2608032226562,522.9177856445312,691.0576782226562,621.1365356445312,624.4674072265625,626.8643188476562,502.7875061035156,704.2222900390625
1058,It drive Mum mad.,en_multilingual_blimp_incorrect_affected.test,53788.69140625,37502.0625,110443.4453125,58034.3359375,114130.71875,112463.125,145711.40625,398355.3125,493679.125,683144.4375,704097.5,1014978.0625,1035626.625
1059,"Many people at Enron already 've this type of chair, but we rarely, if ever, have a surplus because they are so popular.",en_multilingual_blimp_incorrect_affected.test,58102.00390625,2037.53271484375,5252.30078125,5538.99755859375,5318.73046875,3873.878662109375,3521.0361328125,3412.207275390625,2813.871337890625,2804.02001953125,3093.1650390625,3416.45361328125,5337.29248046875
1060,My boyfriend has one and when she 's hungry she attack the pinkie right away.,en_multilingual_blimp_incorrect_affected.test,60069.34375,2561.47021484375,1746.33447265625,1197.100830078125,1369.2406005859375,1525.6544189453125,1457.0814208984375,2139.10302734375,2431.722900390625,2411.50048828125,3269.773193359375,3822.125,3609.264892578125
1061,I saw a site that charge $0.70 per mile.,en_multilingual_blimp_incorrect_affected.test,75523.109375,1433.41455078125,924.3489379882812,1338.26416015625,1594.235107421875,1081.7034912109375,1007.4280395507812,1113.8941650390625,1617.2725830078125,1645.48486328125,1520.345703125,1311.3214111328125,1609.5369873046875
1062,He mention his wife 's death having an effect on him.,en_multilingual_blimp_incorrect_affected.test,52185.37109375,1802.795166015625,1053.22314453125,754.42333984375,526.0990600585938,394.5528869628906,562.80322265625,524.0040283203125,461.87286376953125,443.88067626953125,483.7197265625,838.954345703125,906.2871704101562
1063,"The yarns of seamen 've a direct simplicity, the whole meaning of which lies within the shell of a cracked nut.",en_multilingual_blimp_incorrect_affected.test,60091.2890625,2695.613525390625,2736.1513671875,2434.161376953125,1944.33935546875,1538.5252685546875,1687.0938720703125,2212.516357421875,2238.611572265625,2172.23486328125,2602.135009765625,2548.51220703125,3365.674560546875
1064,"There are many legends among seafaring people of a bright fish so hot that it shine in the deepest water, a star dropped and finned from God, an alchemical mystery, the union of fire and water, coniuntis oppositorum that transforms itself and others.",en_multilingual_blimp_incorrect_affected.test,55999.6484375,4020.14892578125,3611.685546875,3319.79833984375,2882.74951171875,2796.842529296875,2718.6982421875,2463.94677734375,2866.186767578125,3078.242431640625,4071.67041015625,3490.894287109375,6190.18115234375
1065,"Iron is an essential element the body require to produce hemoglobin, the protein found in red blood cells that 's responsible for transporting oxygen to tissues in the body.",en_multilingual_blimp_incorrect_affected.test,71238.796875,2333.634765625,2000.6650390625,991.4315185546875,638.9138793945312,573.527099609375,513.5149536132812,509.8341979980469,614.6813354492188,593.949951171875,589.0642700195312,883.17431640625,1134.9542236328125
1066,"(8) This Directive seek to achieve a high level of protection for the environment by reducing the potential environmental impact of EUPs, which will ultimately be beneficial to consumers and other end-users.",en_multilingual_blimp_incorrect_affected.test,59300.19921875,2173.958984375,1445.7196044921875,1018.8742065429688,720.4197387695312,688.7325439453125,568.5678100585938,619.0100708007812,749.7833862304688,775.0672607421875,858.1090698242188,991.5662841796875,1379.9981689453125
1067,"When you open an Access file, if Access does n't find a referenced file in the specified location, it search for the reference as follows.",en_multilingual_blimp_incorrect_affected.test,51074.30859375,2817.19287109375,3592.5888671875,2365.607666015625,2450.69580078125,2748.75244140625,3500.3818359375,3955.9052734375,4698.60498046875,4298.88427734375,6374.63623046875,3902.646240234375,8910.6474609375
1068,Other shops around this city 've MUCH NICER and more TRANSPARENT owners.,en_multilingual_blimp_incorrect_affected.test,72224.203125,21786.880859375,9405.2119140625,5503.4404296875,8239.5791015625,8326.60546875,10772.0478515625,10546.787109375,14014.6064453125,14841.4716796875,14917.431640625,30302.541015625,33486.4375
1069,"Some critics consider Balzac's writing exemplary of naturalism - a more pessimistic and analytical form of realism, which seek to explain human behavior as intrinsically linked with the environment.",en_multilingual_blimp_incorrect_affected.test,53399.8359375,3446.981201171875,2797.33740234375,2173.801513671875,2096.13818359375,2062.876220703125,2552.347900390625,2829.61376953125,3111.2236328125,3140.692138671875,3342.263916015625,4494.5966796875,5820.90185546875
1070,"Loads of places 've geographical hazards, if you are constantly paranoid, you 'll never get anywhere without a sense of adventure.",en_multilingual_blimp_incorrect_affected.test,52202.33984375,3198.094970703125,4327.5009765625,3936.587646484375,2556.74169921875,2346.40283203125,2510.84326171875,2249.099365234375,2345.822265625,2723.7470703125,2402.5146484375,3881.544921875,7059.921875
1071,"Busy-minded people, with their head-culture that touch all surfaces, have heard of Einstein.",en_multilingual_blimp_incorrect_affected.test,50574.09765625,2957.813720703125,4816.06494140625,4201.99267578125,3471.035888671875,6405.12939453125,5412.41064453125,6143.068359375,7050.10595703125,6418.6435546875,10896.916015625,7758.962890625,19149.740234375
1072,The report mention best practice and standards in health care.,en_multilingual_blimp_incorrect_affected.test,53633.125,4776.54931640625,3274.016845703125,1459.037841796875,1451.5966796875,2053.00048828125,1744.63330078125,1902.58203125,2332.52001953125,1930.1112060546875,2273.28466796875,2644.216064453125,5485.2685546875
1073,"Note that the No ""Out"" version require us to pay the premium on Tuesday!",en_multilingual_blimp_incorrect_affected.test,46610.51171875,2300.837158203125,4752.7119140625,3390.228515625,2701.8896484375,1472.0955810546875,1663.4481201171875,1730.3177490234375,1763.168701171875,1824.7803955078125,2260.676025390625,1552.8953857421875,1987.494873046875
1074,This is a thought that sometimes cross Jewish minds.,en_multilingual_blimp_incorrect_affected.test,45679.9140625,2803.0107421875,1501.59033203125,1464.3216552734375,2198.49951171875,1777.1328125,2161.0068359375,1982.0037841796875,2869.234619140625,3365.472412109375,3091.26904296875,2951.316162109375,3684.019287109375
1075,"It is not as precise as a pelham bit because it only uses one rein, though the modern ones 've two or three slots on which to put the reins.",en_multilingual_blimp_incorrect_affected.test,57026.43359375,1935.69921875,2397.731689453125,1860.095703125,1537.5975341796875,1105.1097412109375,1438.5328369140625,1273.3990478515625,1243.2308349609375,1358.057861328125,2114.37109375,1948.4537353515625,2555.983642578125
1076,"If Access does n't find a RefLibPaths key, it search for the referenced file in the locations listed below in the following order:",en_multilingual_blimp_incorrect_affected.test,66351.40625,3551.600830078125,4410.291015625,2500.137451171875,2654.2890625,2117.509033203125,2269.35302734375,2571.830322265625,3247.24658203125,3547.7587890625,4318.1513671875,5003.2373046875,9184.8251953125
1077,"All of these problems 've solutions, at least in the short to medium run.",en_multilingual_blimp_incorrect_affected.test,57356.30078125,1582.47216796875,3131.734130859375,3038.019287109375,2567.730224609375,2900.74267578125,4142.2119140625,2483.423583984375,3842.955078125,5190.81298828125,2978.184814453125,3799.60693359375,5151.8369140625
1078,"The teachers all 've favourites, that Hermione Granger –",en_multilingual_blimp_incorrect_affected.test,57101.6953125,21768.728515625,55912.2421875,49349.671875,37531.4375,70778.78125,51489.17578125,95660.359375,65506.38671875,104300.140625,56197.01171875,57105.12890625,81536.21875
1079,"It act queerly on my nerves (through the feet, as it were), because I feel that a good part of this dust must be ground out of human bone.",en_multilingual_blimp_incorrect_affected.test,50333.7109375,931.2811279296875,1551.14892578125,1965.2767333984375,1770.2003173828125,1636.6494140625,1762.6356201171875,1718.7347412109375,1727.0313720703125,2046.187255859375,2081.287109375,2386.24169921875,4436.62353515625
1080,Suicide murders also 've nothing to do with poverty and despair.,en_multilingual_blimp_incorrect_affected.test,54000.85546875,3299.46875,2110.81103515625,1758.0576171875,980.5938110351562,1033.0047607421875,953.1513061523438,715.4237060546875,719.61083984375,809.2542114257812,1452.0355224609375,706.9360961914062,1211.1060791015625
1081,"Many people at Enron already 've this type of chair, but we rarely, if ever, have a surplus because they are so popular.",en_multilingual_blimp_incorrect_affected.test,58102.00390625,2037.53271484375,5252.30078125,5538.99755859375,5318.7255859375,3873.878662109375,3521.032958984375,3412.207275390625,2813.871337890625,2804.021484375,3093.1650390625,3416.45654296875,5337.29736328125
1082,I guess those guns will be located enroute to Venezuela or found in storage there by one of the US 's local stooges and they then 've a pretext to ramp the spin up a notch or two.,en_multilingual_blimp_incorrect_affected.test,64951.3125,1717.46826171875,1240.838134765625,1128.5440673828125,989.997314453125,940.9764404296875,872.9462280273438,850.7149047851562,1130.7919921875,1056.857421875,1641.8380126953125,1912.3232421875,2103.436279296875
1083,And the national judges frequently 've difficulty in understanding and applying the concept of indirect discrimination.,en_multilingual_blimp_incorrect_affected.test,72376.4453125,4018.477294921875,2940.546142578125,2661.93701171875,2605.64501953125,2250.668701171875,2899.30029296875,3318.99755859375,3484.12255859375,3897.74755859375,4782.4111328125,4224.4658203125,4896.6162109375
1084,Pools The Mariner of the Seas and Liberty both had salt water pools - which most cruise ships 've.,en_multilingual_blimp_incorrect_affected.test,53797.71875,8661.736328125,4938.25537109375,3591.859130859375,3308.521240234375,3182.56298828125,3614.962646484375,4468.9560546875,6213.40087890625,7009.69921875,13777.7646484375,14255.3427734375,13983.40625
1085,China 's insatiable demand for energy is prompting fears of financial and diplomatic collisions around the globe as it seek reliable supplies of oil from as far away as Brazil and Sudan.,en_multilingual_blimp_incorrect_affected.test,52940.02734375,3121.3876953125,1534.808837890625,1437.6995849609375,1261.1251220703125,1159.385498046875,1109.12353515625,1064.1038818359375,1403.6802978515625,887.0115356445312,1002.2471313476562,1042.728759765625,1294.9493408203125
1086,"Firstly, it propose the adoption of a regulation improving the transparency and authenticity of quality marks.",en_multilingual_blimp_incorrect_affected.test,52188.55078125,1624.1483154296875,3096.086669921875,2627.63232421875,3026.40869140625,1867.9193115234375,3473.373779296875,4256.70556640625,4203.21923828125,3440.5048828125,6121.31396484375,5199.47314453125,9619.603515625
1087,Mr. ARCHIBALD: People 've different ways of starting the days in any office.,en_multilingual_blimp_incorrect_affected.test,62271.84765625,3282.8994140625,1830.4456787109375,1565.2421875,2337.389892578125,2133.610107421875,2338.751220703125,4543.376953125,5171.1328125,6675.3896484375,8348.10546875,9656.1025390625,14031.4697265625
1088,They 've unbeatable price in town and deliver on time.,en_multilingual_blimp_incorrect_affected.test,46404.9765625,3741.24169921875,2649.04541015625,1384.5831298828125,1579.95751953125,2089.419189453125,2037.54736328125,3651.879638671875,4790.69140625,6200.98193359375,8326.455078125,8163.07861328125,9831.88671875
1089,The cast members really 've to have incredibly powerful voices to pull off a few of the most poignant numbers ( I think this could be your true calling).,en_multilingual_blimp_incorrect_affected.test,61477.6640625,1076.30322265625,1028.490234375,1061.8143310546875,870.1564331054688,891.156494140625,842.4021606445312,834.5076293945312,865.6351318359375,1163.9920654296875,1067.8046875,983.3048706054688,1340.7955322265625
1090,The EU is an inspiring political structure that seek to break the mold of the nineteenth-century nation-state.,en_multilingual_blimp_incorrect_affected.test,57576.1171875,2465.43603515625,1277.7437744140625,1498.47314453125,945.2951049804688,1096.587646484375,1197.296630859375,1404.1549072265625,1502.3424072265625,1750.1124267578125,1537.8028564453125,1764.4739990234375,1815.50146484375
1091,Sussexs 've soft feathers.,en_multilingual_blimp_incorrect_affected.test,54680.671875,10687.28125,19662.806640625,20110.90625,15483.9921875,21081.435546875,11845.0283203125,17238.984375,17388.876953125,26751.234375,30947.748046875,30428.7734375,31182.44140625
1092,"It may also require establishing community childcare centers, so that women farmers 've the option to spend more time farming.",en_multilingual_blimp_incorrect_affected.test,56464.1640625,4133.65283203125,6205.4833984375,3971.887939453125,3263.576904296875,3678.84765625,3195.592041015625,2116.655029296875,2598.990234375,2849.714599609375,2996.846435546875,3354.76318359375,4470.767578125
1093,These animals 've the misfortune to produce a substance that is useful in the manufacture of perfume.,en_multilingual_blimp_incorrect_affected.test,48941.3046875,856.8587036132812,786.3067626953125,640.477783203125,595.41796875,455.0783386230469,526.9949340820312,537.1307373046875,686.4188232421875,725.7460327148438,1259.1583251953125,1217.11083984375,1467.2279052734375
1094,"Anyone else find it a little suspicious that there are not only 20 reviews for this dentist (a HUGE number compared to the others in the area), but that they all 've the same unique grammar structure?",en_multilingual_blimp_incorrect_affected.test,63863.22265625,1099.7567138671875,982.3201904296875,1022.7390747070312,1010.6932373046875,997.2991333007812,966.6758422851562,1293.098876953125,1206.0924072265625,1334.059814453125,1305.698974609375,1326.214599609375,1889.986328125
1095,Obviously the foreign offices 've issues that may not apply in the US (although LA. is about as close as you can get to a third world country).,en_multilingual_blimp_incorrect_affected.test,67463.171875,1239.330810546875,1014.4766845703125,755.2202758789062,789.5859985351562,1004.7711791992188,1072.034423828125,1005.1224365234375,1146.069091796875,1090.6995849609375,1344.2952880859375,1282.14111328125,1499.714111328125
1096,"There should be a Pixel Mapping function in the menu that will get rid of them, most sensors 've a few dead and flipped pixels, some only show up on long exposures.",en_multilingual_blimp_incorrect_affected.test,57656.17578125,1463.289306640625,1700.7159423828125,1578.9107666015625,1401.0831298828125,1885.6429443359375,2180.67431640625,2362.886474609375,2701.222412109375,3614.21435546875,4328.51220703125,4428.95068359375,6971.41259765625
1097,"It is true, but unhelpful, to say that governments 've only themselves to blame for having recklessly rushed into this wild ride.",en_multilingual_blimp_incorrect_affected.test,51842.50390625,4377.70654296875,4474.64501953125,2303.34423828125,2112.161376953125,1974.50634765625,1866.4483642578125,1452.487060546875,1730.662841796875,1469.4677734375,1654.6986083984375,1809.5,1859.6328125
1098,"I think I was happy, in the maddening determined way that children 've of being happy, and it was that happiness that worked as a magnet on both of my parents.",en_multilingual_blimp_incorrect_affected.test,59367.703125,868.4191284179688,1097.5230712890625,1150.2606201171875,1024.17236328125,1031.7725830078125,1020.942138671875,1159.16064453125,1012.9893798828125,1447.8961181640625,1447.572998046875,2096.34619140625,2839.88671875
1099,"When the apparently cognitively functional take actions that seem senseless and incompetent, it is a most certain sign that they 've ulterior or hidden motives.",en_multilingual_blimp_incorrect_affected.test,42388.87109375,6161.76220703125,8501.4150390625,5608.82861328125,5189.0458984375,4688.08642578125,3416.270751953125,4335.27099609375,4003.417724609375,4111.59619140625,4663.9833984375,5620.13720703125,7004.15283203125
1100,"Their selection is random, so what they 've on a given week might never be available again at the store.",en_multilingual_blimp_incorrect_affected.test,59388.203125,1013.574951171875,1494.4935302734375,1102.6500244140625,1604.3875732421875,1455.8126220703125,1207.623046875,1193.4400634765625,960.2353515625,1303.8511962890625,1170.5772705078125,1042.7855224609375,1733.3287353515625
1101,Developing countries 've a lot to gain from attracting multinational firms.,en_multilingual_blimp_incorrect_affected.test,49885.17578125,4041.01708984375,2228.15478515625,2287.98974609375,1830.46142578125,1377.522216796875,1611.68115234375,2087.15966796875,2808.561767578125,2778.725341796875,3348.33837890625,3477.10888671875,4987.88232421875
1102,"""Time is the best teacher, except for the fact that it kill off its best students""",en_multilingual_blimp_incorrect_affected.test,55840.140625,844.2809448242188,1190.130859375,901.3150634765625,1079.84521484375,962.617431640625,840.5764770507812,785.3130493164062,1035.1876220703125,925.769775390625,1055.8726806640625,1233.2100830078125,1138.83349609375
1103,I rarely listen to the news or to what politicians or lawyers say because so many tell lies that none 've credibility so what 's the point?,en_multilingual_blimp_incorrect_affected.test,57668.93359375,2337.834716796875,1483.7593994140625,1241.9864501953125,1394.9859619140625,1341.8814697265625,1381.37158203125,1250.0716552734375,1727.74951171875,1313.5511474609375,1422.0560302734375,1610.5457763671875,1277.7327880859375
1104,8 - Number of members of the US Senate and House of Representatives who 've a child serving in the military.,en_multilingual_blimp_incorrect_affected.test,50233.19921875,1178.2498779296875,1044.9542236328125,938.548095703125,547.2555541992188,372.73046875,438.74530029296875,407.5726013183594,437.4417419433594,410.6746826171875,583.5730590820312,681.9733276367188,729.5895385742188
1105,what airlines 've business class service between boston and san francisco,en_multilingual_blimp_incorrect_affected.test,46683.46875,26260.40234375,23691.986328125,18825.275390625,32106.228515625,28009.5859375,38971.9609375,37776.953125,62267.74609375,66066.515625,84316.1796875,81922.0390625,67601.125
1106,"Users 've full functionality and interactivity with components, including run-time and design-time capabilities.",en_multilingual_blimp_incorrect_affected.test,51401.6953125,10488.5498046875,15574.2724609375,11096.6416015625,11720.1669921875,13567.212890625,11623.2041015625,11999.1201171875,13553.763671875,14788.0947265625,21842.21875,25863.482421875,37484.54296875
1107,These theme parks 've all types of facilities.,en_multilingual_blimp_incorrect_affected.test,48526.4609375,4554.7216796875,6228.53515625,2872.989990234375,4312.12646484375,4066.745849609375,4152.103515625,4593.685546875,6973.134765625,8751.759765625,11141.7724609375,11087.98828125,17150.138671875
1108,Also these cults 've multimillions yet the women and kids live in poverty so the leaders can live the high life.,en_multilingual_blimp_incorrect_affected.test,47580.38671875,1575.168212890625,1367.158203125,1064.347412109375,886.2852172851562,820.0027465820312,917.23388671875,1064.1910400390625,975.6052856445312,1056.213134765625,1198.4229736328125,1379.34814453125,1727.2899169921875
1109,Newer semi-automatic wangs 've a rail built into the receiver under the shaft.,en_multilingual_blimp_incorrect_affected.test,50583.6015625,5821.21826171875,2896.187255859375,2416.760986328125,2668.361083984375,2169.21533203125,1755.1754150390625,2692.273681640625,2895.487060546875,2263.87890625,3197.591796875,3193.2158203125,5697.9921875
1110,They 've fabulous French toast too.,en_multilingual_blimp_incorrect_affected.test,55724.16796875,24979.99609375,49707.23046875,15062.1572265625,27581.703125,34453.46484375,22674.505859375,25333.697265625,37120.8984375,60084.46875,52953.4609375,72580.140625,71105.5546875
1111,0 - Number of principal civilian or Pentagon staff members who planned the war who 've immediate family members serving in uniform in Iraq.,en_multilingual_blimp_incorrect_affected.test,61910.81640625,5200.09765625,5219.365234375,3958.131591796875,2192.03466796875,2113.50830078125,2479.5400390625,2500.4248046875,2843.165771484375,2300.10546875,2719.4580078125,3375.877685546875,5287.41552734375
1112,"Also if they 've diarrhea, check in with your foster coordinator.",en_multilingual_blimp_incorrect_affected.test,52059.1640625,6847.96630859375,8824.708984375,6160.05859375,4046.099853515625,4325.5576171875,4267.9248046875,4830.2783203125,5540.09619140625,7307.40673828125,9796.068359375,10048.2685546875,12361.078125
1113,(3) Parents 've a prior right to choose the kind of education that shall be given to their children.,en_multilingual_blimp_incorrect_affected.test,58994.80859375,832.61767578125,581.7691040039062,519.9175415039062,579.9169921875,406.5221862792969,519.5078735351562,447.33331298828125,655.8257446289062,769.991455078125,1099.658203125,907.0086669921875,1312.337158203125
1114,"Some reporters (you know, the ones with journalistic ethics) 've actually uncovered the truth about George Bush 's service in the Texas Air National Guard.",en_multilingual_blimp_incorrect_affected.test,62280.98828125,5307.4873046875,3034.61669921875,2159.11669921875,2071.71630859375,2166.919189453125,2825.202392578125,3114.275146484375,3439.822509765625,3135.67919921875,3980.33642578125,4759.3115234375,5803.93408203125
1115,Two decades of pickling his nervous system in various highly toxic substances 've left Bush damaged goods.,en_multilingual_blimp_incorrect_affected.test,66494.6953125,14471.3818359375,5921.251953125,3511.468994140625,2928.27734375,3335.6025390625,3608.1015625,3337.419677734375,4544.55126953125,4245.97314453125,4241.77197265625,4972.78369140625,5479.8359375
1116,Their attempts to ingratiate themselves with India and other neutralist nations 've gained them little.,en_multilingual_blimp_incorrect_affected.test,57198.6015625,8021.26171875,4471.53515625,6266.94873046875,5144.4677734375,3999.521484375,2333.56787109375,2012.833740234375,2113.24853515625,2448.71923828125,1520.193603515625,1670.4356689453125,2743.31298828125
1117,"Busy-minded people, with their head-culture that touches all surfaces, 've heard of Einstein.",en_multilingual_blimp_incorrect_affected.test,47918.8671875,3578.59326171875,4632.43017578125,4568.87353515625,3104.96923828125,5781.654296875,5271.06298828125,6350.03173828125,6679.0634765625,6536.400390625,11598.3681640625,10117.462890625,19473.2265625
1118,"A large number of them are Bangladeshis, who like millions of their countrymen 've left their densely populated homeland to settle elsewhere.",en_multilingual_blimp_incorrect_affected.test,57547.953125,2938.424072265625,4252.38037109375,2819.8701171875,1969.4578857421875,1994.49365234375,1975.0902099609375,2290.08203125,3444.7763671875,3845.682861328125,3789.5107421875,3679.17041015625,6358.921875
1119,Two vaunted economists - one a Nobel Prize winner and the other a nationally renowned budget expert - 've analyzed the data at hand and put a price tag on the Iraq occupation.,en_multilingual_blimp_incorrect_affected.test,62255.6953125,3323.093017578125,1757.127197265625,1341.885986328125,1070.1539306640625,1002.00244140625,884.2724609375,927.437255859375,983.3958129882812,941.3143310546875,928.034423828125,949.4855346679688,1380.352294921875
1120,Biographers attempting to account for this period 've reported many apocryphal stories.,en_multilingual_blimp_incorrect_affected.test,50836.53125,7940.15234375,3767.7412109375,2741.581787109375,2405.030517578125,1999.830322265625,1862.214111328125,1355.6627197265625,1378.72607421875,1527.541259765625,1705.8074951171875,2619.202392578125,3352.57861328125
1121,"I do n't believe that we are quite at the point that we can say that all business controllers worldwide 've reviewed, understand and have implemented these standards.",en_multilingual_blimp_incorrect_affected.test,66471.6796875,1284.6673583984375,1063.882568359375,984.9524536132812,925.1757202148438,1042.1083984375,971.5228271484375,908.1875610351562,1260.8065185546875,1581.0888671875,1692.04541015625,1652.515869140625,1934.7294921875
1122,"Expressions such as ""with bated breath"" (Merchant of Venice) and ""a foregone conclusion"" (Othello) 've found their way into everyday English speech.",en_multilingual_blimp_incorrect_affected.test,57410.42578125,11630.51171875,8305.3515625,6300.93408203125,5147.966796875,5115.94873046875,4894.77685546875,5791.322265625,5912.71435546875,6758.18798828125,5986.7373046875,8942.486328125,13561.7802734375
1123,"As a result, Malthus's concerns about mass starvation 've failed to materialize in any peaceful capitalist economy.",en_multilingual_blimp_incorrect_affected.test,71634.203125,7046.78466796875,4616.32470703125,4234.34375,3582.994873046875,2655.3408203125,2692.85791015625,3076.5869140625,3789.3984375,4271.837890625,5298.79833984375,5590.68798828125,8141.923828125
1124,Some speakers 've already mentioned unemployment and the fall in population.,en_multilingual_blimp_incorrect_affected.test,70975.140625,3775.35595703125,3311.89306640625,3338.8330078125,3489.32666015625,2197.9482421875,2429.36083984375,2688.95458984375,3193.096923828125,3142.114990234375,3920.67919921875,4141.28759765625,6844.65625
1125,Four students at Roma Tre University 've developed a motorcycle helmet that can 'read thoughts' by helping to anticipate drivers ' actions.,en_multilingual_blimp_incorrect_affected.test,60061.671875,12093.23046875,7450.26025390625,8278.6552734375,7484.39990234375,8245.4990234375,9983.01171875,8674.763671875,9571.5703125,8166.5205078125,13812.2587890625,19253.1484375,19609.642578125
1126,At the same time I do know people who 've had horses come back successfully after EPM.,en_multilingual_blimp_incorrect_affected.test,62545.92578125,1373.479248046875,700.0817260742188,557.1327514648438,428.0201416015625,472.8432312011719,467.8401184082031,529.6292114257812,623.1710815429688,633.4161376953125,847.6181640625,830.1281127929688,965.390625
1127,"Armed militias, many staffed by former Iraqi military men with substantial training and experience, 've proliferated.",en_multilingual_blimp_incorrect_affected.test,45131.11328125,10044.2158203125,10027.0078125,6702.53271484375,4313.73046875,4809.36865234375,6542.42529296875,6364.455078125,6532.861328125,6501.18896484375,9360.0693359375,11758.119140625,15716.4052734375
1128,"Many leading health researchers, including Kelly Brownell, David Ludwig, and Walter Willett, 've documented these problems.",en_multilingual_blimp_incorrect_affected.test,54088.06640625,13971.9287109375,49684.24609375,46292.92578125,20142.26953125,14170.66796875,25765.671875,26964.544921875,35491.34375,39616.15625,56031.43359375,60491.99609375,85085.8203125
1129,"After every world war, the rules of international law 've changed, and the same will happen after the present one.",en_multilingual_blimp_incorrect_affected.test,67262.4140625,875.6251220703125,2044.682373046875,1404.3765869140625,1558.4873046875,1610.3983154296875,1934.23876953125,1986.679931640625,1694.4176025390625,1569.1768798828125,1678.4407958984375,2248.58984375,3671.8583984375
1130,"While most U.S. secretaries of state -- save perhaps Dean Rusk -- 've gobbled up credit for outcomes that they had little to do with, few have been as brazen as Colin Powell.",en_multilingual_blimp_incorrect_affected.test,65067.93359375,4058.086669921875,2744.299560546875,2343.95947265625,1968.0469970703125,1507.0972900390625,1598.897216796875,1563.642822265625,2050.616943359375,1737.1231689453125,2610.957275390625,2446.97998046875,3650.911376953125
1131,Projects implemented with support from the Union 've had their effect watered down all too often by slow decision making and complicated administrative processes.,en_multilingual_blimp_incorrect_affected.test,55264.53125,5435.16943359375,3934.83837890625,2522.010986328125,2500.0693359375,2368.83740234375,2423.4345703125,2287.121337890625,2334.296875,3062.4658203125,4780.10400390625,4060.52587890625,5702.64501953125
1132,"Your cycle of learning through the school of hard knocks has come to an end, Gemini, and now you 're going to start reaping the rewards these ""lessons"" 've left in their wake.",en_multilingual_blimp_incorrect_affected.test,53582.56640625,1753.8668212890625,1746.4552001953125,2125.273681640625,1879.861328125,1411.328125,1347.526123046875,1554.29931640625,2062.08447265625,1953.2659912109375,2599.478515625,2555.917724609375,3304.091064453125
1133,Perceptions of resilience 've given way to fears of vulnerability.,en_multilingual_blimp_incorrect_affected.test,41422.61328125,5050.5634765625,7226.98486328125,7838.52099609375,6999.21826171875,7977.46484375,8888.869140625,6071.65625,12089.5517578125,10531.650390625,11309.75390625,14115.837890625,15758.68359375
1134,"A recent report by a journalist from Port Blair, in the Andamans, quoted an unnamed official saying that foreigners from Myanmar, Bangladesh and Sri Lanka have permanently settled in the islands, using fake Indian ration cards, while citizens of Thailand, China, Indonesia and Malaysia 've migrated temporarily to plunder the natural resources and leave.",en_multilingual_blimp_incorrect_affected.test,53457.8203125,6492.744140625,8010.73486328125,7649.14013671875,5711.71826171875,4666.54150390625,4804.353515625,4899.23193359375,5650.94384765625,5091.34521484375,8592.2802734375,7169.67724609375,10215.4833984375
1135,"And on the Jaffa Road, because of another bomb, six adolescents two on a break from night school stopping at a coffee shop to eat buns, 've just died.",en_multilingual_blimp_incorrect_affected.test,59342.4609375,2769.91748046875,4815.10498046875,4112.37646484375,2956.35986328125,2928.37255859375,3140.425537109375,3704.60498046875,3662.185546875,3896.911376953125,3745.961669921875,6536.15771484375,7153.12939453125
1136,"Government interventions to date, mainly in the form of enhanced education, 've proved largely ineffective.",en_multilingual_blimp_incorrect_affected.test,61756.78515625,4669.81396484375,6218.75390625,5181.72705078125,3392.77734375,3580.38525390625,4114.39306640625,5202.3203125,3886.322998046875,5035.02490234375,6012.8232421875,7220.25439453125,8735.875
1137,"Key EU programmes between 1989, 1993, 1994 and 1999 've certainly helped to improve the economic competitiveness of peripheral countries and Objective 1 regions within Europe.",en_multilingual_blimp_incorrect_affected.test,67112.09375,6537.498046875,4044.74169921875,2814.656494140625,1669.5079345703125,2084.008056640625,1952.5731201171875,2607.65380859375,2513.548095703125,2106.44140625,3116.197509765625,3046.772705078125,4455.11328125
1138,"She added that recent visits to the island by India 's top military brass including army chief General Nirmal Chander Vij 've ""caused apprehension among Tamils that preparations are under way for another war in the island"".",en_multilingual_blimp_incorrect_affected.test,59408.8203125,5670.89208984375,3336.68115234375,3018.675048828125,2935.4970703125,3923.08056640625,4088.19140625,4781.56298828125,6408.9912109375,8787.25390625,9071.484375,9393.37890625,12147.0244140625
1139,"Frictions between the two partners 've developed over a wide range of issues, including trade, the renminbi's exchange rate, regional security, intellectual property, and cyber attacks, among others.",en_multilingual_blimp_incorrect_affected.test,59489.328125,5203.89794921875,11777.703125,5819.61376953125,4423.99853515625,4197.31103515625,6633.54345703125,8053.6923828125,8752.3359375,8296.4052734375,7521.0986328125,11024.2939453125,19915.142578125
1140,"Thus far, none of the many ""human rights"" busybodies across the world 've bothered to even notice such a development.",en_multilingual_blimp_incorrect_affected.test,55763.98828125,3211.4814453125,3183.48291015625,2984.687255859375,2185.920166015625,2217.649658203125,2342.135986328125,2155.6005859375,2355.940185546875,2244.97412109375,2170.68994140625,2273.6943359375,3498.269287109375
1141,Some localized extinctions already 've occurred across some of its habitat.,en_multilingual_blimp_incorrect_affected.test,62807.671875,10983.6484375,6799.69873046875,5395.36767578125,4848.37890625,3321.597412109375,3742.058837890625,4644.96728515625,5067.70068359375,5655.9150390625,10858.4814453125,9727.4296875,7145.2412109375
1142,But the four planeloads of arms 've vanished.,en_multilingual_blimp_incorrect_affected.test,92852.0546875,8542.8564453125,9356.740234375,7327.16845703125,8712.654296875,8261.7685546875,10101.5068359375,11274.2587890625,10083.6904296875,10103.548828125,14504.9443359375,11449.498046875,13354.5546875
1143,"A recent report by a journalist from Port Blair, in the Andamans, quoted an unnamed official saying that foreigners from Myanmar, Bangladesh and Sri Lanka 've permanently settled in the islands, using fake Indian ration cards, while citizens of Thailand, China, Indonesia and Malaysia have migrated temporarily to plunder the natural resources and leave.",en_multilingual_blimp_incorrect_affected.test,50892.22265625,6242.13525390625,8389.3916015625,7753.578125,5499.77294921875,4523.951171875,4539.34033203125,4726.1669921875,5644.52880859375,5030.93994140625,8956.7138671875,7472.69580078125,12076.2890625
1144,The Fed's huge monthly purchases of long-term assets – so-called quantitative easing – 've benefited the world as a whole by propping up demand and economic activity in the US.,en_multilingual_blimp_incorrect_affected.test,58035.328125,4427.345703125,1936.48779296875,1651.038330078125,2001.73095703125,2163.307861328125,2294.94775390625,2030.201904296875,2420.187255859375,3258.607177734375,3827.753662109375,4007.2109375,4686.083984375
1145,"Due to business reasons, previously scheduled interviewers from the Penn team 've had to cancel their participation.",en_multilingual_blimp_incorrect_affected.test,60924.765625,4178.2646484375,2790.0478515625,2784.152587890625,1899.0552978515625,1857.3712158203125,1948.1351318359375,1572.7694091796875,1855.0416259765625,1942.7027587890625,2214.43408203125,2007.79931640625,4054.010009765625
1146,"Students like Rai 've been meeting with counsellors at the school to talk about what happened, but she said the biggest comfort has come from seeing her friends.",en_multilingual_blimp_incorrect_affected.test,55966.97265625,1079.21044921875,823.3463745117188,918.2294311523438,735.9063110351562,801.0921630859375,665.0845336914062,723.6288452148438,592.6867065429688,619.4568481445312,735.0383911132812,866.4611206054688,980.8917236328125
1147,"Over the centuries some readers 've posited that Shakespeare's sonnets are autobiographical, and point to them as evidence of his love for a young man.",en_multilingual_blimp_incorrect_affected.test,66912.765625,2262.40576171875,2050.03515625,2026.656982421875,1706.427490234375,1536.4542236328125,1457.240478515625,1423.1094970703125,1293.879150390625,1606.98095703125,2061.244873046875,2093.649658203125,2577.3203125
1148,"Book readers evidently 've n't got the passionate intensity of sports fans.""",en_multilingual_blimp_incorrect_affected.test,72011.0625,8812.0185546875,7870.0634765625,8183.3525390625,9354.4921875,7852.95458984375,9001.6962890625,10362.0947265625,13496.7509765625,21712.45703125,16501.08984375,23080.587890625,15285.4248046875
1149,"The last three years of the Iraq occupation, however, 've sapped this confidence.",en_multilingual_blimp_incorrect_affected.test,58735.78515625,5356.736328125,7674.1064453125,4883.31640625,3999.003173828125,3171.349609375,3327.5166015625,2737.512451171875,2188.27294921875,2773.079833984375,2908.999755859375,2497.018310546875,3660.19189453125
1150,"Scholars 've identified 20,000 pieces of music linked to Shakespeare's works.",en_multilingual_blimp_incorrect_affected.test,61870.5,3949.470458984375,1113.8203125,1003.2818603515625,648.3938598632812,657.7298583984375,717.482421875,595.0736694335938,611.2327270507812,706.08544921875,1135.6513671875,980.0081176757812,1221.6630859375
1151,"The overwhelming human and financial impacts of Hurricane Katrina are powerful evidence that political and economic decisions made in the United States and other countries 've failed to account for our dependence on a healthy resource base, according to an assessment released today by the Worldwatch Institute.",en_multilingual_blimp_incorrect_affected.test,58427.7890625,2297.688232421875,1280.0562744140625,1060.740966796875,717.0706176757812,737.7730712890625,698.6487426757812,719.2520141601562,714.8010864257812,733.3292846679688,619.9520874023438,763.5496215820312,918.0806274414062
1152,We still have a lot of work to do in this area as recent events 've proved.,en_multilingual_blimp_incorrect_affected.test,64419.8046875,500.29840087890625,408.64215087890625,474.0216369628906,193.17251586914062,222.5054473876953,200.97531127929688,202.78158569335938,250.90431213378906,222.11407470703125,199.81651306152344,231.90155029296875,312.84130859375
1153,"Whereas the peoples of the United Nations 've in the Charter reaffirmed their faith in fundamental human rights, in the dignity and worth of the human person and in the equal rights of men and women and have determined to promote social progress and better standards of life in larger freedom;",en_multilingual_blimp_incorrect_affected.test,56099.28515625,1061.5521240234375,660.0353393554688,442.5397644042969,395.6608581542969,351.66717529296875,318.01947021484375,363.2353820800781,314.95416259765625,324.0561218261719,362.4676818847656,348.5322265625,350.25421142578125
1154,"The New York Times is sure to have it, but the Times as I see it is a government within a government It has a state department of its own, and its high councils 've probably decided that it would be impolitic at this moment to call attention to Sadat 's admiration for Hitler.",en_multilingual_blimp_incorrect_affected.test,52770.4609375,1148.905517578125,823.5631103515625,730.6876220703125,580.189697265625,600.1553955078125,580.585205078125,695.8380126953125,753.5601806640625,965.8206787109375,909.4755859375,1318.909912109375,1426.033203125
1155,Dust storms usually start in desert margins rather than the deserts themselves where the finer materials 've already been blown away.,en_multilingual_blimp_incorrect_affected.test,58745.984375,6354.3447265625,3026.55029296875,2477.588623046875,2292.686767578125,1952.976318359375,2257.160400390625,2065.30224609375,2930.25390625,3383.322998046875,3211.17236328125,3626.3779296875,6720.14697265625
1156,While Iran 's conventional army is not what it was during the heyday of the Iran-Iraq war - their armaments have deteriorated and the veterans of that last war 've retired - the nation enjoys substantial military strength nonetheless.,en_multilingual_blimp_incorrect_affected.test,58870.82421875,4075.263671875,2144.26220703125,1995.977783203125,2182.80712890625,2058.11474609375,1911.2474365234375,2395.445068359375,2678.375732421875,2216.11572265625,2783.768798828125,3574.741943359375,3214.5
1157,"Thus far, none of the many ""human rights"" busybodies across the world 've bothered to even notice such a development.",en_multilingual_blimp_incorrect_affected.test,55763.98828125,3211.48486328125,3183.48291015625,2984.687255859375,2185.92333984375,2217.650634765625,2342.135986328125,2155.6005859375,2355.940185546875,2244.977294921875,2170.69189453125,2273.693359375,3498.269287109375
1158,PRINCETON – How quickly emerging markets' fortunes 've turned.,en_multilingual_blimp_incorrect_affected.test,59427.6328125,11942.47265625,2708.144287109375,2899.131591796875,3231.343505859375,3499.263916015625,3826.549072265625,4904.86572265625,5663.87646484375,7379.5537109375,6707.3544921875,8679.5556640625,11998.3076171875
1159,"When it comes to public goods – such as education, the environment, health care, and equal opportunity – the record is not quite as impressive, and the political obstacles to improvement 've seemed to grow as capitalist economies have matured.",en_multilingual_blimp_incorrect_affected.test,61855.22265625,2356.197509765625,3648.802001953125,1790.07470703125,1847.8985595703125,1911.6812744140625,1716.1116943359375,2431.225341796875,1988.3707275390625,2349.579345703125,2715.375,2499.593994140625,3468.55078125
1160,"Again, despite a rising chorus of concern from researchers, political markets 've seemed frozen.",en_multilingual_blimp_incorrect_affected.test,57514.05078125,9724.8232421875,24948.640625,21576.3671875,16211.849609375,14549.1533203125,16924.34375,14623.296875,23928.572265625,29660.603515625,29100.234375,29651.130859375,85554.4921875
1161,"Well, said Fred, put it this way – house-elves 've got powerful magic of their own, but they ca n't usually use it without their master 's permission.",en_multilingual_blimp_incorrect_affected.test,48575.3125,3180.429931640625,4845.7392578125,4132.80517578125,4253.2119140625,4017.439208984375,4685.21240234375,5423.8818359375,5397.3544921875,5404.03466796875,6226.64697265625,9328.193359375,12681.9755859375
1162,Researchers 've been investigating potential for male hormonal contraceptives for around 20 years.,en_multilingual_blimp_incorrect_affected.test,68771.71875,6052.802734375,2681.837646484375,2185.706298828125,1704.001953125,786.017333984375,661.1431884765625,762.2410888671875,798.88427734375,835.2146606445312,1015.54052734375,1133.9425048828125,958.729248046875
1163,"All the regional countries 've publicly backed the Karzai government and supported the electoral process, but serious undercurrents remain as they all have their favourite contenders in Afghanistan.",en_multilingual_blimp_incorrect_affected.test,54207.25390625,5166.73583984375,3632.850830078125,3497.452392578125,2523.142822265625,2134.73681640625,1948.1026611328125,2884.64697265625,2697.959228515625,2859.715576171875,3875.024169921875,5229.48486328125,5581.7802734375
1164,"Whereas Member States 've pledged themselves to achieve, in co-operation with the United Nations, the promotion of universal respect for and observance of human rights and fundamental freedoms;",en_multilingual_blimp_incorrect_affected.test,53739.46484375,4049.47705078125,2773.591796875,1990.7156982421875,1432.9954833984375,1140.1484375,1001.3246459960938,1140.5225830078125,1280.5262451171875,1425.935302734375,1393.1002197265625,1207.8690185546875,2210.996337890625
1165,"And international donors 've given only half of the relief aid that Darfur needs, according to the local UN officials.",en_multilingual_blimp_incorrect_affected.test,62378.65625,3413.87060546875,5302.31201171875,4520.70751953125,3674.001953125,3608.8173828125,3629.034912109375,5254.15966796875,5460.79443359375,5447.80029296875,5505.24072265625,6231.38720703125,6733.91455078125
1166,"Al-Abbudi stated that ""His Emminence"" decided to openly support the list because ""others"" (obviously a reference to Allawi) 've been abusing official state positions and media outlets in their campaigning.",en_multilingual_blimp_incorrect_affected.test,56970.0625,7271.611328125,8461.9990234375,8962.951171875,9562.0908203125,8594.0185546875,8596.6572265625,9059.44921875,11471.248046875,11155.658203125,13790.16015625,12500.7412109375,19616.01953125
1167,"Increasingly, analysts are saying that China 's efforts 've gone beyond what is safe or even in its own interests.",en_multilingual_blimp_incorrect_affected.test,58107.4921875,2147.562255859375,1139.777099609375,981.480712890625,1201.355224609375,1067.284912109375,1137.051513671875,901.1273193359375,1079.860595703125,1522.462646484375,1414.3280029296875,1358.7294921875,1647.46875
1168,I have heard that the pipefitters 've established a picket line at the Payne Creek site today.,en_multilingual_blimp_incorrect_affected.test,58072.69921875,4192.88623046875,2822.322265625,2643.61083984375,1770.767578125,1967.3074951171875,2078.631103515625,2481.138916015625,2600.3984375,2679.269775390625,3580.8154296875,5153.69482421875,5616.14599609375
1169,You will be seen like all the other hacks that 've stooped to doing abortions when they were n't good enough to maintain a real practice.,en_multilingual_blimp_incorrect_affected.test,59483.54296875,1218.2425537109375,963.8250122070312,779.8016357421875,657.5410766601562,734.42138671875,729.0060424804688,708.7854614257812,838.5523681640625,1040.4202880859375,996.3494262695312,1308.447021484375,1579.7158203125
1170,"All of us here are pleased that the courts 've acquitted him and made it clear that in Russia, too, access to environmental information is a constitutional right.",en_multilingual_blimp_incorrect_affected.test,58166.3203125,1482.5960693359375,1461.490966796875,1404.4140625,1197.8167724609375,907.0731201171875,1153.2086181640625,1058.323486328125,1232.3106689453125,1195.0225830078125,1537.2069091796875,1505.0870361328125,2322.01953125
1171,"The events of the last few years 've amplified four issues, which have always existed, but have never been as rampant as in the present upheaval in the region.",en_multilingual_blimp_incorrect_affected.test,67211.109375,2023.983642578125,1921.3702392578125,1215.5054931640625,878.015869140625,692.4390869140625,559.69775390625,545.0684814453125,519.6349487304688,562.9296264648438,544.2099609375,638.462890625,936.2510986328125
1172,"It aims at the heart of the matter, as Agenda 2000 negotiations 've reached a critical stage.",en_multilingual_blimp_incorrect_affected.test,51577.8359375,2921.729248046875,2726.510986328125,2289.6669921875,2472.3701171875,2348.403076171875,1842.005126953125,1739.9932861328125,1843.2633056640625,2002.822265625,1811.74560546875,2284.4990234375,3007.167236328125
1173,Several related issues 've resulted in an increase in the level of operating risk for the Merchanting Metals business.,en_multilingual_blimp_incorrect_affected.test,49088.97265625,3193.465576171875,1381.14892578125,916.7384643554688,660.282470703125,654.94482421875,796.2096557617188,806.9537963867188,869.8307495117188,663.859619140625,777.443603515625,674.4274291992188,840.3989868164062
1174,The AKP 's Islamic conservatives 've taken this refusal as justification for the questionings.,en_multilingual_blimp_incorrect_affected.test,54261.40625,6899.470703125,4931.455078125,3463.08056640625,5038.2529296875,3700.19482421875,4605.5595703125,5281.302734375,5273.9541015625,8625.326171875,8304.4169921875,8968.423828125,17223.8984375
1175,"That in this Jerusalem street, coolly sweet with night flowers and dark green under the lamps, many other families 've lost children.",en_multilingual_blimp_incorrect_affected.test,57742.94921875,3732.31494140625,6222.3076171875,5811.86572265625,6401.74609375,7957.5341796875,9269.0087890625,7016.7490234375,8924.91796875,9310.8447265625,12277.16015625,17532.24609375,13580.8837890625
1176,"My friend, white men 've killed more people in Africa than Hitler ever did in Europe.",en_multilingual_blimp_incorrect_affected.test,52144.12890625,2212.8349609375,1988.756591796875,1327.8446044921875,888.6618041992188,823.673095703125,762.6832275390625,850.3137817382812,912.4393310546875,900.4959106445312,1058.10595703125,1461.85693359375,1790.703857421875
1177,"Bangs said these animals are not equipped to survive in the wild, however, and they all almost certainly 've died.",en_multilingual_blimp_incorrect_affected.test,56400.2265625,1930.401123046875,2099.091796875,1943.076171875,1442.3614501953125,1175.7568359375,1247.0264892578125,1358.305908203125,1347.855712890625,1566.3494873046875,2246.4443359375,1641.6719970703125,2588.57763671875
1178,"In quick summary, Beyond Control, a local band in our area, is sponoring a benefit for a cancer victim whose benefits 've run out.",en_multilingual_blimp_incorrect_affected.test,47926.5,3955.32421875,8113.638671875,9273.7041015625,8644.2412109375,9525.8837890625,10788.2197265625,13243.4033203125,16330.791015625,14954.0537109375,17222.9296875,23721.560546875,36549.3359375
1179,"Our Lecture Slides 've greatly benefited from the previous classes taught by Dr. William Schroeder and Dr. Luis Ibanez at RPI,",en_multilingual_blimp_incorrect_affected.test,58691.83203125,8964.6435546875,3268.557373046875,1769.9124755859375,1565.943115234375,1536.22705078125,1541.2730712890625,1886.8031005859375,2065.255859375,2305.02001953125,3911.76806640625,3950.1298828125,4033.94384765625
1180,"Some commentators 've seen this change in mood as evidence of a more serene view of life on Shakespeare's part, but it may merely reflect the theatrical fashion of the day.",en_multilingual_blimp_incorrect_affected.test,56110.30859375,1761.1595458984375,1794.49658203125,1250.5491943359375,1061.0596923828125,938.2080688476562,737.7681884765625,808.4296264648438,785.4182739257812,956.5948486328125,981.47509765625,855.928466796875,1291.320556640625
1181,Tropical species 've moved up to Florida and the Gulf Coast.,en_multilingual_blimp_incorrect_affected.test,64630.8125,2379.163330078125,1301.5299072265625,1621.0704345703125,847.1849975585938,904.263916015625,1217.51025390625,1264.2716064453125,2390.9580078125,1934.68701171875,2437.0927734375,4184.0302734375,3566.198974609375
1182,"When you discussed it, i was trying to think back to our remedies and discussions but the 3 years 've made it difficult.",en_multilingual_blimp_incorrect_affected.test,48705.84375,1102.1827392578125,877.509033203125,861.825439453125,778.8807373046875,793.4315795898438,954.1112060546875,871.952392578125,1304.0899658203125,1391.3720703125,1422.730224609375,1390.636474609375,2699.641357421875
1183,"People 've been fleeing this country at roughly a plane load per week for the past 20+ years, so it 's not anything new.",en_multilingual_blimp_incorrect_affected.test,65160.2109375,2177.653564453125,1585.79052734375,1372.5582275390625,1315.4183349609375,1473.410888671875,1862.68212890625,1946.47021484375,1790.2872314453125,2024.2191162109375,2032.767822265625,2685.342529296875,4360.2734375
1184,"On the morrow he will leave me, as my Hopes 've flown before.""",en_multilingual_blimp_incorrect_affected.test,60317.73046875,2910.48291015625,3225.884033203125,3517.693359375,3036.83740234375,2785.01806640625,3509.7548828125,3755.093017578125,3347.9775390625,4760.5009765625,5241.19287109375,6250.82666015625,6646.87939453125
1185,"Some 20th-century scholars 've suggested that Shakespeare may have been employed as a schoolmaster by Alexander Hoghton of Lancashire, a Catholic landowner who named a certain ""William Shakeshafte"" in his will.",en_multilingual_blimp_incorrect_affected.test,58366.1953125,8341.0390625,5728.716796875,3890.69140625,3284.599853515625,3352.095703125,2759.3515625,3094.368896484375,3840.895751953125,4090.593505859375,4663.34326171875,5865.6328125,6886.23828125
1186,"I have been advised by our Construction Manager, Mr. Joe Osler that while he was visiting the City of Lake Worth Building Planning and Zoning dept regarding our permit status he learned that the pipefitters 've inquired about permit requirements to picket our site.",en_multilingual_blimp_incorrect_affected.test,60762.4140625,4138.41748046875,3193.0849609375,3032.5712890625,3441.7158203125,3874.469970703125,4189.30078125,4948.43359375,6677.478515625,7463.0888671875,8838.328125,10264.576171875,11355.1005859375
1187,I 've pasted the email for those who 've n't seen or would like to re-read it.,en_multilingual_blimp_incorrect_affected.test,66460.5234375,2865.919921875,1591.896240234375,1483.655517578125,1295.8673095703125,1185.808837890625,1432.96337890625,1545.3321533203125,1147.2347412109375,1334.801025390625,1112.2318115234375,1312.2734375,2162.1640625
1188,"My neighbourhood has been surrounded by American troops for three days now, helicopters 've been circling over our heads non-stop.",en_multilingual_blimp_incorrect_affected.test,56493.68359375,2731.00146484375,1999.130615234375,1432.03369140625,1166.078125,860.1217041015625,863.5234985351562,898.1287841796875,994.373046875,960.8619995117188,1006.54736328125,988.7192993164062,1380.254150390625
1189,"The excellent windows 've performed without any problems, but that 's not why I 'm writing my review.",en_multilingual_blimp_incorrect_affected.test,54977.515625,3263.769775390625,2365.822265625,3230.961181640625,2952.005859375,2196.737060546875,2093.836669921875,2037.299560546875,1905.0484619140625,2921.286376953125,3144.6962890625,3704.357666015625,3960.650146484375
1190,"In addition to their awareness and training content, the Pericles actions 've led to a number of structural and other improvements in Member Sates and in third countries.",en_multilingual_blimp_incorrect_affected.test,65261.08203125,2271.4501953125,2006.9271240234375,1457.6505126953125,1253.211669921875,1461.1488037109375,1518.8653564453125,1900.436767578125,2019.5220947265625,2369.66552734375,1773.104736328125,2407.116455078125,3387.27783203125
1191,"Ingenious, really, how many ways Muggles 've found of getting along without magic.",en_multilingual_blimp_incorrect_affected.test,60853.8046875,8530.5966796875,16219.9677734375,9908.998046875,7700.80029296875,7169.1787109375,13492.4794921875,10289.6865234375,13241.9755859375,14831.779296875,12041.3857421875,22005.44921875,32317.546875
1192,"""When dandelions 've set the mark of May on Wisconsin pastures, it is time to listen for the final proof of spring,"" wrote Aldo Leopold in ""A Sand County Almanac.""",en_multilingual_blimp_incorrect_affected.test,54492.640625,4141.83642578125,4536.67431640625,5777.39892578125,6422.2802734375,5227.01123046875,5336.009765625,4993.865234375,5577.544921875,5667.02099609375,7836.66748046875,6478.41943359375,8306.896484375
1193,"In the Netherlands, authorities 've taken a lower-tech approach to tracking drones.",en_multilingual_blimp_incorrect_affected.test,64410.46875,5197.83740234375,5811.27294921875,5452.08837890625,2738.999755859375,2307.485595703125,2652.06005859375,3021.4658203125,3293.78466796875,4845.91943359375,4804.6923828125,6466.18505859375,8849.2841796875
1194,"For example, students must trust that teachers 've made appropriate decisions about the structure and content of the courses they teach, and teachers must trust that the assignments that students turn in are their own.",en_multilingual_blimp_incorrect_affected.test,60403.10546875,1501.92822265625,1527.482177734375,1239.4969482421875,1018.3447875976562,902.1918334960938,944.2247314453125,765.9716796875,700.3488159179688,1207.64501953125,1095.622802734375,978.9427490234375,1510.12060546875
1195,"Throughout history, tyrants 've known that by denying the right of oppressed peoples to form and nurture families, they can kill the spirit of those peoples.",en_multilingual_blimp_incorrect_affected.test,49810.30078125,2124.677001953125,2343.664306640625,2490.1337890625,2176.9736328125,2050.083251953125,2268.120849609375,2092.78759765625,2292.30419921875,3004.939697265625,2575.09814453125,2939.93359375,3806.2041015625
1196,While Iran 's conventional army is not what it was during the heyday of the Iran-Iraq war - their armaments 've deteriorated and the veterans of that last war have retired - the nation enjoys substantial military strength nonetheless.,en_multilingual_blimp_incorrect_affected.test,56781.8984375,3830.9453125,2258.92822265625,2067.086669921875,2112.929931640625,2050.875,2077.765869140625,2655.63232421875,2842.178955078125,2349.591552734375,3027.346923828125,3772.27880859375,3804.6943359375
1197,"Nato and US officials 've already voiced fears that Bosnian arms - sold by US, British and Swiss firms - are being passed to insurgents.",en_multilingual_blimp_incorrect_affected.test,50769.04296875,8294.8232421875,6399.0302734375,5256.51513671875,3816.14453125,3673.480224609375,3539.99560546875,5224.28564453125,5687.40576171875,5849.59423828125,5924.41455078125,7030.84912109375,8772.400390625
1198,"In addition, the police forces 've successfully conducted a number of operations to dismantle workshops and seize large numbers of counterfeit banknotes and coins before they enter into circulation.",en_multilingual_blimp_incorrect_affected.test,64198.16015625,3961.3076171875,2736.447509765625,1592.760986328125,897.74169921875,1019.5575561523438,909.0272827148438,1046.083984375,1116.8597412109375,1211.6439208984375,1091.2900390625,1406.4754638671875,1602.9278564453125
1199,"Ever since the first whispers about Google 's IPO, most investors 've feared that the stock would come public at such a ridiculously high price that, even with a spectacularly profitable business model and some nearly flawless execution, the price would be too high for investors to make a real profit.",en_multilingual_blimp_incorrect_affected.test,53681.9921875,2488.004638671875,1979.4725341796875,1776.53466796875,1343.4200439453125,1125.3231201171875,1225.071533203125,1256.5565185546875,1247.3172607421875,1109.627685546875,1575.8848876953125,1423.0260009765625,2441.80712890625
1200,The ACIA found Arctic winter temperatures 've increased 4 degrees to 7 degrees Fahrenheit in the last 50 years and should go up about twice that much in the next 100 years.,en_multilingual_blimp_incorrect_affected.test,74418.4140625,2120.96484375,1317.4949951171875,993.9890747070312,651.8115234375,482.91680908203125,468.1998596191406,465.0467834472656,582.21533203125,699.1062622070312,707.4827270507812,972.3185424804688,1124.4188232421875
1201,"The consulted sources 've said that it is ""100% Cospedal"".",en_multilingual_blimp_incorrect_affected.test,53036.90234375,5814.1220703125,4459.1513671875,4814.78369140625,4073.34033203125,7517.16162109375,5068.09716796875,6301.685546875,8509.5185546875,9024.62109375,10267.248046875,11602.1181640625,16155.900390625
1202,Several analysts 've suggested Huawei is best placed to benefit from Samsung 's setback.,en_multilingual_blimp_incorrect_affected.test,69882.109375,11491.3837890625,7648.63623046875,4177.0810546875,3330.478759765625,3353.256591796875,4119.1240234375,3801.0458984375,4292.6201171875,4116.708984375,7567.1943359375,7370.7197265625,7624.78515625
1203,Relief agencies are trying to help hundreds of thousands of displaced people while authorities 've vowed to restore security in New Orleans following a breakdown of law and order.,en_multilingual_blimp_incorrect_affected.test,66542.6484375,1897.048828125,1028.2034912109375,808.88623046875,468.957763671875,475.5251159667969,486.8884582519531,452.8081359863281,571.3175659179688,497.3658142089844,644.8442993164062,572.4598999023438,624.9219970703125
1204,They 've messed up my order and.... The food was just not good!,en_multilingual_blimp_incorrect_affected.test,48212.28125,2187.51220703125,2986.418701171875,1983.4105224609375,2835.157958984375,3065.013427734375,3054.450439453125,5288.09619140625,5951.318359375,7974.57421875,10503.384765625,12967.7724609375,12913.3486328125
1205,"""Other friends 've flown before —",en_multilingual_blimp_incorrect_affected.test,49347.55078125,27457.80078125,7438.3115234375,7538.43310546875,12953.8291015625,15026.7333984375,19621.98828125,16926.474609375,18306.4375,19756.6953125,14594.9580078125,29446.20703125,28738.28515625
1206,"By and large, most advanced economies 've fulfilled this promise, with living standards rising over recent generations, despite setbacks from wars and financial crises.",en_multilingual_blimp_incorrect_affected.test,54882.43359375,7966.5087890625,14832.2470703125,9915.455078125,9600.3115234375,8344.611328125,8630.1640625,7258.69677734375,7738.2353515625,8086.6328125,10472.9677734375,8197.123046875,15073.826171875
1207,"As a result, north of the Andaman Islands, Bangladeshi coastal areas 've become a nest of terrorists involved in the shipment of drugs and arms.",en_multilingual_blimp_incorrect_affected.test,49791.20703125,2187.517578125,2720.009033203125,2467.763427734375,2175.863037109375,2186.94921875,1604.5245361328125,1825.5618896484375,2133.146240234375,2181.29931640625,2490.835693359375,2860.803955078125,2947.835205078125
1208,"(This is a largely Sunni Arab clan, and some Sunni observers 've accused Shiite elements in the government of being behind the assassination; it is more likely the work of Sunni Arab guerrillas punishing the Batawi leaders for cooperating with the Dec. 15 elections.)",en_multilingual_blimp_incorrect_affected.test,63101.19921875,4487.46533203125,5071.4287109375,5609.43896484375,4719.88818359375,4557.09423828125,5044.95947265625,6027.7685546875,7510.876953125,8063.37646484375,9626.744140625,9958.40234375,12162.4755859375
1209,"These wolf packs 've flourished, and now there are an estimated 850 wolves roaming the northern Rockies, where merely 10 years ago there were none.",en_multilingual_blimp_incorrect_affected.test,53924.3359375,6614.31396484375,7204.53076171875,5314.14208984375,4856.84765625,3450.39501953125,4040.0498046875,3822.35107421875,4116.9560546875,3668.442138671875,6384.63232421875,5864.53662109375,9466.150390625
1210,"The events of the last few years have amplified four issues, which 've always existed, but have never been as rampant as in the present upheaval in the region.",en_multilingual_blimp_incorrect_affected.test,65082.265625,2084.08984375,2036.5594482421875,1313.6243896484375,976.06494140625,718.8878173828125,649.5347900390625,665.6676635742188,590.2890625,646.7476806640625,614.7578125,701.8167114257812,928.5943603515625
1211,"""In the foreign policy field the Soviets 've had an almost uninterrupted series of defeats and disappointments.",en_multilingual_blimp_incorrect_affected.test,60537.53125,4685.27978515625,4388.126953125,3206.46875,2469.538818359375,2480.472900390625,3132.522705078125,3287.875,3805.180419921875,3731.841552734375,3965.9306640625,5040.8671875,7396.64697265625
1212,Some Armenian prelates 've joined us for coffee and take part in the discussion.,en_multilingual_blimp_incorrect_affected.test,58087.15625,2652.54931640625,2059.02880859375,1268.1485595703125,1793.09814453125,1264.9705810546875,1734.00732421875,1313.6175537109375,1367.5323486328125,1381.88671875,2380.8759765625,1749.919677734375,2448.57666015625
1213,"If these weapons 've gone missing it 's a terrifying prospect.""",en_multilingual_blimp_incorrect_affected.test,60220.08203125,5318.75146484375,3074.736328125,2859.9189453125,4259.677734375,3116.7177734375,4933.4072265625,4554.0615234375,5871.53173828125,4472.13671875,5588.59814453125,4929.08056640625,15157.291015625
1214,"""Realism is nothing if not urban"", note critic Peter Brooks;",en_multilingual_blimp_incorrect_affected.test,44422.51953125,24351.16796875,47733.734375,34824.53515625,46258.7265625,38852.50390625,41845.9921875,32907.875,41829.9140625,37379.44921875,39961.953125,30081.15234375,20034.794921875
1215,How 'm the site doing?,en_multilingual_blimp_incorrect_affected.test,48922.734375,5155.22314453125,13318.306640625,9241.27734375,13742.5830078125,13625.2900390625,24642.912109375,18902.451171875,20120.19140625,9780.3388671875,11604.6201171875,12726.4521484375,15848.90234375
1216,Compounding this 'm the well-based suspicion that Syria has perhaps the most advanced chemical weapons capability in the Persian Gulf.,en_multilingual_blimp_incorrect_affected.test,61766.625,4953.6416015625,2137.872314453125,1556.2291259765625,1448.7034912109375,1188.082275390625,1125.29248046875,1170.0655517578125,1668.591064453125,1273.725830078125,1714.8634033203125,2019.45849609375,2134.828369140625
1217,"""Most striking 'm the disappointing performance of Soviet foreign and domestic policy since the late 1950s, ""they wrote in 1972.",en_multilingual_blimp_incorrect_affected.test,54640.7890625,5623.45068359375,3769.96630859375,4180.8994140625,4244.32568359375,2520.349609375,2734.7060546875,2548.181640625,3114.8662109375,3326.396728515625,3998.06103515625,5100.0927734375,7175.27978515625
1218,on the earliest flight from san francisco to atlanta on delta 'm a meal being served,en_multilingual_blimp_incorrect_affected.test,60065.390625,7129.31298828125,6008.30078125,6172.05419921875,5566.77294921875,6667.564453125,8523.0087890625,6951.4560546875,11008.5234375,8414.3505859375,14785.7255859375,12007.4775390625,21721.01171875
1219,Does she have any interest in meeting one-on-one or 'm she just looking for a public hanging?,en_multilingual_blimp_incorrect_affected.test,55053.171875,1861.34228515625,1639.2611083984375,1517.4268798828125,1015.5870361328125,1045.079345703125,1246.2091064453125,1175.791015625,1479.756103515625,1120.0660400390625,1244.494140625,1820.9202880859375,2137.15673828125
1220,what am fare code qo mean,en_multilingual_blimp_incorrect_affected.test,68565.4375,18242.56640625,21879.892578125,18067.833984375,20230.34375,27323.92578125,20490.62890625,38179.9609375,70193.5625,39960.46484375,54214.4921875,258757.328125,150325.1875
1221,Compounding this am the well-based suspicion that Syria has perhaps the most advanced chemical weapons capability in the Persian Gulf.,en_multilingual_blimp_incorrect_affected.test,69247.609375,4949.4248046875,2027.1304931640625,1266.992919921875,1245.153564453125,1068.0863037109375,1062.505615234375,1187.221435546875,1338.5296630859375,996.6022338867188,1329.7315673828125,1628.73876953125,1875.8533935546875
1222,"""Most striking am the disappointing performance of Soviet foreign and domestic policy since the late 1950s, ""they wrote in 1972.",en_multilingual_blimp_incorrect_affected.test,53086.2421875,5392.451171875,4088.08984375,3771.318359375,3291.3701171875,2360.205322265625,2497.052978515625,2275.0576171875,2087.891357421875,2517.286865234375,3080.6240234375,3479.981689453125,5097.36474609375
1223,what 'm fare code qo mean,en_multilingual_blimp_incorrect_affected.test,57635.66796875,18616.796875,16340.1376953125,8486.7041015625,15867.0810546875,20073.33203125,19919.265625,41175.46875,56068.74609375,38920.2578125,73239.65625,72344.2890625,70584.8515625
1224,"But getting past who should get them, am who has them, and who is really close.",en_multilingual_blimp_incorrect_affected.test,45181.41015625,1052.0430908203125,2447.7724609375,2289.256591796875,3306.048583984375,2675.09423828125,2799.008056640625,1946.7774658203125,2170.91455078125,2221.026611328125,1808.113037109375,1935.0626220703125,1853.4581298828125
1225,Why am it stil doing this even though I do n't have the other phone connected?,en_multilingual_blimp_incorrect_affected.test,47862.78125,1694.4434814453125,1284.2239990234375,903.9427490234375,1232.56396484375,1379.78369140625,1889.2366943359375,2556.338134765625,2747.61865234375,2374.987548828125,3246.927734375,4816.974609375,8743.7265625
1226,How 'm it going?,en_multilingual_blimp_incorrect_affected.test,37217.56640625,5273.77294921875,10983.9423828125,5490.99462890625,5707.68359375,4073.5927734375,10246.2763671875,12965.49609375,8086.23974609375,2342.064697265625,4905.15087890625,5147.5595703125,5028.33544921875
1227,How am the site doing?,en_multilingual_blimp_incorrect_affected.test,62783.0625,4358.9599609375,9180.83203125,4951.00146484375,4234.98583984375,6064.19140625,7108.4638671875,4897.2890625,8064.16796875,9322.9375,7780.71875,10555.138671875,9451.34765625
1228,Does she have any interest in meeting one-on-one or am she just looking for a public hanging?,en_multilingual_blimp_incorrect_affected.test,59662.21875,1544.30322265625,1424.9912109375,1180.8782958984375,697.1332397460938,703.4557495117188,763.092041015625,629.3135986328125,802.0978393554688,802.525146484375,743.9070434570312,1031.7623291015625,1208.905029296875
1229,what 'm fare code y mean,en_multilingual_blimp_incorrect_affected.test,62390.19921875,14938.6162109375,19809.125,16325.3251953125,35324.69921875,31389.5390625,49890.07421875,72057.640625,104095.34375,85061.3125,107460.328125,129614.8515625,99548.5703125
1230,Why 'm it stil doing this even though I do n't have the other phone connected?,en_multilingual_blimp_incorrect_affected.test,49445.6328125,2091.1416015625,1834.5045166015625,1153.10302734375,2011.9219970703125,1979.4300537109375,2797.877685546875,4040.43505859375,3986.2626953125,3017.62744140625,4213.1884765625,3968.0947265625,7416.4384765625
1231,How am it going?,en_multilingual_blimp_incorrect_affected.test,42592.65625,3380.98779296875,4817.0615234375,1174.3616943359375,631.4591674804688,1436.3402099609375,2629.49609375,2869.85986328125,2672.77099609375,2895.0908203125,3545.58740234375,7229.197265625,3228.1337890625
1232,"This is, after all, his business, and if he wants you to remain a customer why on earth am he doing shoddy work?",en_multilingual_blimp_incorrect_affected.test,46096.40234375,1698.3690185546875,3451.91259765625,2181.664306640625,2083.9853515625,1641.517822265625,1774.27099609375,1586.23974609375,1477.984619140625,2108.629150390625,1833.650146484375,2561.229736328125,2204.693603515625
1233,"Not only am the army facing serious political fallout, growing anti-Americanism and anti-army feeling in the tribal areas but it is also taking heavy casualties -between 400-500 Pakistani soldiers have been killed in the region since March.",en_multilingual_blimp_incorrect_affected.test,54808.6328125,3528.646728515625,2600.934326171875,1898.3472900390625,1134.421142578125,1451.360595703125,1182.7960205078125,1138.043701171875,1212.1380615234375,1357.8836669921875,1331.3099365234375,1340.0322265625,1653.3946533203125
1234,"This is, after all, his business, and if he wants you to remain a customer why on earth 'm he doing shoddy work?",en_multilingual_blimp_incorrect_affected.test,46301.09375,2074.10546875,3913.977294921875,2845.4619140625,2771.943115234375,2208.269775390625,2302.076171875,2095.06494140625,2025.045654296875,2833.6240234375,2554.878173828125,3538.76708984375,3545.046142578125
1235,on the earliest flight from san francisco to atlanta on delta am a meal being served,en_multilingual_blimp_incorrect_affected.test,60837.84765625,7233.03173828125,6174.6982421875,5706.6279296875,5659.14697265625,6489.41357421875,8054.10791015625,6953.6171875,12257.7626953125,11404.7744140625,19940.458984375,16633.6015625,28903.611328125
1236,"But getting past who should get them, 'm who has them, and who is really close.",en_multilingual_blimp_incorrect_affected.test,47617.9296875,1008.8629760742188,2268.6748046875,2917.13818359375,3250.710693359375,2534.58154296875,2755.07861328125,1852.1680908203125,2546.90380859375,2872.880126953125,2492.40869140625,2529.85791015625,3366.80126953125
1237,"Not only 'm the army facing serious political fallout, growing anti-Americanism and anti-army feeling in the tribal areas but it is also taking heavy casualties -between 400-500 Pakistani soldiers have been killed in the region since March.",en_multilingual_blimp_incorrect_affected.test,57372.33203125,3623.111328125,2751.78564453125,2205.873291015625,1360.1168212890625,1666.5953369140625,1476.867431640625,1437.2945556640625,1465.7921142578125,1700.1856689453125,1655.548583984375,1677.321533203125,2013.3175048828125
1238,what am fare code y mean,en_multilingual_blimp_incorrect_affected.test,68704.328125,12286.0029296875,27877.884765625,38645.74609375,44407.73828125,39127.5859375,35485.421875,50709.51953125,94289.625,70603.8359375,55154.8046875,349476.15625,201757.71875
1239,all right what i 'd like to do 'm find the cheapest one way fare from boston to denver,en_multilingual_blimp_incorrect_affected.test,73347.234375,2953.584228515625,2175.84765625,2238.6787109375,1915.3055419921875,2397.918212890625,2409.446533203125,2969.8447265625,4380.0869140625,3482.113037109375,4508.7421875,5238.29443359375,5633.81640625
1240,"It is never over, especially when a real solution, a real treatment for our sickness, am yet to begin.",en_multilingual_blimp_incorrect_affected.test,57562.4453125,1683.7891845703125,3810.940185546875,3215.5517578125,4669.0166015625,3567.134033203125,5259.31298828125,4357.23095703125,5097.38427734375,4888.82861328125,5975.1640625,6497.95947265625,8697.7939453125
1241,"Of course, the potential of educated, empowered women to drive sustained economic growth 'm not limited to South Korea.",en_multilingual_blimp_incorrect_affected.test,57697.87109375,3708.7021484375,2574.1171875,1710.3580322265625,1339.7166748046875,1183.7659912109375,1117.93017578125,1249.5657958984375,1385.8829345703125,1298.9122314453125,1521.3001708984375,1641.864501953125,1798.947265625
1242,"It is never over, especially when a real solution, a real treatment for our sickness, 'm yet to begin.",en_multilingual_blimp_incorrect_affected.test,52842.0234375,1568.2447509765625,3733.64990234375,3926.43408203125,5399.97509765625,3985.376953125,6336.390625,5514.873046875,6322.7724609375,6977.63134765625,7453.962890625,9828.595703125,15657.7158203125
1243,"Of course, the potential of educated, empowered women to drive sustained economic growth am not limited to South Korea.",en_multilingual_blimp_incorrect_affected.test,50376.8828125,2896.394287109375,2494.18603515625,1325.957275390625,1118.3551025390625,1025.200927734375,957.8984985351562,946.2349853515625,1061.2271728515625,1012.64111328125,1285.8826904296875,1306.9473876953125,1521.1136474609375
1244,"I heard that a company (here is a link: http://news.yahoo.com/nestl-purina-releases-commercial-aimed-dogs-183443091.html ) 'm trying to make a dog food commercial aimed at dogs, complete with squeaky chew-toy sounds, and high pitched sounds that humans ca n't hear.",en_multilingual_blimp_incorrect_affected.test,63799.2421875,5263.939453125,3027.2314453125,2123.115234375,2242.097412109375,2084.29638671875,2155.095947265625,2537.517578125,3129.184814453125,2679.207275390625,3571.3447265625,3725.1708984375,5071.39013671875
1245,"I heard that a company (here is a link: http://news.yahoo.com/nestl-purina-releases-commercial-aimed-dogs-183443091.html ) am trying to make a dog food commercial aimed at dogs, complete with squeaky chew-toy sounds, and high pitched sounds that humans ca n't hear.",en_multilingual_blimp_incorrect_affected.test,65923.078125,5221.3916015625,2943.180419921875,1998.087890625,2239.19873046875,2090.702880859375,2146.126953125,2523.177490234375,3011.368896484375,2599.5517578125,3474.20849609375,3749.96484375,4810.95556640625
1246,all right what i 'd like to do am find the cheapest one way fare from boston to denver,en_multilingual_blimp_incorrect_affected.test,67968.9453125,2097.796875,2124.5361328125,2093.4951171875,2126.13427734375,2797.121337890625,2746.91552734375,3379.894775390625,5070.1708984375,4292.12890625,5543.92822265625,6605.708984375,7053.88525390625
1247,"The investigative committee, headed by state Sen. Joe Dunn, D-Santa Ana, 'm focusing on a series of events last fall filled with enough Shakespearean plot twists and intrigue that it has earned a name around the Capitol: ""the palace coup.""",en_multilingual_blimp_incorrect_affected.test,50020.46875,5520.1875,5703.02099609375,5488.8271484375,4202.67822265625,4127.47998046875,4185.375,4525.45703125,5157.70703125,5529.09716796875,6578.7451171875,8469.595703125,10285.732421875
1248,"My group, the Liberal group, 'm presently focusing its attention on non-European Union nationals.",en_multilingual_blimp_incorrect_affected.test,63533.05859375,8622.8173828125,14242.0673828125,8632.1806640625,5172.26220703125,6536.03271484375,7777.11328125,12392.2265625,10200.1220703125,14831.2001953125,14819.69140625,16277.115234375,18642.6484375
1249,what kind of plane 'm used on the earliest flight from boston to san francisco afternoon,en_multilingual_blimp_incorrect_affected.test,55835.296875,4890.17626953125,4639.35400390625,4556.3984375,4394.7099609375,4664.78857421875,5198.13916015625,4419.11181640625,8116.39404296875,8393.2568359375,9432.0322265625,9842.0927734375,11092.62109375
1250,"The former Iraqi leader Saddam Hussein 'm refusing to enter the Baghdad courtroom, in protest at how his trial is being conducted.",en_multilingual_blimp_incorrect_affected.test,68532.484375,6978.48291015625,7298.61669921875,5613.33984375,4436.3017578125,3273.0927734375,2303.625732421875,2543.831787109375,2914.847900390625,4125.138671875,3308.578125,4374.025390625,5398.14208984375
1251,"The dynamics of change in the state of health of children affected by the Chernobyl accident in all three countries - Belarus, Russia, and Ukraine - in the post-accident period is characterized by persistent negative tendencies: the morbidity rate is going up, the number of really healthy children is dropping, and disability am increasing .",en_multilingual_blimp_incorrect_affected.test,54120.67578125,1919.375,2268.7763671875,2128.38818359375,1477.0498046875,1416.8822021484375,1315.4854736328125,1496.775634765625,1473.4241943359375,1938.608154296875,2268.0634765625,2212.47509765625,3379.179443359375
1252,"He sits down, saying that the influence of Yasir Arafat 'm evidently weakening and fading.",en_multilingual_blimp_incorrect_affected.test,60278.33984375,6922.72998046875,5815.72998046875,4354.84619140625,3377.037109375,4714.134765625,4638.6279296875,4715.2138671875,5020.20947265625,5699.91064453125,6311.2958984375,5775.9833984375,8296.6669921875
1253,"China 's economy am exploding, hampered only by their great thirst for petroleum and natural gas to fuel their industry.",en_multilingual_blimp_incorrect_affected.test,63238.5546875,4639.583984375,3327.875244140625,2993.803955078125,2106.28857421875,1611.1839599609375,1663.9390869140625,1756.48388671875,2387.4140625,2144.6220703125,2783.561767578125,2091.68798828125,2454.4873046875
1254,My kid 'm making wonderful grades and has reassured me she will graduate within the four year period.,en_multilingual_blimp_incorrect_affected.test,69627.5234375,3292.672607421875,2596.482177734375,1364.9610595703125,1964.4483642578125,1764.7464599609375,1128.6953125,1147.7091064453125,1537.531494140625,1903.94140625,2168.041748046875,2390.604736328125,3521.217529296875
1255,"The investigative committee, headed by state Sen. Joe Dunn, D-Santa Ana, am focusing on a series of events last fall filled with enough Shakespearean plot twists and intrigue that it has earned a name around the Capitol: ""the palace coup.""",en_multilingual_blimp_incorrect_affected.test,46006.71875,5817.44384765625,5674.21875,5499.12744140625,4568.1240234375,4372.453125,4495.5908203125,4765.8564453125,5294.38916015625,5727.35693359375,7123.482421875,8480.87890625,10454.4970703125
1256,"""Across the United States, the northern edge of species ' range 'm expanding,"" she said.",en_multilingual_blimp_incorrect_affected.test,59993.203125,3274.435302734375,4542.12060546875,5373.15966796875,5596.02197265625,4536.609375,5084.9306640625,4338.7822265625,6413.16064453125,7130.095703125,6229.1826171875,12167.84765625,21325.1171875
1257,"""Across the United States, the northern edge of species ' range am expanding,"" she said.",en_multilingual_blimp_incorrect_affected.test,59066.75390625,2996.50048828125,5148.615234375,4961.79296875,5129.8095703125,4865.224609375,5588.998046875,5205.68505859375,6470.87353515625,8431.59765625,8514.5517578125,13072.8818359375,24566.720703125
1258,"But a scan has shown the tumour in Ms Pugh 's right lung 'm growing, and she has had to leave the trial.",en_multilingual_blimp_incorrect_affected.test,57869.25,2051.785888671875,2213.20849609375,2179.357177734375,2234.275634765625,2059.1474609375,2048.039306640625,2174.491943359375,2452.942626953125,2560.718017578125,3223.666748046875,3864.34423828125,4795.34033203125
1259,"Mr President, ladies and gentlemen, the present proposal for a regulation 'm certainly to be welcomed.",en_multilingual_blimp_incorrect_affected.test,55633.05078125,3527.492431640625,4253.94970703125,4110.24365234375,3082.34033203125,2988.566650390625,3619.623291015625,3820.44140625,4079.047119140625,4574.77685546875,5068.80322265625,7027.23583984375,7718.365234375
1260,a rare form of retardation am showing up in that group more than anywhere else in the world.,en_multilingual_blimp_incorrect_affected.test,76810.8046875,1501.189453125,768.86767578125,493.59344482421875,340.8161315917969,371.6411437988281,268.6441345214844,367.1037292480469,376.3270568847656,417.22357177734375,544.543212890625,624.6646118164062,677.349609375
1261,Increased car usage in China am creating a high demand for petrol,en_multilingual_blimp_incorrect_affected.test,55121.30859375,3874.447509765625,1418.7373046875,1348.8092041015625,1092.27392578125,963.9821166992188,663.9713745117188,810.3482055664062,1036.97607421875,1169.624267578125,878.2348022460938,1029.3896484375,1081.57763671875
1262,Now imagine that infinite happiness am surrounding you in every direction.,en_multilingual_blimp_incorrect_affected.test,51612.03125,3954.49462890625,5301.2197265625,3017.1123046875,2696.397705078125,1277.3629150390625,1458.941162109375,2029.802001953125,2420.10546875,1997.308837890625,2715.8203125,2129.146484375,3501.009521484375
1263,"Mr President, ladies and gentlemen, the present proposal for a regulation am certainly to be welcomed.",en_multilingual_blimp_incorrect_affected.test,58553.3515625,2792.185302734375,4410.48876953125,3198.735595703125,2457.366943359375,2343.13134765625,2999.54541015625,2510.767822265625,2736.46728515625,3202.2578125,3791.91455078125,4141.212890625,4493.33642578125
1264,Our son Stephen 'm looking after it tonight.,en_multilingual_blimp_incorrect_affected.test,64113.90625,3995.0615234375,2497.063720703125,2161.1552734375,4870.6376953125,3553.3017578125,5696.06298828125,4695.20947265625,5030.6572265625,6209.95361328125,9305.5185546875,7856.4453125,13292.9287109375
1265,"OBSERVATION--The pressure to finger somebody for ""price gouging"" am increasing.",en_multilingual_blimp_incorrect_affected.test,56441.12109375,16493.7578125,10708.359375,7980.318359375,9624.568359375,9364.4619140625,8894.6689453125,13578.798828125,19998.41015625,18399.6953125,23409.91796875,26400.97265625,34776.77734375
1266,"OBSERVATION--The pressure to finger somebody for ""price gouging"" 'm increasing.",en_multilingual_blimp_incorrect_affected.test,58735.44921875,12928.6767578125,7725.63330078125,6481.8798828125,7205.09423828125,6720.98681640625,6025.17626953125,10270.0205078125,14618.9873046875,12893.978515625,15468.583984375,19090.48046875,27651.072265625
1267,"You can go further and feel that your unit consciousness, a dot in the Infinite Consciousness, 'm merging with Infinity.",en_multilingual_blimp_incorrect_affected.test,54562.421875,3401.686767578125,4749.5224609375,3739.11962890625,3807.627197265625,3372.15478515625,3762.42724609375,4678.39892578125,5944.625,6794.78515625,6811.19921875,7904.724609375,11717.2041015625
1268,"And the Raven, never flitting, still am sitting, still is sitting On the pallid bust of Pallas just above my chamber door;",en_multilingual_blimp_incorrect_affected.test,43538.34765625,8905.685546875,16120.7783203125,11484.865234375,8501.375,10753.859375,11155.296875,15314.73828125,17864.626953125,13966.4267578125,17581.0546875,30516.654296875,35327.16015625
1269,"But a scan has shown the tumour in Ms Pugh 's right lung am growing, and she has had to leave the trial.",en_multilingual_blimp_incorrect_affected.test,59318.2421875,1997.1212158203125,2207.218017578125,2013.571044921875,2316.8955078125,2197.161376953125,2249.4306640625,2415.58837890625,3103.853271484375,3188.219482421875,3680.521484375,4453.7412109375,6070.22021484375
1270,"My group, the Liberal group, am presently focusing its attention on non-European Union nationals.",en_multilingual_blimp_incorrect_affected.test,67215.34375,10003.9130859375,15286.60546875,8203.10546875,4946.43798828125,7393.7900390625,7453.35107421875,12587.4248046875,11896.265625,17877.767578125,15985.931640625,16105.1201171875,22637.47265625
1271,"The air, the very air, am thought-nourishing in Jerusalem, the Sages themselves said so.",en_multilingual_blimp_incorrect_affected.test,59883.22265625,4346.89599609375,13457.5126953125,8424.06640625,12845.1171875,10237.02734375,11362.802734375,13756.61328125,13955.46875,17984.626953125,26730.451171875,42191.93359375,48553.95703125
1272,"At the same time, the number of counterfeit euro coins 'm continuing to increase but also remains low by historical standards.",en_multilingual_blimp_incorrect_affected.test,56642.14453125,2789.203369140625,2780.0478515625,2716.67919921875,1760.6103515625,1383.179443359375,1495.8145751953125,1607.8033447265625,2089.02880859375,2209.984619140625,2263.902587890625,3673.43798828125,3901.489013671875
1273,"Then k am strictly increasing, by the construction of ⪯.",en_multilingual_blimp_incorrect_affected.test,70693.7109375,8949.6015625,8881.8017578125,6030.63134765625,15258.654296875,12695.0205078125,14208.30078125,17286.462890625,20979.7109375,32991.27734375,41013.22265625,54734.875,41285.80078125
1274,"Bullet-proof vests, automatic weapons, helicopters, tanks, robots ... the testosterone 'm oozing through the streets, more prisons, longer sentences, tighten the belt, spartan conditions, task forces, gang units, gun courts.",en_multilingual_blimp_incorrect_affected.test,46971.87109375,11845.55859375,60554.91015625,47939.34375,28840.583984375,27785.59765625,28035.482421875,32264.1171875,43902.17578125,32782.08203125,84688.734375,106530.6640625,172341.921875
1275,"The air, the very air, 'm thought-nourishing in Jerusalem, the Sages themselves said so.",en_multilingual_blimp_incorrect_affected.test,58531.30078125,4293.73828125,10533.7890625,8647.30078125,12116.341796875,8776.66796875,8600.109375,10774.4931640625,10265.330078125,15125.6376953125,23028.677734375,34043.98046875,52717.39453125
1276,"The worst thing that can happen for any restaurant like Zahav is to have too many people write hyperbolic reviews making claims that ""everyone"" 'm going to ""love"" the food, decor and service.",en_multilingual_blimp_incorrect_affected.test,63615.6953125,2929.053955078125,2805.1220703125,2592.785400390625,2969.86474609375,2673.354736328125,2583.024169921875,2805.92724609375,3314.186767578125,4506.09423828125,4628.517578125,5129.84375,6998.12353515625
1277,This is not to say that everyone else 'm living pleasantly and well under a decent regime.,en_multilingual_blimp_incorrect_affected.test,65762.7109375,1038.9285888671875,688.9282836914062,675.52587890625,739.6801147460938,731.0811157226562,697.0441284179688,813.9050903320312,879.2002563476562,965.1885986328125,1169.9500732421875,924.9017944335938,1320.3338623046875
1278,"But its potential for sustained growth am faltering, owing to the imminent decline of its working-age population – projected to fall by 25% by 2050 – and rising competition from China and other emerging economies.",en_multilingual_blimp_incorrect_affected.test,59681.0546875,4291.736328125,3971.206298828125,2912.470703125,1657.7381591796875,1677.756591796875,1398.63330078125,1522.03076171875,1598.27978515625,1641.886474609375,2264.5751953125,1830.0059814453125,2479.103515625
1279,"You can go further and feel that your unit consciousness, a dot in the Infinite Consciousness, am merging with Infinity.",en_multilingual_blimp_incorrect_affected.test,57974.53515625,4188.0986328125,5249.53662109375,3354.82080078125,3461.888671875,3195.921142578125,3454.036376953125,4044.633544921875,4868.603515625,5851.08984375,5618.513671875,6397.193359375,9694.3125
1280,"The worst thing that can happen for any restaurant like Zahav is to have too many people write hyperbolic reviews making claims that ""everyone"" am going to ""love"" the food, decor and service.",en_multilingual_blimp_incorrect_affected.test,61952.453125,3023.114501953125,3168.154541015625,2756.558349609375,3249.00927734375,2936.90966796875,2837.642578125,3161.050048828125,3922.736328125,5063.18408203125,5685.3662109375,6076.95654296875,8311.19921875
1281,"Steve, I noticed that our allocation from 2000 to 2001 am going up by 21% year on year (ie) $13.9M from $11.5M.",en_multilingual_blimp_incorrect_affected.test,61321.61328125,1834.3751220703125,1485.0242919921875,1559.867919921875,1903.842529296875,1685.205322265625,1617.19775390625,1882.734619140625,2419.501953125,2331.198974609375,4799.28857421875,2837.19873046875,4334.8701171875
1282,"The former Iraqi leader Saddam Hussein am refusing to enter the Baghdad courtroom, in protest at how his trial is being conducted.",en_multilingual_blimp_incorrect_affected.test,68906.9609375,7374.748046875,8474.61328125,5407.45751953125,4026.875244140625,3293.89453125,1984.572265625,2686.5234375,3212.256591796875,4335.5439453125,3043.9033203125,3822.208984375,5489.7744140625
1283,"He sits down, saying that the influence of Yasir Arafat am evidently weakening and fading.",en_multilingual_blimp_incorrect_affected.test,53957.82421875,7319.4443359375,5775.5869140625,4440.1787109375,4297.76123046875,5085.88134765625,4775.74755859375,5585.7421875,6061.9189453125,6905.50732421875,7273.15087890625,6606.7744140625,10153.44921875
1284,It looks like the war between Microsoft and Google 'm quickly brewing on the horizon.,en_multilingual_blimp_incorrect_affected.test,61409.046875,1562.7655029296875,1212.3900146484375,1151.4937744140625,1358.008544921875,1341.9473876953125,1196.03662109375,1332.5401611328125,1867.40087890625,1497.7559814453125,1514.1787109375,1431.523681640625,2008.594970703125
1285,"According to news accounts, the company am struggling.",en_multilingual_blimp_incorrect_affected.test,50769.57421875,3162.9951171875,9058.939453125,6761.4755859375,3937.927978515625,9061.4453125,7028.033203125,8745.3193359375,9166.9560546875,7276.44677734375,7647.7392578125,6134.71435546875,6940.181640625
1286,Our son Stephen am looking after it tonight.,en_multilingual_blimp_incorrect_affected.test,61448.30078125,4602.24462890625,3488.1787109375,1931.5023193359375,4513.8662109375,3736.8701171875,4694.1484375,4493.8505859375,4998.0869140625,8966.01171875,10088.5771484375,7885.15673828125,8066.75244140625
1287,Hope your pre Chanukah planning 'm going well.,en_multilingual_blimp_incorrect_affected.test,64676.25390625,12018.681640625,6036.4951171875,4319.5146484375,7019.19873046875,8768.87890625,14892.6708984375,16318.3984375,18492.171875,26217.314453125,25882.703125,30318.236328125,45225.68359375
1288,"Glad to hear that they are all healthy and were a good size, and that Mom 'm doing well.",en_multilingual_blimp_incorrect_affected.test,54297.5859375,714.6824951171875,793.3362426757812,742.7650146484375,771.8232421875,963.1091918945312,678.8541259765625,760.2562866210938,938.5297241210938,1192.454833984375,1147.5487060546875,1367.3302001953125,1991.5560302734375
1289,"Steve, I noticed that our allocation from 2000 to 2001 'm going up by 21% year on year (ie) $13.9M from $11.5M.",en_multilingual_blimp_incorrect_affected.test,62180.33984375,2153.581787109375,1500.2947998046875,1665.6173095703125,1840.59765625,1579.2066650390625,1559.8426513671875,1827.8275146484375,2115.331298828125,2432.49853515625,5305.67041015625,3162.37060546875,4950.95947265625
1290,a rare form of retardation 'm showing up in that group more than anywhere else in the world.,en_multilingual_blimp_incorrect_affected.test,75523.96875,1625.4615478515625,738.7830810546875,493.2539367675781,365.1217956542969,375.8093566894531,257.7209777832031,284.84130859375,277.9900817871094,331.8397521972656,360.6260986328125,429.190185546875,526.992431640625
1291,"At the same time, the number of counterfeit euro coins am continuing to increase but also remains low by historical standards.",en_multilingual_blimp_incorrect_affected.test,60137.49609375,2664.352294921875,3096.78662109375,2446.53076171875,1595.5531005859375,1238.8876953125,1137.541259765625,1346.194091796875,1596.7608642578125,1717.971923828125,1437.2691650390625,1945.820556640625,2222.62841796875
1292,"The sender probably 'm announcing that he is of either Egyptian Islamic Jihad, Egyptian Islamic Group or Jihad-al Qaeda, which is actually the full name of the group after the merger of the Egyptian Islamic Jihad and al Qaeda.",en_multilingual_blimp_incorrect_affected.test,74845.890625,3541.305908203125,2509.805419921875,1812.6192626953125,1653.4822998046875,1230.39599609375,1078.4403076171875,914.8162231445312,954.3314208984375,1077.776611328125,1263.4388427734375,1272.64208984375,1644.9835205078125
1293,on the flight from baltimore to san francisco on us air leaving at 420 what type of aircraft 'm used,en_multilingual_blimp_incorrect_affected.test,59570.171875,6264.4267578125,7383.69287109375,7702.849609375,7484.89208984375,7815.93310546875,9070.71484375,6867.5869140625,11950.984375,13150.572265625,21753.30859375,15622.3349609375,19954.783203125
1294,"The review 'm also investigating inflammatory Facebook posts from September, alleged to come from police officers in the northern Ontario city.",en_multilingual_blimp_incorrect_affected.test,63092.0546875,5909.77734375,3594.847412109375,3231.679443359375,2399.111083984375,2841.738525390625,2295.1337890625,2882.27685546875,3290.202392578125,3420.212158203125,3634.5732421875,4797.42138671875,5735.12939453125
1295,It looks like the war between Microsoft and Google am quickly brewing on the horizon.,en_multilingual_blimp_incorrect_affected.test,58320.453125,1627.18310546875,1140.801513671875,1008.2527465820312,1054.8953857421875,987.9393920898438,843.31005859375,909.6226196289062,1361.03466796875,1053.6390380859375,1108.54833984375,821.2627563476562,1445.81884765625
1296,"Barb does an AMAZING JOB, she 'm always learning new things on how to use her hands and body, to give every person an AWESOME MASSAGE, CALL TODAY AND SCHEDULE YOU MUST SEE HER, YOU WILL FALL IN LOVE SHE IS THE BEST OF THE BEST !",en_multilingual_blimp_incorrect_affected.test,54391.13671875,8620.046875,2450.147705078125,1394.29443359375,1054.9024658203125,911.7708740234375,836.035888671875,1110.0467529296875,1531.865234375,1557.3343505859375,1942.649169921875,2181.176513671875,3611.210205078125
1297,"And the Raven, never flitting, still 'm sitting, still is sitting On the pallid bust of Pallas just above my chamber door;",en_multilingual_blimp_incorrect_affected.test,49510.421875,10783.9814453125,15697.5009765625,14069.17578125,8323.921875,10006.5166015625,11269.2822265625,15841.31640625,17721.767578125,15901.7705078125,21006.69921875,29911.943359375,43256.50390625
1298,"The sender probably am announcing that he is of either Egyptian Islamic Jihad, Egyptian Islamic Group or Jihad-al Qaeda, which is actually the full name of the group after the merger of the Egyptian Islamic Jihad and al Qaeda.",en_multilingual_blimp_incorrect_affected.test,76303.6875,3225.564208984375,2354.4580078125,1731.2198486328125,1596.4639892578125,1199.2164306640625,1027.4599609375,898.129638671875,987.8370971679688,982.3323974609375,1121.6844482421875,1102.34033203125,1424.130615234375
1299,The municipality of Jerusalem am planning to build a new road and will tear the Jordanian one up.,en_multilingual_blimp_incorrect_affected.test,59854.2734375,1700.145263671875,1339.28173828125,1228.2476806640625,980.4166259765625,1004.5062866210938,1017.6870727539062,1147.2303466796875,1329.8671875,2034.0438232421875,1804.055908203125,2517.18359375,3092.1298828125
1300,what type of aircraft 'm used on american airline flight 315,en_multilingual_blimp_incorrect_affected.test,57967.8984375,7051.955078125,3737.508056640625,4350.134765625,2508.601806640625,1758.1807861328125,2054.571044921875,2176.803466796875,4113.32177734375,3707.37939453125,2334.922607421875,2800.1787109375,2833.078125
1301,"The man told him that a war between the two universes 'm coming, as he and Walter had predicted; it is for this reason that Olivia, among others, was trained as a child.",en_multilingual_blimp_incorrect_affected.test,53254.890625,1582.1529541015625,2230.934814453125,2513.883544921875,1981.666259765625,1427.823486328125,1549.24560546875,1856.4600830078125,2306.530517578125,2778.16064453125,2982.7724609375,3894.775146484375,3480.210693359375
1302,My kid am making wonderful grades and has reassured me she will graduate within the four year period.,en_multilingual_blimp_incorrect_affected.test,74096.4765625,2594.0849609375,2163.709228515625,1221.386962890625,1825.3895263671875,1658.1556396484375,950.1817016601562,1093.525146484375,1409.848388671875,1760.8623046875,1681.6781005859375,1906.1334228515625,2536.049072265625
1303,Hope your pre Chanukah planning am going well.,en_multilingual_blimp_incorrect_affected.test,51915.6796875,10152.830078125,7831.5419921875,4885.3984375,10026.5869140625,13700.4326171875,17364.119140625,17023.55859375,23540.189453125,32182.09765625,28890.521484375,48661.2734375,55186.4296875
1304,It may be a problem because the temperature 'm constantly changing.,en_multilingual_blimp_incorrect_affected.test,53969.81640625,987.1948852539062,504.05377197265625,682.8232421875,712.0662841796875,643.256591796875,644.931640625,609.956298828125,618.719970703125,674.2833251953125,658.7597045898438,848.4620361328125,1153.2867431640625
1305,"As I have gone through many reviews sites to see if any provider am providing better services or not, and I have realized that there were many good reviews about Liquidweb also Steven never faced any server issues in his whole hosting.",en_multilingual_blimp_incorrect_affected.test,65873.5546875,1642.8082275390625,1604.0380859375,1325.7037353515625,1144.9842529296875,1143.911376953125,1204.60546875,1212.640380859375,1316.252197265625,1752.9036865234375,1789.8245849609375,2234.629150390625,3152.77685546875
1306,you are not just moving house - your cat 'm losing his territory.,en_multilingual_blimp_incorrect_affected.test,50192.68359375,1608.4803466796875,1381.7938232421875,1628.4583740234375,1465.52099609375,1810.4537353515625,2074.490234375,1826.99169921875,3084.67236328125,3032.701416015625,4202.26123046875,3868.52197265625,5261.013671875
1307,China 's insatiable demand for energy 'm prompting fears of financial and diplomatic collisions around the globe as it seeks reliable supplies of oil from as far away as Brazil and Sudan.,en_multilingual_blimp_incorrect_affected.test,52435.25,3681.11474609375,1709.0284423828125,1635.9385986328125,1599.0916748046875,1463.00048828125,1258.991455078125,1206.4114990234375,1482.093505859375,1066.18359375,1122.727294921875,1321.6378173828125,1626.4833984375
1308,China 's insatiable demand for energy am prompting fears of financial and diplomatic collisions around the globe as it seeks reliable supplies of oil from as far away as Brazil and Sudan.,en_multilingual_blimp_incorrect_affected.test,51947.72265625,3893.093017578125,1839.622802734375,1617.637451171875,1352.381591796875,1211.5631103515625,1060.6806640625,1062.1875,1360.1575927734375,911.7890625,1091.8714599609375,1140.2425537109375,1712.9364013671875
1309,"My dad am having surgery in Ft. Worth, so I will be heading that way on Monday.",en_multilingual_blimp_incorrect_affected.test,61159.72265625,1561.46044921875,1370.4725341796875,989.1898803710938,1011.2359619140625,890.8038330078125,953.943359375,1070.71484375,1111.058349609375,1225.947509765625,1389.146728515625,2217.7119140625,3083.001708984375
1310,"Your camera 'm n't acting normally, you got warranty, let Canon deal with it.",en_multilingual_blimp_incorrect_affected.test,56335.1328125,7442.77490234375,25566.8671875,21054.935546875,26196.119140625,22484.666015625,26211.962890625,27924.05078125,25466.00390625,35317.2578125,38537.578125,47972.31640625,38810.0625
1311,"What, for instance, 'm 'appropriate after-sales service'?",en_multilingual_blimp_incorrect_affected.test,47959.96875,9997.560546875,26126.26171875,23018.884765625,16724.474609375,18477.5234375,21306.59765625,21734.70703125,40786.328125,40283.63671875,42879.3359375,41414.75390625,93661.1953125
1312,"But its potential for sustained growth 'm faltering, owing to the imminent decline of its working-age population – projected to fall by 25% by 2050 – and rising competition from China and other emerging economies.",en_multilingual_blimp_incorrect_affected.test,53130.25390625,4373.50439453125,3554.37255859375,3173.24072265625,1915.2095947265625,1733.890869140625,1448.6046142578125,1506.2164306640625,1507.77001953125,1667.714599609375,2350.946533203125,1897.10205078125,2228.82861328125
1313,The good news is that Park's government 'm working to change this.,en_multilingual_blimp_incorrect_affected.test,74977.484375,1186.30810546875,1120.14453125,1126.5289306640625,1053.1458740234375,516.8443603515625,649.8383178710938,561.6239013671875,552.7085571289062,705.3888549804688,620.65869140625,739.4403076171875,962.8447265625
1314,what type of aircraft 'm used for the american flight leaving at 419 pm,en_multilingual_blimp_incorrect_affected.test,57127.078125,5136.1982421875,2495.261474609375,2306.8759765625,2515.9462890625,2329.045654296875,2106.60400390625,2213.28759765625,4216.88232421875,3260.40380859375,2766.9580078125,3661.714111328125,3364.753662109375
1315,Which wonderful contact of mine am thumbs upping all my best answers ^^?,en_multilingual_blimp_incorrect_affected.test,45176.54296875,9706.310546875,12439.578125,6753.6650390625,11353.5419921875,16123.068359375,10387.09765625,10608.19921875,22691.033203125,20959.89453125,18714.130859375,24586.947265625,25361.083984375
1316,what kind of aircraft am used on a flight from cleveland to dallas,en_multilingual_blimp_incorrect_affected.test,59038.31640625,2642.1337890625,2906.103271484375,3127.00390625,3036.90380859375,2228.68603515625,2634.14697265625,2914.853515625,6241.474609375,7766.4697265625,5891.98291015625,10828.8740234375,10723.2900390625
1317,"Robb says it is ""like an experimental novel in which the female protagonist am always trying to pull in extraneous realities but which the hero is determined to keep on course, whatever tricks he has to use.",en_multilingual_blimp_incorrect_affected.test,66115.6171875,1966.036865234375,1477.9324951171875,1413.3511962890625,1308.8214111328125,975.0072021484375,836.9089965820312,798.6972045898438,799.9466552734375,931.3659057617188,1157.2999267578125,971.4083862304688,1365.6947021484375
1318,"The man told him that a war between the two universes am coming, as he and Walter had predicted; it is for this reason that Olivia, among others, was trained as a child.",en_multilingual_blimp_incorrect_affected.test,48794.734375,1393.2801513671875,2219.541015625,2045.49755859375,1958.6512451171875,1531.2392578125,1687.1558837890625,2124.84716796875,2651.654052734375,3087.5302734375,3261.118896484375,4450.9052734375,3989.0537109375
1319,"Then k 'm strictly increasing, by the construction of ⪯.",en_multilingual_blimp_incorrect_affected.test,62039.6640625,6367.43017578125,6108.076171875,6667.2587890625,13887.0302734375,12470.806640625,16817.84765625,22914.93359375,26370.904296875,45597.39453125,39214.66796875,62049.77734375,56941.81640625
1320,Mrs. Wentz had the tone of voice that sounds as if the speaker 'm addressing noone but himself.,en_multilingual_blimp_incorrect_affected.test,54344.41796875,3384.1201171875,2098.259033203125,2081.199951171875,1718.0743408203125,1297.3258056640625,1024.216796875,889.1954345703125,966.1799926757812,1118.743408203125,1327.2811279296875,1220.9495849609375,1485.2501220703125
1321,The dispute am becoming increasingly bitter and is beginning to look like a trade war.,en_multilingual_blimp_incorrect_affected.test,49571.6015625,2392.11328125,1661.5765380859375,1036.5682373046875,895.9584350585938,821.1397705078125,790.1204223632812,902.4556274414062,985.3424072265625,1094.8843994140625,718.4345092773438,1052.50732421875,1213.8675537109375
1322,"Crosstab queries calculate a sum, average, count, or other type of total for data that 'm grouped by two types of information – one down the left side of the datasheet and another across the top.",en_multilingual_blimp_incorrect_affected.test,51820.60546875,2096.211181640625,1886.5189208984375,1551.297607421875,1094.98046875,1043.417236328125,1075.9337158203125,1255.8114013671875,1315.8739013671875,1423.4658203125,1636.3035888671875,1772.8121337890625,3492.222900390625
1323,on continental flight 1765 from boston to san francisco what type of meal 'm served,en_multilingual_blimp_incorrect_affected.test,55459.30078125,16597.44140625,13087.763671875,16520.236328125,11243.7001953125,10292.62109375,10643.7783203125,10128.0048828125,17633.982421875,16924.47265625,26831.080078125,33994.89453125,50130.87890625
1324,Increased car usage in China 'm creating a high demand for petrol,en_multilingual_blimp_incorrect_affected.test,57903.4765625,4529.8349609375,1601.577880859375,1730.5389404296875,1663.2244873046875,1290.1961669921875,1029.4112548828125,895.3562622070312,1066.483642578125,1065.6138916015625,1149.8558349609375,1802.1824951171875,1305.3709716796875
1325,"I understand the imminent cold weather 'm making things crazy, so now may not be the best time to be in your way.",en_multilingual_blimp_incorrect_affected.test,68844.3671875,842.074462890625,990.7533569335938,876.4986572265625,756.3370361328125,674.7371826171875,722.4248657226562,791.3692626953125,710.514892578125,835.5963134765625,915.2015380859375,1250.0323486328125,1201.9373779296875
1326,The situation in Iraq am only going to get better this way.,en_multilingual_blimp_incorrect_affected.test,66591.0859375,480.154541015625,585.0380859375,456.12744140625,358.794921875,346.1137390136719,388.1415100097656,401.6304931640625,398.688232421875,470.4375,494.3914794921875,526.2493896484375,714.5778198242188
1327,"I guess if you have a schtick that is a resounding success once, you ca n't help but trot it out every time your act am going sour.",en_multilingual_blimp_incorrect_affected.test,55949.15234375,2683.66064453125,2215.7490234375,1189.1807861328125,1170.8463134765625,1370.4013671875,1350.511474609375,1422.461669921875,1617.194580078125,2278.84033203125,2647.936767578125,2733.28662109375,3014.73095703125
1328,"What, for instance, am 'appropriate after-sales service'?",en_multilingual_blimp_incorrect_affected.test,48147.21875,14541.9111328125,41258.64453125,22596.33984375,23080.2578125,39680.47265625,45136.36328125,42364.74609375,85673.2109375,84497.21875,66639.0546875,76392.1484375,222419.546875
1329,This is not to say that everyone else am living pleasantly and well under a decent regime.,en_multilingual_blimp_incorrect_affected.test,59839.09375,831.3263549804688,563.9158935546875,437.1990051269531,489.3995056152344,499.7147521972656,439.2857971191406,526.5882568359375,533.1866455078125,558.1079711914062,657.1032104492188,584.685546875,712.7548217773438
1330,"And of all the people who the county am getting to find a replacement...is none other than Lee Brown, the original supervisor of the Atlanta PD, who was in office during the murders and the subsequent investigation.",en_multilingual_blimp_incorrect_affected.test,56099.609375,1644.338134765625,2113.150634765625,1712.41357421875,1406.7197265625,1268.8502197265625,1441.2119140625,1761.9205322265625,1804.8828125,1944.4329833984375,2277.80810546875,2539.815185546875,3274.126220703125
1331,"Now, however, he is to go before the courts once more because the public prosecutor am appealing.",en_multilingual_blimp_incorrect_affected.test,54886.62109375,1999.071533203125,3281.1875,2763.936767578125,2289.4169921875,2401.20654296875,2855.898681640625,2460.930419921875,3273.9013671875,2656.654296875,3186.64501953125,2468.7158203125,3597.60498046875
1332,My foot 'm covering approximately 300 miles of mycelium.,en_multilingual_blimp_incorrect_affected.test,60625.984375,7009.04443359375,3137.470703125,3107.02197265625,4121.8193359375,1748.5526123046875,2485.55126953125,1881.355224609375,3291.765380859375,4429.17431640625,8546.474609375,6602.8564453125,15257.0537109375
1333,This cute little stunt am only going to prove just how fanatic the extremist Muslims are.,en_multilingual_blimp_incorrect_affected.test,60334.765625,4428.4560546875,2745.146240234375,1703.27001953125,2174.5126953125,1636.400390625,1965.20263671875,2129.360595703125,2916.186767578125,2542.84228515625,2522.667724609375,3394.013427734375,4137.107421875
1334,If a pair am n't leaving eggs... check the following:,en_multilingual_blimp_incorrect_affected.test,64321.5859375,8293.90625,9303.11328125,11035.9072265625,20609.529296875,18089.953125,25139.953125,14436.48046875,24195.515625,22475.27734375,36667.79296875,39358.3125,36550.34375
1335,"My vet told me when a dog am vomiting a lot, it could be a sign of obstruction.",en_multilingual_blimp_incorrect_affected.test,54351.2578125,1235.220458984375,2027.0135498046875,1245.6475830078125,1089.185546875,991.3129272460938,780.525146484375,889.1318969726562,1380.407470703125,1289.129150390625,1749.773681640625,1765.72802734375,2277.35107421875
1336,Which wonderful contact of mine 'm thumbs upping all my best answers ^^?,en_multilingual_blimp_incorrect_affected.test,43635.078125,10063.46875,9018.908203125,5800.16552734375,8603.341796875,10773.36328125,10193.2666015625,11399.2939453125,27208.8359375,24164.82421875,27013.423828125,35454.30078125,41434.5859375
1337,"The rapporteur am asking for a threshold of 50 to 30 ppm, which would also involve excessive cost without appreciable benefit.",en_multilingual_blimp_incorrect_affected.test,59510.15625,6292.7548828125,4010.357421875,2481.2705078125,2823.043701171875,3068.335693359375,2837.4248046875,3473.0224609375,4686.5263671875,5504.37451171875,5354.84130859375,5578.06591796875,9569.6806640625
1338,"He said those things to my mother, I heard them, but to me he said, by the sun-dial, 'I 'm forty-one and the sea am dying.'",en_multilingual_blimp_incorrect_affected.test,56383.7734375,1333.7894287109375,2665.42236328125,3290.422119140625,2637.817138671875,2981.159912109375,2351.840087890625,2390.498779296875,2328.40283203125,2698.643798828125,3111.817138671875,5110.79443359375,4984.4541015625
1339,"All of the staff at Hudson have contributed in some way to this work, as 've the thousands of people with whom we have discussed these issues at meetings, seminars, and briefings at the Institute and other locations around the world. """,en_multilingual_blimp_incorrect_affected.test,60364.98046875,838.9058837890625,1276.404052734375,1166.9736328125,699.4517211914062,706.697509765625,705.2250366210938,656.8582153320312,724.8786010742188,888.8834228515625,996.1470336914062,1191.127197265625,1834.451171875
1340,"She added that recent visits to the island by India 's top military brass including army chief General Nirmal Chander Vij has ""caused apprehension among Tamils that preparations are under way for another war in the island"".",en_multilingual_blimp_incorrect_affected.test,53375.85546875,5463.6650390625,3096.833740234375,2758.45703125,2599.2431640625,3349.513916015625,3317.744384765625,3708.079345703125,4890.70361328125,7091.0224609375,6691.71337890625,7138.45703125,9075.4736328125
1341,Two vaunted economists - one a Nobel Prize winner and the other a nationally renowned budget expert - has analyzed the data at hand and put a price tag on the Iraq occupation.,en_multilingual_blimp_incorrect_affected.test,61775.640625,3374.63525390625,1661.9632568359375,1118.309326171875,905.5916748046875,795.8710327148438,683.664794921875,724.5814208984375,780.8226318359375,809.32373046875,762.8850708007812,846.3135986328125,1260.782958984375
1342,"The overwhelming human and financial impacts of Hurricane Katrina are powerful evidence that political and economic decisions made in the United States and other countries has failed to account for our dependence on a healthy resource base, according to an assessment released today by the Worldwatch Institute.",en_multilingual_blimp_incorrect_affected.test,55963.3984375,1992.3975830078125,1143.5982666015625,910.8231201171875,619.8903198242188,591.0360107421875,538.0897216796875,560.1382446289062,563.370849609375,558.4495849609375,472.3003845214844,564.7406616210938,708.0371704101562
1343,Soldiers with vital training and know-how is refusing to re-enlist.,en_multilingual_blimp_incorrect_affected.test,58117.0234375,2461.268310546875,1678.2327880859375,2312.5556640625,1771.594482421875,2781.5224609375,2672.788818359375,2650.9521484375,2574.83544921875,4053.058837890625,5397.62744140625,4245.005859375,6660.99853515625
1344,"Al-Abbudi stated that ""His Emminence"" decided to openly support the list because ""others"" (obviously a reference to Allawi) has been abusing official state positions and media outlets in their campaigning.",en_multilingual_blimp_incorrect_affected.test,56227.890625,6576.6123046875,8146.14111328125,8061.08447265625,8260.626953125,7669.0732421875,7059.07373046875,7603.9150390625,9061.8349609375,9390.9609375,11242.83203125,9723.6357421875,16641.263671875
1345,Two decades of pickling his nervous system in various highly toxic substances has left Bush damaged goods.,en_multilingual_blimp_incorrect_affected.test,64615.16015625,11814.951171875,4292.81298828125,2259.3828125,2154.6171875,2659.78515625,2503.8046875,2194.236083984375,3023.9853515625,3369.17822265625,3227.45361328125,4008.53369140625,5354.63671875
1346,While Iran 's conventional army is not what it was during the heyday of the Iran-Iraq war - their armaments have deteriorated and the veterans of that last war has retired - the nation enjoys substantial military strength nonetheless.,en_multilingual_blimp_incorrect_affected.test,57977.078125,3517.92822265625,1922.2353515625,1641.225830078125,1786.9976806640625,1750.8477783203125,1642.6492919921875,2182.559326171875,2211.138671875,1902.3570556640625,2425.498291015625,2969.822021484375,2728.187255859375
1347,"The last three years of the Iraq occupation, however, has sapped this confidence.",en_multilingual_blimp_incorrect_affected.test,61908.984375,4606.908203125,7705.5751953125,4046.8212890625,3689.595458984375,2907.48779296875,3185.55712890625,3086.22021484375,2639.771240234375,3760.034912109375,3742.25537109375,2949.419677734375,4791.17626953125
1348,"While most U.S. secretaries of state -- save perhaps Dean Rusk -- has gobbled up credit for outcomes that they had little to do with, few have been as brazen as Colin Powell.",en_multilingual_blimp_incorrect_affected.test,61702.453125,3873.47216796875,2499.40087890625,2086.15087890625,1651.0760498046875,1270.517578125,1350.2537841796875,1335.0135498046875,1840.779296875,1618.62353515625,2234.939453125,2091.457763671875,3084.875244140625
1349,"One has to wonder whether the bright fellows in our government and military who set up the deals with these people does n't know what they are, do n't care, or know perfectly well.",en_multilingual_blimp_incorrect_affected.test,57621.21484375,1233.28466796875,1019.6245727539062,921.1378784179688,873.7808227539062,1258.7628173828125,1322.6785888671875,1272.44677734375,1289.01416015625,1144.567138671875,1350.1715087890625,1369.029052734375,1567.9075927734375
1350,"Due to business reasons, previously scheduled interviewers from the Penn team has had to cancel their participation.",en_multilingual_blimp_incorrect_affected.test,54731.27734375,2889.0341796875,1965.4810791015625,1808.1544189453125,1352.6826171875,1389.5057373046875,1243.7353515625,1000.7566528320312,1172.408935546875,1366.532470703125,1441.0050048828125,1004.2117309570312,2117.455322265625
1351,"Armed militias, many staffed by former Iraqi military men with substantial training and experience, has proliferated.",en_multilingual_blimp_incorrect_affected.test,44812.49609375,9188.20703125,10650.033203125,5674.90625,3929.4873046875,4336.30859375,5696.07373046875,5489.947265625,6205.54248046875,6430.5791015625,7910.99951171875,9997.9990234375,14066.1982421875
1352,"Again, decades of this sort of behavior does not leave a person untouched.",en_multilingual_blimp_incorrect_affected.test,52268.25,766.085693359375,1067.88818359375,811.2335205078125,941.4867553710938,717.71337890625,804.4442749023438,950.1549072265625,965.9353637695312,1193.4678955078125,1030.41162109375,874.5819091796875,1300.45166015625
1353,"A recent report by a journalist from Port Blair, in the Andamans, quoted an unnamed official saying that foreigners from Myanmar, Bangladesh and Sri Lanka has permanently settled in the islands, using fake Indian ration cards, while citizens of Thailand, China, Indonesia and Malaysia have migrated temporarily to plunder the natural resources and leave.",en_multilingual_blimp_incorrect_affected.test,51638.51953125,5770.45556640625,7975.1904296875,7023.38330078125,5021.27685546875,4173.12353515625,4159.697265625,4368.74365234375,5182.5126953125,4564.83642578125,7810.12890625,6361.9306640625,10217.3251953125
1354,"Two top Iraqi scientists, code named Charlie and Alpha, is helping the coalition to learn more about Iraqi 's anthrax program, according to Dr. David Kay, head of the Iraq survey group in charge of the hunt for WMD.",en_multilingual_blimp_incorrect_affected.test,58984.40234375,2915.3984375,3158.696533203125,2958.47802734375,1658.7598876953125,1697.3465576171875,1607.6231689453125,1745.5919189453125,1991.9130859375,1840.91455078125,2095.02294921875,3230.332763671875,4933.6845703125
1355,"A recent report by a journalist from Port Blair, in the Andamans, quoted an unnamed official saying that foreigners from Myanmar, Bangladesh and Sri Lanka have permanently settled in the islands, using fake Indian ration cards, while citizens of Thailand, China, Indonesia and Malaysia has migrated temporarily to plunder the natural resources and leave.",en_multilingual_blimp_incorrect_affected.test,51566.66796875,5911.11865234375,7515.72802734375,6657.36669921875,4931.8828125,4110.89453125,4265.26318359375,4390.01025390625,5222.25830078125,4641.11474609375,7965.255859375,6373.2255859375,10213.0771484375
1356,"Some reporters (you know, the ones with journalistic ethics) has actually uncovered the truth about George Bush 's service in the Texas Air National Guard.",en_multilingual_blimp_incorrect_affected.test,61842.3046875,4926.5849609375,2606.017822265625,1822.5107421875,1600.6685791015625,1679.8931884765625,1922.4947509765625,2391.108642578125,2539.64697265625,2664.558349609375,3440.28515625,4043.2607421875,5118.21826171875
1357,"If sites next to you does n't have what you want, contact your nearest comp.sources.unix archive, or the moderator.",en_multilingual_blimp_incorrect_affected.test,64202.99609375,2966.49609375,4493.73486328125,3102.44140625,2573.8203125,3753.593017578125,4618.1826171875,3629.689208984375,5860.3154296875,4768.4619140625,6020.6962890625,5259.81982421875,12374.4189453125
1358,"Further to my voicemail, our colleagues in credit is calculating the reserve on the PSE swap.",en_multilingual_blimp_incorrect_affected.test,51888.109375,2315.275390625,3205.744140625,3616.2001953125,2803.4130859375,2955.140869140625,2803.09619140625,3188.5205078125,3624.306884765625,4804.751953125,7773.6279296875,6712.8701171875,7196.91552734375
1359,do babies this small does?,en_multilingual_blimp_incorrect_affected.test,68163.9453125,19383.51171875,17923.841796875,49954.15625,38720.8203125,36720.703125,51451.96484375,34687.67578125,64347.66015625,71445.2890625,80493.890625,92240.6875,106493.6875
1360,"Since lots of people is still living there, then it must be fine to visit.",en_multilingual_blimp_incorrect_affected.test,57835.04296875,580.9003295898438,710.4075317382812,650.264892578125,562.69482421875,529.67041015625,513.80615234375,447.52850341796875,489.60162353515625,570.720947265625,598.1381225585938,693.2097778320312,823.6322631835938
1361,"After every world war, the rules of international law has changed, and the same will happen after the present one.",en_multilingual_blimp_incorrect_affected.test,62306.8359375,606.0972900390625,1498.93408203125,840.8739624023438,1053.5135498046875,1057.84716796875,1113.078125,1269.1207275390625,1054.4478759765625,925.2843017578125,1050.3309326171875,1326.15966796875,2190.770263671875
1362,But the four planeloads of arms has vanished.,en_multilingual_blimp_incorrect_affected.test,98004.8359375,5113.8759765625,5468.7158203125,3591.574951171875,6084.2578125,5303.267578125,5880.11083984375,6752.39013671875,5928.2412109375,5269.73095703125,8173.251953125,4993.33154296875,5159.99462890625
1363,"The events of the last few years has amplified four issues, which have always existed, but have never been as rampant as in the present upheaval in the region.",en_multilingual_blimp_incorrect_affected.test,65178.234375,1687.1317138671875,1708.2894287109375,996.0249633789062,732.5502319335938,561.2900390625,486.8155517578125,481.855712890625,417.7654724121094,468.9058837890625,480.9627685546875,519.1621704101562,759.4895629882812
1364,"I do n't believe that we are quite at the point that we can say that all business controllers worldwide has reviewed, understand and have implemented these standards.",en_multilingual_blimp_incorrect_affected.test,60042.25390625,1015.566162109375,820.7816162109375,641.454345703125,669.4853515625,789.7509765625,705.2647094726562,710.3648681640625,897.6895141601562,1167.968505859375,1350.3427734375,1218.3878173828125,1514.7188720703125
1365,"At this point, our IT contacts is backpedalling a bit and suggesting they can overcome the TIBCO and Terminal Server problems.",en_multilingual_blimp_incorrect_affected.test,45799.56640625,3691.8974609375,3944.25732421875,2584.991943359375,2601.983642578125,2802.02978515625,2655.08544921875,3365.600830078125,2989.3193359375,3990.484619140625,5320.6787109375,4091.59619140625,5565.791015625
1366,"Emergency teams in the southern US is battling to reach survivors of Hurricane Katrina, the most destructive storm to hit the country in decades.",en_multilingual_blimp_incorrect_affected.test,72436.9375,2194.433837890625,2030.052734375,2065.16748046875,1969.229736328125,1671.20361328125,1455.90283203125,1289.6197509765625,1959.341552734375,1680.7288818359375,2058.157958984375,2960.2265625,2756.642333984375
1367,Some localized extinctions already has occurred across some of its habitat.,en_multilingual_blimp_incorrect_affected.test,73237.421875,6662.97509765625,3738.616943359375,2286.438720703125,1743.019287109375,1299.5428466796875,1117.3536376953125,1740.03076171875,2312.146484375,2169.794677734375,4165.92578125,3989.057861328125,3870.267333984375
1368,Web giant Google is resisting an attempt by the US to force it to reveal what users is searching for.,en_multilingual_blimp_incorrect_affected.test,66719.1796875,1869.3465576171875,1166.6370849609375,959.581298828125,1052.5128173828125,743.9840087890625,836.24755859375,918.5872802734375,1123.070556640625,1140.0675048828125,1329.5120849609375,1325.4471435546875,2129.10498046875
1369,"""The impacts of global warming is affecting people now in the Arctic,"" said ACIA chair Robert Corell.",en_multilingual_blimp_incorrect_affected.test,55340.69140625,5731.86474609375,5922.28515625,3858.179931640625,4624.70068359375,3278.294189453125,3043.465087890625,3145.218017578125,3390.910888671875,3423.093505859375,2952.688720703125,2781.81298828125,6458.9990234375
1370,The AR/AP SAP data quality reviews for both businesses is continuing so as to provide a detailed analysis as at end Q1.,en_multilingual_blimp_incorrect_affected.test,51676.796875,3250.09375,1991.6690673828125,1239.2794189453125,1575.5489501953125,1384.0740966796875,1069.4521484375,1355.740966796875,1263.8431396484375,1391.2686767578125,1278.944580078125,1466.907470703125,1663.2847900390625
1371,"Like the tens of billions of dollars that have been ""lost"" in Iraq, planeloads of arms does n't just ""vanish""; not when the Pentagon contracts the work to an international criminal of Bout 's untouchable stature.",en_multilingual_blimp_incorrect_affected.test,60480.74609375,4108.13525390625,3291.3291015625,2977.977294921875,2982.46240234375,2919.6640625,2787.305908203125,2922.68798828125,3542.26513671875,4139.36083984375,4284.27734375,5201.06494140625,6438.40283203125
1372,"My parents does not like me, They constantly reassure me that they will throw me out of home when I turn 18.",en_multilingual_blimp_incorrect_affected.test,66031.1796875,632.4107666015625,501.1598815917969,386.4349670410156,357.4167175292969,335.90911865234375,247.82208251953125,258.9088439941406,270.7207946777344,332.2479248046875,370.98992919921875,468.5201416015625,406.39251708984375
1373,All the guys at work is saying I should n't bother having it fixed I should just buy a new one.,en_multilingual_blimp_incorrect_affected.test,48685.36328125,763.9334106445312,560.750244140625,555.6263427734375,418.9985656738281,344.3150634765625,314.3111572265625,339.8160400390625,341.9416198730469,384.2890625,464.8206787109375,553.3857421875,613.6729736328125
1374,"The excellent windows has performed without any problems, but that 's not why I 'm writing my review.",en_multilingual_blimp_incorrect_affected.test,48043.0078125,2378.6279296875,1930.658935546875,2080.937744140625,2030.3287353515625,1288.8912353515625,1492.3798828125,1772.50537109375,1526.9578857421875,2133.03759765625,2363.55224609375,3090.481689453125,4149.0791015625
1375,Several related issues has resulted in an increase in the level of operating risk for the Merchanting Metals business.,en_multilingual_blimp_incorrect_affected.test,49672.3046875,2538.966552734375,1172.327880859375,615.0416259765625,481.0914306640625,456.7773742675781,471.1695861816406,528.9175415039062,534.2685546875,421.048095703125,507.56451416015625,408.5330505371094,595.8982543945312
1376,"(This is a largely Sunni Arab clan, and some Sunni observers has accused Shiite elements in the government of being behind the assassination; it is more likely the work of Sunni Arab guerrillas punishing the Batawi leaders for cooperating with the Dec. 15 elections.)",en_multilingual_blimp_incorrect_affected.test,61632.11328125,4233.54443359375,4745.216796875,5377.01953125,4630.5,4441.6357421875,4819.29052734375,5522.57275390625,7598.876953125,8554.572265625,10029.1787109375,10723.576171875,13273.9521484375
1377,"Thousands of people is already looking into your background, not just in Wichita, but from all over the U.S.",en_multilingual_blimp_incorrect_affected.test,66341.21875,612.147705078125,587.036376953125,435.4816589355469,373.4055480957031,386.5072021484375,365.80645751953125,399.5994873046875,385.2425537109375,459.32470703125,435.4169006347656,453.0947570800781,723.5853881835938
1378,"Walls keeping water out of the bowl-shaped city have been breached, and emergency teams is using helicopters to drop 1,350kg (3,000lb) sandbags and concrete barriers into the gaps.",en_multilingual_blimp_incorrect_affected.test,63268.89453125,3724.378662109375,2569.5908203125,2312.7001953125,1717.3985595703125,1759.9925537109375,1407.8819580078125,1317.6407470703125,1405.8720703125,1369.0709228515625,1388.36328125,2108.93994140625,2638.14306640625
1379,"Your cycle of learning through the school of hard knocks has come to an end, Gemini, and now you 're going to start reaping the rewards these ""lessons"" has left in their wake.",en_multilingual_blimp_incorrect_affected.test,53071.4609375,1676.3267822265625,1732.377685546875,2179.98388671875,1962.845458984375,1487.3834228515625,1349.099853515625,1427.8389892578125,1829.2747802734375,1778.8631591796875,2581.393798828125,2444.633544921875,3131.21142578125
1380,"Nato and US officials has already voiced fears that Bosnian arms - sold by US, British and Swiss firms - are being passed to insurgents.",en_multilingual_blimp_incorrect_affected.test,54965.03515625,6619.28662109375,6055.23974609375,4806.05322265625,3283.60107421875,3824.830810546875,3322.110595703125,4755.849609375,4867.6005859375,4692.568359375,4979.7119140625,5428.52880859375,8443.7880859375
1381,"The Superdome stadium is without power, and toilets is overflowing.",en_multilingual_blimp_incorrect_affected.test,51118.35546875,8102.6279296875,22410.595703125,12061.9482421875,9858.59765625,7986.9189453125,6316.42626953125,6348.4697265625,8671.2412109375,7513.80029296875,17598.265625,15315.1318359375,15736.6669921875
1382,She basically said if the children getting off the bus is n't paying to enter her building she was going to let them wander around the streets.,en_multilingual_blimp_incorrect_affected.test,65546.6875,680.980224609375,543.0286254882812,585.2439575195312,528.2717895507812,440.3847961425781,480.8705749511719,476.9141540527344,579.7115478515625,497.2849426269531,659.924560546875,658.9419555664062,640.5947875976562
1383,"Yep, the females is just getting to him... dads..",en_multilingual_blimp_incorrect_affected.test,59177.83203125,4780.32275390625,11549.349609375,8201.986328125,11182.3408203125,16673.353515625,15872.953125,23245.888671875,30091.625,28685.68359375,29596.294921875,46116.01171875,63091.328125
1384,"The neighbours is still interfering, but there are signs that rather than undermining Afghanistan ’s stability they may now be trying to strengthen it.",en_multilingual_blimp_incorrect_affected.test,64272.52734375,2705.360107421875,2197.115234375,1695.3857421875,1458.017578125,1506.796142578125,1245.609619140625,1260.94775390625,1733.6031494140625,2411.567138671875,2218.421630859375,2595.872802734375,3641.432373046875
1385,my lhasa apso hind legs is not working?,en_multilingual_blimp_incorrect_affected.test,64092.63671875,24430.861328125,12108.1171875,7356.2255859375,8604.966796875,7449.31494140625,7622.05859375,5263.98974609375,6208.1884765625,7346.41064453125,6345.3466796875,5676.11328125,4870.24755859375
1386,Bumrungrad Hospital does some good work but all hospitals does have their problems from time to time.,en_multilingual_blimp_incorrect_affected.test,64372.8828125,2122.200439453125,1373.5147705078125,1500.694091796875,2011.09912109375,1761.7164306640625,1219.767822265625,1343.307861328125,1625.011962890625,1476.85888671875,1231.9453125,1087.4429931640625,2238.075927734375
1387,"And international donors has given only half of the relief aid that Darfur needs, according to the local UN officials.",en_multilingual_blimp_incorrect_affected.test,61893.34375,2322.644287109375,4093.364501953125,2842.26171875,2200.113525390625,2312.04736328125,2184.242919921875,3244.85986328125,3149.975830078125,3790.8046875,3395.54150390625,3923.94482421875,5105.82080078125
1388,"if the computer is completely shut off, the USB ports is n't getting power, so they wo n't charge your phone",en_multilingual_blimp_incorrect_affected.test,50287.36328125,3667.11328125,3875.582275390625,2823.7626953125,4342.4208984375,3291.7373046875,5039.1416015625,5160.81640625,5164.55859375,4319.92626953125,5057.23876953125,5887.7197265625,8871.1953125
1389,"Increasingly, analysts are saying that China 's efforts has gone beyond what is safe or even in its own interests.",en_multilingual_blimp_incorrect_affected.test,59068.8984375,1522.9019775390625,857.478759765625,690.58203125,810.19482421875,735.6481323242188,678.425048828125,638.5359497070312,672.4063110351562,865.2092895507812,1023.406005859375,886.6065063476562,1235.2227783203125
1390,Watch out the poles is coming.....my little butterfly,en_multilingual_blimp_incorrect_affected.test,66555.21875,4981.85400390625,7705.6123046875,6410.0849609375,8109.94140625,11510.951171875,9204.2392578125,8992.5244140625,17707.03515625,17304.392578125,19796.095703125,21078.541015625,42748.640625
1391,"For example, students must trust that teachers has made appropriate decisions about the structure and content of the courses they teach, and teachers must trust that the assignments that students turn in are their own.",en_multilingual_blimp_incorrect_affected.test,58539.390625,1216.7261962890625,1208.937255859375,934.3199462890625,822.0083618164062,772.485595703125,810.7783203125,681.5900268554688,617.69091796875,990.0596313476562,943.5379028320312,900.176513671875,1387.42822265625
1392,"As a result, north of the Andaman Islands, Bangladeshi coastal areas has become a nest of terrorists involved in the shipment of drugs and arms.",en_multilingual_blimp_incorrect_affected.test,47284.77734375,1688.63427734375,2159.203125,1822.265625,1686.4520263671875,1733.568359375,1162.8587646484375,1558.2947998046875,1968.0572509765625,2012.7877197265625,2329.0400390625,2312.332763671875,2927.176025390625
1393,"Although the apartments is facing Stokes Street and close to the Bascom Light Rail, the location is surprisingly quiet.",en_multilingual_blimp_incorrect_affected.test,62156.56640625,3616.700439453125,4368.060546875,4704.72998046875,4469.78759765625,4730.19384765625,4701.58154296875,5729.10986328125,6945.306640625,9117.2958984375,9666.265625,9725.97265625,17744.953125
1394,"If you were of integrity, the program will continue and the money that so many others has received will come your way.",en_multilingual_blimp_incorrect_affected.test,65217.77734375,635.4817504882812,873.597412109375,648.6285400390625,674.3846435546875,729.7603759765625,761.8911743164062,651.3416748046875,634.1165771484375,747.7539672851562,778.2692260742188,939.1332397460938,1177.1722412109375
1395,"While they are extremely accurate, laser sights does not operate well when drunk or high because the beam often does not show up on the target.",en_multilingual_blimp_incorrect_affected.test,49951.7734375,1458.3255615234375,1342.216064453125,843.336181640625,951.67578125,1118.11572265625,1085.9749755859375,856.788818359375,910.9573364257812,998.3992309570312,963.3007202148438,1017.4822387695312,1179.3470458984375
1396,"Mosques are calling for donating blood, food, and medicine for Fallujah, and several convoys has already headed out for Fallujah, most of them returned later though.",en_multilingual_blimp_incorrect_affected.test,47626.33203125,5721.50439453125,9622.916015625,7739.2099609375,7058.44091796875,5868.28515625,5639.697265625,5919.34912109375,7044.72216796875,6989.1865234375,8444.8916015625,8311.9677734375,13312.263671875
1397,4) If they is not going up by now you just got ta keep trying and keep trying.,en_multilingual_blimp_incorrect_affected.test,52538.765625,1017.3638305664062,794.576904296875,616.7764282226562,823.4186401367188,732.1835327148438,725.8654174804688,737.787109375,903.1297607421875,831.0949096679688,969.2610473632812,1127.150634765625,1885.9638671875
1398,Shortages is already leading to power cuts in the big cities.,en_multilingual_blimp_incorrect_affected.test,80600.5859375,1543.20556640625,1342.7154541015625,965.119140625,836.7984619140625,1013.9259033203125,832.9345703125,866.4334106445312,1262.0274658203125,1068.225830078125,1580.4149169921875,1558.3662109375,2002.9739990234375
1399,The wires has been humming since before the New Year with reports that the Bush administration is planning an attack on Iran.,en_multilingual_blimp_incorrect_affected.test,56736.484375,2064.868896484375,793.3880615234375,655.2012329101562,562.7071533203125,461.9261474609375,480.97723388671875,540.2293090820312,474.6298522949219,566.016357421875,652.5899047851562,693.0548095703125,782.0853881835938
1400,"As a parent, I can well imagine how painful it must be for those families whose children is succumbing to radiation poisoning.",en_multilingual_blimp_incorrect_affected.test,61130.734375,1919.800537109375,1547.17626953125,1042.4464111328125,690.1708374023438,567.071044921875,459.6303405761719,421.41888427734375,466.4735107421875,452.24365234375,482.53448486328125,491.62408447265625,516.31201171875
1401,Small polygamous groups has existed in the southwestern US under the watchful yet fairly benign eye of authorities ever since a sect known as the Fundamentalist Latter Day Saints (FLDS) separated itself from mainstream Mormonism in 1890.,en_multilingual_blimp_incorrect_affected.test,63312.05078125,8617.53125,3635.391357421875,2314.221435546875,2600.60302734375,2222.298828125,2146.03076171875,1990.1624755859375,2583.58935546875,2403.92529296875,3460.13916015625,3759.69775390625,4142.638671875
1402,"Right now, while we 're sitting at our computers enjoying the internet, those innocent, beautiful, loving cats, is dying, somewhere in this troubled world a slow, agonizing death.",en_multilingual_blimp_incorrect_affected.test,51721.95703125,4778.28076171875,14560.4375,13273.9775390625,9882.30078125,11566.5224609375,10841.0869140625,11652.638671875,11874.3662109375,11852.689453125,14438.669921875,16968.15625,26854.810546875
1403,"As the survey cited in the above-linked article shows, most Google users does n't intend to use Gmail, and Google is n't even as popular as Yahoo! and AOL.",en_multilingual_blimp_incorrect_affected.test,56305.05078125,4096.3359375,3241.837890625,3130.7578125,2105.652099609375,2053.40087890625,2285.840087890625,2307.4755859375,2179.083984375,2358.74365234375,2623.36328125,2983.981689453125,3847.564453125
1404,But supporters is pointing a few good things out:,en_multilingual_blimp_incorrect_affected.test,45872.69921875,1709.4375,1682.21630859375,2469.38330078125,3034.11328125,2807.566650390625,3274.5478515625,4083.710205078125,4395.84228515625,5198.7392578125,6094.263671875,6826.87841796875,6891.54052734375
1405,"When you discussed it, i was trying to think back to our remedies and discussions but the 3 years has made it difficult.",en_multilingual_blimp_incorrect_affected.test,47240.19921875,830.4773559570312,709.9517211914062,622.4794311523438,615.7908325195312,658.3954467773438,778.2952270507812,663.4994506835938,979.5511474609375,1008.3560791015625,1114.3780517578125,1047.1090087890625,1870.2337646484375
1406,Investors is asking what Edison intends for QFs and generators--asking about haircuts in particular--and Edison is side-stepping the questions.,en_multilingual_blimp_incorrect_affected.test,62584.23046875,8251.98046875,8708.7001953125,6393.1865234375,6614.97021484375,6924.14306640625,6379.63525390625,7134.33984375,8532.515625,9027.6591796875,8638.9921875,10506.3701171875,23295.888671875
1407,"the bird must know that when you open the cage door it means that you will put him in the cage, and birds does n't usually like cages.",en_multilingual_blimp_incorrect_affected.test,68357.9453125,937.7657470703125,1130.4248046875,1263.3309326171875,999.78076171875,935.9345703125,966.0579223632812,1026.333740234375,1405.4832763671875,1262.4150390625,1622.2813720703125,1914.001708984375,2599.18505859375
1408,"People does not go to Ireland on holiday for the weather, it is unpredictable.",en_multilingual_blimp_incorrect_affected.test,60891.42578125,809.4907836914062,1419.93603515625,2156.366455078125,1408.5157470703125,1565.134033203125,1569.0810546875,1809.93408203125,2306.685546875,2784.22021484375,2196.613525390625,2204.9814453125,2743.44775390625
1409,Cell phones does NOT work on board but they give you a 'walkie-talkie' kind of phone in your room that WILL work onboard.,en_multilingual_blimp_incorrect_affected.test,61572.015625,3058.39990234375,2269.96044921875,1534.080078125,1190.048583984375,1193.76953125,1364.9981689453125,1282.150390625,1818.4586181640625,2201.27001953125,2415.58251953125,2134.30419921875,2488.844482421875
1410,these are short term transactions and requiring this documentation will cause us to lose business because competitive alternatives does not have such burdensome requirements.,en_multilingual_blimp_incorrect_affected.test,59796.87890625,3388.48291015625,2146.513671875,1103.1865234375,918.9109497070312,1147.3194580078125,873.0744018554688,1171.2645263671875,1171.437744140625,1712.4871826171875,1366.51416015625,1790.1856689453125,1830.6290283203125
1411,"While some looters is stealing non-essential goods, others are simply trying to find food and water.",en_multilingual_blimp_incorrect_affected.test,71516.796875,2228.34912109375,1883.5552978515625,1109.1865234375,805.7492065429688,789.1843872070312,794.2086791992188,1068.4656982421875,1495.107177734375,1347.5845947265625,1815.87548828125,1721.4971923828125,2936.4814453125
1412,The credit guys is currently assuming that there is no correlation and may consequently be double dipping the credit reserve on this basis too.,en_multilingual_blimp_incorrect_affected.test,60602.51171875,3227.29345703125,2260.498291015625,2155.90673828125,1609.005126953125,1099.7598876953125,1122.0711669921875,1215.7501220703125,1379.5185546875,1549.8173828125,1984.6556396484375,2032.1514892578125,2799.88623046875
1413,"""When dandelions has set the mark of May on Wisconsin pastures, it is time to listen for the final proof of spring,"" wrote Aldo Leopold in ""A Sand County Almanac.""",en_multilingual_blimp_incorrect_affected.test,55409.5546875,3518.15966796875,3994.170166015625,4930.92822265625,5972.08203125,5190.58056640625,4657.609375,4422.07958984375,5218.44921875,5821.12939453125,7563.7958984375,6722.13330078125,8935.30078125
1414,"Our Lecture Slides has greatly benefited from the previous classes taught by Dr. William Schroeder and Dr. Luis Ibanez at RPI,",en_multilingual_blimp_incorrect_affected.test,59952.65234375,7631.0048828125,2761.59326171875,1417.9886474609375,1231.773193359375,1246.2518310546875,1096.7764892578125,1413.6934814453125,1396.059326171875,1592.124755859375,3092.758056640625,2493.468994140625,2963.6669921875
1415,"Not only are these people completely inefficient and ineffective, but they just does n't give a darn.",en_multilingual_blimp_incorrect_affected.test,53682.40625,1958.03955078125,1964.1917724609375,1998.9542236328125,2031.97998046875,2182.083740234375,2291.505126953125,2228.965576171875,3058.572021484375,3248.030517578125,3119.6435546875,3334.174560546875,4160.81982421875
1416,While Iran 's conventional army is not what it was during the heyday of the Iran-Iraq war - their armaments has deteriorated and the veterans of that last war have retired - the nation enjoys substantial military strength nonetheless.,en_multilingual_blimp_incorrect_affected.test,55246.82421875,3396.095458984375,2051.17041015625,1794.6171875,1955.7608642578125,1872.2744140625,1702.015625,2264.679931640625,2336.8916015625,2037.504638671875,2601.157470703125,3204.124267578125,3051.023681640625
1417,They is invoicing for this and I do n't have an invoice for it.,en_multilingual_blimp_incorrect_affected.test,58544.3046875,1211.64453125,908.1183471679688,925.6903076171875,1155.9139404296875,1067.53271484375,1082.5936279296875,978.4215087890625,1061.5611572265625,1025.412109375,779.0935668945312,1024.1572265625,811.4312133789062
1418,They does n't show it on RTE Player,en_multilingual_blimp_incorrect_affected.test,55276.8125,4281.552734375,2592.88037109375,2821.2783203125,3259.9033203125,3664.8720703125,4295.31494140625,4607.9013671875,6312.494140625,7595.16748046875,7082.62841796875,9019.380859375,8242.7001953125
1419,"Ever since the first whispers about Google 's IPO, most investors has feared that the stock would come public at such a ridiculously high price that, even with a spectacularly profitable business model and some nearly flawless execution, the price would be too high for investors to make a real profit.",en_multilingual_blimp_incorrect_affected.test,55770.8984375,2202.503662109375,1802.8829345703125,1551.5394287109375,1221.166259765625,975.1466674804688,1055.0443115234375,1105.52197265625,1058.7257080078125,972.1641235351562,1426.698486328125,1255.5198974609375,2171.60400390625
1420,Tree swallows is nesting nine days earlier.,en_multilingual_blimp_incorrect_affected.test,64431.046875,16413.98046875,6289.24560546875,3305.40234375,5732.3623046875,10871.9609375,9714.1728515625,6918.09716796875,6263.84765625,7609.56591796875,20027.076171875,10908.103515625,18696.380859375
1421,"Also, would those of you who have not responded to me via email confirming your acceptance of the terms upon which our four companies has agreed to assume cost responsibility for the TCA work on this.",en_multilingual_blimp_incorrect_affected.test,51721.91015625,1115.5657958984375,1017.8583374023438,818.374267578125,506.1337585449219,433.6255187988281,514.115478515625,610.0540161132812,675.1726684570312,772.061767578125,848.3411254882812,964.4414672851562,1149.4913330078125
1422,"in our case, they is only hedging.",en_multilingual_blimp_incorrect_affected.test,53847.66015625,4636.87646484375,10216.1171875,11971.9619140625,11876.9375,9871.552734375,11864.2021484375,11044.4033203125,8411.4306640625,8179.0771484375,13406.4775390625,15466.208984375,19816.890625
1423,"Throughout history, tyrants has known that by denying the right of oppressed peoples to form and nurture families, they can kill the spirit of those peoples.",en_multilingual_blimp_incorrect_affected.test,46534.29296875,1688.152099609375,1737.2276611328125,1737.7049560546875,1639.3228759765625,1524.504638671875,1508.3209228515625,1369.087890625,1499.318603515625,1965.4266357421875,1612.124755859375,1832.887939453125,2783.94140625
1424,"The problem is that the vast silent majority of these Moslems are not part of the terror and the incitement, but they also does not stand up against it.",en_multilingual_blimp_incorrect_affected.test,60969.2890625,770.8875122070312,647.760009765625,468.1873474121094,376.2760925292969,294.90582275390625,313.8907165527344,396.90765380859375,491.25848388671875,543.341796875,514.5537109375,654.877685546875,795.2344970703125
1425,The employees does n't really seem to enjoy what they are doing and it shows.,en_multilingual_blimp_incorrect_affected.test,63770.83203125,777.454345703125,656.1129150390625,523.6231689453125,701.0016479492188,633.510009765625,592.8746948242188,510.8708801269531,593.3993530273438,550.7364501953125,639.1585693359375,619.6713256835938,631.0591430664062
1426,"Increasingly, analysts is saying that China 's efforts have gone beyond what is safe or even in its own interests.",en_multilingual_blimp_incorrect_affected.test,66119.7734375,1432.83984375,817.1748046875,677.8177490234375,836.8530883789062,764.517578125,692.8419799804688,739.7894897460938,699.109619140625,910.2925415039062,1135.310791015625,1251.683349609375,1424.8450927734375
1427,"Unfair for the girl as boys does n't have that kind of handicap, but that 's the way our own rules work.",en_multilingual_blimp_incorrect_affected.test,47244.75,1093.3812255859375,1514.248046875,1393.087646484375,1283.0634765625,913.5320434570312,868.3976440429688,865.1787109375,1297.1278076171875,1120.844482421875,1306.932373046875,1925.1082763671875,1465.669189453125
1428,Relief agencies is trying to help hundreds of thousands of displaced people while authorities have vowed to restore security in New Orleans following a breakdown of law and order.,en_multilingual_blimp_incorrect_affected.test,66784.109375,1503.1148681640625,831.0398559570312,661.0814208984375,373.38189697265625,377.8154296875,371.0219421386719,367.5992736816406,486.34478759765625,402.8450012207031,507.6501770019531,500.3730773925781,554.2926635742188
1429,They does n't let just anybody do it.,en_multilingual_blimp_incorrect_affected.test,64314.46875,920.670166015625,1600.9051513671875,1395.6220703125,2284.87451171875,2578.60986328125,3972.426025390625,3312.546875,4254.2216796875,3736.046875,5393.52587890625,7096.982421875,3033.06591796875
1430,"""Other friends has flown before —",en_multilingual_blimp_incorrect_affected.test,54079.0390625,12074.861328125,5605.11279296875,7255.9140625,7674.31201171875,10067.39453125,12528.7890625,12987.748046875,17236.962890625,11031.0654296875,22834.958984375,17337.841796875,26006.466796875
1431,"We understand that the pipe fitters is also planning to picket the Lake Worth, Florida project as well.",en_multilingual_blimp_incorrect_affected.test,50120.31640625,2661.85205078125,2513.61279296875,2953.24609375,1903.3006591796875,2412.165283203125,2650.09033203125,2339.8232421875,3013.23046875,2111.41015625,3032.704345703125,4303.203125,4914.83447265625
1432,"On the morrow he will leave me, as my Hopes has flown before.""",en_multilingual_blimp_incorrect_affected.test,54677.2265625,1846.580810546875,2364.96044921875,2234.649658203125,2069.5,1955.17431640625,2126.192138671875,2594.61328125,2371.55078125,3310.57275390625,3595.97900390625,5392.6416015625,4855.0693359375
1433,"U.S. officials has said the plot, thwarted by Britain, to blow up several aircraft over the Atlantic bore many of the hallmarks of al Qaeda.",en_multilingual_blimp_incorrect_affected.test,65880.65625,1991.65576171875,1668.6260986328125,1323.46533203125,794.8258666992188,783.3017578125,740.4720458984375,759.1915893554688,801.0623779296875,755.98046875,854.8748779296875,1025.836181640625,1751.93017578125
1434,"Today 's weapons does not have that kind of problem, and are much more reliable.",en_multilingual_blimp_incorrect_affected.test,62183.06640625,849.3773193359375,1288.8310546875,675.7137451171875,611.7394409179688,480.3888244628906,493.67626953125,591.9015502929688,486.5078430175781,460.9048156738281,549.5842895507812,905.6702270507812,1002.09228515625
1435,"All the regional countries has publicly backed the Karzai government and supported the electoral process, but serious undercurrents remain as they all have their favourite contenders in Afghanistan.",en_multilingual_blimp_incorrect_affected.test,53936.83203125,4552.8369140625,3202.676025390625,3026.1171875,2245.472900390625,1819.987060546875,1716.83203125,2590.1357421875,2373.91552734375,2428.0,3171.8427734375,4838.03271484375,4991.39404296875
1436,The multiple planetary afflictions is taking their toll.,en_multilingual_blimp_incorrect_affected.test,56930.5234375,8712.62109375,5139.09814453125,4291.68701171875,2269.225341796875,2701.234130859375,1429.6322021484375,1844.131103515625,1666.1591796875,1709.653564453125,2221.091064453125,2033.5618896484375,2910.546630859375
1437,"My neighbourhood has been surrounded by American troops for three days now, helicopters has been circling over our heads non-stop.",en_multilingual_blimp_incorrect_affected.test,53666.89453125,1866.0345458984375,1563.9791259765625,1073.8665771484375,1074.061767578125,848.5636596679688,700.7633666992188,759.9373168945312,809.2318115234375,770.8746337890625,728.1704711914062,758.8690795898438,1025.896728515625
1438,are my two cats is or playing?,en_multilingual_blimp_incorrect_affected.test,41727.2734375,3741.1064453125,7614.41552734375,7156.111328125,6955.46142578125,4924.5654296875,7888.3154296875,6669.6435546875,13735.1005859375,15053.9423828125,16341.0263671875,31353.248046875,23671.34375
1439,"These changes is occurring across all species, Parmesan told UPI 's Climate.",en_multilingual_blimp_incorrect_affected.test,50285.15625,6260.3603515625,4253.1591796875,4810.4375,5515.59912109375,6403.76171875,6236.39306640625,10956.46875,15179.611328125,22380.4609375,23798.1015625,32540.1875,40396.62890625
1440,Emails from Zawahiri to Atef in the Spring of 1999 indicates that Ayman was a close student of the USAMRIID anthrax program.,en_multilingual_blimp_incorrect_affected.test,63063.1171875,3522.107666015625,1849.38916015625,1582.9739990234375,1371.6375732421875,1529.4456787109375,1282.1246337890625,2073.03662109375,1812.881103515625,2058.898193359375,2747.325439453125,2844.357666015625,3563.679443359375
1441,All arguments that the Bush administration would be insane to attack Iran and risk a global conflagration for the sake of political cover runs into one unavoidable truth.,en_multilingual_blimp_incorrect_affected.test,64197.8515625,2648.533935546875,1524.553466796875,1477.65771484375,1420.687744140625,1116.387939453125,836.9341430664062,876.983642578125,831.1226806640625,746.4714965820312,796.038818359375,641.603271484375,899.0787353515625
1442,Some countries like Malaysia and Singapore promotes trading for foreign visitors during some part of the year.,en_multilingual_blimp_incorrect_affected.test,54607.8671875,1720.20068359375,993.636474609375,848.9420776367188,544.1221923828125,585.3536987304688,549.921142578125,548.859619140625,492.9867858886719,509.32733154296875,887.4363403320312,725.85302734375,926.9552612304688
1443,"Realists, and this even includes members of the U.S. Democratic foreign policy establishment such as Strobe Talbott, who have long sought to divest India of its defensive capability against another nuclear power in Asia, understands the only feasible solution for Kashmir is the acceptance of the status quo.",en_multilingual_blimp_incorrect_affected.test,54848.58203125,2475.268310546875,2370.585205078125,1868.624755859375,1541.446533203125,1136.4423828125,1007.699951171875,1250.281494140625,1431.964111328125,1528.9600830078125,2041.3204345703125,1788.7564697265625,2164.838134765625
1444,"Certain elements of the travelling community engages in this activity, but overall no not really.",en_multilingual_blimp_incorrect_affected.test,61628.41015625,4135.2890625,4829.34765625,2788.64990234375,2129.31396484375,2036.26025390625,2032.073974609375,2072.06787109375,2075.859619140625,2287.719970703125,2211.634521484375,2305.51904296875,3055.0419921875
1445,Workers who do these introductions looks at the interaction objectively; and it 's good to see they are able and willing to say no if they feel there would be a problem.,en_multilingual_blimp_incorrect_affected.test,54631.20703125,670.8908081054688,609.0977783203125,602.361328125,500.25714111328125,484.2581787109375,485.0406494140625,521.0418090820312,557.29345703125,598.253662109375,549.9324340820312,718.2649536132812,684.7479248046875
1446,either way you also need to keep an eye on the temperature if you are using a dry fish tank as UV lights in my experience ups the temperature significantly and without proper ventilation it can become an oven.,en_multilingual_blimp_incorrect_affected.test,53817.4765625,1133.2825927734375,890.002685546875,664.7449951171875,571.3202514648438,543.4876708984375,579.0849609375,523.69580078125,755.4265747070312,641.2503662109375,927.3987426757812,1038.7972412109375,1291.754150390625
1447,"Some parts of this same outer circle actually operates as a result of fear from, or blackmail by, the inner circles.",en_multilingual_blimp_incorrect_affected.test,41290.44921875,2002.4783935546875,3140.081298828125,2436.185302734375,2488.29052734375,2185.869140625,2343.39404296875,1710.3759765625,2383.058837890625,2032.0787353515625,3080.2158203125,4149.33642578125,4211.890625
1448,"They, above – the Council in Europe, you know – means him to be.",en_multilingual_blimp_incorrect_affected.test,60561.43359375,1396.5987548828125,3105.60888671875,2055.4267578125,2581.29052734375,3588.695556640625,3227.192138671875,3660.6875,3712.144775390625,4054.1142578125,3041.901123046875,5198.58056640625,9112.662109375
1449,some members of the traveler community bare knuckle boxes.,en_multilingual_blimp_incorrect_affected.test,49597.515625,10581.0908203125,6817.71728515625,8755.125,11258.8935546875,13327.8369140625,6750.63818359375,4099.470703125,5173.16015625,4625.09814453125,5980.56884765625,6554.7412109375,6291.8310546875
1450,"PS: I took the liberty of buying the corporate phone directory and locating information on your outstanding disputed credit accounts from an internet dealer today, and can probably make you better known to your customers than the security measures you enact at your company indicates you would like.",en_multilingual_blimp_incorrect_affected.test,62836.7890625,1415.843505859375,1293.755615234375,1222.080078125,1073.629638671875,868.3980712890625,908.64501953125,954.39697265625,938.73876953125,1028.59375,1444.071533203125,1402.598388671875,2225.439697265625
1451,"Our distinguished colleagues in this business transaction includes the sitting vice-president of the United States of America, Richard Cheney, who is an original partner in the Iraq venture and former head of the Halliburton oil company, and Condoleeza Rice, whose professional dedication to the venture was demonstrated in the naming of a Chevron oil tanker after her.",en_multilingual_blimp_incorrect_affected.test,58134.765625,3610.3046875,2820.670166015625,2076.87939453125,1385.958251953125,1185.34814453125,1071.8438720703125,1305.4967041015625,1349.5972900390625,1560.064208984375,1490.1407470703125,1613.21435546875,2138.6982421875
1452,"The decision to sidestep the obvious to satisfy the need to avoid confrontation does not bring peace, but only delays the eventual conflict as the predators of Hamas and Hezbollah exploits the inherent weakness of the internationals and the media.",en_multilingual_blimp_incorrect_affected.test,62601.72265625,2496.31103515625,1588.36669921875,1016.3466186523438,1052.841552734375,863.1636962890625,969.3123779296875,1023.6319580078125,1239.1571044921875,1057.611572265625,1455.910400390625,1414.976318359375,1568.5162353515625
1453,"The papers found at headquarters of the Mukhabarat, Iraq 's secret police, shows that an entourage from Al Qaeda group was sent to the Iraqi capital in March 1998 from Sudan.",en_multilingual_blimp_incorrect_affected.test,61892.8671875,4804.6142578125,2374.165771484375,1724.6365966796875,1149.987548828125,1352.6453857421875,986.888427734375,1041.374755859375,973.2764282226562,962.5494995117188,1253.73583984375,1250.696533203125,1349.0150146484375
1454,"The dangers implicit in any attack upon that nation, however, seems to significantly offset whatever gains could be made in the so-called ""War on Terror.""",en_multilingual_blimp_incorrect_affected.test,60660.27734375,6894.22900390625,6622.494140625,5056.99755859375,4059.669921875,4153.248046875,3781.87841796875,3735.28125,3971.081298828125,5723.818359375,4815.4541015625,6487.4765625,7815.5087890625
1455,Indoor cats that are well cared for typically lives 11-15 years.,en_multilingual_blimp_incorrect_affected.test,64029.64453125,3832.421630859375,2335.783447265625,2099.62939453125,1540.711669921875,1316.135498046875,1134.5596923828125,1408.675048828125,1698.2694091796875,2255.9658203125,1781.16943359375,3332.464599609375,3145.380126953125
1456,Police in the Indian capital Delhi says they have arrested the suspected co-ordinator and financier of last month 's deadly bomb blasts in the city.,en_multilingual_blimp_incorrect_affected.test,50651.42578125,3066.8701171875,1847.5672607421875,1172.682373046875,930.154296875,1063.0301513671875,1046.283447265625,1228.4163818359375,1200.00634765625,1196.951904296875,1290.0595703125,1529.7476806640625,1907.97119140625
1457,"+ As the implications of the Andaman Islands situation sinks in, Indian intelligence has inevitably come under scrutiny.",en_multilingual_blimp_incorrect_affected.test,59235.65234375,5104.05322265625,8561.2890625,9934.59375,6836.892578125,6687.54736328125,7328.5947265625,7649.30029296875,10089.173828125,8157.1328125,9192.9580078125,15554.9462890625,14376.60546875
1458,X-rays taken including AP and lateral of the right knee demonstrates a healed medial tibial plateau fracture status post percutaneous screw fixation.,en_multilingual_blimp_incorrect_affected.test,55072.28515625,17863.859375,17953.611328125,17528.03515625,14560.7294921875,15845.744140625,19694.203125,15052.5361328125,22434.052734375,18947.3359375,28025.08203125,35566.39453125,46017.1171875
1459,"While the ominous possibilities of heightened Iraqi chaos, missiles in the Gulf, and Syrian involvement looms large if the US attacks Iran, all pale in comparison to the involvement of China in any US/Iran engagement.",en_multilingual_blimp_incorrect_affected.test,65273.96484375,4791.90673828125,7657.037109375,5280.119140625,4222.25048828125,4101.24951171875,4235.478515625,5284.46630859375,5472.0390625,6234.763671875,6094.97265625,7429.5205078125,9756.369140625
1460,The civilians in the Department of Defense only knows how to blow things up.,en_multilingual_blimp_incorrect_affected.test,59832.93359375,956.3595581054688,609.6408081054688,370.8399658203125,306.84820556640625,225.96759033203125,173.38345336914062,146.04820251464844,153.3002166748047,172.9562225341797,157.54278564453125,163.92337036132812,193.1758270263672
1461,"But other people do like the way they think he will vote, and the ones who favor him seems to outnumber the ones who oppose him.",en_multilingual_blimp_incorrect_affected.test,46234.0703125,532.6032104492188,695.5418090820312,574.1851806640625,452.4554748535156,345.3109130859375,362.42999267578125,363.43096923828125,379.4900817871094,382.4638977050781,449.2254638671875,599.13720703125,801.3638305664062
1462,"Four guys around a large square open hibachi cooks your food, and when it 's finished a server brings it to your table.",en_multilingual_blimp_incorrect_affected.test,55143.70703125,2174.361328125,2026.7352294921875,2191.068115234375,2070.76220703125,2092.137939453125,2193.3427734375,2418.936767578125,3351.213623046875,2992.781982421875,4063.632568359375,4483.39306640625,9101.51953125
1463,"As the implications of the Andaman Islands situation sinks in, Indian intelligence has inevitably come under scrutiny.",en_multilingual_blimp_incorrect_affected.test,50655.67578125,4642.83251953125,7442.02978515625,5479.78369140625,4410.82958984375,5190.41162109375,4663.751953125,5576.1357421875,6330.65869140625,5850.9501953125,6370.5576171875,8505.0888671875,7629.15625
1464,"Jurisdictions which are not approved to trade credit derivatives includes: Austria, Belgium, Canada, Croatia, Czech Republic, Denmark, France, Gibraltar, Ireland, Italy, Poland, Portugal, Romania, Scotland, Singapore, Slovenia, Spain, and The Netherlands.",en_multilingual_blimp_incorrect_affected.test,45501.26171875,8650.6240234375,20418.296875,24286.625,6730.7236328125,3411.654052734375,4265.91015625,8138.88818359375,7560.19775390625,9702.48828125,15419.8916015625,18040.3203125,30968.08984375
1465,Acts that violate this trust undermines the educational process.,en_multilingual_blimp_incorrect_affected.test,76510.109375,4076.75634765625,4669.89404296875,1709.781494140625,1658.216552734375,1373.2010498046875,2146.323486328125,2798.76513671875,1752.6796875,1792.9595947265625,2512.766845703125,2591.98046875,2833.27001953125
1466,Other shops around this city has MUCH NICER and more TRANSPARENT owners.,en_multilingual_blimp_incorrect_affected.test,62595.03515625,16189.1220703125,7937.8505859375,4789.09716796875,7299.9951171875,7461.64404296875,10535.40625,9734.2783203125,15262.3798828125,16318.5693359375,15907.427734375,26443.052734375,28344.9453125
1467,"Princeton islamist scholar Bernard Lewis has explained that while islamists may disagree about whether killing innocents is sanctioned by the laws of jihad, extremists like Zawahiri agrees that notice must be given before biochemical weapons are used.",en_multilingual_blimp_incorrect_affected.test,67410.1796875,5829.0791015625,4679.47900390625,3327.269287109375,2855.285888671875,3495.0546875,3890.602294921875,3794.316650390625,4488.98046875,5037.623046875,7245.79052734375,8665.07421875,8952.341796875
1468,"The mysteries of the universe continues to attract and intrigue you, as you apply your mystical awareness to the important decisions upcoming in your life, especially concerning partnerships of all kinds.",en_multilingual_blimp_incorrect_affected.test,53334.3359375,2317.590576171875,2184.785400390625,1922.3525390625,1526.4752197265625,1299.4896240234375,1353.22021484375,1227.2489013671875,1327.77685546875,1578.2777099609375,1351.1387939453125,1535.5416259765625,2069.89453125
1469,Damage estimates of more than $25bn suggests it could be the US insurance industry 's most expensive natural disaster ever.,en_multilingual_blimp_incorrect_affected.test,59326.1640625,3113.24462890625,1693.04541015625,1333.8504638671875,1109.5572509765625,1136.0614013671875,1169.140869140625,887.512939453125,1150.2698974609375,1206.2706298828125,1295.4317626953125,1589.1932373046875,1800.796875
1470,"Secular Arab nationalist groups also universally sympathizes with the Palestinians, and those in post-Saddam Iraq are no exception.",en_multilingual_blimp_incorrect_affected.test,61926.4609375,8132.89794921875,6721.140625,5948.23779296875,4371.6484375,5487.81640625,4538.07666015625,5207.83984375,4384.9306640625,5776.3466796875,5755.9013671875,6980.01416015625,13062.0283203125
1471,"When those lucky enough not to have Herpes creates a climate of shame and indignity for those of us who do, not only are they hurting us, but they are hurting themselves.",en_multilingual_blimp_incorrect_affected.test,54831.953125,1368.8927001953125,1883.5185546875,1489.591552734375,979.4708862304688,784.6243286132812,571.24755859375,500.6745300292969,611.621337890625,672.2730102539062,815.0608520507812,697.9404907226562,1072.433837890625
1472,US and NATO military officers in Kabul says it is too early to say whether Bush ’s tough message was instrumental in persuading Musharraf and the ISI to pressure the Taliban to restrain from disrupting the elections.,en_multilingual_blimp_incorrect_affected.test,61893.34375,3993.762451171875,2316.955078125,2328.81689453125,1991.513427734375,2067.29443359375,1813.2900390625,2318.83740234375,2365.70361328125,2334.73876953125,2464.938720703125,3383.390625,3227.376708984375
1473,Average campaigns for ANA results in CTR of 8–12%.,en_multilingual_blimp_incorrect_affected.test,67093.15625,6680.50390625,5160.6884765625,4399.486328125,3504.212890625,6427.751953125,5031.53515625,5950.71142578125,7422.501953125,13082.8359375,12437.6923828125,18343.85546875,18093.318359375
1474,However US military officers say regular army officers - many of them Pashtun - leading units of the Frontier Corps who are on the border remains deeply sympathetic to the Taliban and the mullahs of the JUI.,en_multilingual_blimp_incorrect_affected.test,66140.84375,2899.872802734375,1449.0897216796875,959.7474365234375,781.7196655273438,650.8753662109375,719.0630493164062,658.1637573242188,825.8096923828125,722.430419921875,936.5542602539062,1066.0179443359375,1143.173583984375
1475,"Let me try to break this down as simply as I can: diurnal (active during the day time) reptiles like the bearded dragon requires 3 types of ""light,"" UVA, UVB, and heat.",en_multilingual_blimp_incorrect_affected.test,49997.71484375,3390.454833984375,4007.042724609375,4780.42333984375,3685.69873046875,3410.73046875,2443.010498046875,2927.61572265625,3127.14404296875,3388.36669921875,4425.4248046875,4477.55615234375,5421.48193359375
1476,"Birds eats and sleep with their flock, not predators.",en_multilingual_blimp_incorrect_affected.test,39281.96484375,3364.660400390625,8580.857421875,4659.7509765625,4383.48388671875,4291.69921875,5772.3544921875,10346.8876953125,14176.07421875,11787.8603515625,16493.22265625,15499.3427734375,24929.353515625
1477,"And the stars never rises, but I feel the bright eyes Of the beautiful ANNABEL LEE;",en_multilingual_blimp_incorrect_affected.test,51207.25390625,5440.474609375,4507.64599609375,3113.684326171875,3877.304931640625,3733.347412109375,4253.32080078125,5354.51416015625,4827.81884765625,6583.6533203125,9053.1455078125,14864.0087890625,11680.01953125
1478,"In the final two steps, the dancers firmly stamps their feet on the ground.",en_multilingual_blimp_incorrect_affected.test,64955.7734375,2338.55712890625,3839.625,2115.975830078125,2581.849365234375,2383.083740234375,2918.7646484375,3661.130615234375,4239.79052734375,3443.744873046875,5035.39453125,6730.69140625,9584.9248046875
1479,Can you recommend where these companies each fits within the new organization?,en_multilingual_blimp_incorrect_affected.test,53850.84765625,2593.021484375,2074.83447265625,1692.5909423828125,2149.08544921875,2801.396728515625,2788.870849609375,2560.432373046875,4004.059326171875,2990.893310546875,3479.769287109375,4765.15234375,5955.6396484375
1480,"As a yoga studio, I 'm sure you 're all aware that all actions generates karma …",en_multilingual_blimp_incorrect_affected.test,53144.29296875,4991.35595703125,6433.11181640625,4745.900390625,7381.03857421875,6057.9541015625,4731.6240234375,5799.0537109375,5703.68408203125,6286.876953125,9728.9326171875,15302.8828125,12642.716796875
1481,Intentions for 2005 shows that the remaining amount will also be completely consumed.,en_multilingual_blimp_incorrect_affected.test,65065.01953125,1499.1591796875,1336.9547119140625,1007.7394409179688,1050.615966796875,995.419677734375,1189.111572265625,1262.4378662109375,1703.5689697265625,2780.21630859375,3696.49169921875,3908.024169921875,3463.995361328125
1482,Company 's transaction fees depends on the method of payment (e.g. ACH - US or WIRE - US).,en_multilingual_blimp_incorrect_affected.test,57736.5078125,1631.42578125,835.4663696289062,791.5828857421875,905.1499633789062,759.1050415039062,1047.048095703125,1129.317138671875,1388.425537109375,1522.59765625,1861.3983154296875,2058.524169921875,2248.745361328125
1483,"Older males often tends to have urinary tract issues, so your cat has done very well.",en_multilingual_blimp_incorrect_affected.test,63250.25390625,3400.01953125,3190.065673828125,2273.171875,1578.2943115234375,1809.139404296875,1557.238525390625,1426.1351318359375,1599.999267578125,1595.465576171875,1687.6298828125,2309.042724609375,3547.166748046875
1484,"The two hands when upraised and folded together represents: ""Now I am trying to establish a link with Parama Purus'a (Supreme Consciousness).""",en_multilingual_blimp_incorrect_affected.test,65706.6015625,3880.4716796875,3306.30712890625,2906.663330078125,2521.783447265625,3269.0185546875,2653.691650390625,3675.659912109375,4515.73486328125,4242.81201171875,5002.802734375,5381.3291015625,7146.53564453125
1485,"The 22 member countries of the Arab league, from Mauritania to the Gulf States, has a total population of 300 millions, larger than the US and almost as large as the EU before its expansion.",en_multilingual_blimp_incorrect_affected.test,62399.83984375,2174.5302734375,3037.58740234375,1853.6251220703125,972.8857421875,782.0596923828125,684.49755859375,826.2110595703125,721.2924194335938,877.9041137695312,1081.5771484375,1081.085205078125,1484.6434326171875
1486,An Iraq in which armed fundamentalist and nationalist militias proliferates is inevitably a security worry for Israel.,en_multilingual_blimp_incorrect_affected.test,59913.2109375,6801.34619140625,6349.00830078125,4828.91015625,4585.13720703125,5688.462890625,5171.05908203125,6052.99365234375,6019.203125,4694.70361328125,5088.39892578125,6132.7080078125,6497.42041015625
1487,It is a curb bit with a ported mouth piece and some horses appreciates this to give them more room in their mouths for their tongues.,en_multilingual_blimp_incorrect_affected.test,61226.48046875,1284.4818115234375,930.3450927734375,901.659423828125,844.70703125,1044.2623291015625,1167.1712646484375,1372.009765625,1823.857421875,1589.958740234375,2314.137451171875,2035.3507080078125,3384.784912109375
1488,Alike...both were fought for securities reasons by the US (no matter what the liberal revisionist historians tells you).,en_multilingual_blimp_incorrect_affected.test,63693.09765625,6293.01318359375,4602.486328125,3547.57958984375,3383.23583984375,5302.2919921875,4879.615234375,4596.8056640625,6286.42138671875,7278.45947265625,8031.763671875,8958.6357421875,13413.87109375
1489,These economists belongs to the monetarist school.,en_multilingual_blimp_incorrect_affected.test,81556.59375,3960.336669921875,4965.89697265625,4930.6884765625,4488.4326171875,6850.88623046875,7871.14453125,9366.1142578125,7294.11474609375,9242.2646484375,12355.267578125,15899.1767578125,14987.0908203125
1490,Is this how your clients usually evaluates these properties?,en_multilingual_blimp_incorrect_affected.test,50112.140625,13227.2587890625,6324.4072265625,2487.28466796875,2240.05615234375,1577.6524658203125,2018.194580078125,2623.824951171875,3348.341796875,3429.5078125,2292.932861328125,3217.355224609375,3526.50048828125
1491,"The Jihad ""soldiers"" joins packaged death tours to Iraq and other hotspots, while some of their leaders ski in Switzerland.",en_multilingual_blimp_incorrect_affected.test,49735.5859375,12000.08203125,7716.59130859375,7030.0712890625,6879.3330078125,6553.31591796875,5430.9365234375,7577.78125,6881.0390625,8890.0986328125,11231.0439453125,15190.443359375,15912.7998046875
1492,The frequent reports from Algeria about the murders of hundreds of civilians in one village or another by other Algerians has nothing to do with Israel.,en_multilingual_blimp_incorrect_affected.test,58326.1328125,1140.0125732421875,768.3934326171875,608.8247680664062,514.3634033203125,375.3145446777344,347.9483947753906,344.735107421875,399.2206726074219,341.8790283203125,547.8688354492188,517.93896484375,730.5789794921875
1493,"Marriage is, in and of itself, a noble concept, but it too often leads to kids and kids flat out sucks.",en_multilingual_blimp_incorrect_affected.test,53020.46484375,3037.0283203125,5703.744140625,5417.40966796875,6184.0205078125,4860.33251953125,6881.20361328125,5476.25732421875,5155.34130859375,7832.0205078125,7882.412109375,8393.4248046875,17972.09375
1494,"I am seeking anecdotes (first name, last initial) from dieters who successfully used a natural supplement to assist their weight loss; the therapeutic agents under discussion includes HCA, MCT, green or oolong tea extract, CLA, chromium, starch-blockers, chitosan, 5-HTP, hoodia and caralluma, HMB, and BCAA.",en_multilingual_blimp_incorrect_affected.test,61572.30859375,7950.58544921875,11053.380859375,10327.515625,7784.8974609375,6763.91357421875,7091.0966796875,6663.9345703125,8678.9677734375,8936.927734375,9909.43359375,13224.4716796875,17041.361328125
1495,"For the quality, the prices ($4-$6) has to be the best in town.",en_multilingual_blimp_incorrect_affected.test,63315.1328125,1272.663330078125,1122.359130859375,1080.048583984375,769.7973022460938,1021.7291259765625,1223.68017578125,1454.1390380859375,1689.2601318359375,1887.4798583984375,1474.7540283203125,1495.782470703125,2225.094970703125
1496,Can you recommend where these companies each fits within the new organization?,en_multilingual_blimp_incorrect_affected.test,53850.84765625,2593.021484375,2074.83447265625,1692.5909423828125,2149.08544921875,2801.396728515625,2788.870849609375,2560.432373046875,4004.059326171875,2990.893310546875,3479.769287109375,4765.15234375,5955.6396484375
1497,"These 22 countries, with all their oil and natural resources, has a combined GDP smaller than that of Netherlands plus Belgium and equal to half of the GDP of California alone.",en_multilingual_blimp_incorrect_affected.test,52242.1875,1740.921142578125,2312.10009765625,2162.579833984375,1733.3031005859375,1321.138671875,1464.8419189453125,1750.083251953125,1572.97265625,1848.89892578125,2670.27294921875,2070.5205078125,3723.625732421875
1498,Both bathrooms looks like they were flooded and the wood cabinets are thrashed at the bottom and they slapped some pieces of wood over to try to cover it up.,en_multilingual_blimp_incorrect_affected.test,69851.5234375,966.1417846679688,546.043212890625,490.7359313964844,420.86260986328125,389.1108703613281,379.2366638183594,332.9711608886719,380.61785888671875,419.9384765625,513.4443969726562,434.4400939941406,427.568115234375
1499,Heterosexuals increasingly backs gay marriage,en_multilingual_blimp_incorrect_affected.test,49541.875,51708.39453125,45271.2109375,34995.2578125,72897.6484375,80244.4921875,27560.009765625,16996.546875,32686.150390625,30043.853515625,118985.640625,82749.25,54592.97265625
1500,Do not put your fish tank close to the sun or algae grows in your tank.,en_multilingual_blimp_incorrect_affected.test,52937.60546875,1073.8502197265625,1261.4312744140625,1160.22119140625,858.581787109375,702.38916015625,596.692138671875,580.773193359375,933.3012084960938,816.282958984375,612.94775390625,604.5288696289062,662.6427001953125
1501,Right Courts robs me I rob Court citizen sounds reasonable to me and just as wrong as Court in handling this case at issue wrongly.,en_multilingual_blimp_incorrect_affected.test,51634.1875,4620.22216796875,4288.14013671875,2991.221435546875,3841.4013671875,5081.27587890625,4830.96484375,4356.43310546875,5482.51220703125,7066.71240234375,8653.0087890625,8483.5078125,8756.619140625
1502,"Climate: Humans fusses, animals adjust",en_multilingual_blimp_incorrect_affected.test,66837.0625,24830.43359375,324588.46875,255635.421875,289352.3125,394829.1875,477460.96875,444988.65625,692841.125,531820.375,650964.5625,736922.25,1421360.125
1503,His co-workers loves him.,en_multilingual_blimp_incorrect_affected.test,47822.40234375,7355.2646484375,3107.3095703125,1737.255859375,1293.6002197265625,1398.7867431640625,480.5911560058594,628.4406127929688,491.9887390136719,501.7028503417969,443.1337585449219,462.95330810546875,437.5564880371094
1504,"On the one hand, the IPN report agreed ""Climate models generally predicts that the temperature rises in the Arctic will substantially exceed the global rise.",en_multilingual_blimp_incorrect_affected.test,64610.29296875,4773.38916015625,4907.654296875,2949.142578125,2164.86083984375,1788.769287109375,1702.979248046875,1645.925048828125,1580.3125,1910.365478515625,2048.791259765625,2521.319580078125,2946.82763671875
1505,"The Neocons in the CPA has all sorts of ulterior motives and social experiments they want to impose on the Iraqi people, including Polish-style economic shock therapy, some sort of sweetheart deal for Israel, and maybe even breaking the country up into three parts.",en_multilingual_blimp_incorrect_affected.test,62084.99609375,2235.60546875,2832.324462890625,2240.228271484375,2121.742919921875,2079.479736328125,1718.205322265625,2024.410400390625,1970.3944091796875,2025.4039306640625,2519.73779296875,2442.53271484375,3426.990234375
1506,"I mean, I do n't care if he does n't know, but if he pretends to know and tells me BS to my face, there 's no way I 'm going to trust him when matters turns to the price of the car and financing.",en_multilingual_blimp_incorrect_affected.test,55211.3828125,801.4841918945312,876.187744140625,1012.6256103515625,986.8630981445312,977.2670288085938,902.9161376953125,1105.72705078125,1228.60498046875,1133.5355224609375,1267.1512451171875,1557.732421875,1479.8089599609375
1507,"The findings demonstrates the inhibitory network is central to controlling not only the amplitude, extent and duration of activation of recurrent excitatory cortical networks, but also the precise timing of action potentials, and, thus, network synchronization...""",en_multilingual_blimp_incorrect_affected.test,53515.61328125,8147.59375,12280.4267578125,7988.65625,5682.9755859375,4773.48486328125,5509.453125,5356.638671875,5748.71484375,5281.42333984375,5564.03466796875,6793.087890625,8074.34130859375
1508,"Ounces measure weight, pints measures volume.",en_multilingual_blimp_incorrect_affected.test,41775.93359375,24121.078125,32058.7421875,29905.2109375,20360.388671875,29505.802734375,30091.91015625,57816.7890625,123183.8984375,121603.4765625,117353.9453125,136377.25,248992.625
1509,"As the Pew report concluded, ""Sufficient studies now exists to conclude that the consequences of climate change are already detectable within U.S. ecosystems.""",en_multilingual_blimp_incorrect_affected.test,52766.78515625,3121.593017578125,2485.65185546875,1349.9930419921875,960.7515258789062,772.5087890625,744.1177368164062,901.3907470703125,825.7140502929688,1025.4302978515625,1196.8656005859375,1180.5709228515625,1648.8731689453125
1510,"Feel free to cut and paste and leave your comments, as these viewpoints covers the entire gamut surrounding the event.",en_multilingual_blimp_incorrect_affected.test,58137.7578125,2785.282470703125,2535.884765625,2591.520751953125,1705.143798828125,1836.938720703125,1429.101318359375,1443.703857421875,2089.17919921875,1849.6201171875,1942.27685546875,1704.6611328125,2231.524169921875
1511,"King snakes sometimes stops eating, particularly during the cooler part of the year.",en_multilingual_blimp_incorrect_affected.test,48538.03515625,3923.63818359375,3264.955810546875,2807.817138671875,1584.29931640625,1941.1767578125,1565.1668701171875,1966.8104248046875,2201.53759765625,1789.5020751953125,2595.941162109375,3801.4990234375,4397.74169921875
1512,The water changes helps with that too.,en_multilingual_blimp_incorrect_affected.test,60604.3671875,3088.469482421875,2316.147705078125,2267.808349609375,1606.3834228515625,1556.3046875,1641.4324951171875,1634.6285400390625,1016.8696899414062,1968.474853515625,1577.8804931640625,1483.3052978515625,2018.426513671875
1513,Others argues that he was to be part of a second wave of airliners directed to targets on the West Coast.,en_multilingual_blimp_incorrect_affected.test,64457.66015625,1026.25048828125,504.9291687011719,495.3077087402344,458.3533020019531,377.6353454589844,342.21173095703125,314.9050598144531,402.03863525390625,350.7238464355469,478.7873229980469,512.8806762695312,520.2880859375
1514,"After Week 14, Participants builds a full-stack web application in the course of one month, from inception to production.",en_multilingual_blimp_incorrect_affected.test,61325.765625,3984.06201171875,4905.59521484375,4657.74267578125,4070.05908203125,4449.8779296875,4565.27587890625,5493.16796875,4769.466796875,6348.47607421875,7802.02880859375,8158.4716796875,7644.11572265625
1515,"These islands sits aside the vital sea lanes of the Strait of Malacca, through which 300 tankers and merchant ships pass daily, bringing in oil for the Far East and Southeast Asia.",en_multilingual_blimp_incorrect_affected.test,55788.93359375,5589.568359375,3501.487060546875,2552.94677734375,1437.4947509765625,1600.6341552734375,1596.0240478515625,2148.29345703125,2542.187744140625,3366.650634765625,3665.89306640625,4511.08642578125,4642.712890625
1516,"The reason for this is that India is emerging as an alternative investment destination to China, hence the favor that the generals in Islamabad does to their trusty supplier of nukes and missiles by creating a scare about war involving India when in fact the real flashpoints are the Taiwan Straits and North Korea.",en_multilingual_blimp_incorrect_affected.test,61969.828125,2646.700927734375,1395.3154296875,1110.1536865234375,1154.5098876953125,1079.917724609375,1170.798828125,1483.4552001953125,1416.935546875,1533.0205078125,2254.78271484375,2394.42529296875,2673.903076171875
1517,I told him that I would see his neurologist for evaluation or possibly a spinal surgeon if his symptoms progresses.,en_multilingual_blimp_incorrect_affected.test,52022.6328125,1587.36181640625,1439.017822265625,902.3298950195312,888.3233032226562,730.8043823242188,657.3824462890625,777.3890991210938,816.5753173828125,809.7015991210938,819.7326049804688,928.222900390625,1306.370361328125
1518,The current complaints alleges that HANO has not provided qualified former St. Thomas residents a preference with respect to available public housing units at River Garden per the 2003 agreement.,en_multilingual_blimp_incorrect_affected.test,54573.3515625,8666.9501953125,6866.2900390625,5780.09912109375,5080.62109375,4254.18896484375,3405.734375,3827.961669921875,3939.7763671875,5037.62841796875,5546.30810546875,8211.44921875,10235.15234375
1519,Husbands marries mothers and teen daughters at the same time.,en_multilingual_blimp_incorrect_affected.test,57021.91796875,2716.172607421875,1382.0606689453125,1183.6331787109375,836.1634521484375,857.884033203125,498.31036376953125,506.34808349609375,395.15460205078125,794.2723388671875,534.7818603515625,1421.1077880859375,1094.524658203125
1520,Because Large Fries gives you FOUR PIECES!,en_multilingual_blimp_incorrect_affected.test,51856.89453125,21923.943359375,10344.1845703125,8630.39453125,6407.359375,10650.7744140625,8032.78271484375,14228.8701171875,17884.162109375,30634.6328125,58964.265625,62437.22265625,108514.1640625
1521,Traders over here seems to have a lot more respect for other humans.,en_multilingual_blimp_incorrect_affected.test,75605.2578125,865.0826416015625,427.92034912109375,302.0538024902344,259.09991455078125,256.6046142578125,252.6646270751953,238.7366180419922,285.2088317871094,257.6342468261719,342.80865478515625,271.25860595703125,323.82257080078125
1522,"Rodents requires special bedding in their cages to absorb their waste, and this needs to be cleaned regularly, or your hamster could suffer from problems due the buildup of ammonia from his urine.",en_multilingual_blimp_incorrect_affected.test,58783.75390625,2356.603271484375,3423.002197265625,2983.039794921875,2616.48583984375,2084.446533203125,2303.4453125,2931.057373046875,3079.134765625,3418.4609375,5003.04150390625,4433.43017578125,9254.2939453125
1523,These appears to be extraarticular.,en_multilingual_blimp_incorrect_affected.test,59139.6328125,2156.9443359375,5473.1982421875,5535.83447265625,7402.7509765625,5927.947265625,7723.84375,8825.9462890625,10066.0029296875,12210.3701171875,12897.6796875,19327.94921875,25104.328125
1524,"When the dancers starts the step with the beat of ""dhin, dhin..."", the mental ideation should also be kept.",en_multilingual_blimp_incorrect_affected.test,49503.38671875,3199.095458984375,4633.70263671875,5064.51220703125,3942.147705078125,3698.98828125,4387.4365234375,4904.22509765625,4900.97998046875,5338.478515625,5125.31103515625,6182.82958984375,9383.888671875
1525,There is a risk that observers underestimates the time that Al Qaeda has had to make progress in such recruitment and research and development.,en_multilingual_blimp_incorrect_affected.test,54294.2734375,1782.150634765625,721.0328369140625,490.9081726074219,372.83355712890625,274.85662841796875,229.64637756347656,265.56878662109375,277.1401062011719,292.0780334472656,299.84271240234375,312.3232116699219,388.4803466796875
1526,"Compact 's Corona dryers removes at least twice as much water as the previous dryers, allowing a production increase of over 10% and a significant energy saving.",en_multilingual_blimp_incorrect_affected.test,51956.69140625,3711.220947265625,2339.96142578125,2356.376220703125,1949.6192626953125,1386.5479736328125,1318.32568359375,1336.7449951171875,1302.1561279296875,1201.43603515625,1978.7835693359375,1365.7305908203125,2503.8408203125
1527,I just hate to see the poor dears experiences a slow painful death that way :( .,en_multilingual_blimp_incorrect_affected.test,56359.90234375,1287.3084716796875,1259.24365234375,1441.2208251953125,1661.3570556640625,1752.193359375,1884.395263671875,1662.4815673828125,1829.6124267578125,1750.90625,2638.171875,2961.68212890625,2236.838134765625
1528,"The days starts to shorten & it gets even wetter, windier & colder.",en_multilingual_blimp_incorrect_affected.test,65769.796875,5430.765625,9607.4375,12562.30078125,11286.7490234375,18893.6015625,18519.96875,19000.826171875,18643.09375,28741.08203125,34536.95703125,25784.1328125,37398.16796875
1529,Some cruise aficionados refuses to sail on one or the other.,en_multilingual_blimp_incorrect_affected.test,54785.37890625,2774.6220703125,1624.54248046875,1720.779052734375,1334.295166015625,1111.593505859375,1690.0794677734375,1257.8135986328125,1303.5621337890625,1302.2574462890625,2047.9620361328125,1854.941650390625,1834.848388671875
1530,"But words also works in other ways, more subtle.",en_multilingual_blimp_incorrect_affected.test,63451.7421875,2718.15869140625,3055.97705078125,2057.23583984375,1613.77978515625,2220.41015625,2365.781494140625,1435.3480224609375,1567.1002197265625,2087.250244140625,1100.036865234375,1449.5823974609375,3179.64453125
1531,The price spikes poses real political risks for Davis and he and his folks need and want an easy way out.,en_multilingual_blimp_incorrect_affected.test,45671.8125,3476.439208984375,1929.81298828125,1478.3201904296875,1900.9652099609375,1683.7626953125,1480.7576904296875,1966.9661865234375,2044.89111328125,2075.7587890625,2304.02978515625,2765.3037109375,4386.40673828125
1532,"Many details remains to be worked out, but we will keep you advised.",en_multilingual_blimp_incorrect_affected.test,57578.75390625,862.3598022460938,1302.1307373046875,1229.046142578125,1296.672119140625,1132.6763916015625,2210.21435546875,1709.7374267578125,1950.1612548828125,2403.658203125,2817.868408203125,2254.59033203125,3721.144287109375
1533,"If the negotiations stalls, it seems like I need to go ahead and cut off the utilities.",en_multilingual_blimp_incorrect_affected.test,59230.23046875,863.1950073242188,1043.4630126953125,633.8998413085938,623.6865844726562,729.5269775390625,802.5411987304688,1184.2972412109375,947.1815795898438,703.8560791015625,725.0953979492188,845.953369140625,1184.1763916015625
1534,Either way rec. and dom. white genes dilutes the black gene.,en_multilingual_blimp_incorrect_affected.test,60105.33203125,5294.5859375,7927.48583984375,7912.59912109375,19539.955078125,14430.21875,17379.345703125,15528.7998046875,35115.4765625,47969.9375,33099.46484375,23160.427734375,64744.32421875
1535,When she goes to the zoo the elephants throws her peanuts.,en_multilingual_blimp_incorrect_affected.test,63412.84375,2052.453125,1980.1295166015625,2272.21044921875,1410.9566650390625,1138.7998046875,1101.915283203125,1094.106201171875,1287.9168701171875,986.2279663085938,1273.1793212890625,2103.966064453125,2094.36572265625
1536,Clasp a rare and radiant maiden whom the angels names Lenore.',en_multilingual_blimp_incorrect_affected.test,61766.5078125,24892.6015625,8769.4306640625,8290.0234375,7977.5869140625,6056.1982421875,7649.4462890625,9076.087890625,7877.39208984375,11549.4599609375,23175.849609375,17554.046875,16871.953125
1537,"Like you said ""the kids eggs him on"".",en_multilingual_blimp_incorrect_affected.test,46298.66796875,2906.422119140625,4413.396484375,4888.63330078125,3634.79150390625,4523.044921875,6956.80810546875,5291.43115234375,6615.46826171875,6341.95263671875,6289.59326171875,8366.3974609375,10936.2587890625
1538,"Loads of places has geographical hazards, if you are constantly paranoid, you 'll never get anywhere without a sense of adventure.",en_multilingual_blimp_incorrect_affected.test,53260.8359375,2416.89697265625,3336.1689453125,2638.788330078125,1879.3253173828125,1787.5499267578125,1805.5877685546875,1608.2779541015625,1674.340087890625,2057.572265625,2469.974365234375,3147.396484375,5738.6416015625
1539,Workers who do these introductions look at the interaction objectively; and it 's good to see they are able and willing to say no if they feels there would be a problem.,en_multilingual_blimp_incorrect_affected.test,51950.19921875,689.153076171875,607.2999877929688,616.2017822265625,538.8970336914062,516.3236083984375,511.0602111816406,560.434814453125,574.399658203125,561.674560546875,573.6307983398438,629.5050659179688,656.679443359375
